Carrier,Origin,Destination,Origin City Code,Origin Country Code,Dest City Code,Dest Country Code,Departure Date,Return Date,Season,Cabin,Brand Order,Tier Code,Raw Brand Name,Normalized Brand Name,Display Price,Calculated Absolute Price,Currency,Source,Fare Family Code,Brand Description,Cabin Baggage,Checked Baggage,Seat Selection,Meal,Lounge,Priority Boarding,Fast Track,Refund,Change,No-Show Refund,No-Show Change,Same Day Earlier Flight,WiFi,Extra Baggage,Sports Equipment,Pet,Mileage Available,Miles Earned,Bonus Percent,Scrape Timestamp,Status,Retry Count
SQ,LHR,SIN,LON,GB,SIN,SG,2027-05-05,2027-05-08,Summer,Economy,0,Eco-1,Basic,Economy Basic,0.00 USD,914.42,USD,Ubfly,YCLVALUE,,Included,Included,Unknown,Unknown,Unknown,Unknown,Unknown,Unknown,Unknown,Unknown,Unknown,Unknown,Unknown,Unknown,Unknown,Unknown,,,,2026-07-28T05:48:37+00:00,partial,0
SQ,LHR,SIN,LON,GB,SIN,SG,2027-03-30,2027-04-02,Winter,Economy,0,Eco-1,Basic,Economy Basic,0.00 USD,909.8,USD,Ubfly,YCLVALUE,,Included,Included,Unknown,Unknown,Unknown,Unknown,Unknown,Unknown,Unknown,Unknown,Unknown,Unknown,Unknown,Unknown,Unknown,Unknown,,,,2026-07-28T05:48:37+00:00,partial,0
BA,LHR,SIN,LON,GB,SIN,SG,2027-05-05,2027-05-08,Summer,Economy,0,Eco-1,BASIC,Economy Basic,0.00 USD,1049.22,USD,Ubfly,NOBAG,Personal Item: 40 x 30 x 15 cm,Included,Not Included,Unknown,Included,Unknown,Unknown,Unknown,Unknown,Unknown,Unknown,Unknown,Unknown,Unknown,Unknown,Unknown,Unknown,,,,2026-07-28T05:48:37+00:00,partial,0
BA,LHR,SIN,LON,GB,SIN,SG,2027-05-05,2027-05-08,Summer,Economy,1,Eco-2,ECONOMY BASIC,Economy Basic,+36.77 USD,1085.99,USD,Ubfly,BAG,Personal Item: 40 x 30 x 15 cm; 1 Piece Luggage (23 Kg),Included,Included,Unknown,Included,Unknown,Unknown,Unknown,Unknown,Unknown,Unknown,Unknown,Unknown,Unknown,Unknown,Unknown,Unknown,,,,2026-07-28T05:48:37+00:00,partial,0
BA,LHR,SIN,LON,GB,SIN,SG,2027-05-05,2027-05-08,Summer,Economy,2,Eco-3,PLUS SELECT,Economy Comfort,+166.79 USD,1216.01,USD,Ubfly,ECONSEL,Change without penalty before flight; Personal Item: 40 x 30 x 15 cm; 1 Piece Luggage (23 Kg),Included,Included,Unknown,Included,Unknown,Unknown,Unknown,Unknown,Included,Unknown,Unknown,Unknown,Unknown,Unknown,Unknown,Unknown,,,,2026-07-28T05:48:37+00:00,partial,0
BA,LHR,SIN,LON,GB,SIN,SG,2027-05-05,2027-05-08,Summer,Economy,3,Eco-4,ECONPRO,Economy — ECONPRO,+233.53 USD,1282.75,USD,Ubfly,ECONPRO,Personal Item: 40 x 30 x 15 cm; 1 Piece Luggage (23 Kg); Change without penalty before flight,Included,Included,Included,Included,Unknown,Unknown,Unknown,Included,Included,Unknown,Unknown,Unknown,Unknown,Unknown,Unknown,Unknown,,,,2026-07-28T05:48:37+00:00,partial,0
BA,LHR,SIN,LON,GB,SIN,SG,2027-05-05,2027-05-08,Summer,Economy,4,Eco-5,PLUS FLEX,Economy Comfort,"+2,395.32 USD",3444.54,USD,Ubfly,ECONFLEX,Personal Item: 40 x 30 x 15 cm; 1 Piece Luggage (23 Kg); Change without penalty before flight,Included,Included,Included,Included,Unknown,Unknown,Unknown,Included,Included,Unknown,Unknown,Unknown,Unknown,Unknown,Unknown,Unknown,,,,2026-07-28T05:48:37+00:00,partial,0
BA,LHR,SIN,LON,GB,SIN,SG,2027-05-05,2027-05-08,Summer,Business,0,Bus-1,Business Promo,Business Basic,0 USD,5737.78,USD,Enuygun,bff_0,priority_check_in: Öncelikli Check-in,Included,Included,Unknown,Included,Included,Unknown,Included,Not Included,Paid,Unknown,Unknown,Unknown,Unknown,Unknown,Unknown,Unknown,,,,2026-07-28T05:48:37+00:00,partial,0
BA,LHR,SIN,LON,GB,SIN,SG,2027-05-05,2027-05-08,Summer,Business,1,Bus-2,Business Select,Business — Business Select,+614.03 USD,6351.82,USD,Enuygun,bff_1,priority_check_in: Öncelikli Check-in,Included,Included,Included,Included,Included,Unknown,Included,Not Included,Paid,Unknown,Unknown,Unknown,Unknown,Unknown,Unknown,Unknown,,,,2026-07-28T05:48:37+00:00,partial,0
BA,LHR,SIN,LON,GB,SIN,SG,2027-05-05,2027-05-08,Summer,Business,2,Bus-3,Business Select Pro,Business — Business Select Pro,+1096.27 USD,6834.06,USD,Enuygun,bff_2,priority_check_in: Öncelikli Check-in,Included,Included,Included,Included,Included,Unknown,Included,Not Included,Included,Unknown,Unknown,Unknown,Unknown,Unknown,Unknown,Unknown,,,,2026-07-28T05:48:37+00:00,partial,0
BA,LHR,SIN,LON,GB,SIN,SG,2027-05-05,2027-05-08,Summer,Business,3,Bus-4,Business Fully Flex,Business Flex,+3177.99 USD,8915.78,USD,Enuygun,bff_3,priority_check_in: Öncelikli Check-in,Included,Included,Included,Included,Included,Unknown,Included,Included,Included,Unknown,Unknown,Unknown,Unknown,Unknown,Unknown,Unknown,,,,2026-07-28T05:48:37+00:00,partial,0
BA,LHR,SIN,LON,GB,SIN,SG,2027-05-05,2027-05-08,Summer,Premium Economy,0,PEco-1,PREMECON,Premium Economy — PREMECON,"+1,693.12 USD",2742.34,USD,Ubfly,PREMECON,Personal Item: 40 x 30 x 15 cm,Included,Included,Unknown,Included,Unknown,Unknown,Unknown,Unknown,Unknown,Unknown,Unknown,Unknown,Unknown,Unknown,Unknown,Unknown,,,,2026-07-28T05:48:37+00:00,partial,0
BA,LHR,SIN,LON,GB,SIN,SG,2027-05-05,2027-05-08,Summer,Premium Economy,1,PEco-2,PESEL,Premium Economy — PESEL,"+1,826.56 USD",2875.78,USD,Ubfly,PESEL,Change without penalty before flight; Personal Item: 40 x 30 x 15 cm,Included,Included,Unknown,Included,Unknown,Unknown,Unknown,Unknown,Included,Unknown,Unknown,Unknown,Unknown,Unknown,Unknown,Unknown,,,,2026-07-28T05:48:37+00:00,partial,0
BA,LHR,SIN,LON,GB,SIN,SG,2027-05-05,2027-05-08,Summer,Premium Economy,2,PEco-3,PEPRO,Premium Economy — PEPRO,"+1,926.65 USD",2975.87,USD,Ubfly,PEPRO,Change without penalty before flight; Personal Item: 40 x 30 x 15 cm,Included,Included,Included,Included,Unknown,Unknown,Unknown,Included,Included,Unknown,Unknown,Unknown,Unknown,Unknown,Unknown,Unknown,,,,2026-07-28T05:48:37+00:00,partial,0
BA,LHR,SIN,LON,GB,SIN,SG,2027-05-05,2027-05-08,Summer,Premium Economy,3,PEco-4,PEFLEX,Premium Economy Flex,"+3,685.43 USD",4734.65,USD,Ubfly,PEFLEX,Personal Item: 40 x 30 x 15 cm; Change without penalty before flight,Included,Included,Included,Included,Unknown,Unknown,Unknown,Included,Included,Unknown,Unknown,Unknown,Unknown,Unknown,Unknown,Unknown,,,,2026-07-28T05:48:37+00:00,partial,0
BA,LHR,SIN,LON,GB,SIN,SG,2027-03-30,2027-04-02,Winter,Economy,0,Eco-1,BASIC,Economy Basic,0.00 USD,1323.5,USD,Ubfly,NOBAG,Personal Item: 40 x 30 x 15 cm,Included,Not Included,Unknown,Included,Unknown,Unknown,Unknown,Unknown,Unknown,Unknown,Unknown,Unknown,Unknown,Unknown,Unknown,Unknown,,,,2026-07-28T05:48:37+00:00,partial,0
BA,LHR,SIN,LON,GB,SIN,SG,2027-03-30,2027-04-02,Winter,Economy,1,Eco-2,ECONOMY BASIC,Economy Basic,+36.77 USD,1360.27,USD,Ubfly,BAG,Personal Item: 40 x 30 x 15 cm; 1 Piece Luggage (23 Kg),Included,Included,Unknown,Included,Unknown,Unknown,Unknown,Unknown,Unknown,Unknown,Unknown,Unknown,Unknown,Unknown,Unknown,Unknown,,,,2026-07-28T05:48:37+00:00,partial,0
BA,LHR,SIN,LON,GB,SIN,SG,2027-03-30,2027-04-02,Winter,Economy,2,Eco-3,PLUS SELECT,Economy Comfort,+166.79 USD,1490.29,USD,Ubfly,ECONSEL,Personal Item: 40 x 30 x 15 cm; 1 Piece Luggage (23 Kg); Change without penalty before flight,Included,Included,Unknown,Included,Unknown,Unknown,Unknown,Unknown,Included,Unknown,Unknown,Unknown,Unknown,Unknown,Unknown,Unknown,,,,2026-07-28T05:48:37+00:00,partial,0
BA,LHR,SIN,LON,GB,SIN,SG,2027-03-30,2027-04-02,Winter,Economy,3,Eco-4,ECONPRO,Economy — ECONPRO,+233.53 USD,1557.03,USD,Ubfly,ECONPRO,Personal Item: 40 x 30 x 15 cm; 1 Piece Luggage (23 Kg); Change without penalty before flight,Included,Included,Included,Included,Unknown,Unknown,Unknown,Included,Included,Unknown,Unknown,Unknown,Unknown,Unknown,Unknown,Unknown,,,,2026-07-28T05:48:37+00:00,partial,0
BA,LHR,SIN,LON,GB,SIN,SG,2027-03-30,2027-04-02,Winter,Economy,4,Eco-5,PLUS FLEX,Economy Comfort,"+2,116.42 USD",3439.92,USD,Ubfly,ECONFLEX,Personal Item: 40 x 30 x 15 cm; 1 Piece Luggage (23 Kg); Change without penalty before flight,Included,Included,Included,Included,Unknown,Unknown,Unknown,Included,Included,Unknown,Unknown,Unknown,Unknown,Unknown,Unknown,Unknown,,,,2026-07-28T05:48:37+00:00,partial,0
BA,LHR,SIN,LON,GB,SIN,SG,2027-03-30,2027-04-02,Winter,Business,0,Bus-1,Business Promo,Business Basic,0 USD,9620.74,USD,Enuygun,bff_0,priority_check_in: Öncelikli Check-in,Included,Included,Unknown,Included,Included,Unknown,Included,Not Included,Paid,Unknown,Unknown,Unknown,Unknown,Unknown,Unknown,Unknown,,,,2026-07-28T05:48:37+00:00,partial,0
BA,LHR,SIN,LON,GB,SIN,SG,2027-03-30,2027-04-02,Winter,Business,1,Bus-2,Business Select,Business — Business Select,+512.42 USD,10133.16,USD,Enuygun,bff_1,priority_check_in: Öncelikli Check-in,Included,Included,Included,Included,Included,Unknown,Included,Not Included,Paid,Unknown,Unknown,Unknown,Unknown,Unknown,Unknown,Unknown,,,,2026-07-28T05:48:37+00:00,partial,0
BA,LHR,SIN,LON,GB,SIN,SG,2027-03-30,2027-04-02,Winter,Business,2,Bus-3,Business Select Pro,Business — Business Select Pro,+805.24 USD,10425.99,USD,Enuygun,bff_2,priority_check_in: Öncelikli Check-in,Included,Included,Included,Included,Included,Unknown,Included,Not Included,Included,Unknown,Unknown,Unknown,Unknown,Unknown,Unknown,Unknown,,,,2026-07-28T05:48:37+00:00,partial,0
BA,LHR,SIN,LON,GB,SIN,SG,2027-03-30,2027-04-02,Winter,Business,3,Bus-4,Business Fully Flex,Business Flex,+2342.49 USD,11963.24,USD,Enuygun,bff_3,priority_check_in: Öncelikli Check-in,Included,Included,Included,Included,Included,Unknown,Included,Included,Included,Unknown,Unknown,Unknown,Unknown,Unknown,Unknown,Unknown,,,,2026-07-28T05:48:37+00:00,partial,0
BA,LHR,SIN,LON,GB,SIN,SG,2027-03-30,2027-04-02,Winter,Premium Economy,0,PEco-1,PREMECON,Premium Economy — PREMECON,"+1,832.17 USD",3155.67,USD,Ubfly,PREMECON,Personal Item: 40 x 30 x 15 cm,Included,Included,Unknown,Included,Unknown,Unknown,Unknown,Unknown,Unknown,Unknown,Unknown,Unknown,Unknown,Unknown,Unknown,Unknown,,,,2026-07-28T05:48:37+00:00,partial,0
BA,LHR,SIN,LON,GB,SIN,SG,2027-03-30,2027-04-02,Winter,Premium Economy,1,PEco-2,PESEL,Premium Economy — PESEL,"+1,965.61 USD",3289.11,USD,Ubfly,PESEL,Personal Item: 40 x 30 x 15 cm; Change without penalty before flight,Included,Included,Unknown,Included,Unknown,Unknown,Unknown,Unknown,Included,Unknown,Unknown,Unknown,Unknown,Unknown,Unknown,Unknown,,,,2026-07-28T05:48:37+00:00,partial,0
BA,LHR,SIN,LON,GB,SIN,SG,2027-03-30,2027-04-02,Winter,Premium Economy,2,PEco-3,PEPRO,Premium Economy — PEPRO,"+2,065.70 USD",3389.2,USD,Ubfly,PEPRO,Personal Item: 40 x 30 x 15 cm; Change without penalty before flight,Included,Included,Included,Included,Unknown,Unknown,Unknown,Included,Included,Unknown,Unknown,Unknown,Unknown,Unknown,Unknown,Unknown,,,,2026-07-28T05:48:37+00:00,partial,0
BA,LHR,SIN,LON,GB,SIN,SG,2027-03-30,2027-04-02,Winter,Premium Economy,3,PEco-4,PEFLEX,Premium Economy Flex,"+3,400.14 USD",4723.64,USD,Ubfly,PEFLEX,Personal Item: 40 x 30 x 15 cm; Change without penalty before flight,Included,Included,Included,Included,Unknown,Unknown,Unknown,Included,Included,Unknown,Unknown,Unknown,Unknown,Unknown,Unknown,Unknown,,,,2026-07-28T05:48:37+00:00,partial,0
QF,LHR,SIN,LON,GB,SIN,SG,2027-05-05,2027-05-08,Summer,Economy,0,Eco-1,Economy Saver,Economy Basic,0 USD,899.29,USD,Enuygun,bff_0,entertainment: Uçak İçi Eğlence,Included,Included,Unknown,Included,Unknown,Unknown,Unknown,Paid,Paid,Unknown,Unknown,Unknown,Unknown,Unknown,Unknown,Unknown,,,,2026-07-28T05:48:37+00:00,partial,0
QF,LHR,SIN,LON,GB,SIN,SG,2027-05-05,2027-05-08,Summer,Economy,1,Eco-2,Economy Flex,Economy Flex,+660.25 USD,1559.53,USD,Enuygun,bff_1,entertainment: Uçak İçi Eğlence,Included,Included,Unknown,Included,Unknown,Unknown,Unknown,Included,Included,Unknown,Unknown,Unknown,Unknown,Unknown,Unknown,Unknown,,,,2026-07-28T05:48:37+00:00,partial,0
QF,LHR,SIN,LON,GB,SIN,SG,2027-05-05,2027-05-08,Summer,Business,0,Bus-1,Business Saver,Business Basic,0 USD,4661.88,USD,Enuygun,bff_0,priority_check_in: Öncelikli Check-in; entertainment: Uçak İçi Eğlence,Included,Included,Unknown,Included,Included,Unknown,Unknown,Paid,Paid,Unknown,Unknown,Unknown,Unknown,Unknown,Unknown,Unknown,,,,2026-07-28T05:48:37+00:00,partial,0
QF,LHR,SIN,LON,GB,SIN,SG,2027-05-05,2027-05-08,Summer,Business,1,Bus-2,Business Flex,Business Flex,+3142.41 USD,7804.29,USD,Enuygun,bff_1,priority_check_in: Öncelikli Check-in; entertainment: Uçak İçi Eğlence,Included,Included,Unknown,Included,Included,Unknown,Unknown,Included,Included,Unknown,Unknown,Unknown,Unknown,Unknown,Unknown,Unknown,,,,2026-07-28T05:48:37+00:00,partial,0
QF,LHR,SIN,LON,GB,SIN,SG,2027-03-30,2027-04-02,Winter,Economy,0,Eco-1,Economy Saver,Economy Basic,0 USD,987.16,USD,Enuygun,bff_0,entertainment: Uçak İçi Eğlence,Included,Included,Unknown,Included,Unknown,Unknown,Unknown,Paid,Paid,Unknown,Unknown,Unknown,Unknown,Unknown,Unknown,Unknown,,,,2026-07-28T05:48:37+00:00,partial,0
QF,LHR,SIN,LON,GB,SIN,SG,2027-03-30,2027-04-02,Winter,Economy,1,Eco-2,Economy Flex,Economy Flex,+657.84 USD,1645.01,USD,Enuygun,bff_1,entertainment: Uçak İçi Eğlence,Included,Included,Unknown,Included,Unknown,Unknown,Unknown,Included,Included,Unknown,Unknown,Unknown,Unknown,Unknown,Unknown,Unknown,,,,2026-07-28T05:48:37+00:00,partial,0
QF,LHR,SIN,LON,GB,SIN,SG,2027-03-30,2027-04-02,Winter,Business,0,Bus-1,Business Saver,Business Basic,0 USD,4647.67,USD,Enuygun,bff_0,priority_check_in: Öncelikli Check-in; entertainment: Uçak İçi Eğlence,Included,Included,Unknown,Included,Included,Unknown,Unknown,Paid,Paid,Unknown,Unknown,Unknown,Unknown,Unknown,Unknown,Unknown,,,,2026-07-28T05:48:37+00:00,partial,0
QF,LHR,SIN,LON,GB,SIN,SG,2027-03-30,2027-04-02,Winter,Business,1,Bus-2,Business Flex,Business Flex,+3139.91 USD,7787.58,USD,Enuygun,bff_1,priority_check_in: Öncelikli Check-in; entertainment: Uçak İçi Eğlence,Included,Included,Unknown,Included,Included,Unknown,Unknown,Included,Included,Unknown,Unknown,Unknown,Unknown,Unknown,Unknown,Unknown,,,,2026-07-28T05:48:37+00:00,partial,0
QR,LHR,SIN,LON,GB,SIN,SG,2027-05-05,2027-05-08,Summer,Economy,0,Eco-1,ECONOMY BASIC,Economy Basic,0.00 USD,734.79,USD,Ubfly,BAG-BAG,Personal Item: 40 x 30 x 15 cm; 1 Piece Luggage (23 Kg),Included,Included,Unknown,Included,Unknown,Unknown,Unknown,Unknown,Unknown,Unknown,Unknown,Unknown,Unknown,Unknown,Unknown,Unknown,,,,2026-07-28T05:48:37+00:00,partial,0
QR,LHR,SIN,LON,GB,SIN,SG,2027-05-05,2027-05-08,Summer,Economy,1,Eco-2,PLUS SELECT,Economy Comfort,+300.84 USD,1035.63,USD,Ubfly,ECONSEL-ECONSEL,Change without penalty before flight; Personal Item: 40 x 30 x 15 cm; 1 Piece Luggage (23 Kg),Included,Included,Unknown,Included,Unknown,Unknown,Unknown,Unknown,Included,Unknown,Unknown,Unknown,Unknown,Unknown,Unknown,Unknown,,,,2026-07-28T05:48:37+00:00,partial,0
QR,LHR,SIN,LON,GB,SIN,SG,2027-05-05,2027-05-08,Summer,Economy,2,Eco-3,ECONPRO,Economy — ECONPRO,+431.61 USD,1166.4,USD,Ubfly,ECONPRO-ECONPRO,Personal Item: 40 x 30 x 15 cm; 1 Piece Luggage (23 Kg); Change without penalty before flight,Included,Included,Included,Included,Unknown,Unknown,Unknown,Included,Included,Unknown,Unknown,Unknown,Unknown,Unknown,Unknown,Unknown,,,,2026-07-28T05:48:37+00:00,partial,0
QR,LHR,SIN,LON,GB,SIN,SG,2027-05-05,2027-05-08,Summer,Economy,3,Eco-4,PLUS FLEX,Economy Comfort,"+1,775.39 USD",2510.18,USD,Ubfly,ECONFLEX-ECONFLEX,Personal Item: 40 x 30 x 15 cm; 1 Piece Luggage (23 Kg); Change without penalty before flight,Included,Included,Included,Included,Unknown,Unknown,Unknown,Included,Included,Unknown,Unknown,Unknown,Unknown,Unknown,Unknown,Unknown,,,,2026-07-28T05:48:37+00:00,partial,0
QR,LHR,SIN,LON,GB,SIN,SG,2027-05-05,2027-05-08,Summer,Business,0,Bus-1,BIZPROMO,Business Basic,0.00 USD,4733.9,USD,Ubfly,BIZPROMO-BIZPROMO,Personal Item: 40 x 30 x 15 cm; Dedicated check-in area,Included,Included,Unknown,Included,Included,Unknown,Included,Unknown,Unknown,Unknown,Unknown,Unknown,Unknown,Unknown,Unknown,Unknown,,,,2026-07-28T05:48:37+00:00,partial,0
QR,LHR,SIN,LON,GB,SIN,SG,2027-05-05,2027-05-08,Summer,Business,1,Bus-2,BUSINESS PLUS SELECT,Business Comfort,+607.16 USD,5341.06,USD,Ubfly,BIZSEL-BIZSEL,Personal Item: 40 x 30 x 15 cm; Dedicated check-in area,Included,Included,Included,Included,Included,Unknown,Included,Unknown,Unknown,Unknown,Unknown,Unknown,Unknown,Unknown,Unknown,Unknown,,,,2026-07-28T05:48:37+00:00,partial,0
QR,LHR,SIN,LON,GB,SIN,SG,2027-05-05,2027-05-08,Summer,Business,2,Bus-3,BIZPRO,Business — BIZPRO,"+1,084.90 USD",5818.8,USD,Ubfly,BIZPRO-BIZPRO,Dedicated check-in area; Change without penalty before flight; Personal Item: 40 x 30 x 15 cm,Included,Included,Included,Included,Included,Unknown,Included,Included,Included,Unknown,Unknown,Unknown,Unknown,Unknown,Unknown,Unknown,,,,2026-07-28T05:48:37+00:00,partial,0
QR,LHR,SIN,LON,GB,SIN,SG,2027-05-05,2027-05-08,Summer,Business,3,Bus-4,BUSINESS FLEX,Business Flex,"+4,287.54 USD",9021.44,USD,Ubfly,BIZFLEX-BIZFLEX,Personal Item: 40 x 30 x 15 cm; Dedicated check-in area; Change without penalty before flight,Included,Included,Included,Included,Included,Unknown,Included,Included,Included,Unknown,Unknown,Unknown,Unknown,Unknown,Unknown,Unknown,,,,2026-07-28T05:48:37+00:00,partial,0
QR,LHR,SIN,LON,GB,SIN,SG,2027-03-30,2027-04-02,Winter,Economy,0,Eco-1,ECONOMY BASIC,Economy Basic,0.00 USD,895.66,USD,Ubfly,BAG-BAG,Personal Item: 40 x 30 x 15 cm; 1 Piece Luggage (23 Kg),Included,Included,Unknown,Included,Unknown,Unknown,Unknown,Unknown,Unknown,Unknown,Unknown,Unknown,Unknown,Unknown,Unknown,Unknown,,,,2026-07-28T05:48:37+00:00,partial,0
QR,LHR,SIN,LON,GB,SIN,SG,2027-03-30,2027-04-02,Winter,Economy,1,Eco-2,PLUS SELECT,Economy Comfort,+270.13 USD,1165.79,USD,Ubfly,ECONSEL-ECONSEL,Personal Item: 40 x 30 x 15 cm; 1 Piece Luggage (23 Kg); Change without penalty before flight,Included,Included,Unknown,Included,Unknown,Unknown,Unknown,Unknown,Included,Unknown,Unknown,Unknown,Unknown,Unknown,Unknown,Unknown,,,,2026-07-28T05:48:37+00:00,partial,0
QR,LHR,SIN,LON,GB,SIN,SG,2027-03-30,2027-04-02,Winter,Economy,2,Eco-3,ECONPRO,Economy — ECONPRO,+400.90 USD,1296.56,USD,Ubfly,ECONPRO-ECONPRO,Personal Item: 40 x 30 x 15 cm; 1 Piece Luggage (23 Kg); Change without penalty before flight,Included,Included,Included,Included,Unknown,Unknown,Unknown,Included,Included,Unknown,Unknown,Unknown,Unknown,Unknown,Unknown,Unknown,,,,2026-07-28T05:48:37+00:00,partial,0
QR,LHR,SIN,LON,GB,SIN,SG,2027-03-30,2027-04-02,Winter,Economy,3,Eco-4,PLUS FLEX,Economy Comfort,"+1,609.91 USD",2505.57,USD,Ubfly,ECONFLEX-ECONFLEX,Personal Item: 40 x 30 x 15 cm; 1 Piece Luggage (23 Kg); Change without penalty before flight,Included,Included,Included,Included,Unknown,Unknown,Unknown,Included,Included,Unknown,Unknown,Unknown,Unknown,Unknown,Unknown,Unknown,,,,2026-07-28T05:48:37+00:00,partial,0
QR,LHR,SIN,LON,GB,SIN,SG,2027-03-30,2027-04-02,Winter,Business,0,Bus-1,BIZPROMO,Business Basic,0.00 USD,5175.92,USD,Ubfly,BIZPROMO-BIZPROMO,Personal Item: 40 x 30 x 15 cm; Dedicated check-in area,Included,Included,Unknown,Included,Included,Unknown,Included,Unknown,Unknown,Unknown,Unknown,Unknown,Unknown,Unknown,Unknown,Unknown,,,,2026-07-28T05:48:37+00:00,partial,0
QR,LHR,SIN,LON,GB,SIN,SG,2027-03-30,2027-04-02,Winter,Business,1,Bus-2,BUSINESS PLUS SELECT,Business Comfort,+607.18 USD,5783.1,USD,Ubfly,BIZSEL-BIZSEL,Personal Item: 40 x 30 x 15 cm; Dedicated check-in area,Included,Included,Included,Included,Included,Unknown,Included,Unknown,Unknown,Unknown,Unknown,Unknown,Unknown,Unknown,Unknown,Unknown,,,,2026-07-28T05:48:37+00:00,partial,0
QR,LHR,SIN,LON,GB,SIN,SG,2027-03-30,2027-04-02,Winter,Business,2,Bus-3,BIZPRO,Business — BIZPRO,"+1,084.90 USD",6260.82,USD,Ubfly,BIZPRO-BIZPRO,Dedicated check-in area; Change without penalty before flight; Personal Item: 40 x 30 x 15 cm,Included,Included,Included,Included,Included,Unknown,Included,Included,Included,Unknown,Unknown,Unknown,Unknown,Unknown,Unknown,Unknown,,,,2026-07-28T05:48:37+00:00,partial,0
QR,LHR,SIN,LON,GB,SIN,SG,2027-03-30,2027-04-02,Winter,Business,3,Bus-4,BUSINESS FLEX,Business Flex,"+3,843.18 USD",9019.1,USD,Ubfly,BIZFLEX-BIZFLEX,Dedicated check-in area; Change without penalty before flight; Personal Item: 40 x 30 x 15 cm,Included,Included,Included,Included,Included,Unknown,Included,Included,Included,Unknown,Unknown,Unknown,Unknown,Unknown,Unknown,Unknown,,,,2026-07-28T05:48:37+00:00,partial,0
MH,LHR,KUL,LON,GB,KUL,MY,2026-10-28,2026-10-31,Summer,Economy,0,Eco-1,Basic,Economy Basic,0 USD,850.44,USD,Enuygun,bff_0,,Included,Included,Unknown,Included,Unknown,Unknown,Unknown,Paid,Paid,Unknown,Unknown,Unknown,Unknown,Unknown,Unknown,Unknown,,,,2026-07-28T05:48:37+00:00,partial,0
MH,LHR,KUL,LON,GB,KUL,MY,2026-10-28,2026-10-31,Summer,Economy,1,Eco-2,Flex,Economy Flex,+123.69 USD,974.13,USD,Enuygun,bff_1,,Included,Included,Unknown,Included,Unknown,Unknown,Unknown,Paid,Included,Unknown,Unknown,Unknown,Unknown,Unknown,Unknown,Unknown,,,,2026-07-28T05:48:37+00:00,partial,0
MH,LHR,KUL,LON,GB,KUL,MY,2026-10-28,2026-10-31,Summer,Business,0,Bus-1,Business Basic,Business Basic,0 USD,5186.33,USD,Enuygun,bff_0,,Included,Included,Unknown,Included,Unknown,Unknown,Unknown,Included,Included,Unknown,Unknown,Unknown,Unknown,Unknown,Unknown,Unknown,,,,2026-07-28T05:48:37+00:00,partial,0
MH,LHR,KUL,LON,GB,KUL,MY,2026-10-28,2026-10-31,Summer,Business,1,Bus-2,Business Flex,Business Flex,+1903.27 USD,7089.6,USD,Enuygun,bff_1,,Included,Included,Unknown,Included,Unknown,Unknown,Unknown,Included,Included,Unknown,Unknown,Unknown,Unknown,Unknown,Unknown,Unknown,,,,2026-07-28T05:48:37+00:00,partial,0
MH,LHR,KUL,LON,GB,KUL,MY,2027-03-20,2027-03-23,Winter,Economy,0,Eco-1,Basic,Economy Basic,0 USD,1174.67,USD,Enuygun,bff_0,,Included,Included,Unknown,Included,Unknown,Unknown,Unknown,Paid,Paid,Unknown,Unknown,Unknown,Unknown,Unknown,Unknown,Unknown,,,,2026-07-28T05:48:37+00:00,partial,0
MH,LHR,KUL,LON,GB,KUL,MY,2027-03-20,2027-03-23,Winter,Economy,1,Eco-2,Flex,Economy Flex,+114.2 USD,1288.87,USD,Enuygun,bff_1,,Included,Included,Unknown,Included,Unknown,Unknown,Unknown,Paid,Included,Unknown,Unknown,Unknown,Unknown,Unknown,Unknown,Unknown,,,,2026-07-28T05:48:37+00:00,partial,0
MH,LHR,KUL,LON,GB,KUL,MY,2027-03-20,2027-03-23,Winter,Business,0,Bus-1,Business Basic,Business Basic,0 USD,5186.33,USD,Enuygun,bff_0,,Included,Included,Unknown,Included,Unknown,Unknown,Unknown,Included,Included,Unknown,Unknown,Unknown,Unknown,Unknown,Unknown,Unknown,,,,2026-07-28T05:48:37+00:00,partial,0
MH,LHR,KUL,LON,GB,KUL,MY,2027-03-20,2027-03-23,Winter,Business,1,Bus-2,Business Flex,Business Flex,+1903.27 USD,7089.6,USD,Enuygun,bff_1,,Included,Included,Unknown,Included,Unknown,Unknown,Unknown,Included,Included,Unknown,Unknown,Unknown,Unknown,Unknown,Unknown,Unknown,,,,2026-07-28T05:48:37+00:00,partial,0
BA,LHR,KUL,LON,GB,KUL,MY,2026-10-28,2026-10-31,Summer,Economy,0,Eco-1,BASIC,Economy Basic,0.00 USD,937.84,USD,Ubfly,NOBAG,Personal Item: 40 x 30 x 15 cm,Included,Not Included,Unknown,Included,Unknown,Unknown,Unknown,Unknown,Unknown,Unknown,Unknown,Unknown,Unknown,Unknown,Unknown,Unknown,,,,2026-07-28T05:48:37+00:00,partial,0
BA,LHR,KUL,LON,GB,KUL,MY,2026-10-28,2026-10-31,Summer,Economy,1,Eco-2,ECONOMY BASIC,Economy Basic,+36.77 USD,974.61,USD,Ubfly,BAG,Personal Item: 40 x 30 x 15 cm; 1 Piece Luggage (23 Kg),Included,Included,Unknown,Included,Unknown,Unknown,Unknown,Unknown,Unknown,Unknown,Unknown,Unknown,Unknown,Unknown,Unknown,Unknown,,,,2026-07-28T05:48:37+00:00,partial,0
BA,LHR,KUL,LON,GB,KUL,MY,2026-10-28,2026-10-31,Summer,Economy,2,Eco-3,PLUS SELECT,Economy Comfort,+166.79 USD,1104.63,USD,Ubfly,ECONSEL,Personal Item: 40 x 30 x 15 cm; 1 Piece Luggage (23 Kg); Change without penalty before flight,Included,Included,Unknown,Included,Unknown,Unknown,Unknown,Unknown,Included,Unknown,Unknown,Unknown,Unknown,Unknown,Unknown,Unknown,,,,2026-07-28T05:48:37+00:00,partial,0
BA,LHR,KUL,LON,GB,KUL,MY,2026-10-28,2026-10-31,Summer,Economy,3,Eco-4,ECONPRO,Economy — ECONPRO,+233.53 USD,1171.37,USD,Ubfly,ECONPRO,Personal Item: 40 x 30 x 15 cm; 1 Piece Luggage (23 Kg); Change without penalty before flight,Included,Included,Included,Included,Unknown,Unknown,Unknown,Included,Included,Unknown,Unknown,Unknown,Unknown,Unknown,Unknown,Unknown,,,,2026-07-28T05:48:37+00:00,partial,0
BA,LHR,KUL,LON,GB,KUL,MY,2026-10-28,2026-10-31,Summer,Economy,4,Eco-5,PLUS FLEX,Economy Comfort,"+1,946.95 USD",2884.79,USD,Ubfly,ECONFLEX,Personal Item: 40 x 30 x 15 cm; 1 Piece Luggage (23 Kg); Change without penalty before flight,Included,Included,Included,Included,Unknown,Unknown,Unknown,Included,Included,Unknown,Unknown,Unknown,Unknown,Unknown,Unknown,Unknown,,,,2026-07-28T05:48:37+00:00,partial,0
BA,LHR,KUL,LON,GB,KUL,MY,2026-10-28,2026-10-31,Summer,Business,0,Bus-1,BIZPROMO,Business Basic,0.00 USD,7661.28,USD,Ubfly,BIZPROMO-BIZPROMO,Personal Item: 40 x 30 x 15 cm; Dedicated check-in area,Included,Included,Unknown,Included,Included,Unknown,Included,Not Included,Paid,Unknown,Unknown,Unknown,Unknown,Unknown,Unknown,Unknown,,,,2026-07-28T05:48:37+00:00,partial,0
BA,LHR,KUL,LON,GB,KUL,MY,2026-10-28,2026-10-31,Summer,Business,1,Bus-2,BUSINESS PLUS SELECT,Business Comfort,+373.63 USD,8034.91,USD,Ubfly,BIZSEL-BIZSEL,Personal Item: 40 x 30 x 15 cm; Dedicated check-in area,Included,Included,Included,Included,Included,Unknown,Included,Not Included,Paid,Unknown,Unknown,Unknown,Unknown,Unknown,Unknown,Unknown,,,,2026-07-28T05:48:37+00:00,partial,0
BA,LHR,KUL,LON,GB,KUL,MY,2026-10-28,2026-10-31,Summer,Business,2,Bus-3,BIZPRO,Business — BIZPRO,+747.29 USD,8408.57,USD,Ubfly,BIZPRO-BIZPRO,Dedicated check-in area; Change without penalty before flight; Personal Item: 40 x 30 x 15 cm,Included,Included,Included,Included,Included,Unknown,Included,Included,Included,Unknown,Unknown,Unknown,Unknown,Unknown,Unknown,Unknown,,,,2026-07-28T05:48:37+00:00,partial,0
BA,LHR,KUL,LON,GB,KUL,MY,2026-10-28,2026-10-31,Summer,Business,3,Bus-4,BUSINESS FLEX,Business Flex,"+1,716.07 USD",9377.35,USD,Ubfly,BIZFLEX-BIZFLEX,Dedicated check-in area; Change without penalty before flight; Personal Item: 40 x 30 x 15 cm,Included,Included,Included,Included,Included,Unknown,Included,Included,Included,Unknown,Unknown,Unknown,Unknown,Unknown,Unknown,Unknown,,,,2026-07-28T05:48:37+00:00,partial,0
BA,LHR,KUL,LON,GB,KUL,MY,2026-10-28,2026-10-31,Summer,Premium Economy,0,PEco-1,PREMECON,Premium Economy — PREMECON,+958.13 USD,1895.97,USD,Ubfly,PREMECON,Personal Item: 40 x 30 x 15 cm,Included,Included,Unknown,Included,Unknown,Unknown,Unknown,Unknown,Unknown,Unknown,Unknown,Unknown,Unknown,Unknown,Unknown,Unknown,,,,2026-07-28T05:48:37+00:00,partial,0
BA,LHR,KUL,LON,GB,KUL,MY,2026-10-28,2026-10-31,Summer,Premium Economy,1,PEco-2,PESEL,Premium Economy — PESEL,"+1,091.57 USD",2029.41,USD,Ubfly,PESEL,Personal Item: 40 x 30 x 15 cm; Change without penalty before flight,Included,Included,Unknown,Included,Unknown,Unknown,Unknown,Unknown,Included,Unknown,Unknown,Unknown,Unknown,Unknown,Unknown,Unknown,,,,2026-07-28T05:48:37+00:00,partial,0
BA,LHR,KUL,LON,GB,KUL,MY,2026-10-28,2026-10-31,Summer,Premium Economy,2,PEco-3,PEPRO,Premium Economy — PEPRO,"+1,191.65 USD",2129.49,USD,Ubfly,PEPRO,Personal Item: 40 x 30 x 15 cm; Change without penalty before flight,Included,Included,Included,Included,Unknown,Unknown,Unknown,Included,Included,Unknown,Unknown,Unknown,Unknown,Unknown,Unknown,Unknown,,,,2026-07-28T05:48:37+00:00,partial,0
BA,LHR,KUL,LON,GB,KUL,MY,2026-10-28,2026-10-31,Summer,Premium Economy,3,PEco-4,PEFLEX,Premium Economy Flex,"+3,038.52 USD",3976.36,USD,Ubfly,PEFLEX,Personal Item: 40 x 30 x 15 cm; Change without penalty before flight,Included,Included,Included,Included,Unknown,Unknown,Unknown,Included,Included,Unknown,Unknown,Unknown,Unknown,Unknown,Unknown,Unknown,,,,2026-07-28T05:48:37+00:00,partial,0
BA,LHR,KUL,LON,GB,KUL,MY,2027-03-20,2027-03-23,Winter,Economy,0,Eco-1,BASIC,Economy Basic,0.00 USD,1079.29,USD,Ubfly,NOBAG,Personal Item: 40 x 30 x 15 cm,Included,Not Included,Unknown,Included,Unknown,Unknown,Unknown,Unknown,Unknown,Unknown,Unknown,Unknown,Unknown,Unknown,Unknown,Unknown,,,,2026-07-28T05:48:37+00:00,partial,0
BA,LHR,KUL,LON,GB,KUL,MY,2027-03-20,2027-03-23,Winter,Economy,1,Eco-2,ECONOMY BASIC,Economy Basic,+36.77 USD,1116.06,USD,Ubfly,BAG,Personal Item: 40 x 30 x 15 cm; 1 Piece Luggage (23 Kg),Included,Included,Unknown,Included,Unknown,Unknown,Unknown,Unknown,Unknown,Unknown,Unknown,Unknown,Unknown,Unknown,Unknown,Unknown,,,,2026-07-28T05:48:37+00:00,partial,0
BA,LHR,KUL,LON,GB,KUL,MY,2027-03-20,2027-03-23,Winter,Economy,2,Eco-3,PLUS SELECT,Economy Comfort,+166.82 USD,1246.11,USD,Ubfly,ECONSEL,Personal Item: 40 x 30 x 15 cm; 1 Piece Luggage (23 Kg); Change without penalty before flight,Included,Included,Unknown,Included,Unknown,Unknown,Unknown,Unknown,Included,Unknown,Unknown,Unknown,Unknown,Unknown,Unknown,Unknown,,,,2026-07-28T05:48:37+00:00,partial,0
BA,LHR,KUL,LON,GB,KUL,MY,2027-03-20,2027-03-23,Winter,Economy,3,Eco-4,ECONPRO,Economy — ECONPRO,+233.53 USD,1312.82,USD,Ubfly,ECONPRO,Personal Item: 40 x 30 x 15 cm; 1 Piece Luggage (23 Kg); Change without penalty before flight,Included,Included,Included,Included,Unknown,Unknown,Unknown,Included,Included,Unknown,Unknown,Unknown,Unknown,Unknown,Unknown,Unknown,,,,2026-07-28T05:48:37+00:00,partial,0
BA,LHR,KUL,LON,GB,KUL,MY,2027-03-20,2027-03-23,Winter,Economy,4,Eco-5,PLUS FLEX,Economy Comfort,"+1,814.85 USD",2894.14,USD,Ubfly,ECONFLEX,Personal Item: 40 x 30 x 15 cm; 1 Piece Luggage (23 Kg); Change without penalty before flight,Included,Included,Included,Included,Unknown,Unknown,Unknown,Included,Included,Unknown,Unknown,Unknown,Unknown,Unknown,Unknown,Unknown,,,,2026-07-28T05:48:37+00:00,partial,0
BA,LHR,KUL,LON,GB,KUL,MY,2027-03-20,2027-03-23,Winter,Business,0,Bus-1,BIZPROMO,Business Basic,0.00 USD,4932.22,USD,Ubfly,BIZPROMO-BIZPROMO,Personal Item: 40 x 30 x 15 cm; Dedicated check-in area,Included,Included,Unknown,Included,Included,Unknown,Included,Not Included,Paid,Unknown,Unknown,Unknown,Unknown,Unknown,Unknown,Unknown,,,,2026-07-28T05:48:37+00:00,partial,0
BA,LHR,KUL,LON,GB,KUL,MY,2027-03-20,2027-03-23,Winter,Business,1,Bus-2,BUSINESS PLUS SELECT,Business Comfort,+607.16 USD,5539.38,USD,Ubfly,BIZSEL-BIZSEL,Personal Item: 40 x 30 x 15 cm; Dedicated check-in area,Included,Included,Included,Included,Included,Unknown,Included,Not Included,Paid,Unknown,Unknown,Unknown,Unknown,Unknown,Unknown,Unknown,,,,2026-07-28T05:48:37+00:00,partial,0
BA,LHR,KUL,LON,GB,KUL,MY,2027-03-20,2027-03-23,Winter,Business,2,Bus-3,BIZPRO,Business — BIZPRO,"+1,084.90 USD",6017.12,USD,Ubfly,BIZPRO-BIZPRO,Personal Item: 40 x 30 x 15 cm; Dedicated check-in area; Change without penalty before flight,Included,Included,Included,Included,Included,Unknown,Included,Included,Included,Unknown,Unknown,Unknown,Unknown,Unknown,Unknown,Unknown,,,,2026-07-28T05:48:37+00:00,partial,0
BA,LHR,KUL,LON,GB,KUL,MY,2027-03-20,2027-03-23,Winter,Business,3,Bus-4,BUSINESS FLEX,Business Flex,"+3,161.27 USD",8093.49,USD,Ubfly,BIZFLEX-BIZFLEX,Personal Item: 40 x 30 x 15 cm; Dedicated check-in area; Change without penalty before flight,Included,Included,Included,Included,Included,Unknown,Included,Included,Included,Unknown,Unknown,Unknown,Unknown,Unknown,Unknown,Unknown,,,,2026-07-28T05:48:37+00:00,partial,0
BA,LHR,KUL,LON,GB,KUL,MY,2027-03-20,2027-03-23,Winter,Premium Economy,0,PEco-1,PREMECON,Premium Economy — PREMECON,"+1,112.93 USD",2192.22,USD,Ubfly,PREMECON,Personal Item: 40 x 30 x 15 cm,Included,Included,Unknown,Included,Unknown,Unknown,Unknown,Unknown,Unknown,Unknown,Unknown,Unknown,Unknown,Unknown,Unknown,Unknown,,,,2026-07-28T05:48:37+00:00,partial,0
BA,LHR,KUL,LON,GB,KUL,MY,2027-03-20,2027-03-23,Winter,Premium Economy,1,PEco-2,PESEL,Premium Economy — PESEL,"+1,246.37 USD",2325.66,USD,Ubfly,PESEL,Personal Item: 40 x 30 x 15 cm; Change without penalty before flight,Included,Included,Unknown,Included,Unknown,Unknown,Unknown,Unknown,Included,Unknown,Unknown,Unknown,Unknown,Unknown,Unknown,Unknown,,,,2026-07-28T05:48:37+00:00,partial,0
BA,LHR,KUL,LON,GB,KUL,MY,2027-03-20,2027-03-23,Winter,Premium Economy,2,PEco-3,PEPRO,Premium Economy — PEPRO,"+1,346.45 USD",2425.74,USD,Ubfly,PEPRO,Personal Item: 40 x 30 x 15 cm; Change without penalty before flight,Included,Included,Included,Included,Unknown,Unknown,Unknown,Included,Included,Unknown,Unknown,Unknown,Unknown,Unknown,Unknown,Unknown,,,,2026-07-28T05:48:37+00:00,partial,0
BA,LHR,KUL,LON,GB,KUL,MY,2027-03-20,2027-03-23,Winter,Premium Economy,3,PEco-4,PEFLEX,Premium Economy Flex,"+2,911.75 USD",3991.04,USD,Ubfly,PEFLEX,Personal Item: 40 x 30 x 15 cm; Change without penalty before flight,Included,Included,Included,Included,Unknown,Unknown,Unknown,Included,Included,Unknown,Unknown,Unknown,Unknown,Unknown,Unknown,Unknown,,,,2026-07-28T05:48:37+00:00,partial,0
EY,LHR,KUL,LON,GB,KUL,MY,2026-10-28,2026-10-31,Summer,Economy,0,Eco-1,Economy Basic,Economy Basic,0 USD,613.36,USD,Enuygun,bff_0,,Included,Not Included,Unknown,Included,Unknown,Unknown,Unknown,Not Included,Included,Unknown,Unknown,Unknown,Unknown,Unknown,Unknown,Unknown,Yes,5.0,,2026-07-28T05:48:37+00:00,success,0
EY,LHR,KUL,LON,GB,KUL,MY,2026-10-28,2026-10-31,Summer,Economy,1,Eco-2,Economy Value,Economy Basic,+21.94 USD,635.3,USD,Enuygun,bff_1,,Included,Included,Unknown,Included,Unknown,Unknown,Unknown,Not Included,Paid,Unknown,Unknown,Unknown,Unknown,Unknown,Unknown,Unknown,Yes,35.0,,2026-07-28T05:48:37+00:00,success,0
EY,LHR,KUL,LON,GB,KUL,MY,2026-10-28,2026-10-31,Summer,Economy,2,Eco-3,Economy Comfort,Economy Comfort,+83.25 USD,696.61,USD,Enuygun,bff_2,,Included,Included,Included,Included,Unknown,Unknown,Unknown,Paid,Paid,Unknown,Unknown,Unknown,Unknown,Unknown,Unknown,Unknown,Yes,75.0,,2026-07-28T05:48:37+00:00,success,0
EY,LHR,KUL,LON,GB,KUL,MY,2026-10-28,2026-10-31,Summer,Economy,3,Eco-4,Economy Deluxe,Economy — Economy Deluxe,+182.82 USD,796.18,USD,Enuygun,bff_3,priority_check_in: Öncelikli Check-in,Included,Included,Included,Included,Unknown,Unknown,Unknown,Included,Included,Unknown,Unknown,Unknown,Unknown,Unknown,Unknown,Unknown,Yes,,,2026-07-28T05:48:37+00:00,success,0
EY,LHR,KUL,LON,GB,KUL,MY,2026-10-28,2026-10-31,Summer,Business,0,Bus-1,JVALUE,Business Basic,0.00 USD,4273.91,USD,Ubfly,JVALUE-JVALUE,Priority Access,Included,Included,Unknown,Included,Unknown,Unknown,Unknown,Not Included,Paid,Unknown,Unknown,Unknown,Unknown,Unknown,Unknown,Unknown,Yes,100.0,,2026-07-28T05:48:37+00:00,success,0
EY,LHR,KUL,LON,GB,KUL,MY,2026-10-28,2026-10-31,Summer,Business,1,Bus-2,JCOMFORT,Business Comfort,+277.55 USD,4551.46,USD,Ubfly,JCOMFORT-JCOMFORT,Priority Access; ETIHAD UAE CHAUFFEUR(F),Included,Included,Included,Included,Included,Unknown,Unknown,Paid,Paid,Unknown,Unknown,Unknown,Unknown,Unknown,Unknown,Unknown,Yes,,,2026-07-28T05:48:37+00:00,success,0
EY,LHR,KUL,LON,GB,KUL,MY,2026-10-28,2026-10-31,Summer,Business,2,Bus-3,JDELUXE,Business — JDELUXE,+765.95 USD,5039.86,USD,Ubfly,JDELUXE-JDELUXE,Change with Penalty; Uninterrupted return (up to the last 12 hours); Priority Access; ETIHAD UAE CHAUFFEUR(F); ETIHAD GLOBAL CHAUFFEUR(F),Included,Included,Included,Included,Included,Unknown,Unknown,Included,Included,Unknown,Unknown,Unknown,Unknown,Unknown,Unknown,Unknown,Yes,,,2026-07-28T05:48:37+00:00,success,0
EY,LHR,KUL,LON,GB,KUL,MY,2027-03-20,2027-03-23,Winter,Economy,0,Eco-1,YBASIC,Economy Basic,0.00 USD,752.18,USD,Ubfly,YBASIC-YBASIC,,Included,Not Included,Unknown,Included,Unknown,Unknown,Unknown,Not Included,Included,Unknown,Unknown,Unknown,Unknown,Unknown,Unknown,Unknown,Yes,5.0,,2026-07-28T05:48:37+00:00,success,0
EY,LHR,KUL,LON,GB,KUL,MY,2027-03-20,2027-03-23,Winter,Economy,1,Eco-2,YVALUE,Economy Basic,+24.58 USD,776.76,USD,Ubfly,YVALUE-YVALUE,,Included,Included,Unknown,Included,Unknown,Unknown,Unknown,Not Included,Paid,Unknown,Unknown,Unknown,Unknown,Unknown,Unknown,Unknown,Yes,35.0,,2026-07-28T05:48:37+00:00,success,0
EY,LHR,KUL,LON,GB,KUL,MY,2027-03-20,2027-03-23,Winter,Economy,2,Eco-3,YCOMFORT,Economy Comfort,+73.95 USD,826.13,USD,Ubfly,YCOMFORT-YCOMFORT,,Included,Included,Included,Included,Unknown,Unknown,Unknown,Paid,Paid,Unknown,Unknown,Unknown,Unknown,Unknown,Unknown,Unknown,Yes,75.0,,2026-07-28T05:48:37+00:00,success,0
EY,LHR,KUL,LON,GB,KUL,MY,2027-03-20,2027-03-23,Winter,Economy,3,Eco-4,YDELUXE,Economy — YDELUXE,+164.70 USD,916.88,USD,Ubfly,YDELUXE-YDELUXE,Change with Penalty; Uninterrupted return (up to the last 12 hours); Priority Access,Included,Included,Included,Included,Unknown,Unknown,Unknown,Included,Included,Unknown,Unknown,Unknown,Unknown,Unknown,Unknown,Unknown,Yes,,,2026-07-28T05:48:37+00:00,success,0
EY,LHR,KUL,LON,GB,KUL,MY,2027-03-20,2027-03-23,Winter,Business,0,Bus-1,JVALUE,Business Basic,0.00 USD,4460.39,USD,Ubfly,JVALUE-JVALUE,Priority Access,Included,Included,Unknown,Included,Unknown,Unknown,Unknown,Not Included,Paid,Unknown,Unknown,Unknown,Unknown,Unknown,Unknown,Unknown,Yes,100.0,,2026-07-28T05:48:37+00:00,success,0
EY,LHR,KUL,LON,GB,KUL,MY,2027-03-20,2027-03-23,Winter,Business,1,Bus-2,JCOMFORT,Business Comfort,+277.55 USD,4737.94,USD,Ubfly,JCOMFORT-JCOMFORT,Priority Access; ETIHAD UAE CHAUFFEUR(F),Included,Included,Included,Included,Included,Unknown,Unknown,Paid,Paid,Unknown,Unknown,Unknown,Unknown,Unknown,Unknown,Unknown,Yes,,,2026-07-28T05:48:37+00:00,success,0
EY,LHR,KUL,LON,GB,KUL,MY,2027-03-20,2027-03-23,Winter,Business,2,Bus-3,JDELUXE,Business — JDELUXE,+765.95 USD,5226.34,USD,Ubfly,JDELUXE-JDELUXE,Change with Penalty; Uninterrupted return (up to the last 12 hours); Priority Access; ETIHAD UAE CHAUFFEUR(F); ETIHAD GLOBAL CHAUFFEUR(F),Included,Included,Included,Included,Included,Unknown,Unknown,Included,Included,Unknown,Unknown,Unknown,Unknown,Unknown,Unknown,Unknown,Yes,,,2026-07-28T05:48:37+00:00,success,0
EK,LHR,KUL,LON,GB,KUL,MY,2026-10-28,2026-10-31,Summer,Economy,0,Eco-1,Economy Saver,Economy Basic,0.00 USD,798.91,USD,Ubfly,YP-0d4c7addfa3b4fd7bd0110ebff659261,Non-exchangeable.; • Hot and cold refreshments; • ICE entertainment; Economy Cabin,Included,Included,Paid,Included,Unknown,Unknown,Unknown,Included,Paid,Unknown,Unknown,Unknown,Included,Unknown,Unknown,Unknown,Yes,1800.0,,2026-07-28T05:48:37+00:00,success,0
EK,LHR,KUL,LON,GB,KUL,MY,2026-10-28,2026-10-31,Summer,Economy,1,Eco-2,Economy Flex,Economy Flex,+116.11 USD,915.02,USD,Ubfly,YS-cab9f8a525eb4a6789bcddb3a2dc00e9,Non-exchangeable.; • Hot and cold refreshments; • ICE entertainment; Economy Cabin,Included,Included,Included,Included,Unknown,Unknown,Unknown,Included,Paid,Unknown,Unknown,Unknown,Included,Unknown,Unknown,Unknown,Yes,4500.0,,2026-07-28T05:48:37+00:00,success,0
EK,LHR,KUL,LON,GB,KUL,MY,2026-10-28,2026-10-31,Summer,Economy,2,Eco-3,Economy Flex Plus,Economy Comfort,+617.85 USD,1416.76,USD,Ubfly,YF-8dafc099aa8441f88324f8557ba1a13a,Non-exchangeable.; • Hot and cold refreshments; • ICE entertainment; Economy Cabin,Included,Included,Included,Included,Unknown,Unknown,Unknown,Included,Included,Unknown,Unknown,Unknown,Included,Unknown,Unknown,Unknown,Yes,6000.0,,2026-07-28T05:48:37+00:00,success,0
EK,LHR,KUL,LON,GB,KUL,MY,2026-10-28,2026-10-31,Summer,Business,0,Bus-1,BSSAVER,Business Basic,0.00 USD,3918.6,USD,Ubfly,BSSAVER-BSSAVER,Premium check-in; Soft drink; In-flight entertainment; Chauffeur Drive; Internet Access,Included,Included,Included,Included,Included,Included,Included,Not Included,Paid,Unknown,Unknown,Unknown,Unknown,Unknown,Unknown,Unknown,Yes,,,2026-07-28T05:48:37+00:00,success,0
EK,LHR,KUL,LON,GB,KUL,MY,2026-10-28,2026-10-31,Summer,Business,1,Bus-2,BSFLEX,Business Flex,"+1,094.23 USD",5012.83,USD,Ubfly,BSFLEX-BSFLEX,Premium check-in; Soft drink; In-flight entertainment; Chauffeur Drive; Internet Access,Included,Included,Included,Included,Included,Included,Included,Paid,Paid,Unknown,Unknown,Unknown,Unknown,Unknown,Unknown,Unknown,Yes,175.0,,2026-07-28T05:48:37+00:00,success,0
EK,LHR,KUL,LON,GB,KUL,MY,2026-10-28,2026-10-31,Summer,Business,2,Bus-3,BSFLXPLUS,Business Comfort,"+2,188.48 USD",6107.08,USD,Ubfly,BSFLXPLUS-BSFLXPLUS,Premium check-in; Soft drink; In-flight entertainment; Chauffeur Drive; Internet Access; Uninterrupted return (up to the last 12 hours); Change with Penalty,Included,Included,Included,Included,Included,Included,Included,Included,Included,Unknown,Unknown,Unknown,Unknown,Unknown,Unknown,Unknown,Yes,190.0,,2026-07-28T05:48:37+00:00,success,0
EK,LHR,KUL,LON,GB,KUL,MY,2026-10-28,2026-10-31,Summer,Premium Economy,0,PEco-1,Premium Economy FlexPlus,Premium Economy Comfort,"+1,020.84 USD",1819.75,USD,Ubfly,WF-39bfe0ce53794954bb6a65ec08587a2c,Non-exchangeable.; • Hot and cold refreshments; • ICE entertainment; • Exclusive Premium Economy Class dining; Premium Economy Cabin,Included,Included,Included,Unknown,Unknown,Unknown,Unknown,Included,Unknown,Unknown,Unknown,Unknown,Included,Unknown,Unknown,Unknown,Yes,6600.0,,2026-07-28T05:48:37+00:00,success,0
EK,LHR,KUL,LON,GB,KUL,MY,2027-03-20,2027-03-23,Winter,Economy,0,Eco-1,Economy Saver,Economy Basic,0.00 USD,825.6,USD,Ubfly,YP-574ce0bf0da64f2bb76f1bb4b0431179,Non-exchangeable.; • Hot and cold refreshments; • ICE entertainment; Economy Cabin,Included,Included,Paid,Included,Unknown,Unknown,Unknown,Included,Paid,Unknown,Unknown,Unknown,Included,Unknown,Unknown,Unknown,Yes,1800.0,,2026-07-28T05:48:37+00:00,success,0
EK,LHR,KUL,LON,GB,KUL,MY,2027-03-20,2027-03-23,Winter,Economy,1,Eco-2,Economy Flex,Economy Flex,+116.11 USD,941.71,USD,Ubfly,YS-cdfec13873a04db49fd11ef8aee9e992,Non-exchangeable.; • Hot and cold refreshments; • ICE entertainment; Economy Cabin,Included,Included,Included,Included,Unknown,Unknown,Unknown,Included,Paid,Unknown,Unknown,Unknown,Included,Unknown,Unknown,Unknown,Yes,4500.0,,2026-07-28T05:48:37+00:00,success,0
EK,LHR,KUL,LON,GB,KUL,MY,2027-03-20,2027-03-23,Winter,Economy,2,Eco-3,Economy Flex Plus,Economy Comfort,+617.85 USD,1443.45,USD,Ubfly,YF-a4f6fbad5e2648f08228757f71698cff,Non-exchangeable.; • Hot and cold refreshments; • ICE entertainment; Economy Cabin,Included,Included,Included,Included,Unknown,Unknown,Unknown,Included,Included,Unknown,Unknown,Unknown,Included,Unknown,Unknown,Unknown,Yes,6000.0,,2026-07-28T05:48:37+00:00,success,0
EK,LHR,KUL,LON,GB,KUL,MY,2027-03-20,2027-03-23,Winter,Business,0,Bus-1,BSSAVER,Business Basic,0.00 USD,3945.29,USD,Ubfly,BSSAVER-BSSAVER,Premium check-in; Soft drink; In-flight entertainment; Chauffeur Drive; Internet Access,Included,Included,Included,Included,Included,Included,Included,Not Included,Paid,Unknown,Unknown,Unknown,Unknown,Unknown,Unknown,Unknown,Yes,,,2026-07-28T05:48:37+00:00,success,0
EK,LHR,KUL,LON,GB,KUL,MY,2027-03-20,2027-03-23,Winter,Business,1,Bus-2,BSFLEX,Business Flex,"+1,094.23 USD",5039.52,USD,Ubfly,BSFLEX-BSFLEX,Premium check-in; Soft drink; In-flight entertainment; Chauffeur Drive; Internet Access,Included,Included,Included,Included,Included,Included,Included,Paid,Paid,Unknown,Unknown,Unknown,Unknown,Unknown,Unknown,Unknown,Yes,175.0,,2026-07-28T05:48:37+00:00,success,0
EK,LHR,KUL,LON,GB,KUL,MY,2027-03-20,2027-03-23,Winter,Business,2,Bus-3,BSFLXPLUS,Business Comfort,"+2,188.48 USD",6133.77,USD,Ubfly,BSFLXPLUS-BSFLXPLUS,Premium check-in; Soft drink; In-flight entertainment; Chauffeur Drive; Internet Access; Uninterrupted return (up to the last 12 hours); Change with Penalty,Included,Included,Included,Included,Included,Included,Included,Included,Included,Unknown,Unknown,Unknown,Unknown,Unknown,Unknown,Unknown,Yes,190.0,,2026-07-28T05:48:37+00:00,success,0
EK,LHR,KUL,LON,GB,KUL,MY,2027-03-20,2027-03-23,Winter,Premium Economy,0,PEco-1,Premium Economy FlexPlus,Premium Economy Comfort,"+1,020.84 USD",1846.44,USD,Ubfly,WF-4c5d29ba6c7a4a66bee6df60eb6e55a8,Non-exchangeable.; • Hot and cold refreshments; • ICE entertainment; • Exclusive Premium Economy Class dining; Premium Economy Cabin,Included,Included,Included,Unknown,Unknown,Unknown,Unknown,Included,Unknown,Unknown,Unknown,Unknown,Included,Unknown,Unknown,Unknown,Yes,6600.0,,2026-07-28T05:48:37+00:00,success,0
KL,AMS,BKK,AMS,NL,BKK,TH,2026-09-26,2026-09-29,Summer,Economy,0,Eco-1,LIGHT,Economy Lite,0.00 USD,1549.07,USD,Ubfly,LIGHT-LIGHT,Snack; Soft drink,Included,Not Included,Unknown,Included,Unknown,Unknown,Unknown,Unknown,Paid,Unknown,Unknown,Unknown,Unknown,Unknown,Unknown,Unknown,Yes,,,2026-07-28T05:48:37+00:00,success,0
KL,AMS,BKK,AMS,NL,BKK,TH,2026-09-26,2026-09-29,Summer,Economy,1,Eco-2,STANDARD,Economy Standard,+79.70 USD,1628.77,USD,Ubfly,STANDARD-STANDARD,Snack; Soft drink,Included,Included,Unknown,Included,Unknown,Unknown,Unknown,Unknown,Paid,Unknown,Unknown,Unknown,Unknown,Unknown,Unknown,Unknown,Yes,,,2026-07-28T05:48:37+00:00,success,0
KL,AMS,BKK,AMS,NL,BKK,TH,2026-09-26,2026-09-29,Summer,Economy,2,Eco-3,FLEX,Economy Flex,+182.17 USD,1731.24,USD,Ubfly,FLEX-FLEX,Snack; Soft drink; Change with Penalty; Uninterrupted return (up to the last 12 hours),Included,Included,Included,Included,Unknown,Unknown,Unknown,Included,Included,Unknown,Unknown,Unknown,Unknown,Unknown,Unknown,Unknown,Yes,,,2026-07-28T05:48:37+00:00,success,0
KL,AMS,BKK,AMS,NL,BKK,TH,2026-09-26,2026-09-29,Summer,Economy,3,Eco-4,PREMLIGHT,Economy Lite,+716.10 USD,2265.17,USD,Ubfly,PREMLIGHT-PREMLIGHT,Snack; Soft drink; Privileged check-in,Included,Included,Unknown,Included,Unknown,Included,Included,Unknown,Unknown,Unknown,Unknown,Unknown,Unknown,Unknown,Unknown,Unknown,Yes,,,2026-07-28T05:48:37+00:00,success,0
KL,AMS,BKK,AMS,NL,BKK,TH,2026-09-26,2026-09-29,Summer,Economy,4,Eco-5,PREMSTAND,Economy — PREMSTAND,+801.49 USD,2350.56,USD,Ubfly,PREMSTAND-PREMSTAND,Snack; Soft drink; Privileged check-in,Included,Included,Unknown,Included,Unknown,Included,Included,Unknown,Unknown,Unknown,Unknown,Unknown,Unknown,Unknown,Unknown,Unknown,Yes,,,2026-07-28T05:48:37+00:00,success,0
KL,AMS,BKK,AMS,NL,BKK,TH,2026-09-26,2026-09-29,Summer,Economy,5,Eco-6,PREMFLEX,Economy Flex,+951.76 USD,2500.83,USD,Ubfly,PREMFLEX-PREMFLEX,Snack; Soft drink; Change with Penalty; Uninterrupted return (up to the last 12 hours); Privileged check-in,Included,Included,Included,Included,Unknown,Included,Included,Unknown,Unknown,Unknown,Unknown,Unknown,Unknown,Unknown,Unknown,Unknown,Yes,,,2026-07-28T05:48:37+00:00,success,0
KL,AMS,BKK,AMS,NL,BKK,TH,2026-09-26,2026-09-29,Summer,Economy,6,Eco-7,ECONOMY FULL FLEX,Economy Flex,"+1,601.83 USD",3150.9,USD,Ubfly,FULLFLEX-FULLFLEX,Snack; Soft drink; Change with Penalty; Uninterrupted return (up to the last 12 hours),Included,Included,Included,Included,Unknown,Unknown,Unknown,Unknown,Unknown,Unknown,Unknown,Unknown,Unknown,Unknown,Unknown,Unknown,Yes,,,2026-07-28T05:48:37+00:00,success,0
KL,AMS,BKK,AMS,NL,BKK,TH,2026-09-26,2026-09-29,Summer,Economy,7,Eco-8,PREMIUM,Economy Premium,"+2,724.34 USD",4273.41,USD,Ubfly,PREMIUM-PREMIUM,Snack; Soft drink; Change with Penalty; Privileged check-in,Included,Included,Included,Included,Unknown,Included,Included,Unknown,Unknown,Unknown,Unknown,Unknown,Unknown,Unknown,Unknown,Unknown,Yes,,,2026-07-28T05:48:37+00:00,success,0
KL,AMS,BKK,AMS,NL,BKK,TH,2026-09-26,2026-09-29,Summer,Business,0,Bus-1,BIZLIGHT,Business Lite,0.00 USD,3583.18,USD,Ubfly,BIZLIGHT-BIZLIGHT,Snack; Soft drink; Privileged check-in,Included,Included,Unknown,Included,Unknown,Included,Included,Unknown,Unknown,Unknown,Unknown,Unknown,Unknown,Unknown,Unknown,Unknown,Yes,,,2026-07-28T05:48:37+00:00,success,0
KL,AMS,BKK,AMS,NL,BKK,TH,2026-09-26,2026-09-29,Summer,Business,1,Bus-2,BUSINESS STANDART,Business — BUSINESS STANDART,+113.84 USD,3697.02,USD,Ubfly,BIZSTAND-BIZSTAND,Snack; Soft drink; Privileged check-in,Included,Included,Unknown,Included,Included,Included,Included,Unknown,Unknown,Unknown,Unknown,Unknown,Unknown,Unknown,Unknown,Unknown,Yes,,,2026-07-28T05:48:37+00:00,success,0
KL,AMS,BKK,AMS,NL,BKK,TH,2026-09-26,2026-09-29,Summer,Business,2,Bus-3,BUSINESS FLEX,Business Flex,+313.08 USD,3896.26,USD,Ubfly,BIZFLEX-BIZFLEX,Snack; Soft drink; Change with Penalty; Uninterrupted return (up to the last 12 hours); Privileged check-in,Included,Included,Included,Included,Included,Included,Included,Included,Included,Unknown,Unknown,Unknown,Unknown,Unknown,Unknown,Unknown,Yes,,,2026-07-28T05:48:37+00:00,success,0
KL,AMS,BKK,AMS,NL,BKK,TH,2026-09-26,2026-09-29,Summer,Business,3,Bus-4,BUSINESS,Business — BUSINESS,"+4,186.12 USD",7769.3,USD,Ubfly,BUSINESS-BUSINESS,Snack; Soft drink; Change with Penalty; Privileged check-in,Included,Included,Included,Included,Included,Included,Included,Unknown,Unknown,Unknown,Unknown,Unknown,Unknown,Unknown,Unknown,Unknown,Yes,,,2026-07-28T05:48:37+00:00,success,0
KL,AMS,BKK,AMS,NL,BKK,TH,2026-11-07,2026-11-10,Winter,Economy,0,Eco-1,LIGHT,Economy Lite,0.00 USD,1549.07,USD,Ubfly,LIGHT-LIGHT,Snack; Soft drink,Included,Not Included,Unknown,Included,Unknown,Unknown,Unknown,Unknown,Paid,Unknown,Unknown,Unknown,Unknown,Unknown,Unknown,Unknown,Yes,,,2026-07-28T05:48:37+00:00,success,0
KL,AMS,BKK,AMS,NL,BKK,TH,2026-11-07,2026-11-10,Winter,Economy,1,Eco-2,STANDARD,Economy Standard,+79.70 USD,1628.77,USD,Ubfly,STANDARD-STANDARD,Snack; Soft drink,Included,Included,Unknown,Included,Unknown,Unknown,Unknown,Unknown,Paid,Unknown,Unknown,Unknown,Unknown,Unknown,Unknown,Unknown,Yes,,,2026-07-28T05:48:37+00:00,success,0
KL,AMS,BKK,AMS,NL,BKK,TH,2026-11-07,2026-11-10,Winter,Economy,2,Eco-3,FLEX,Economy Flex,+182.17 USD,1731.24,USD,Ubfly,FLEX-FLEX,Snack; Soft drink; Change with Penalty; Uninterrupted return (up to the last 12 hours),Included,Included,Included,Included,Unknown,Unknown,Unknown,Included,Included,Unknown,Unknown,Unknown,Unknown,Unknown,Unknown,Unknown,Yes,,,2026-07-28T05:48:37+00:00,success,0
KL,AMS,BKK,AMS,NL,BKK,TH,2026-11-07,2026-11-10,Winter,Economy,3,Eco-4,PREMLIGHT,Economy Lite,+716.10 USD,2265.17,USD,Ubfly,PREMLIGHT-PREMLIGHT,Snack; Soft drink; Privileged check-in,Included,Included,Unknown,Included,Unknown,Included,Included,Unknown,Unknown,Unknown,Unknown,Unknown,Unknown,Unknown,Unknown,Unknown,Yes,,,2026-07-28T05:48:37+00:00,success,0
KL,AMS,BKK,AMS,NL,BKK,TH,2026-11-07,2026-11-10,Winter,Economy,4,Eco-5,PREMSTAND,Economy — PREMSTAND,+801.49 USD,2350.56,USD,Ubfly,PREMSTAND-PREMSTAND,Snack; Soft drink; Privileged check-in,Included,Included,Unknown,Included,Unknown,Included,Included,Unknown,Unknown,Unknown,Unknown,Unknown,Unknown,Unknown,Unknown,Unknown,Yes,,,2026-07-28T05:48:37+00:00,success,0
KL,AMS,BKK,AMS,NL,BKK,TH,2026-11-07,2026-11-10,Winter,Economy,5,Eco-6,PREMFLEX,Economy Flex,+951.76 USD,2500.83,USD,Ubfly,PREMFLEX-PREMFLEX,Snack; Soft drink; Change with Penalty; Uninterrupted return (up to the last 12 hours); Privileged check-in,Included,Included,Included,Included,Unknown,Included,Included,Unknown,Unknown,Unknown,Unknown,Unknown,Unknown,Unknown,Unknown,Unknown,Yes,,,2026-07-28T05:48:37+00:00,success,0
KL,AMS,BKK,AMS,NL,BKK,TH,2026-11-07,2026-11-10,Winter,Economy,6,Eco-7,ECONOMY FULL FLEX,Economy Flex,"+1,601.83 USD",3150.9,USD,Ubfly,FULLFLEX-FULLFLEX,Snack; Soft drink; Change with Penalty; Uninterrupted return (up to the last 12 hours),Included,Included,Included,Included,Unknown,Unknown,Unknown,Unknown,Unknown,Unknown,Unknown,Unknown,Unknown,Unknown,Unknown,Unknown,Yes,,,2026-07-28T05:48:37+00:00,success,0
KL,AMS,BKK,AMS,NL,BKK,TH,2026-11-07,2026-11-10,Winter,Economy,7,Eco-8,PREMIUM,Economy Premium,"+2,724.34 USD",4273.41,USD,Ubfly,PREMIUM-PREMIUM,Snack; Soft drink; Change with Penalty; Privileged check-in,Included,Included,Included,Included,Unknown,Included,Included,Unknown,Unknown,Unknown,Unknown,Unknown,Unknown,Unknown,Unknown,Unknown,Yes,,,2026-07-28T05:48:37+00:00,success,0
KL,AMS,BKK,AMS,NL,BKK,TH,2026-11-07,2026-11-10,Winter,Business,0,Bus-1,BIZLIGHT,Business Lite,0.00 USD,3583.18,USD,Ubfly,BIZLIGHT-BIZLIGHT,Snack; Soft drink; Privileged check-in,Included,Included,Unknown,Included,Unknown,Included,Included,Unknown,Unknown,Unknown,Unknown,Unknown,Unknown,Unknown,Unknown,Unknown,Yes,,,2026-07-28T05:48:37+00:00,success,0
KL,AMS,BKK,AMS,NL,BKK,TH,2026-11-07,2026-11-10,Winter,Business,1,Bus-2,BUSINESS STANDART,Business — BUSINESS STANDART,+113.84 USD,3697.02,USD,Ubfly,BIZSTAND-BIZSTAND,Snack; Soft drink; Privileged check-in,Included,Included,Unknown,Included,Included,Included,Included,Unknown,Unknown,Unknown,Unknown,Unknown,Unknown,Unknown,Unknown,Unknown,Yes,,,2026-07-28T05:48:37+00:00,success,0
KL,AMS,BKK,AMS,NL,BKK,TH,2026-11-07,2026-11-10,Winter,Business,2,Bus-3,BUSINESS FLEX,Business Flex,+313.08 USD,3896.26,USD,Ubfly,BIZFLEX-BIZFLEX,Snack; Soft drink; Change with Penalty; Uninterrupted return (up to the last 12 hours); Privileged check-in,Included,Included,Included,Included,Included,Included,Included,Included,Included,Unknown,Unknown,Unknown,Unknown,Unknown,Unknown,Unknown,Yes,,,2026-07-28T05:48:37+00:00,success,0
KL,AMS,BKK,AMS,NL,BKK,TH,2026-11-07,2026-11-10,Winter,Business,3,Bus-4,BUSINESS,Business — BUSINESS,"+4,186.12 USD",7769.3,USD,Ubfly,BUSINESS-BUSINESS,Snack; Soft drink; Change with Penalty; Privileged check-in,Included,Included,Included,Included,Included,Included,Included,Unknown,Unknown,Unknown,Unknown,Unknown,Unknown,Unknown,Unknown,Unknown,Yes,,,2026-07-28T05:48:37+00:00,success,0
BR,AMS,BKK,AMS,NL,BKK,TH,2026-09-26,2026-09-29,Summer,Economy,0,Eco-1,Economy Basic,Economy Basic,0 USD,656.03,USD,Enuygun,bff_0,entertainment: Uçak İçi Eğlence,Included,Included,Unknown,Included,Unknown,Unknown,Unknown,Paid,Included,Unknown,Unknown,Unknown,Unknown,Unknown,Unknown,Unknown,,,,2026-07-28T05:48:37+00:00,partial,0
BR,AMS,BKK,AMS,NL,BKK,TH,2026-09-26,2026-09-29,Summer,Economy,1,Eco-2,Economy Standard,Economy Standard,+332.53 USD,988.56,USD,Enuygun,bff_1,entertainment: Uçak İçi Eğlence,Included,Included,Unknown,Included,Unknown,Unknown,Unknown,Paid,Included,Unknown,Unknown,Unknown,Unknown,Unknown,Unknown,Unknown,,,,2026-07-28T05:48:37+00:00,partial,0
BR,AMS,BKK,AMS,NL,BKK,TH,2026-09-26,2026-09-29,Summer,Economy,2,Eco-3,Economy Up,Economy — Economy Up,+945.64 USD,1601.67,USD,Enuygun,bff_2,entertainment: Uçak İçi Eğlence,Included,Included,Unknown,Included,Unknown,Unknown,Unknown,Paid,Included,Unknown,Unknown,Unknown,Unknown,Unknown,Unknown,Unknown,,,,2026-07-28T05:48:37+00:00,partial,0
BR,AMS,BKK,AMS,NL,BKK,TH,2026-09-26,2026-09-29,Summer,Business,0,Bus-1,BUSINESS STANDARD,Business Standard,0 USD,3220.79,USD,Enuygun,bff_0,,Unknown,Included,Unknown,Unknown,Unknown,Unknown,Unknown,Paid,Unknown,Unknown,Unknown,Unknown,Unknown,Unknown,Unknown,Unknown,,,,2026-07-28T05:48:37+00:00,partial,0
BR,AMS,BKK,AMS,NL,BKK,TH,2026-09-26,2026-09-29,Summer,Business,1,Bus-2,BUSINESS UP,Business — BUSINESS UP,+2676.55 USD,5897.34,USD,Enuygun,bff_1,,Unknown,Included,Unknown,Unknown,Unknown,Unknown,Unknown,Paid,Unknown,Unknown,Unknown,Unknown,Unknown,Unknown,Unknown,Unknown,,,,2026-07-28T05:48:37+00:00,partial,0
BR,AMS,BKK,AMS,NL,BKK,TH,2026-11-07,2026-11-10,Winter,Economy,0,Eco-1,Economy Basic,Economy Basic,0 USD,873.55,USD,Enuygun,bff_0,entertainment: Uçak İçi Eğlence,Included,Included,Unknown,Included,Unknown,Unknown,Unknown,Paid,Included,Unknown,Unknown,Unknown,Unknown,Unknown,Unknown,Unknown,,,,2026-07-28T05:48:37+00:00,partial,0
BR,AMS,BKK,AMS,NL,BKK,TH,2026-11-07,2026-11-10,Winter,Economy,1,Eco-2,Economy Standard,Economy Standard,+78.69 USD,952.24,USD,Enuygun,bff_1,entertainment: Uçak İçi Eğlence,Included,Included,Unknown,Included,Unknown,Unknown,Unknown,Paid,Included,Unknown,Unknown,Unknown,Unknown,Unknown,Unknown,Unknown,,,,2026-07-28T05:48:37+00:00,partial,0
BR,AMS,BKK,AMS,NL,BKK,TH,2026-11-07,2026-11-10,Winter,Economy,2,Eco-3,Economy Up,Economy — Economy Up,+689.47 USD,1563.02,USD,Enuygun,bff_2,entertainment: Uçak İçi Eğlence,Included,Included,Unknown,Included,Unknown,Unknown,Unknown,Paid,Included,Unknown,Unknown,Unknown,Unknown,Unknown,Unknown,Unknown,,,,2026-07-28T05:48:37+00:00,partial,0
BR,AMS,BKK,AMS,NL,BKK,TH,2026-11-07,2026-11-10,Winter,Business,0,Bus-1,Business Basic,Business Basic,0 USD,2323.57,USD,Enuygun,bff_0,entertainment: Uçak İçi Eğlence,Included,Included,Unknown,Included,Unknown,Unknown,Unknown,Paid,Included,Unknown,Unknown,Unknown,Unknown,Unknown,Unknown,Unknown,,,,2026-07-28T05:48:37+00:00,partial,0
BR,AMS,BKK,AMS,NL,BKK,TH,2026-11-07,2026-11-10,Winter,Business,1,Bus-2,Business Standard,Business Standard,+864.34 USD,3187.91,USD,Enuygun,bff_1,entertainment: Uçak İçi Eğlence,Included,Included,Unknown,Included,Unknown,Unknown,Unknown,Paid,Included,Unknown,Unknown,Unknown,Unknown,Unknown,Unknown,Unknown,,,,2026-07-28T05:48:37+00:00,partial,0
BR,AMS,BKK,AMS,NL,BKK,TH,2026-11-07,2026-11-10,Winter,Business,2,Bus-3,Business Up,Business — Business Up,+3458.6 USD,5782.17,USD,Enuygun,bff_2,entertainment: Uçak İçi Eğlence,Included,Included,Unknown,Included,Unknown,Unknown,Unknown,Paid,Included,Unknown,Unknown,Unknown,Unknown,Unknown,Unknown,Unknown,,,,2026-07-28T05:48:37+00:00,partial,0
EK,AMS,BKK,AMS,NL,BKK,TH,2026-09-26,2026-09-29,Summer,Economy,0,Eco-1,ECOFLEX,Economy Flex,0.00 USD,924.53,USD,Ubfly,ECOFLEX-ECOFLEX,Soft drink; In-flight entertainment,Included,Included,Unknown,Included,Unknown,Unknown,Unknown,Unknown,Unknown,Unknown,Unknown,Unknown,Unknown,Unknown,Unknown,Unknown,Yes,70.0,,2026-07-28T05:48:37+00:00,success,0
EK,AMS,BKK,AMS,NL,BKK,TH,2026-09-26,2026-09-29,Summer,Economy,1,Eco-2,ECOFLXPLUS,Economy Comfort,"+1,049.66 USD",1974.19,USD,Ubfly,ECOFLXPLUS-ECOFLXPLUS,Soft drink; In-flight entertainment; Uninterrupted return (up to the last 12 hours); Change with Penalty,Included,Included,Unknown,Included,Unknown,Unknown,Unknown,Unknown,Unknown,Unknown,Unknown,Unknown,Unknown,Unknown,Unknown,Unknown,Yes,100.0,,2026-07-28T05:48:37+00:00,success,0
EK,AMS,BKK,AMS,NL,BKK,TH,2026-09-26,2026-09-29,Summer,Economy,2,Eco-3,PYFLXPLUS,Economy Comfort,"+1,207.90 USD",2132.43,USD,Ubfly,PYFLXPLUS-PYFLXPLUS,Soft drink; In-flight entertainment; Uninterrupted return (up to the last 12 hours); Change with Penalty,Included,Included,Included,Included,Unknown,Unknown,Unknown,Unknown,Unknown,Unknown,Unknown,Unknown,Unknown,Unknown,Unknown,Unknown,Yes,,,2026-07-28T05:48:37+00:00,success,0
EK,AMS,BKK,AMS,NL,BKK,TH,2026-09-26,2026-09-29,Summer,Business,0,Bus-1,BSFLEX,Business Flex,0.00 USD,2953.26,USD,Ubfly,BSFLEX-BSFLEX,Soft drink; Internet Access; Premium check-in; In-flight entertainment; Chauffeur Drive,Included,Included,Included,Included,Included,Included,Included,Paid,Paid,Unknown,Unknown,Unknown,Unknown,Unknown,Unknown,Unknown,Yes,175.0,,2026-07-28T05:48:37+00:00,success,0
EK,AMS,BKK,AMS,NL,BKK,TH,2026-09-26,2026-09-29,Summer,Business,1,Bus-2,BSFLXPLUS,Business Comfort,+844.75 USD,3798.01,USD,Ubfly,BSFLXPLUS-BSFLXPLUS,Premium check-in; Soft drink; In-flight entertainment; Chauffeur Drive; Internet Access; Uninterrupted return (up to the last 12 hours); Change with Penalty,Included,Included,Included,Included,Included,Included,Included,Included,Included,Unknown,Unknown,Unknown,Unknown,Unknown,Unknown,Unknown,Yes,190.0,,2026-07-28T05:48:37+00:00,success,0
EK,AMS,BKK,AMS,NL,BKK,TH,2026-11-07,2026-11-10,Winter,Economy,0,Eco-1,ECOFLEX,Economy Flex,0.00 USD,924.53,USD,Ubfly,ECOFLEX-ECOFLEX,Soft drink; In-flight entertainment,Included,Included,Unknown,Included,Unknown,Unknown,Unknown,Unknown,Unknown,Unknown,Unknown,Unknown,Unknown,Unknown,Unknown,Unknown,Yes,70.0,,2026-07-28T05:48:37+00:00,success,0
EK,AMS,BKK,AMS,NL,BKK,TH,2026-11-07,2026-11-10,Winter,Economy,1,Eco-2,ECOFLXPLUS,Economy Comfort,"+1,049.66 USD",1974.19,USD,Ubfly,ECOFLXPLUS-ECOFLXPLUS,Soft drink; In-flight entertainment; Uninterrupted return (up to the last 12 hours); Change with Penalty,Included,Included,Unknown,Included,Unknown,Unknown,Unknown,Unknown,Unknown,Unknown,Unknown,Unknown,Unknown,Unknown,Unknown,Unknown,Yes,100.0,,2026-07-28T05:48:37+00:00,success,0
EK,AMS,BKK,AMS,NL,BKK,TH,2026-11-07,2026-11-10,Winter,Economy,2,Eco-3,PYFLXPLUS,Economy Comfort,"+1,207.90 USD",2132.43,USD,Ubfly,PYFLXPLUS-PYFLXPLUS,Soft drink; In-flight entertainment; Uninterrupted return (up to the last 12 hours); Change with Penalty,Included,Included,Included,Included,Unknown,Unknown,Unknown,Unknown,Unknown,Unknown,Unknown,Unknown,Unknown,Unknown,Unknown,Unknown,Yes,,,2026-07-28T05:48:37+00:00,success,0
EK,AMS,BKK,AMS,NL,BKK,TH,2026-11-07,2026-11-10,Winter,Business,0,Bus-1,BSFLEX,Business Flex,0.00 USD,2953.26,USD,Ubfly,BSFLEX-BSFLEX,Soft drink; Internet Access; Premium check-in; In-flight entertainment; Chauffeur Drive,Included,Included,Included,Included,Included,Included,Included,Paid,Paid,Unknown,Unknown,Unknown,Unknown,Unknown,Unknown,Unknown,Yes,175.0,,2026-07-28T05:48:37+00:00,success,0
EK,AMS,BKK,AMS,NL,BKK,TH,2026-11-07,2026-11-10,Winter,Business,1,Bus-2,BSFLXPLUS,Business Comfort,+844.75 USD,3798.01,USD,Ubfly,BSFLXPLUS-BSFLXPLUS,Premium check-in; Soft drink; In-flight entertainment; Chauffeur Drive; Internet Access; Uninterrupted return (up to the last 12 hours); Change with Penalty,Included,Included,Included,Included,Included,Included,Included,Included,Included,Unknown,Unknown,Unknown,Unknown,Unknown,Unknown,Unknown,Yes,190.0,,2026-07-28T05:48:37+00:00,success,0
QR,AMS,BKK,AMS,NL,BKK,TH,2026-09-26,2026-09-29,Summer,Economy,0,Eco-1,ECONOMY CLASSIC,Economy Standard,0 USD,1049.64,USD,Enuygun,bff_0,,Included,Included,Unknown,Included,Unknown,Unknown,Unknown,Paid,Paid,Unknown,Unknown,Unknown,Unknown,Unknown,Unknown,Unknown,Yes,50.0,,2026-07-28T05:48:37+00:00,success,0
QR,AMS,BKK,AMS,NL,BKK,TH,2026-09-26,2026-09-29,Summer,Economy,1,Eco-2,ECONOMY CONVENIENCE,Economy — ECONOMY CONVENIENCE,+56.22 USD,1105.86,USD,Enuygun,bff_1,,Included,Included,Included,Included,Unknown,Unknown,Unknown,Paid,Paid,Unknown,Unknown,Unknown,Unknown,Unknown,Unknown,Unknown,Yes,75.0,,2026-07-28T05:48:37+00:00,success,0
QR,AMS,BKK,AMS,NL,BKK,TH,2026-09-26,2026-09-29,Summer,Economy,2,Eco-3,ECONOMY COMFORT,Economy Comfort,+543.32 USD,1592.97,USD,Enuygun,bff_2,,Included,Included,Included,Included,Unknown,Unknown,Unknown,Paid,Paid,Unknown,Unknown,Unknown,Unknown,Unknown,Unknown,Unknown,Yes,100.0,,2026-07-28T05:48:37+00:00,success,0
QR,AMS,BKK,AMS,NL,BKK,TH,2026-09-26,2026-09-29,Summer,Business,0,Bus-1,BUSINESS COMFORT,Business Comfort,0.00 USD,2967.28,USD,Ubfly,BCOMFORT-BCOMFORT,175 PCT QMILES ACCUMULATION(F),Included,Included,Included,Included,Included,Unknown,Unknown,Paid,Paid,Unknown,Unknown,Unknown,Unknown,Unknown,Unknown,Unknown,,,,2026-07-28T05:48:37+00:00,success,0
QR,AMS,BKK,AMS,NL,BKK,TH,2026-09-26,2026-09-29,Summer,Business,1,Bus-2,BUSINESS ELITE,Business Lite,+676.26 USD,3643.54,USD,Ubfly,BELITE-BELITE,200 PCT QMILES ACCUMULATION(F); Uninterrupted return (up to the last 12 hours); Change with Penalty,Included,Included,Included,Included,Included,Unknown,Unknown,Included,Included,Unknown,Unknown,Unknown,Unknown,Unknown,Unknown,Unknown,,,,2026-07-28T05:48:37+00:00,success,0
QR,AMS,BKK,AMS,NL,BKK,TH,2026-11-07,2026-11-10,Winter,Economy,0,Eco-1,ECONOMY CLASSIC,Economy Standard,0 USD,1049.64,USD,Enuygun,bff_0,,Included,Included,Unknown,Included,Unknown,Unknown,Unknown,Paid,Paid,Unknown,Unknown,Unknown,Unknown,Unknown,Unknown,Unknown,Yes,50.0,,2026-07-28T05:48:37+00:00,success,0
QR,AMS,BKK,AMS,NL,BKK,TH,2026-11-07,2026-11-10,Winter,Economy,1,Eco-2,ECONOMY CONVENIENCE,Economy — ECONOMY CONVENIENCE,+56.22 USD,1105.86,USD,Enuygun,bff_1,,Included,Included,Included,Included,Unknown,Unknown,Unknown,Paid,Paid,Unknown,Unknown,Unknown,Unknown,Unknown,Unknown,Unknown,Yes,75.0,,2026-07-28T05:48:37+00:00,success,0
QR,AMS,BKK,AMS,NL,BKK,TH,2026-11-07,2026-11-10,Winter,Economy,2,Eco-3,ECONOMY COMFORT,Economy Comfort,+543.32 USD,1592.97,USD,Enuygun,bff_2,,Included,Included,Included,Included,Unknown,Unknown,Unknown,Paid,Paid,Unknown,Unknown,Unknown,Unknown,Unknown,Unknown,Unknown,Yes,100.0,,2026-07-28T05:48:37+00:00,success,0
QR,AMS,BKK,AMS,NL,BKK,TH,2026-11-07,2026-11-10,Winter,Business,0,Bus-1,BUSINESS COMFORT,Business Comfort,0 USD,3290.72,USD,Enuygun,bff_0,,Included,Included,Included,Included,Included,Unknown,Unknown,Paid,Paid,Unknown,Unknown,Unknown,Unknown,Unknown,Unknown,Unknown,,,,2026-07-28T05:48:37+00:00,success,0
QR,AMS,BKK,AMS,NL,BKK,TH,2026-11-07,2026-11-10,Winter,Business,1,Bus-2,BUSINESS ELITE,Business Lite,+741.92 USD,4032.65,USD,Enuygun,bff_1,,Included,Included,Included,Included,Included,Unknown,Unknown,Paid,Paid,Unknown,Unknown,Unknown,Unknown,Unknown,Unknown,Unknown,,,,2026-07-28T05:48:37+00:00,success,0
SQ,SIN,LHR,SIN,SG,LON,GB,2027-05-03,2027-05-06,Summer,Economy,0,Eco-1,ECOCMFT,Economy — ECOCMFT,0.00 USD,696.42,USD,Ubfly,ECOCMFT-ECOCMFT,In-flight entertainment; 1 personal item,Included,Included,Unknown,Included,Unknown,Unknown,Unknown,Unknown,Unknown,Unknown,Unknown,Unknown,Unknown,Unknown,Unknown,Unknown,Yes,,,2026-07-28T05:48:37+00:00,success,0
SQ,SIN,LHR,SIN,SG,LON,GB,2027-05-03,2027-05-06,Summer,Economy,1,Eco-2,ECOCMFTPLS,Economy — ECOCMFTPLS,+56.66 USD,753.08,USD,Ubfly,ECOCMFTPLS-ECOCMFTPLS,1 personal item; In-flight entertainment,Included,Included,Unknown,Included,Unknown,Unknown,Unknown,Unknown,Unknown,Unknown,Unknown,Unknown,Unknown,Unknown,Unknown,Unknown,Yes,,,2026-07-28T05:48:37+00:00,success,0
SQ,SIN,LHR,SIN,SG,LON,GB,2027-05-03,2027-05-06,Summer,Economy,2,Eco-3,ECOFLEX,Economy Flex,+121.86 USD,818.28,USD,Ubfly,ECOFLEX-ECOFLEX,1 personal item; In-flight entertainment,Included,Included,Included,Included,Unknown,Unknown,Unknown,Unknown,Unknown,Unknown,Unknown,Unknown,Unknown,Unknown,Unknown,Unknown,Yes,,,2026-07-28T05:48:37+00:00,success,0
SQ,SIN,LHR,SIN,SG,LON,GB,2027-05-03,2027-05-06,Summer,Economy,3,Eco-4,PRECMFT,Economy — PRECMFT,"+1,097.42 USD",1793.84,USD,Ubfly,PRECMFT-PRECMFT,1 personal item; In-flight entertainment,Included,Included,Unknown,Included,Unknown,Unknown,Unknown,Unknown,Unknown,Unknown,Unknown,Unknown,Unknown,Unknown,Unknown,Unknown,Yes,,,2026-07-28T05:48:37+00:00,success,0
SQ,SIN,LHR,SIN,SG,LON,GB,2027-05-03,2027-05-06,Summer,Economy,4,Eco-5,PRECMFTPLS,Economy — PRECMFTPLS,"+1,195.22 USD",1891.64,USD,Ubfly,PRECMFTPLS-PRECMFTPLS,1 personal item; In-flight entertainment,Included,Included,Unknown,Included,Unknown,Unknown,Unknown,Unknown,Unknown,Unknown,Unknown,Unknown,Unknown,Unknown,Unknown,Unknown,Yes,,,2026-07-28T05:48:37+00:00,success,0
SQ,SIN,LHR,SIN,SG,LON,GB,2027-05-03,2027-05-06,Summer,Economy,5,Eco-6,PREFLEX,Economy Flex,"+1,330.25 USD",2026.67,USD,Ubfly,PREFLEX-PREFLEX,1 personal item; In-flight entertainment,Included,Included,Included,Included,Unknown,Unknown,Unknown,Unknown,Unknown,Unknown,Unknown,Unknown,Unknown,Unknown,Unknown,Unknown,Yes,,,2026-07-28T05:48:37+00:00,success,0
SQ,SIN,LHR,SIN,SG,LON,GB,2027-05-03,2027-05-06,Summer,Business,0,Bus-1,BUSCMFT,Business — BUSCMFT,0.00 USD,4120.9,USD,Ubfly,BUSCMFT-BUSCMFT,Snack; Privileged check-in; In-flight entertainment; 1 personal item; Journal & Newspaper,Included,Included,Included,Included,Included,Included,Included,Unknown,Unknown,Unknown,Unknown,Unknown,Unknown,Unknown,Unknown,Unknown,Yes,,,2026-07-28T05:48:37+00:00,success,0
SQ,SIN,LHR,SIN,SG,LON,GB,2027-05-03,2027-05-06,Summer,Business,1,Bus-2,BUSCMFTPLS,Business — BUSCMFTPLS,+183.15 USD,4304.05,USD,Ubfly,BUSCMFTPLS-BUSCMFTPLS,1 personal item; Snack; Journal & Newspaper; Privileged check-in; In-flight entertainment,Included,Included,Included,Included,Included,Included,Included,Unknown,Unknown,Unknown,Unknown,Unknown,Unknown,Unknown,Unknown,Unknown,Yes,,,2026-07-28T05:48:37+00:00,success,0
SQ,SIN,LHR,SIN,SG,LON,GB,2027-05-03,2027-05-06,Summer,Business,2,Bus-3,BUSINESS FLEXIBLE,Business Flex,+458.67 USD,4579.57,USD,Ubfly,BUSFLEX-BUSFLEX,1 personal item; Business class seat with private partition; Snack; Journal & Newspaper; Privileged check-in; In-flight entertainment,Included,Included,Included,Included,Included,Included,Included,Unknown,Unknown,Unknown,Unknown,Unknown,Unknown,Unknown,Unknown,Unknown,Yes,,,2026-07-28T05:48:37+00:00,success,0
SQ,SIN,LHR,SIN,SG,LON,GB,2027-02-12,2027-02-15,Winter,Economy,0,Eco-1,ECOCMFT,Economy — ECOCMFT,0.00 USD,871.17,USD,Ubfly,ECOCMFT-ECOCMFT,In-flight entertainment; 1 personal item,Included,Included,Unknown,Included,Unknown,Unknown,Unknown,Unknown,Unknown,Unknown,Unknown,Unknown,Unknown,Unknown,Unknown,Unknown,Yes,,,2026-07-28T05:48:37+00:00,success,0
SQ,SIN,LHR,SIN,SG,LON,GB,2027-02-12,2027-02-15,Winter,Economy,1,Eco-2,ECOCMFTPLS,Economy — ECOCMFTPLS,+55.87 USD,927.04,USD,Ubfly,ECOCMFTPLS-ECOCMFTPLS,1 personal item; In-flight entertainment,Included,Included,Unknown,Included,Unknown,Unknown,Unknown,Unknown,Unknown,Unknown,Unknown,Unknown,Unknown,Unknown,Unknown,Unknown,Yes,,,2026-07-28T05:48:37+00:00,success,0
SQ,SIN,LHR,SIN,SG,LON,GB,2027-02-12,2027-02-15,Winter,Economy,2,Eco-3,ECOFLEX,Economy Flex,+121.08 USD,992.25,USD,Ubfly,ECOFLEX-ECOFLEX,1 personal item; In-flight entertainment,Included,Included,Included,Included,Unknown,Unknown,Unknown,Unknown,Unknown,Unknown,Unknown,Unknown,Unknown,Unknown,Unknown,Unknown,Yes,,,2026-07-28T05:48:37+00:00,success,0
SQ,SIN,LHR,SIN,SG,LON,GB,2027-02-12,2027-02-15,Winter,Economy,3,Eco-4,PRECMFT,Economy — PRECMFT,+935.98 USD,1807.15,USD,Ubfly,PRECMFT-PRECMFT,1 personal item; In-flight entertainment,Included,Included,Unknown,Included,Unknown,Unknown,Unknown,Unknown,Unknown,Unknown,Unknown,Unknown,Unknown,Unknown,Unknown,Unknown,Yes,,,2026-07-28T05:48:37+00:00,success,0
SQ,SIN,LHR,SIN,SG,LON,GB,2027-02-12,2027-02-15,Winter,Economy,4,Eco-5,PRECMFTPLS,Economy — PRECMFTPLS,"+1,033.78 USD",1904.95,USD,Ubfly,PRECMFTPLS-PRECMFTPLS,1 personal item; In-flight entertainment,Included,Included,Unknown,Included,Unknown,Unknown,Unknown,Unknown,Unknown,Unknown,Unknown,Unknown,Unknown,Unknown,Unknown,Unknown,Yes,,,2026-07-28T05:48:37+00:00,success,0
SQ,SIN,LHR,SIN,SG,LON,GB,2027-02-12,2027-02-15,Winter,Economy,5,Eco-6,PREFLEX,Economy Flex,"+1,168.81 USD",2039.98,USD,Ubfly,PREFLEX-PREFLEX,1 personal item; In-flight entertainment,Included,Included,Included,Included,Unknown,Unknown,Unknown,Unknown,Unknown,Unknown,Unknown,Unknown,Unknown,Unknown,Unknown,Unknown,Yes,,,2026-07-28T05:48:37+00:00,success,0
SQ,SIN,LHR,SIN,SG,LON,GB,2027-02-12,2027-02-15,Winter,Business,0,Bus-1,BUSCMFT,Business — BUSCMFT,0.00 USD,6559.86,USD,Ubfly,BUSCMFT-BUSCMFT,Snack; Privileged check-in; In-flight entertainment; 1 personal item; Journal & Newspaper,Included,Included,Included,Included,Included,Included,Included,Unknown,Unknown,Unknown,Unknown,Unknown,Unknown,Unknown,Unknown,Unknown,Yes,,,2026-07-28T05:48:37+00:00,success,0
SQ,SIN,LHR,SIN,SG,LON,GB,2027-02-12,2027-02-15,Winter,Business,1,Bus-2,BUSCMFTPLS,Business — BUSCMFTPLS,+194.82 USD,6754.68,USD,Ubfly,BUSCMFTPLS-BUSCMFTPLS,1 personal item; Snack; Journal & Newspaper; Privileged check-in; In-flight entertainment,Included,Included,Included,Included,Included,Included,Included,Unknown,Unknown,Unknown,Unknown,Unknown,Unknown,Unknown,Unknown,Unknown,Yes,,,2026-07-28T05:48:37+00:00,success,0
SQ,SIN,LHR,SIN,SG,LON,GB,2027-02-12,2027-02-15,Winter,Business,2,Bus-3,BUSINESS FLEXIBLE,Business Flex,+488.17 USD,7048.03,USD,Ubfly,BUSFLEX-BUSFLEX,1 personal item; Business class seat with private partition; Snack; Journal & Newspaper; Privileged check-in; In-flight entertainment,Included,Included,Included,Included,Included,Included,Included,Unknown,Unknown,Unknown,Unknown,Unknown,Unknown,Unknown,Unknown,Unknown,Yes,,,2026-07-28T05:48:37+00:00,success,0
BA,SIN,LHR,SIN,SG,LON,GB,2027-05-03,2027-05-06,Summer,Economy,0,Eco-1,BASIC,Economy Basic,0.00 USD,875.89,USD,Ubfly,NOBAG,Personal Item: 40 x 30 x 15 cm,Included,Not Included,Unknown,Included,Unknown,Unknown,Unknown,Unknown,Unknown,Unknown,Unknown,Unknown,Unknown,Unknown,Unknown,Unknown,,,,2026-07-28T05:48:37+00:00,partial,0
BA,SIN,LHR,SIN,SG,LON,GB,2027-05-03,2027-05-06,Summer,Economy,1,Eco-2,ECONOMY BASIC,Economy Basic,+36.77 USD,912.66,USD,Ubfly,BAG,Personal Item: 40 x 30 x 15 cm; 1 Piece Luggage (23 Kg),Included,Included,Unknown,Included,Unknown,Unknown,Unknown,Unknown,Unknown,Unknown,Unknown,Unknown,Unknown,Unknown,Unknown,Unknown,,,,2026-07-28T05:48:37+00:00,partial,0
BA,SIN,LHR,SIN,SG,LON,GB,2027-05-03,2027-05-06,Summer,Economy,2,Eco-3,PLUS SELECT,Economy Comfort,+165.31 USD,1041.2,USD,Ubfly,ECONSEL,Personal Item: 40 x 30 x 15 cm; 1 Piece Luggage (23 Kg); Change without penalty before flight,Included,Included,Unknown,Included,Unknown,Unknown,Unknown,Unknown,Included,Unknown,Unknown,Unknown,Unknown,Unknown,Unknown,Unknown,,,,2026-07-28T05:48:37+00:00,partial,0
BA,SIN,LHR,SIN,SG,LON,GB,2027-05-03,2027-05-06,Summer,Economy,3,Eco-4,ECONPRO,Economy — ECONPRO,+231.28 USD,1107.17,USD,Ubfly,ECONPRO,Personal Item: 40 x 30 x 15 cm; 1 Piece Luggage (23 Kg); Change without penalty before flight,Included,Included,Included,Included,Unknown,Unknown,Unknown,Included,Included,Unknown,Unknown,Unknown,Unknown,Unknown,Unknown,Unknown,,,,2026-07-28T05:48:37+00:00,partial,0
BA,SIN,LHR,SIN,SG,LON,GB,2027-05-03,2027-05-06,Summer,Economy,4,Eco-5,PLUS FLEX,Economy Comfort,"+1,754.00 USD",2629.89,USD,Ubfly,ECONFLEX,Personal Item: 40 x 30 x 15 cm; 1 Piece Luggage (23 Kg); Change without penalty before flight,Included,Included,Included,Included,Unknown,Unknown,Unknown,Included,Included,Unknown,Unknown,Unknown,Unknown,Unknown,Unknown,Unknown,,,,2026-07-28T05:48:37+00:00,partial,0
BA,SIN,LHR,SIN,SG,LON,GB,2027-05-03,2027-05-06,Summer,Business,0,Bus-1,Business,Business — Business,0 USD,4912.04,USD,Enuygun,bff_0,priority_check_in: Öncelikli Check-in,Included,Included,Unknown,Included,Included,Unknown,Included,Not Included,Paid,Unknown,Unknown,Unknown,Unknown,Unknown,Unknown,Unknown,,,,2026-07-28T05:48:37+00:00,partial,0
BA,SIN,LHR,SIN,SG,LON,GB,2027-05-03,2027-05-06,Summer,Business,1,Bus-2,Business Select,Business — Business Select,+510.91 USD,5422.95,USD,Enuygun,bff_1,priority_check_in: Öncelikli Check-in,Included,Included,Included,Included,Included,Unknown,Included,Not Included,Included,Unknown,Unknown,Unknown,Unknown,Unknown,Unknown,Unknown,,,,2026-07-28T05:48:37+00:00,partial,0
BA,SIN,LHR,SIN,SG,LON,GB,2027-05-03,2027-05-06,Summer,Business,2,Bus-3,Business Select Pro,Business — Business Select Pro,+800.41 USD,5712.46,USD,Enuygun,bff_2,priority_check_in: Öncelikli Check-in,Included,Included,Included,Included,Included,Unknown,Included,Not Included,Included,Unknown,Unknown,Unknown,Unknown,Unknown,Unknown,Unknown,,,,2026-07-28T05:48:37+00:00,partial,0
BA,SIN,LHR,SIN,SG,LON,GB,2027-05-03,2027-05-06,Summer,Business,3,Bus-4,Business Fully Flex,Business Flex,+5878.72 USD,10790.76,USD,Enuygun,bff_3,priority_check_in: Öncelikli Check-in,Included,Included,Included,Included,Included,Unknown,Included,Included,Included,Unknown,Unknown,Unknown,Unknown,Unknown,Unknown,Unknown,,,,2026-07-28T05:48:37+00:00,partial,0
BA,SIN,LHR,SIN,SG,LON,GB,2027-05-03,2027-05-06,Summer,Premium Economy,0,PEco-1,PREMECON,Premium Economy — PREMECON,"+1,731.90 USD",2607.79,USD,Ubfly,PREMECON,Personal Item: 40 x 30 x 15 cm,Included,Included,Unknown,Included,Unknown,Unknown,Unknown,Unknown,Unknown,Unknown,Unknown,Unknown,Unknown,Unknown,Unknown,Unknown,,,,2026-07-28T05:48:37+00:00,partial,0
BA,SIN,LHR,SIN,SG,LON,GB,2027-05-03,2027-05-06,Summer,Premium Economy,1,PEco-2,PESEL,Premium Economy — PESEL,"+1,863.84 USD",2739.73,USD,Ubfly,PESEL,Personal Item: 40 x 30 x 15 cm; Change without penalty before flight,Included,Included,Unknown,Included,Unknown,Unknown,Unknown,Unknown,Included,Unknown,Unknown,Unknown,Unknown,Unknown,Unknown,Unknown,,,,2026-07-28T05:48:37+00:00,partial,0
BA,SIN,LHR,SIN,SG,LON,GB,2027-05-03,2027-05-06,Summer,Premium Economy,2,PEco-3,PEPRO,Premium Economy — PEPRO,"+1,964.75 USD",2840.64,USD,Ubfly,PEPRO,Personal Item: 40 x 30 x 15 cm; Change without penalty before flight,Included,Included,Included,Included,Unknown,Unknown,Unknown,Included,Included,Unknown,Unknown,Unknown,Unknown,Unknown,Unknown,Unknown,,,,2026-07-28T05:48:37+00:00,partial,0
BA,SIN,LHR,SIN,SG,LON,GB,2027-05-03,2027-05-06,Summer,Premium Economy,3,PEco-4,PEFLEX,Premium Economy Flex,"+3,227.47 USD",4103.36,USD,Ubfly,PEFLEX,Personal Item: 40 x 30 x 15 cm; Change without penalty before flight,Included,Included,Included,Included,Unknown,Unknown,Unknown,Included,Included,Unknown,Unknown,Unknown,Unknown,Unknown,Unknown,Unknown,,,,2026-07-28T05:48:37+00:00,partial,0
BA,SIN,LHR,SIN,SG,LON,GB,2027-02-12,2027-02-15,Winter,Economy,0,Eco-1,BASIC,Economy Basic,0.00 USD,872.01,USD,Ubfly,NOBAG,Personal Item: 40 x 30 x 15 cm,Included,Not Included,Unknown,Included,Unknown,Unknown,Unknown,Unknown,Unknown,Unknown,Unknown,Unknown,Unknown,Unknown,Unknown,Unknown,,,,2026-07-28T05:48:37+00:00,partial,0
BA,SIN,LHR,SIN,SG,LON,GB,2027-02-12,2027-02-15,Winter,Economy,1,Eco-2,ECONOMY BASIC,Economy Basic,+36.77 USD,908.78,USD,Ubfly,BAG,Personal Item: 40 x 30 x 15 cm; 1 Piece Luggage (23 Kg),Included,Included,Unknown,Included,Unknown,Unknown,Unknown,Unknown,Unknown,Unknown,Unknown,Unknown,Unknown,Unknown,Unknown,Unknown,,,,2026-07-28T05:48:37+00:00,partial,0
BA,SIN,LHR,SIN,SG,LON,GB,2027-02-12,2027-02-15,Winter,Economy,2,Eco-3,PLUS SELECT,Economy Comfort,+165.31 USD,1037.32,USD,Ubfly,ECONSEL,Personal Item: 40 x 30 x 15 cm; 1 Piece Luggage (23 Kg); Change without penalty before flight,Included,Included,Unknown,Included,Unknown,Unknown,Unknown,Unknown,Included,Unknown,Unknown,Unknown,Unknown,Unknown,Unknown,Unknown,,,,2026-07-28T05:48:37+00:00,partial,0
BA,SIN,LHR,SIN,SG,LON,GB,2027-02-12,2027-02-15,Winter,Economy,3,Eco-4,ECONPRO,Economy — ECONPRO,+231.28 USD,1103.29,USD,Ubfly,ECONPRO,Personal Item: 40 x 30 x 15 cm; 1 Piece Luggage (23 Kg); Change without penalty before flight,Included,Included,Included,Included,Unknown,Unknown,Unknown,Included,Included,Unknown,Unknown,Unknown,Unknown,Unknown,Unknown,Unknown,,,,2026-07-28T05:48:37+00:00,partial,0
BA,SIN,LHR,SIN,SG,LON,GB,2027-02-12,2027-02-15,Winter,Economy,4,Eco-5,PLUS FLEX,Economy Comfort,"+1,754.00 USD",2626.01,USD,Ubfly,ECONFLEX,Personal Item: 40 x 30 x 15 cm; 1 Piece Luggage (23 Kg); Change without penalty before flight,Included,Included,Included,Included,Unknown,Unknown,Unknown,Included,Included,Unknown,Unknown,Unknown,Unknown,Unknown,Unknown,Unknown,,,,2026-07-28T05:48:37+00:00,partial,0
BA,SIN,LHR,SIN,SG,LON,GB,2027-02-12,2027-02-15,Winter,Business,0,Bus-1,BUSINESS,Business — BUSINESS,0.00 USD,6345.29,USD,Ubfly,BUSINESS,Personal Item: 40 x 30 x 15 cm; Dedicated check-in area,Included,Included,Unknown,Included,Included,Unknown,Included,Not Included,Paid,Unknown,Unknown,Unknown,Unknown,Unknown,Unknown,Unknown,,,,2026-07-28T05:48:37+00:00,partial,0
BA,SIN,LHR,SIN,SG,LON,GB,2027-02-12,2027-02-15,Winter,Business,1,Bus-2,BUSINESS PLUS SELECT,Business Comfort,+465.67 USD,6810.96,USD,Ubfly,BIZSEL,Personal Item: 40 x 30 x 15 cm; Dedicated check-in area; Change without penalty before flight,Included,Included,Included,Included,Included,Unknown,Included,Not Included,Included,Unknown,Unknown,Unknown,Unknown,Unknown,Unknown,Unknown,,,,2026-07-28T05:48:37+00:00,partial,0
BA,SIN,LHR,SIN,SG,LON,GB,2027-02-12,2027-02-15,Winter,Business,2,Bus-3,BIZPRO,Business — BIZPRO,+729.55 USD,7074.84,USD,Ubfly,BIZPRO,Personal Item: 40 x 30 x 15 cm; Dedicated check-in area; Change without penalty before flight,Included,Included,Included,Included,Included,Unknown,Included,Included,Included,Unknown,Unknown,Unknown,Unknown,Unknown,Unknown,Unknown,,,,2026-07-28T05:48:37+00:00,partial,0
BA,SIN,LHR,SIN,SG,LON,GB,2027-02-12,2027-02-15,Winter,Business,3,Bus-4,BUSINESS FLEX,Business Flex,"+3,950.40 USD",10295.69,USD,Ubfly,BIZFLEX,Personal Item: 40 x 30 x 15 cm; Dedicated check-in area; Change without penalty before flight,Included,Included,Included,Included,Included,Unknown,Included,Included,Included,Unknown,Unknown,Unknown,Unknown,Unknown,Unknown,Unknown,,,,2026-07-28T05:48:37+00:00,partial,0
BA,SIN,LHR,SIN,SG,LON,GB,2027-02-12,2027-02-15,Winter,Premium Economy,0,PEco-1,PREMECON,Premium Economy — PREMECON,"+1,731.90 USD",2603.91,USD,Ubfly,PREMECON,Personal Item: 40 x 30 x 15 cm,Included,Included,Unknown,Included,Unknown,Unknown,Unknown,Unknown,Unknown,Unknown,Unknown,Unknown,Unknown,Unknown,Unknown,Unknown,,,,2026-07-28T05:48:37+00:00,partial,0
BA,SIN,LHR,SIN,SG,LON,GB,2027-02-12,2027-02-15,Winter,Premium Economy,1,PEco-2,PESEL,Premium Economy — PESEL,"+1,863.84 USD",2735.85,USD,Ubfly,PESEL,Personal Item: 40 x 30 x 15 cm; Change without penalty before flight,Included,Included,Unknown,Included,Unknown,Unknown,Unknown,Unknown,Included,Unknown,Unknown,Unknown,Unknown,Unknown,Unknown,Unknown,,,,2026-07-28T05:48:37+00:00,partial,0
BA,SIN,LHR,SIN,SG,LON,GB,2027-02-12,2027-02-15,Winter,Premium Economy,2,PEco-3,PEPRO,Premium Economy — PEPRO,"+1,964.75 USD",2836.76,USD,Ubfly,PEPRO,Personal Item: 40 x 30 x 15 cm; Change without penalty before flight,Included,Included,Included,Included,Unknown,Unknown,Unknown,Included,Included,Unknown,Unknown,Unknown,Unknown,Unknown,Unknown,Unknown,,,,2026-07-28T05:48:37+00:00,partial,0
BA,SIN,LHR,SIN,SG,LON,GB,2027-02-12,2027-02-15,Winter,Premium Economy,3,PEco-4,PEFLEX,Premium Economy Flex,"+3,227.47 USD",4099.48,USD,Ubfly,PEFLEX,Personal Item: 40 x 30 x 15 cm; Change without penalty before flight,Included,Included,Included,Included,Unknown,Unknown,Unknown,Included,Included,Unknown,Unknown,Unknown,Unknown,Unknown,Unknown,Unknown,,,,2026-07-28T05:48:37+00:00,partial,0
QF,SIN,LHR,SIN,SG,LON,GB,2027-05-03,2027-05-06,Summer,Economy,0,Eco-1,Economy Saver,Economy Basic,0 USD,918.6,USD,Enuygun,bff_0,entertainment: Uçak İçi Eğlence,Included,Included,Unknown,Included,Unknown,Unknown,Unknown,Paid,Paid,Unknown,Unknown,Unknown,Unknown,Unknown,Unknown,Unknown,,,,2026-07-28T05:48:37+00:00,partial,0
QF,SIN,LHR,SIN,SG,LON,GB,2027-05-03,2027-05-06,Summer,Economy,1,Eco-2,Economy Flex,Economy Flex,+930.33 USD,1848.93,USD,Enuygun,bff_1,entertainment: Uçak İçi Eğlence,Included,Included,Unknown,Included,Unknown,Unknown,Unknown,Included,Included,Unknown,Unknown,Unknown,Unknown,Unknown,Unknown,Unknown,,,,2026-07-28T05:48:37+00:00,partial,0
QF,SIN,LHR,SIN,SG,LON,GB,2027-05-03,2027-05-06,Summer,Business,0,Bus-1,Business Saver,Business Basic,0 USD,5642.01,USD,Enuygun,bff_0,priority_check_in: Öncelikli Check-in; entertainment: Uçak İçi Eğlence,Included,Included,Unknown,Included,Included,Unknown,Unknown,Paid,Paid,Unknown,Unknown,Unknown,Unknown,Unknown,Unknown,Unknown,,,,2026-07-28T05:48:37+00:00,partial,0
QF,SIN,LHR,SIN,SG,LON,GB,2027-05-03,2027-05-06,Summer,Business,1,Bus-2,Business Flex,Business Flex,+1408.71 USD,7050.72,USD,Enuygun,bff_1,priority_check_in: Öncelikli Check-in; entertainment: Uçak İçi Eğlence,Included,Included,Unknown,Included,Included,Unknown,Unknown,Included,Included,Unknown,Unknown,Unknown,Unknown,Unknown,Unknown,Unknown,,,,2026-07-28T05:48:37+00:00,partial,0
QF,SIN,LHR,SIN,SG,LON,GB,2027-02-12,2027-02-15,Winter,Economy,0,Eco-1,Economy Saver,Economy Basic,0 USD,914.72,USD,Enuygun,bff_0,entertainment: Uçak İçi Eğlence,Included,Included,Unknown,Included,Unknown,Unknown,Unknown,Paid,Paid,Unknown,Unknown,Unknown,Unknown,Unknown,Unknown,Unknown,,,,2026-07-28T05:48:37+00:00,partial,0
QF,SIN,LHR,SIN,SG,LON,GB,2027-02-12,2027-02-15,Winter,Economy,1,Eco-2,Economy Flex,Economy Flex,+930.33 USD,1845.05,USD,Enuygun,bff_1,entertainment: Uçak İçi Eğlence,Included,Included,Unknown,Included,Unknown,Unknown,Unknown,Included,Included,Unknown,Unknown,Unknown,Unknown,Unknown,Unknown,Unknown,,,,2026-07-28T05:48:37+00:00,partial,0
QF,SIN,LHR,SIN,SG,LON,GB,2027-02-12,2027-02-15,Winter,Business,0,Bus-1,Business Saver,Business Basic,0 USD,5638.13,USD,Enuygun,bff_0,priority_check_in: Öncelikli Check-in; entertainment: Uçak İçi Eğlence,Included,Included,Unknown,Included,Included,Unknown,Unknown,Paid,Paid,Unknown,Unknown,Unknown,Unknown,Unknown,Unknown,Unknown,,,,2026-07-28T05:48:37+00:00,partial,0
QF,SIN,LHR,SIN,SG,LON,GB,2027-02-12,2027-02-15,Winter,Business,1,Bus-2,Business Flex,Business Flex,+1408.71 USD,7046.84,USD,Enuygun,bff_1,priority_check_in: Öncelikli Check-in; entertainment: Uçak İçi Eğlence,Included,Included,Unknown,Included,Included,Unknown,Unknown,Included,Included,Unknown,Unknown,Unknown,Unknown,Unknown,Unknown,Unknown,,,,2026-07-28T05:48:37+00:00,partial,0
QR,SIN,LHR,SIN,SG,LON,GB,2027-05-03,2027-05-06,Summer,Economy,0,Eco-1,Economy Classic,Economy Standard,0 USD,513.21,USD,Enuygun,bff_0,,Included,Included,Unknown,Included,Unknown,Unknown,Unknown,Paid,Paid,Unknown,Unknown,Unknown,Unknown,Unknown,Unknown,Unknown,Yes,50.0,,2026-07-28T05:48:37+00:00,success,0
QR,SIN,LHR,SIN,SG,LON,GB,2027-05-03,2027-05-06,Summer,Economy,1,Eco-2,Economy Convenience,Economy — Economy Convenience,+313.6 USD,826.81,USD,Enuygun,bff_1,,Included,Included,Included,Included,Unknown,Unknown,Unknown,Paid,Paid,Unknown,Unknown,Unknown,Unknown,Unknown,Unknown,Unknown,Yes,75.0,,2026-07-28T05:48:37+00:00,success,0
QR,SIN,LHR,SIN,SG,LON,GB,2027-05-03,2027-05-06,Summer,Economy,2,Eco-3,Economy Comfort,Economy Comfort,+849.08 USD,1362.28,USD,Enuygun,bff_2,,Included,Included,Included,Included,Unknown,Unknown,Unknown,Included,Included,Unknown,Unknown,Unknown,Unknown,Unknown,Unknown,Unknown,Yes,100.0,,2026-07-28T05:48:37+00:00,success,0
QR,SIN,LHR,SIN,SG,LON,GB,2027-05-03,2027-05-06,Summer,Business,0,Bus-1,BLITE,Business Lite,0.00 USD,2182.66,USD,Ubfly,BLITE-BLITE,,Included,Included,Unknown,Included,Unknown,Unknown,Unknown,Paid,Paid,Unknown,Unknown,Unknown,Unknown,Unknown,Unknown,Unknown,Yes,75.0,,2026-07-28T05:48:37+00:00,success,0
QR,SIN,LHR,SIN,SG,LON,GB,2027-05-03,2027-05-06,Summer,Business,1,Bus-2,BCLASSIC,Business Standard,+426.86 USD,2609.52,USD,Ubfly,BCLASSIC-BCLASSIC,125 PCT QMILES ACCUMULATION(F),Included,Included,Unknown,Included,Included,Unknown,Unknown,Paid,Paid,Unknown,Unknown,Unknown,Unknown,Unknown,Unknown,Unknown,,,,2026-07-28T05:48:37+00:00,success,0
QR,SIN,LHR,SIN,SG,LON,GB,2027-05-03,2027-05-06,Summer,Business,2,Bus-3,BUSINESS COMFORT,Business Comfort,"+1,075.69 USD",3258.35,USD,Ubfly,BCOMFORT-BCOMFORT,175 PCT QMILES ACCUMULATION(F),Included,Included,Included,Included,Included,Unknown,Unknown,Paid,Paid,Unknown,Unknown,Unknown,Unknown,Unknown,Unknown,Unknown,,,,2026-07-28T05:48:37+00:00,success,0
QR,SIN,LHR,SIN,SG,LON,GB,2027-05-03,2027-05-06,Summer,Business,3,Bus-4,BUSINESS ELITE,Business Lite,"+2,163.78 USD",4346.44,USD,Ubfly,BELITE-BELITE,200 PCT QMILES ACCUMULATION(F); Uninterrupted return (up to the last 12 hours); Change with Penalty,Included,Included,Included,Included,Included,Unknown,Unknown,Included,Included,Unknown,Unknown,Unknown,Unknown,Unknown,Unknown,Unknown,,,,2026-07-28T05:48:37+00:00,success,0
QR,SIN,LHR,SIN,SG,LON,GB,2027-02-12,2027-02-15,Winter,Economy,0,Eco-1,ECONOMY CLASSIC,Economy Standard,0.00 USD,510.54,USD,Ubfly,ECLASSIC-ECLASSIC,,Included,Included,Unknown,Included,Unknown,Unknown,Unknown,Paid,Paid,Unknown,Unknown,Unknown,Unknown,Unknown,Unknown,Unknown,Yes,50.0,,2026-07-28T05:48:37+00:00,success,0
QR,SIN,LHR,SIN,SG,LON,GB,2027-02-12,2027-02-15,Winter,Economy,1,Eco-2,ECONOMY CONVENIENCE,Economy — ECONOMY CONVENIENCE,+169.51 USD,680.05,USD,Ubfly,ECONVENIEN-ECONVENIEN,,Included,Included,Included,Included,Unknown,Unknown,Unknown,Paid,Paid,Unknown,Unknown,Unknown,Unknown,Unknown,Unknown,Unknown,Yes,75.0,,2026-07-28T05:48:37+00:00,success,0
QR,SIN,LHR,SIN,SG,LON,GB,2027-02-12,2027-02-15,Winter,Economy,2,Eco-3,ECONOMY COMFORT,Economy Comfort,+658.14 USD,1168.68,USD,Ubfly,ECOMFORT-ECOMFORT,Uninterrupted return (up to the last 12 hours); Change with Penalty,Included,Included,Included,Included,Unknown,Unknown,Unknown,Included,Included,Unknown,Unknown,Unknown,Unknown,Unknown,Unknown,Unknown,Yes,100.0,,2026-07-28T05:48:37+00:00,success,0
QR,SIN,LHR,SIN,SG,LON,GB,2027-02-12,2027-02-15,Winter,Business,0,Bus-1,BLITE,Business Lite,0.00 USD,2271.41,USD,Ubfly,BLITE-BLITE,,Included,Included,Unknown,Included,Unknown,Unknown,Unknown,Paid,Paid,Unknown,Unknown,Unknown,Unknown,Unknown,Unknown,Unknown,Yes,75.0,,2026-07-28T05:48:37+00:00,success,0
QR,SIN,LHR,SIN,SG,LON,GB,2027-02-12,2027-02-15,Winter,Business,1,Bus-2,BCLASSIC,Business Standard,+426.86 USD,2698.27,USD,Ubfly,BCLASSIC-BCLASSIC,125 PCT QMILES ACCUMULATION(F),Included,Included,Unknown,Included,Included,Unknown,Unknown,Paid,Paid,Unknown,Unknown,Unknown,Unknown,Unknown,Unknown,Unknown,,,,2026-07-28T05:48:37+00:00,success,0
QR,SIN,LHR,SIN,SG,LON,GB,2027-02-12,2027-02-15,Winter,Business,2,Bus-3,BUSINESS COMFORT,Business Comfort,"+1,136.22 USD",3407.63,USD,Ubfly,BCOMFORT-BCOMFORT,175 PCT QMILES ACCUMULATION(F),Included,Included,Included,Included,Included,Unknown,Unknown,Paid,Paid,Unknown,Unknown,Unknown,Unknown,Unknown,Unknown,Unknown,,,,2026-07-28T05:48:37+00:00,success,0
QR,SIN,LHR,SIN,SG,LON,GB,2027-02-12,2027-02-15,Winter,Business,3,Bus-4,BUSINESS ELITE,Business Lite,"+2,224.33 USD",4495.74,USD,Ubfly,BELITE-BELITE,200 PCT QMILES ACCUMULATION(F); Uninterrupted return (up to the last 12 hours); Change with Penalty,Included,Included,Included,Included,Included,Unknown,Unknown,Included,Included,Unknown,Unknown,Unknown,Unknown,Unknown,Unknown,Unknown,,,,2026-07-28T05:48:37+00:00,success,0
MH,KUL,LHR,KUL,MY,LON,GB,2026-09-08,2026-09-11,Summer,Economy,0,Eco-1,ECONOMY BASIC,Economy Basic,0.00 USD,732.77,USD,Ubfly,BAG-BAG,Personal Item: 40 x 30 x 15 cm; 1 Piece Luggage (23 Kg),Included,Included,Unknown,Included,Unknown,Unknown,Unknown,Paid,Paid,Unknown,Unknown,Unknown,Unknown,Unknown,Unknown,Unknown,,,,2026-07-28T05:48:37+00:00,partial,0
MH,KUL,LHR,KUL,MY,LON,GB,2026-09-08,2026-09-11,Summer,Economy,1,Eco-2,PLUS SELECT,Economy Comfort,+125.14 USD,857.91,USD,Ubfly,ECONSEL-ECONSEL,Personal Item: 40 x 30 x 15 cm; 1 Piece Luggage (23 Kg); Change without penalty before flight,Included,Included,Unknown,Included,Unknown,Unknown,Unknown,Unknown,Included,Unknown,Unknown,Unknown,Unknown,Unknown,Unknown,Unknown,,,,2026-07-28T05:48:37+00:00,partial,0
MH,KUL,LHR,KUL,MY,LON,GB,2026-09-08,2026-09-11,Summer,Economy,2,Eco-3,ECONPRO,Economy — ECONPRO,+190.00 USD,922.77,USD,Ubfly,ECONPRO-ECONPRO,Personal Item: 40 x 30 x 15 cm; 1 Piece Luggage (23 Kg); Change without penalty before flight,Included,Included,Included,Included,Unknown,Unknown,Unknown,Included,Included,Unknown,Unknown,Unknown,Unknown,Unknown,Unknown,Unknown,,,,2026-07-28T05:48:37+00:00,partial,0
MH,KUL,LHR,KUL,MY,LON,GB,2026-09-08,2026-09-11,Summer,Economy,3,Eco-4,PLUS FLEX,Economy Comfort,"+1,824.79 USD",2557.56,USD,Ubfly,ECONFLEX-ECONFLEX,Personal Item: 40 x 30 x 15 cm; 1 Piece Luggage (23 Kg); Change without penalty before flight,Included,Included,Included,Included,Unknown,Unknown,Unknown,Included,Included,Unknown,Unknown,Unknown,Unknown,Unknown,Unknown,Unknown,,,,2026-07-28T05:48:37+00:00,partial,0
MH,KUL,LHR,KUL,MY,LON,GB,2026-09-08,2026-09-11,Summer,Premium Economy,0,PEco-1,PREMECON,Premium Economy — PREMECON,"+1,044.93 USD",1777.7,USD,Ubfly,PREMECON-PREMECON,Personal Item: 40 x 30 x 15 cm,Included,Included,Unknown,Included,Unknown,Unknown,Unknown,Unknown,Unknown,Unknown,Unknown,Unknown,Unknown,Unknown,Unknown,Unknown,,,,2026-07-28T05:48:37+00:00,partial,0
MH,KUL,LHR,KUL,MY,LON,GB,2026-09-08,2026-09-11,Summer,Premium Economy,1,PEco-2,PESEL,Premium Economy — PESEL,"+1,173.46 USD",1906.23,USD,Ubfly,PESEL-PESEL,Personal Item: 40 x 30 x 15 cm; Change without penalty before flight,Included,Included,Unknown,Included,Unknown,Unknown,Unknown,Unknown,Included,Unknown,Unknown,Unknown,Unknown,Unknown,Unknown,Unknown,,,,2026-07-28T05:48:37+00:00,partial,0
MH,KUL,LHR,KUL,MY,LON,GB,2026-09-08,2026-09-11,Summer,Premium Economy,2,PEco-3,PEPRO,Premium Economy — PEPRO,"+1,271.39 USD",2004.16,USD,Ubfly,PEPRO-PEPRO,Personal Item: 40 x 30 x 15 cm; Change without penalty before flight,Included,Included,Included,Included,Unknown,Unknown,Unknown,Included,Included,Unknown,Unknown,Unknown,Unknown,Unknown,Unknown,Unknown,,,,2026-07-28T05:48:37+00:00,partial,0
MH,KUL,LHR,KUL,MY,LON,GB,2026-09-08,2026-09-11,Summer,Premium Economy,3,PEco-4,PEFLEX,Premium Economy Flex,"+2,299.94 USD",3032.71,USD,Ubfly,PEFLEX-PEFLEX,Personal Item: 40 x 30 x 15 cm; Change without penalty before flight,Included,Included,Included,Included,Unknown,Unknown,Unknown,Included,Included,Unknown,Unknown,Unknown,Unknown,Unknown,Unknown,Unknown,,,,2026-07-28T05:48:37+00:00,partial,0
MH,KUL,LHR,KUL,MY,LON,GB,2026-09-08,2026-09-11,Summer,Business,0,Bus-1,BUSINESS,Business — BUSINESS,0.00 USD,6079.78,USD,Ubfly,BUSINESS-BUSINESS,Personal Item: 40 x 30 x 15 cm; Dedicated check-in area,Included,Included,Unknown,Included,Included,Unknown,Included,Unknown,Unknown,Unknown,Unknown,Unknown,Unknown,Unknown,Unknown,Unknown,,,,2026-07-28T05:48:37+00:00,partial,0
MH,KUL,LHR,KUL,MY,LON,GB,2026-09-08,2026-09-11,Summer,Business,1,Bus-2,BUSINESS PLUS SELECT,Business Comfort,+451.73 USD,6531.51,USD,Ubfly,BIZSEL-BIZSEL,Personal Item: 40 x 30 x 15 cm; Dedicated check-in area; Change without penalty before flight,Included,Included,Included,Included,Included,Unknown,Included,Unknown,Included,Unknown,Unknown,Unknown,Unknown,Unknown,Unknown,Unknown,,,,2026-07-28T05:48:37+00:00,partial,0
MH,KUL,LHR,KUL,MY,LON,GB,2026-09-08,2026-09-11,Summer,Business,2,Bus-3,BIZPRO,Business — BIZPRO,+710.02 USD,6789.8,USD,Ubfly,BIZPRO-BIZPRO,Personal Item: 40 x 30 x 15 cm; Dedicated check-in area; Change without penalty before flight,Included,Included,Included,Included,Included,Unknown,Included,Included,Included,Unknown,Unknown,Unknown,Unknown,Unknown,Unknown,Unknown,,,,2026-07-28T05:48:37+00:00,partial,0
MH,KUL,LHR,KUL,MY,LON,GB,2026-09-08,2026-09-11,Summer,Business,3,Bus-4,BUSINESS FLEX,Business Flex,"+1,655.33 USD",7735.11,USD,Ubfly,BIZFLEX-BIZFLEX,Personal Item: 40 x 30 x 15 cm; Dedicated check-in area; Change without penalty before flight,Included,Included,Included,Included,Included,Unknown,Included,Included,Included,Unknown,Unknown,Unknown,Unknown,Unknown,Unknown,Unknown,,,,2026-07-28T05:48:37+00:00,partial,0
MH,KUL,LHR,KUL,MY,LON,GB,2026-11-28,2026-12-01,Winter,Economy,0,Eco-1,ECONOMY BASIC,Economy Basic,0.00 USD,732.77,USD,Ubfly,BAG-BAG,Personal Item: 40 x 30 x 15 cm; 1 Piece Luggage (23 Kg),Included,Included,Unknown,Included,Unknown,Unknown,Unknown,Paid,Paid,Unknown,Unknown,Unknown,Unknown,Unknown,Unknown,Unknown,,,,2026-07-28T05:48:37+00:00,partial,0
MH,KUL,LHR,KUL,MY,LON,GB,2026-11-28,2026-12-01,Winter,Economy,1,Eco-2,PLUS SELECT,Economy Comfort,+125.14 USD,857.91,USD,Ubfly,ECONSEL-ECONSEL,Personal Item: 40 x 30 x 15 cm; 1 Piece Luggage (23 Kg); Change without penalty before flight,Included,Included,Unknown,Included,Unknown,Unknown,Unknown,Unknown,Included,Unknown,Unknown,Unknown,Unknown,Unknown,Unknown,Unknown,,,,2026-07-28T05:48:37+00:00,partial,0
MH,KUL,LHR,KUL,MY,LON,GB,2026-11-28,2026-12-01,Winter,Economy,2,Eco-3,ECONPRO,Economy — ECONPRO,+190.00 USD,922.77,USD,Ubfly,ECONPRO-ECONPRO,Personal Item: 40 x 30 x 15 cm; 1 Piece Luggage (23 Kg); Change without penalty before flight,Included,Included,Included,Included,Unknown,Unknown,Unknown,Included,Included,Unknown,Unknown,Unknown,Unknown,Unknown,Unknown,Unknown,,,,2026-07-28T05:48:37+00:00,partial,0
MH,KUL,LHR,KUL,MY,LON,GB,2026-11-28,2026-12-01,Winter,Economy,3,Eco-4,PLUS FLEX,Economy Comfort,"+1,824.79 USD",2557.56,USD,Ubfly,ECONFLEX-ECONFLEX,Personal Item: 40 x 30 x 15 cm; 1 Piece Luggage (23 Kg); Change without penalty before flight,Included,Included,Included,Included,Unknown,Unknown,Unknown,Included,Included,Unknown,Unknown,Unknown,Unknown,Unknown,Unknown,Unknown,,,,2026-07-28T05:48:37+00:00,partial,0
MH,KUL,LHR,KUL,MY,LON,GB,2026-11-28,2026-12-01,Winter,Business,0,Bus-1,BUSINESS,Business — BUSINESS,0.00 USD,4578.13,USD,Ubfly,BUSINESS-BUSINESS,Personal Item: 40 x 30 x 15 cm; Dedicated check-in area,Included,Included,Unknown,Included,Included,Unknown,Included,Unknown,Unknown,Unknown,Unknown,Unknown,Unknown,Unknown,Unknown,Unknown,,,,2026-07-28T05:48:37+00:00,partial,0
MH,KUL,LHR,KUL,MY,LON,GB,2026-11-28,2026-12-01,Winter,Business,1,Bus-2,BUSINESS PLUS SELECT,Business Comfort,+451.73 USD,5029.86,USD,Ubfly,BIZSEL-BIZSEL,Personal Item: 40 x 30 x 15 cm; Dedicated check-in area; Change without penalty before flight,Included,Included,Included,Included,Included,Unknown,Included,Unknown,Included,Unknown,Unknown,Unknown,Unknown,Unknown,Unknown,Unknown,,,,2026-07-28T05:48:37+00:00,partial,0
MH,KUL,LHR,KUL,MY,LON,GB,2026-11-28,2026-12-01,Winter,Business,2,Bus-3,BIZPRO,Business — BIZPRO,+710.02 USD,5288.15,USD,Ubfly,BIZPRO-BIZPRO,Personal Item: 40 x 30 x 15 cm; Dedicated check-in area; Change without penalty before flight,Included,Included,Included,Included,Included,Unknown,Included,Included,Included,Unknown,Unknown,Unknown,Unknown,Unknown,Unknown,Unknown,,,,2026-07-28T05:48:37+00:00,partial,0
MH,KUL,LHR,KUL,MY,LON,GB,2026-11-28,2026-12-01,Winter,Business,3,Bus-4,BUSINESS FLEX,Business Flex,"+3,127.53 USD",7705.66,USD,Ubfly,BIZFLEX-BIZFLEX,Personal Item: 40 x 30 x 15 cm; Dedicated check-in area; Change without penalty before flight,Included,Included,Included,Included,Included,Unknown,Included,Included,Included,Unknown,Unknown,Unknown,Unknown,Unknown,Unknown,Unknown,,,,2026-07-28T05:48:37+00:00,partial,0
MH,KUL,LHR,KUL,MY,LON,GB,2026-11-28,2026-12-01,Winter,Premium Economy,0,PEco-1,PREMECON,Premium Economy — PREMECON,"+1,044.93 USD",1777.7,USD,Ubfly,PREMECON-PREMECON,Personal Item: 40 x 30 x 15 cm,Included,Included,Unknown,Included,Unknown,Unknown,Unknown,Unknown,Unknown,Unknown,Unknown,Unknown,Unknown,Unknown,Unknown,Unknown,,,,2026-07-28T05:48:37+00:00,partial,0
MH,KUL,LHR,KUL,MY,LON,GB,2026-11-28,2026-12-01,Winter,Premium Economy,1,PEco-2,PESEL,Premium Economy — PESEL,"+1,173.46 USD",1906.23,USD,Ubfly,PESEL-PESEL,Personal Item: 40 x 30 x 15 cm; Change without penalty before flight,Included,Included,Unknown,Included,Unknown,Unknown,Unknown,Unknown,Included,Unknown,Unknown,Unknown,Unknown,Unknown,Unknown,Unknown,,,,2026-07-28T05:48:37+00:00,partial,0
MH,KUL,LHR,KUL,MY,LON,GB,2026-11-28,2026-12-01,Winter,Premium Economy,2,PEco-3,PEPRO,Premium Economy — PEPRO,"+1,271.39 USD",2004.16,USD,Ubfly,PEPRO-PEPRO,Personal Item: 40 x 30 x 15 cm; Change without penalty before flight,Included,Included,Included,Included,Unknown,Unknown,Unknown,Included,Included,Unknown,Unknown,Unknown,Unknown,Unknown,Unknown,Unknown,,,,2026-07-28T05:48:37+00:00,partial,0
MH,KUL,LHR,KUL,MY,LON,GB,2026-11-28,2026-12-01,Winter,Premium Economy,3,PEco-4,PEFLEX,Premium Economy Flex,"+2,299.94 USD",3032.71,USD,Ubfly,PEFLEX-PEFLEX,Personal Item: 40 x 30 x 15 cm; Change without penalty before flight,Included,Included,Included,Included,Unknown,Unknown,Unknown,Included,Included,Unknown,Unknown,Unknown,Unknown,Unknown,Unknown,Unknown,,,,2026-07-28T05:48:37+00:00,partial,0
BA,KUL,LHR,KUL,MY,LON,GB,2026-09-08,2026-09-11,Summer,Economy,0,Eco-1,BASIC,Economy Basic,0.00 USD,681.0,USD,Ubfly,NOBAG,Personal Item: 40 x 30 x 15 cm,Included,Not Included,Unknown,Included,Unknown,Unknown,Unknown,Unknown,Unknown,Unknown,Unknown,Unknown,Unknown,Unknown,Unknown,Unknown,,,,2026-07-28T05:48:37+00:00,partial,0
BA,KUL,LHR,KUL,MY,LON,GB,2026-09-08,2026-09-11,Summer,Economy,1,Eco-2,ECONOMY BASIC,Economy Basic,+40.14 USD,721.14,USD,Ubfly,BAG,Personal Item: 40 x 30 x 15 cm; 1 Piece Luggage (23 Kg),Included,Included,Unknown,Included,Unknown,Unknown,Unknown,Unknown,Unknown,Unknown,Unknown,Unknown,Unknown,Unknown,Unknown,Unknown,,,,2026-07-28T05:48:37+00:00,partial,0
BA,KUL,LHR,KUL,MY,LON,GB,2026-09-08,2026-09-11,Summer,Economy,2,Eco-3,PLUS SELECT,Economy Comfort,+165.27 USD,846.27,USD,Ubfly,ECONSEL,Personal Item: 40 x 30 x 15 cm; 1 Piece Luggage (23 Kg); Change without penalty before flight,Included,Included,Unknown,Included,Unknown,Unknown,Unknown,Unknown,Included,Unknown,Unknown,Unknown,Unknown,Unknown,Unknown,Unknown,,,,2026-07-28T05:48:37+00:00,partial,0
BA,KUL,LHR,KUL,MY,LON,GB,2026-09-08,2026-09-11,Summer,Economy,3,Eco-4,ECONPRO,Economy — ECONPRO,+230.14 USD,911.14,USD,Ubfly,ECONPRO,Personal Item: 40 x 30 x 15 cm; 1 Piece Luggage (23 Kg); Change without penalty before flight,Included,Included,Included,Included,Unknown,Unknown,Unknown,Included,Included,Unknown,Unknown,Unknown,Unknown,Unknown,Unknown,Unknown,,,,2026-07-28T05:48:37+00:00,partial,0
BA,KUL,LHR,KUL,MY,LON,GB,2026-09-08,2026-09-11,Summer,Economy,4,Eco-5,PLUS FLEX,Economy Comfort,"+1,864.92 USD",2545.92,USD,Ubfly,ECONFLEX,Personal Item: 40 x 30 x 15 cm; 1 Piece Luggage (23 Kg); Change without penalty before flight,Included,Included,Included,Included,Unknown,Unknown,Unknown,Included,Included,Unknown,Unknown,Unknown,Unknown,Unknown,Unknown,Unknown,,,,2026-07-28T05:48:37+00:00,partial,0
BA,KUL,LHR,KUL,MY,LON,GB,2026-09-08,2026-09-11,Summer,Business,0,Bus-1,Business,Business — Business,0 USD,6222.0,USD,Enuygun,bff_0,priority_check_in: Öncelikli Check-in,Included,Included,Unknown,Included,Included,Unknown,Included,Not Included,Paid,Unknown,Unknown,Unknown,Unknown,Unknown,Unknown,Unknown,,,,2026-07-28T05:48:37+00:00,partial,0
BA,KUL,LHR,KUL,MY,LON,GB,2026-09-08,2026-09-11,Summer,Business,1,Bus-2,Business Select,Business — Business Select,+495.61 USD,6717.61,USD,Enuygun,bff_1,priority_check_in: Öncelikli Check-in,Included,Included,Included,Included,Included,Unknown,Included,Not Included,Included,Unknown,Unknown,Unknown,Unknown,Unknown,Unknown,Unknown,,,,2026-07-28T05:48:37+00:00,partial,0
BA,KUL,LHR,KUL,MY,LON,GB,2026-09-08,2026-09-11,Summer,Business,2,Bus-3,Business Select Pro,Business — Business Select Pro,+778.98 USD,7000.98,USD,Enuygun,bff_2,priority_check_in: Öncelikli Check-in,Included,Included,Included,Included,Included,Unknown,Included,Not Included,Included,Unknown,Unknown,Unknown,Unknown,Unknown,Unknown,Unknown,,,,2026-07-28T05:48:37+00:00,partial,0
BA,KUL,LHR,KUL,MY,LON,GB,2026-09-08,2026-09-11,Summer,Business,3,Bus-4,Business Fully Flex,Business Flex,+1816.12 USD,8038.13,USD,Enuygun,bff_3,priority_check_in: Öncelikli Check-in,Included,Included,Included,Included,Included,Unknown,Included,Included,Included,Unknown,Unknown,Unknown,Unknown,Unknown,Unknown,Unknown,,,,2026-07-28T05:48:37+00:00,partial,0
BA,KUL,LHR,KUL,MY,LON,GB,2026-09-08,2026-09-11,Summer,Premium Economy,0,PEco-1,PREMECON,Premium Economy — PREMECON,+851.96 USD,1532.96,USD,Ubfly,PREMECON,Personal Item: 40 x 30 x 15 cm,Included,Included,Unknown,Included,Unknown,Unknown,Unknown,Unknown,Unknown,Unknown,Unknown,Unknown,Unknown,Unknown,Unknown,Unknown,,,,2026-07-28T05:48:37+00:00,partial,0
BA,KUL,LHR,KUL,MY,LON,GB,2026-09-08,2026-09-11,Summer,Premium Economy,1,PEco-2,PESEL,Premium Economy — PESEL,+980.51 USD,1661.51,USD,Ubfly,PESEL,Personal Item: 40 x 30 x 15 cm; Change without penalty before flight,Included,Included,Unknown,Included,Unknown,Unknown,Unknown,Unknown,Included,Unknown,Unknown,Unknown,Unknown,Unknown,Unknown,Unknown,,,,2026-07-28T05:48:37+00:00,partial,0
BA,KUL,LHR,KUL,MY,LON,GB,2026-09-08,2026-09-11,Summer,Premium Economy,2,PEco-3,PEPRO,Premium Economy — PEPRO,"+1,078.44 USD",1759.44,USD,Ubfly,PEPRO,Personal Item: 40 x 30 x 15 cm; Change without penalty before flight,Included,Included,Included,Included,Unknown,Unknown,Unknown,Included,Included,Unknown,Unknown,Unknown,Unknown,Unknown,Unknown,Unknown,,,,2026-07-28T05:48:37+00:00,partial,0
BA,KUL,LHR,KUL,MY,LON,GB,2026-09-08,2026-09-11,Summer,Premium Economy,3,PEco-4,PEFLEX,Premium Economy Flex,"+2,340.08 USD",3021.08,USD,Ubfly,PEFLEX,Personal Item: 40 x 30 x 15 cm; Change without penalty before flight,Included,Included,Included,Included,Unknown,Unknown,Unknown,Included,Included,Unknown,Unknown,Unknown,Unknown,Unknown,Unknown,Unknown,,,,2026-07-28T05:48:37+00:00,partial,0
BA,KUL,LHR,KUL,MY,LON,GB,2026-11-28,2026-12-01,Winter,Economy,0,Eco-1,BASIC,Economy Basic,0.00 USD,681.0,USD,Ubfly,NOBAG,Personal Item: 40 x 30 x 15 cm,Included,Not Included,Unknown,Included,Unknown,Unknown,Unknown,Unknown,Unknown,Unknown,Unknown,Unknown,Unknown,Unknown,Unknown,Unknown,,,,2026-07-28T05:48:37+00:00,partial,0
BA,KUL,LHR,KUL,MY,LON,GB,2026-11-28,2026-12-01,Winter,Economy,1,Eco-2,ECONOMY BASIC,Economy Basic,+40.14 USD,721.14,USD,Ubfly,BAG,Personal Item: 40 x 30 x 15 cm; 1 Piece Luggage (23 Kg),Included,Included,Unknown,Included,Unknown,Unknown,Unknown,Unknown,Unknown,Unknown,Unknown,Unknown,Unknown,Unknown,Unknown,Unknown,,,,2026-07-28T05:48:37+00:00,partial,0
BA,KUL,LHR,KUL,MY,LON,GB,2026-11-28,2026-12-01,Winter,Economy,2,Eco-3,PLUS SELECT,Economy Comfort,+165.27 USD,846.27,USD,Ubfly,ECONSEL,Personal Item: 40 x 30 x 15 cm; 1 Piece Luggage (23 Kg); Change without penalty before flight,Included,Included,Unknown,Included,Unknown,Unknown,Unknown,Unknown,Included,Unknown,Unknown,Unknown,Unknown,Unknown,Unknown,Unknown,,,,2026-07-28T05:48:37+00:00,partial,0
BA,KUL,LHR,KUL,MY,LON,GB,2026-11-28,2026-12-01,Winter,Economy,3,Eco-4,ECONPRO,Economy — ECONPRO,+230.14 USD,911.14,USD,Ubfly,ECONPRO,Personal Item: 40 x 30 x 15 cm; 1 Piece Luggage (23 Kg); Change without penalty before flight,Included,Included,Included,Included,Unknown,Unknown,Unknown,Included,Included,Unknown,Unknown,Unknown,Unknown,Unknown,Unknown,Unknown,,,,2026-07-28T05:48:37+00:00,partial,0
BA,KUL,LHR,KUL,MY,LON,GB,2026-11-28,2026-12-01,Winter,Economy,4,Eco-5,PLUS FLEX,Economy Comfort,"+1,864.92 USD",2545.92,USD,Ubfly,ECONFLEX,Personal Item: 40 x 30 x 15 cm; 1 Piece Luggage (23 Kg); Change without penalty before flight,Included,Included,Included,Included,Unknown,Unknown,Unknown,Included,Included,Unknown,Unknown,Unknown,Unknown,Unknown,Unknown,Unknown,,,,2026-07-28T05:48:37+00:00,partial,0
BA,KUL,LHR,KUL,MY,LON,GB,2026-11-28,2026-12-01,Winter,Business,0,Bus-1,Business,Business — Business,0 USD,4753.64,USD,Enuygun,bff_0,priority_check_in: Öncelikli Check-in,Included,Included,Unknown,Included,Included,Unknown,Included,Not Included,Paid,Unknown,Unknown,Unknown,Unknown,Unknown,Unknown,Unknown,,,,2026-07-28T05:48:37+00:00,partial,0
BA,KUL,LHR,KUL,MY,LON,GB,2026-11-28,2026-12-01,Winter,Business,1,Bus-2,Business Select,Business — Business Select,+495.61 USD,5249.25,USD,Enuygun,bff_1,priority_check_in: Öncelikli Check-in,Included,Included,Included,Included,Included,Unknown,Included,Not Included,Included,Unknown,Unknown,Unknown,Unknown,Unknown,Unknown,Unknown,,,,2026-07-28T05:48:37+00:00,partial,0
BA,KUL,LHR,KUL,MY,LON,GB,2026-11-28,2026-12-01,Winter,Business,2,Bus-3,Business Select Pro,Business — Business Select Pro,+778.98 USD,5532.62,USD,Enuygun,bff_2,priority_check_in: Öncelikli Check-in,Included,Included,Included,Included,Included,Unknown,Included,Not Included,Included,Unknown,Unknown,Unknown,Unknown,Unknown,Unknown,Unknown,,,,2026-07-28T05:48:37+00:00,partial,0
BA,KUL,LHR,KUL,MY,LON,GB,2026-11-28,2026-12-01,Winter,Business,3,Bus-4,Business Fully Flex,Business Flex,+3431.32 USD,8184.96,USD,Enuygun,bff_3,priority_check_in: Öncelikli Check-in,Included,Included,Included,Included,Included,Unknown,Included,Included,Included,Unknown,Unknown,Unknown,Unknown,Unknown,Unknown,Unknown,,,,2026-07-28T05:48:37+00:00,partial,0
BA,KUL,LHR,KUL,MY,LON,GB,2026-11-28,2026-12-01,Winter,Premium Economy,0,PEco-1,PREMECON,Premium Economy — PREMECON,+851.96 USD,1532.96,USD,Ubfly,PREMECON,Personal Item: 40 x 30 x 15 cm,Included,Included,Unknown,Included,Unknown,Unknown,Unknown,Unknown,Unknown,Unknown,Unknown,Unknown,Unknown,Unknown,Unknown,Unknown,,,,2026-07-28T05:48:37+00:00,partial,0
BA,KUL,LHR,KUL,MY,LON,GB,2026-11-28,2026-12-01,Winter,Premium Economy,1,PEco-2,PESEL,Premium Economy — PESEL,+980.51 USD,1661.51,USD,Ubfly,PESEL,Personal Item: 40 x 30 x 15 cm; Change without penalty before flight,Included,Included,Unknown,Included,Unknown,Unknown,Unknown,Unknown,Included,Unknown,Unknown,Unknown,Unknown,Unknown,Unknown,Unknown,,,,2026-07-28T05:48:37+00:00,partial,0
BA,KUL,LHR,KUL,MY,LON,GB,2026-11-28,2026-12-01,Winter,Premium Economy,2,PEco-3,PEPRO,Premium Economy — PEPRO,"+1,078.44 USD",1759.44,USD,Ubfly,PEPRO,Personal Item: 40 x 30 x 15 cm; Change without penalty before flight,Included,Included,Included,Included,Unknown,Unknown,Unknown,Included,Included,Unknown,Unknown,Unknown,Unknown,Unknown,Unknown,Unknown,,,,2026-07-28T05:48:37+00:00,partial,0
BA,KUL,LHR,KUL,MY,LON,GB,2026-11-28,2026-12-01,Winter,Premium Economy,3,PEco-4,PEFLEX,Premium Economy Flex,"+2,340.08 USD",3021.08,USD,Ubfly,PEFLEX,Personal Item: 40 x 30 x 15 cm; Change without penalty before flight,Included,Included,Included,Included,Unknown,Unknown,Unknown,Included,Included,Unknown,Unknown,Unknown,Unknown,Unknown,Unknown,Unknown,,,,2026-07-28T05:48:37+00:00,partial,0
EK,KUL,LHR,KUL,MY,LON,GB,2026-09-08,2026-09-11,Summer,Economy,0,Eco-1,Economy Saver,Economy Basic,0.00 USD,344.68,USD,Ubfly,YP-03316406aef340be83e22793faff3dae,Non-exchangeable.; • Hot and cold refreshments; • ICE entertainment; Economy Cabin,Included,Included,Paid,Included,Unknown,Unknown,Unknown,Included,Unknown,Unknown,Unknown,Unknown,Included,Unknown,Unknown,Unknown,Yes,1800.0,,2026-07-28T05:48:37+00:00,success,0
EK,KUL,LHR,KUL,MY,LON,GB,2026-09-08,2026-09-11,Summer,Economy,1,Eco-2,Economy Flex,Economy Flex,+136.64 USD,481.32,USD,Ubfly,YS-e4acc77d5fbe4509b05d7b18244fa741,Non-exchangeable.; • Hot and cold refreshments; • ICE entertainment; Economy Cabin,Included,Included,Included,Included,Unknown,Unknown,Unknown,Included,Paid,Unknown,Unknown,Unknown,Included,Unknown,Unknown,Unknown,Yes,4500.0,,2026-07-28T05:48:37+00:00,success,0
EK,KUL,LHR,KUL,MY,LON,GB,2026-09-08,2026-09-11,Summer,Economy,2,Eco-3,Economy Flex Plus,Economy Comfort,+380.49 USD,725.17,USD,Ubfly,YF-788a21247de843ab91e8ba8372cdb641,Non-exchangeable.; • Hot and cold refreshments; • ICE entertainment; Economy Cabin,Included,Included,Included,Included,Unknown,Unknown,Unknown,Included,Included,Unknown,Unknown,Unknown,Included,Unknown,Unknown,Unknown,Yes,6000.0,,2026-07-28T05:48:37+00:00,success,0
EK,KUL,LHR,KUL,MY,LON,GB,2026-09-08,2026-09-11,Summer,Business,0,Bus-1,Business Saver,Business Basic,0 USD,2123.78,USD,Enuygun,bff_0,priority_check_in: Öncelikli Check-in; entertainment: Uçak İçi Eğlence,Included,Included,Included,Included,Included,Included,Included,Not Included,Paid,Unknown,Unknown,Unknown,Unknown,Unknown,Unknown,Unknown,Yes,,,2026-07-28T05:48:37+00:00,success,0
EK,KUL,LHR,KUL,MY,LON,GB,2026-09-08,2026-09-11,Summer,Business,1,Bus-2,Business Flex,Business Flex,+358.63 USD,2482.41,USD,Enuygun,bff_1,priority_check_in: Öncelikli Check-in; entertainment: Uçak İçi Eğlence,Included,Included,Included,Included,Included,Included,Included,Paid,Paid,Unknown,Unknown,Unknown,Unknown,Unknown,Unknown,Unknown,Yes,175.0,,2026-07-28T05:48:37+00:00,success,0
EK,KUL,LHR,KUL,MY,LON,GB,2026-09-08,2026-09-11,Summer,Business,2,Bus-3,Business Flex Plus,Business Comfort,+841.72 USD,2965.5,USD,Enuygun,bff_2,priority_check_in: Öncelikli Check-in; entertainment: Uçak İçi Eğlence,Included,Included,Included,Included,Included,Included,Included,Included,Included,Unknown,Unknown,Unknown,Unknown,Unknown,Unknown,Unknown,Yes,190.0,,2026-07-28T05:48:37+00:00,success,0
EK,KUL,LHR,KUL,MY,LON,GB,2026-09-08,2026-09-11,Summer,Premium Economy,0,PEco-1,Premium Economy FlexPlus,Premium Economy Comfort,+932.34 USD,1277.02,USD,Ubfly,WF-258a2021656b4fe79b8fe531c3c7dd1e,Non-exchangeable.; • Hot and cold refreshments; • ICE entertainment; • Exclusive Premium Economy Class dining; Premium Economy Cabin,Included,Included,Included,Unknown,Unknown,Unknown,Unknown,Included,Unknown,Unknown,Unknown,Unknown,Included,Unknown,Unknown,Unknown,Yes,6600.0,,2026-07-28T05:48:37+00:00,success,0
EK,KUL,LHR,KUL,MY,LON,GB,2026-11-28,2026-12-01,Winter,Economy,0,Eco-1,Economy Saver,Economy Basic,0.00 USD,344.68,USD,Ubfly,YP-04d2f79aa7d143ad9b7c9b343c20d380,Non-exchangeable.; • Hot and cold refreshments; • ICE entertainment; Economy Cabin,Included,Included,Paid,Included,Unknown,Unknown,Unknown,Included,Paid,Unknown,Unknown,Unknown,Included,Unknown,Unknown,Unknown,Yes,1800.0,,2026-07-28T05:48:37+00:00,success,0
EK,KUL,LHR,KUL,MY,LON,GB,2026-11-28,2026-12-01,Winter,Economy,1,Eco-2,Economy Flex,Economy Flex,+136.64 USD,481.32,USD,Ubfly,YS-6ec6ae63cc6e4a7aa372174d9684f99c,Non-exchangeable.; • Hot and cold refreshments; • ICE entertainment; Economy Cabin,Included,Included,Included,Included,Unknown,Unknown,Unknown,Included,Paid,Unknown,Unknown,Unknown,Included,Unknown,Unknown,Unknown,Yes,4500.0,,2026-07-28T05:48:37+00:00,success,0
EK,KUL,LHR,KUL,MY,LON,GB,2026-11-28,2026-12-01,Winter,Economy,2,Eco-3,Economy Flex Plus,Economy Comfort,+380.49 USD,725.17,USD,Ubfly,YF-30509e9210e24b04945b696fede9e328,Non-exchangeable.; • Hot and cold refreshments; • ICE entertainment; Economy Cabin,Included,Included,Included,Included,Unknown,Unknown,Unknown,Included,Included,Unknown,Unknown,Unknown,Included,Unknown,Unknown,Unknown,Yes,6000.0,,2026-07-28T05:48:37+00:00,success,0
EK,KUL,LHR,KUL,MY,LON,GB,2026-11-28,2026-12-01,Winter,Business,0,Bus-1,BUSINESS SAVER,Business Basic,0 USD,2233.65,USD,Enuygun,bff_0,priority_baggage: Öncelikli Bagaj Alımı; entertainment: Uçak İçi Eğlence,Included,Included,Included,Included,Included,Included,Included,Paid,Paid,Unknown,Unknown,Unknown,Unknown,Unknown,Unknown,Unknown,Yes,,,2026-07-28T05:48:37+00:00,success,0
EK,KUL,LHR,KUL,MY,LON,GB,2026-11-28,2026-12-01,Winter,Business,1,Bus-2,BUSINESS FLEX,Business Flex,+356.45 USD,2590.1,USD,Enuygun,bff_1,priority_baggage: Öncelikli Bagaj Alımı; entertainment: Uçak İçi Eğlence,Included,Included,Included,Included,Included,Included,Included,Paid,Paid,Unknown,Unknown,Unknown,Unknown,Unknown,Unknown,Unknown,Yes,175.0,,2026-07-28T05:48:37+00:00,success,0
EK,KUL,LHR,KUL,MY,LON,GB,2026-11-28,2026-12-01,Winter,Business,2,Bus-3,BUSINESS FLEXPLUS,Business Comfort,+880.8 USD,3114.45,USD,Enuygun,bff_2,priority_baggage: Öncelikli Bagaj Alımı; entertainment: Uçak İçi Eğlence,Included,Included,Included,Included,Included,Included,Included,Included,Included,Unknown,Unknown,Unknown,Unknown,Unknown,Unknown,Unknown,Yes,190.0,,2026-07-28T05:48:37+00:00,success,0
EK,KUL,LHR,KUL,MY,LON,GB,2026-11-28,2026-12-01,Winter,Premium Economy,0,PEco-1,Premium Economy FlexPlus,Premium Economy Comfort,+552.36 USD,897.04,USD,Ubfly,WF-280e23dc703146549a75efcb4ad8b7bb,Non-exchangeable.; • Hot and cold refreshments; • ICE entertainment; • Exclusive Premium Economy Class dining; Premium Economy Cabin,Included,Included,Included,Unknown,Unknown,Unknown,Unknown,Included,Unknown,Unknown,Unknown,Unknown,Included,Unknown,Unknown,Unknown,Yes,6600.0,,2026-07-28T05:48:37+00:00,success,0
QR,KUL,LHR,KUL,MY,LON,GB,2026-09-08,2026-09-11,Summer,Economy,0,Eco-1,ECONOMY CLASSIC,Economy Standard,0 USD,546.53,USD,Enuygun,bff_0,,Included,Included,Unknown,Included,Unknown,Unknown,Unknown,Paid,Paid,Unknown,Unknown,Unknown,Unknown,Unknown,Unknown,Unknown,Yes,50.0,,2026-07-28T05:48:37+00:00,success,0
QR,KUL,LHR,KUL,MY,LON,GB,2026-09-08,2026-09-11,Summer,Economy,1,Eco-2,ECONOMY CONVENIENCE,Economy — ECONOMY CONVENIENCE,+163.84 USD,710.37,USD,Enuygun,bff_1,,Included,Included,Included,Included,Unknown,Unknown,Unknown,Paid,Paid,Unknown,Unknown,Unknown,Unknown,Unknown,Unknown,Unknown,Yes,75.0,,2026-07-28T05:48:37+00:00,success,0
QR,KUL,LHR,KUL,MY,LON,GB,2026-09-08,2026-09-11,Summer,Economy,2,Eco-3,ECONOMY COMFORT,Economy Comfort,+733.86 USD,1280.4,USD,Enuygun,bff_2,,Included,Included,Included,Included,Unknown,Unknown,Unknown,Included,Included,Unknown,Unknown,Unknown,Unknown,Unknown,Unknown,Unknown,Yes,100.0,,2026-07-28T05:48:37+00:00,success,0
QR,KUL,LHR,KUL,MY,LON,GB,2026-09-08,2026-09-11,Summer,Business,0,Bus-1,BCLASSIC,Business Standard,0.00 USD,2077.24,USD,Ubfly,BCLASSIC-BCLASSIC,125 PCT QMILES ACCUMULATION(F),Included,Included,Unknown,Included,Included,Unknown,Unknown,Paid,Paid,Unknown,Unknown,Unknown,Unknown,Unknown,Unknown,Unknown,,,,2026-07-28T05:48:37+00:00,success,0
QR,KUL,LHR,KUL,MY,LON,GB,2026-09-08,2026-09-11,Summer,Business,1,Bus-2,BUSINESS COMFORT,Business Comfort,+592.51 USD,2669.75,USD,Ubfly,BCOMFORT-BCOMFORT,175 PCT QMILES ACCUMULATION(F),Included,Included,Included,Included,Included,Unknown,Unknown,Paid,Paid,Unknown,Unknown,Unknown,Unknown,Unknown,Unknown,Unknown,,,,2026-07-28T05:48:37+00:00,success,0
QR,KUL,LHR,KUL,MY,LON,GB,2026-09-08,2026-09-11,Summer,Business,2,Bus-3,BUSINESS ELITE,Business Lite,"+1,331.90 USD",3409.14,USD,Ubfly,BELITE-BELITE,200 PCT QMILES ACCUMULATION(F); Uninterrupted return (up to the last 12 hours); Change with Penalty,Included,Included,Included,Included,Included,Unknown,Unknown,Paid,Paid,Unknown,Unknown,Unknown,Unknown,Unknown,Unknown,Unknown,,,,2026-07-28T05:48:37+00:00,success,0
QR,KUL,LHR,KUL,MY,LON,GB,2026-11-28,2026-12-01,Winter,Economy,0,Eco-1,ECONOMY CLASSIC,Economy Standard,0.00 USD,500.67,USD,Ubfly,ECLASSIC-ECLASSIC,,Included,Included,Unknown,Included,Unknown,Unknown,Unknown,Paid,Paid,Unknown,Unknown,Unknown,Unknown,Unknown,Unknown,Unknown,Yes,50.0,,2026-07-28T05:48:37+00:00,success,0
QR,KUL,LHR,KUL,MY,LON,GB,2026-11-28,2026-12-01,Winter,Economy,1,Eco-2,ECONOMY CONVENIENCE,Economy — ECONOMY CONVENIENCE,+64.62 USD,565.29,USD,Ubfly,ECONVENIEN-ECONVENIEN,,Included,Included,Included,Included,Unknown,Unknown,Unknown,Paid,Paid,Unknown,Unknown,Unknown,Unknown,Unknown,Unknown,Unknown,Yes,75.0,,2026-07-28T05:48:37+00:00,success,0
QR,KUL,LHR,KUL,MY,LON,GB,2026-11-28,2026-12-01,Winter,Economy,2,Eco-3,ECONOMY COMFORT,Economy Comfort,+531.28 USD,1031.95,USD,Ubfly,ECOMFORT-ECOMFORT,Uninterrupted return (up to the last 12 hours); Change with Penalty,Included,Included,Included,Included,Unknown,Unknown,Unknown,Included,Included,Unknown,Unknown,Unknown,Unknown,Unknown,Unknown,Unknown,Yes,100.0,,2026-07-28T05:48:37+00:00,success,0
QR,KUL,LHR,KUL,MY,LON,GB,2026-11-28,2026-12-01,Winter,Business,0,Bus-1,BCLASSIC,Business Standard,0.00 USD,2129.05,USD,Ubfly,BCLASSIC-BCLASSIC,125 PCT QMILES ACCUMULATION(F),Included,Included,Unknown,Included,Included,Unknown,Unknown,Paid,Paid,Unknown,Unknown,Unknown,Unknown,Unknown,Unknown,Unknown,,,,2026-07-28T05:48:37+00:00,success,0
QR,KUL,LHR,KUL,MY,LON,GB,2026-11-28,2026-12-01,Winter,Business,1,Bus-2,BUSINESS COMFORT,Business Comfort,+592.51 USD,2721.56,USD,Ubfly,BCOMFORT-BCOMFORT,175 PCT QMILES ACCUMULATION(F),Included,Included,Included,Included,Included,Unknown,Unknown,Paid,Paid,Unknown,Unknown,Unknown,Unknown,Unknown,Unknown,Unknown,,,,2026-07-28T05:48:37+00:00,success,0
QR,KUL,LHR,KUL,MY,LON,GB,2026-11-28,2026-12-01,Winter,Business,2,Bus-3,BUSINESS ELITE,Business Lite,"+1,331.92 USD",3460.97,USD,Ubfly,BELITE-BELITE,200 PCT QMILES ACCUMULATION(F); Uninterrupted return (up to the last 12 hours); Change with Penalty,Included,Included,Included,Included,Included,Unknown,Unknown,Included,Included,Unknown,Unknown,Unknown,Unknown,Unknown,Unknown,Unknown,,,,2026-07-28T05:48:37+00:00,success,0
KL,BKK,AMS,BKK,TH,AMS,NL,2027-05-17,2027-05-20,Summer,Economy,0,Eco-1,LIGHT,Economy Lite,0.00 USD,888.67,USD,Ubfly,LIGHT,Snack; Soft drink,Included,Not Included,Unknown,Included,Unknown,Unknown,Unknown,Unknown,Paid,Unknown,Unknown,Unknown,Unknown,Unknown,Unknown,Unknown,Yes,,,2026-07-28T05:48:37+00:00,success,0
KL,BKK,AMS,BKK,TH,AMS,NL,2027-05-17,2027-05-20,Summer,Economy,1,Eco-2,STANDARD,Economy Standard,+73.37 USD,962.04,USD,Ubfly,STANDARD,Snack; Soft drink,Included,Included,Unknown,Included,Unknown,Unknown,Unknown,Unknown,Paid,Unknown,Unknown,Unknown,Unknown,Unknown,Unknown,Unknown,Yes,,,2026-07-28T05:48:37+00:00,success,0
KL,BKK,AMS,BKK,TH,AMS,NL,2027-05-17,2027-05-20,Summer,Economy,2,Eco-3,FLEX,Economy Flex,+162.30 USD,1050.97,USD,Ubfly,FLEX,Snack; Soft drink; Change with Penalty; Uninterrupted return (up to the last 12 hours),Included,Included,Included,Included,Unknown,Unknown,Unknown,Included,Included,Unknown,Unknown,Unknown,Unknown,Unknown,Unknown,Unknown,Yes,,,2026-07-28T05:48:37+00:00,success,0
KL,BKK,AMS,BKK,TH,AMS,NL,2027-05-17,2027-05-20,Summer,Economy,3,Eco-4,PREMLIGHT,Economy Lite,+551.76 USD,1440.43,USD,Ubfly,PREMLIGHT,Snack; Soft drink; Privileged check-in,Included,Included,Unknown,Included,Unknown,Included,Included,Unknown,Unknown,Unknown,Unknown,Unknown,Unknown,Unknown,Unknown,Unknown,Yes,,,2026-07-28T05:48:37+00:00,success,0
KL,BKK,AMS,BKK,TH,AMS,NL,2027-05-17,2027-05-20,Summer,Economy,4,Eco-5,PREMSTAND,Economy — PREMSTAND,+637.27 USD,1525.94,USD,Ubfly,PREMSTAND,Snack; Soft drink; Privileged check-in,Included,Included,Unknown,Included,Unknown,Included,Included,Unknown,Unknown,Unknown,Unknown,Unknown,Unknown,Unknown,Unknown,Unknown,Yes,,,2026-07-28T05:48:37+00:00,success,0
KL,BKK,AMS,BKK,TH,AMS,NL,2027-05-17,2027-05-20,Summer,Economy,5,Eco-6,PREMFLEX,Economy Flex,+754.45 USD,1643.12,USD,Ubfly,PREMFLEX,Snack; Soft drink; Change with Penalty; Uninterrupted return (up to the last 12 hours); Privileged check-in,Included,Included,Included,Included,Unknown,Included,Included,Unknown,Unknown,Unknown,Unknown,Unknown,Unknown,Unknown,Unknown,Unknown,Yes,,,2026-07-28T05:48:37+00:00,success,0
KL,BKK,AMS,BKK,TH,AMS,NL,2027-05-17,2027-05-20,Summer,Economy,6,Eco-7,ECONOMY FULL FLEX,Economy Flex,"+2,825.69 USD",3714.36,USD,Ubfly,FULLFLEX,Snack; Soft drink; Change with Penalty; Uninterrupted return (up to the last 12 hours),Included,Included,Included,Included,Unknown,Unknown,Unknown,Unknown,Unknown,Unknown,Unknown,Unknown,Unknown,Unknown,Unknown,Unknown,Yes,,,2026-07-28T05:48:37+00:00,success,0
KL,BKK,AMS,BKK,TH,AMS,NL,2027-05-17,2027-05-20,Summer,Economy,7,Eco-8,PREMIUM,Economy Premium,"+4,138.60 USD",5027.27,USD,Ubfly,PREMIUM,Snack; Soft drink; Change with Penalty; Privileged check-in,Included,Included,Included,Included,Unknown,Included,Included,Unknown,Unknown,Unknown,Unknown,Unknown,Unknown,Unknown,Unknown,Unknown,Yes,,,2026-07-28T05:48:37+00:00,success,0
KL,BKK,AMS,BKK,TH,AMS,NL,2027-05-17,2027-05-20,Summer,Business,0,Bus-1,BIZLIGHT,Business Lite,0.00 USD,3087.67,USD,Ubfly,BIZLIGHT,Snack; Soft drink; Privileged check-in,Included,Included,Unknown,Included,Unknown,Included,Included,Unknown,Unknown,Unknown,Unknown,Unknown,Unknown,Unknown,Unknown,Unknown,Yes,,,2026-07-28T05:48:37+00:00,success,0
KL,BKK,AMS,BKK,TH,AMS,NL,2027-05-17,2027-05-20,Summer,Business,1,Bus-2,BUSINESS STANDART,Business — BUSINESS STANDART,+111.54 USD,3199.21,USD,Ubfly,BIZSTAND,Snack; Soft drink; Privileged check-in,Included,Included,Unknown,Included,Included,Included,Included,Unknown,Unknown,Unknown,Unknown,Unknown,Unknown,Unknown,Unknown,Unknown,Yes,,,2026-07-28T05:48:37+00:00,success,0
KL,BKK,AMS,BKK,TH,AMS,NL,2027-05-17,2027-05-20,Summer,Business,2,Bus-3,BUSINESS FLEX,Business Flex,+281.38 USD,3369.05,USD,Ubfly,BIZFLEX,Snack; Soft drink; Change with Penalty; Uninterrupted return (up to the last 12 hours); Privileged check-in,Included,Included,Included,Included,Included,Included,Included,Included,Included,Unknown,Unknown,Unknown,Unknown,Unknown,Unknown,Unknown,Yes,,,2026-07-28T05:48:37+00:00,success,0
KL,BKK,AMS,BKK,TH,AMS,NL,2027-05-17,2027-05-20,Summer,Business,3,Bus-4,BUSINESS,Business — BUSINESS,"+5,667.15 USD",8754.82,USD,Ubfly,BUSINESS,Snack; Soft drink; Change with Penalty; Privileged check-in,Included,Included,Included,Included,Included,Included,Included,Unknown,Unknown,Unknown,Unknown,Unknown,Unknown,Unknown,Unknown,Unknown,Yes,,,2026-07-28T05:48:37+00:00,success,0
KL,BKK,AMS,BKK,TH,AMS,NL,2026-11-18,2026-11-21,Winter,Economy,0,Eco-1,LIGHT,Economy Lite,0.00 USD,888.67,USD,Ubfly,LIGHT,Snack; Soft drink,Included,Not Included,Unknown,Included,Unknown,Unknown,Unknown,Unknown,Paid,Unknown,Unknown,Unknown,Unknown,Unknown,Unknown,Unknown,Yes,,,2026-07-28T05:48:37+00:00,success,0
KL,BKK,AMS,BKK,TH,AMS,NL,2026-11-18,2026-11-21,Winter,Economy,1,Eco-2,STANDARD,Economy Standard,+73.37 USD,962.04,USD,Ubfly,STANDARD,Snack; Soft drink,Included,Included,Unknown,Included,Unknown,Unknown,Unknown,Unknown,Paid,Unknown,Unknown,Unknown,Unknown,Unknown,Unknown,Unknown,Yes,,,2026-07-28T05:48:37+00:00,success,0
KL,BKK,AMS,BKK,TH,AMS,NL,2026-11-18,2026-11-21,Winter,Economy,2,Eco-3,FLEX,Economy Flex,+162.30 USD,1050.97,USD,Ubfly,FLEX,Snack; Soft drink; Change with Penalty; Uninterrupted return (up to the last 12 hours),Included,Included,Included,Included,Unknown,Unknown,Unknown,Included,Included,Unknown,Unknown,Unknown,Unknown,Unknown,Unknown,Unknown,Yes,,,2026-07-28T05:48:37+00:00,success,0
KL,BKK,AMS,BKK,TH,AMS,NL,2026-11-18,2026-11-21,Winter,Economy,3,Eco-4,PREMLIGHT,Economy Lite,+551.76 USD,1440.43,USD,Ubfly,PREMLIGHT,Snack; Soft drink; Privileged check-in,Included,Included,Unknown,Included,Unknown,Included,Included,Unknown,Unknown,Unknown,Unknown,Unknown,Unknown,Unknown,Unknown,Unknown,Yes,,,2026-07-28T05:48:37+00:00,success,0
KL,BKK,AMS,BKK,TH,AMS,NL,2026-11-18,2026-11-21,Winter,Economy,4,Eco-5,PREMSTAND,Economy — PREMSTAND,+637.27 USD,1525.94,USD,Ubfly,PREMSTAND,Snack; Soft drink; Privileged check-in,Included,Included,Unknown,Included,Unknown,Included,Included,Unknown,Unknown,Unknown,Unknown,Unknown,Unknown,Unknown,Unknown,Unknown,Yes,,,2026-07-28T05:48:37+00:00,success,0
KL,BKK,AMS,BKK,TH,AMS,NL,2026-11-18,2026-11-21,Winter,Economy,5,Eco-6,PREMFLEX,Economy Flex,+754.45 USD,1643.12,USD,Ubfly,PREMFLEX,Snack; Soft drink; Change with Penalty; Uninterrupted return (up to the last 12 hours); Privileged check-in,Included,Included,Included,Included,Unknown,Included,Included,Unknown,Unknown,Unknown,Unknown,Unknown,Unknown,Unknown,Unknown,Unknown,Yes,,,2026-07-28T05:48:37+00:00,success,0
KL,BKK,AMS,BKK,TH,AMS,NL,2026-11-18,2026-11-21,Winter,Economy,6,Eco-7,ECONOMY FULL FLEX,Economy Flex,"+2,825.69 USD",3714.36,USD,Ubfly,FULLFLEX,Snack; Soft drink; Change with Penalty; Uninterrupted return (up to the last 12 hours),Included,Included,Included,Included,Unknown,Unknown,Unknown,Unknown,Unknown,Unknown,Unknown,Unknown,Unknown,Unknown,Unknown,Unknown,Yes,,,2026-07-28T05:48:37+00:00,success,0
KL,BKK,AMS,BKK,TH,AMS,NL,2026-11-18,2026-11-21,Winter,Economy,7,Eco-8,PREMIUM,Economy Premium,"+4,138.60 USD",5027.27,USD,Ubfly,PREMIUM,Snack; Soft drink; Change with Penalty; Privileged check-in,Included,Included,Included,Included,Unknown,Included,Included,Unknown,Unknown,Unknown,Unknown,Unknown,Unknown,Unknown,Unknown,Unknown,Yes,,,2026-07-28T05:48:37+00:00,success,0
KL,BKK,AMS,BKK,TH,AMS,NL,2026-11-18,2026-11-21,Winter,Business,0,Bus-1,BIZLIGHT,Business Lite,0.00 USD,3087.67,USD,Ubfly,BIZLIGHT,Snack; Soft drink; Privileged check-in,Included,Included,Unknown,Included,Unknown,Included,Included,Unknown,Unknown,Unknown,Unknown,Unknown,Unknown,Unknown,Unknown,Unknown,Yes,,,2026-07-28T05:48:37+00:00,success,0
KL,BKK,AMS,BKK,TH,AMS,NL,2026-11-18,2026-11-21,Winter,Business,1,Bus-2,BUSINESS STANDART,Business — BUSINESS STANDART,+111.54 USD,3199.21,USD,Ubfly,BIZSTAND,Snack; Soft drink; Privileged check-in,Included,Included,Unknown,Included,Included,Included,Included,Unknown,Unknown,Unknown,Unknown,Unknown,Unknown,Unknown,Unknown,Unknown,Yes,,,2026-07-28T05:48:37+00:00,success,0
KL,BKK,AMS,BKK,TH,AMS,NL,2026-11-18,2026-11-21,Winter,Business,2,Bus-3,BUSINESS FLEX,Business Flex,+281.38 USD,3369.05,USD,Ubfly,BIZFLEX,Snack; Soft drink; Change with Penalty; Uninterrupted return (up to the last 12 hours); Privileged check-in,Included,Included,Included,Included,Included,Included,Included,Included,Included,Unknown,Unknown,Unknown,Unknown,Unknown,Unknown,Unknown,Yes,,,2026-07-28T05:48:37+00:00,success,0
KL,BKK,AMS,BKK,TH,AMS,NL,2026-11-18,2026-11-21,Winter,Business,3,Bus-4,BUSINESS,Business — BUSINESS,"+5,667.15 USD",8754.82,USD,Ubfly,BUSINESS,Snack; Soft drink; Change with Penalty; Privileged check-in,Included,Included,Included,Included,Included,Included,Included,Unknown,Unknown,Unknown,Unknown,Unknown,Unknown,Unknown,Unknown,Unknown,Yes,,,2026-07-28T05:48:37+00:00,success,0
BR,BKK,AMS,BKK,TH,AMS,NL,2027-05-18,2027-05-21,Summer,Economy,0,Eco-1,ECONOMY BASIC,Economy Basic,0 USD,583.37,USD,Enuygun,bff_0,,Included,Included,Unknown,Unknown,Unknown,Unknown,Unknown,Paid,Paid,Unknown,Unknown,Unknown,Unknown,Unknown,Unknown,Unknown,,,,2026-07-28T05:48:37+00:00,partial,0
BR,BKK,AMS,BKK,TH,AMS,NL,2027-05-18,2027-05-21,Summer,Economy,1,Eco-2,ECONOMY STANDARD,Economy Standard,+320.88 USD,904.24,USD,Enuygun,bff_1,,Unknown,Included,Unknown,Unknown,Unknown,Unknown,Unknown,Paid,Paid,Unknown,Unknown,Unknown,Unknown,Unknown,Unknown,Unknown,,,,2026-07-28T05:48:37+00:00,partial,0
BR,BKK,AMS,BKK,TH,AMS,NL,2027-05-18,2027-05-21,Summer,Business,0,Bus-1,BUSINESS BASIC,Business Basic,0 USD,2099.29,USD,Enuygun,bff_0,,Unknown,Included,Unknown,Unknown,Unknown,Unknown,Unknown,Paid,Paid,Unknown,Unknown,Unknown,Unknown,Unknown,Unknown,Unknown,,,,2026-07-28T05:48:37+00:00,partial,0
BR,BKK,AMS,BKK,TH,AMS,NL,2027-05-18,2027-05-21,Summer,Business,1,Bus-2,BUSINESS STANDARD,Business Standard,+1502.58 USD,3601.87,USD,Enuygun,bff_1,,Unknown,Included,Unknown,Unknown,Unknown,Unknown,Unknown,Paid,Paid,Unknown,Unknown,Unknown,Unknown,Unknown,Unknown,Unknown,,,,2026-07-28T05:48:37+00:00,partial,0
BR,BKK,AMS,BKK,TH,AMS,NL,2026-11-19,2026-11-22,Winter,Economy,0,Eco-1,Economy Basic,Economy Basic,0 USD,552.95,USD,Enuygun,bff_0,entertainment: Uçak İçi Eğlence,Included,Included,Unknown,Included,Unknown,Unknown,Unknown,Paid,Paid,Unknown,Unknown,Unknown,Unknown,Unknown,Unknown,Unknown,,,,2026-07-28T05:48:37+00:00,partial,0
BR,BKK,AMS,BKK,TH,AMS,NL,2026-11-19,2026-11-22,Winter,Economy,1,Eco-2,Economy Standard,Economy Standard,+311.82 USD,864.77,USD,Enuygun,bff_1,entertainment: Uçak İçi Eğlence,Included,Included,Unknown,Included,Unknown,Unknown,Unknown,Paid,Paid,Unknown,Unknown,Unknown,Unknown,Unknown,Unknown,Unknown,,,,2026-07-28T05:48:37+00:00,partial,0
BR,BKK,AMS,BKK,TH,AMS,NL,2026-11-19,2026-11-22,Winter,Economy,2,Eco-3,Economy Up,Economy — Economy Up,+555.75 USD,1108.69,USD,Enuygun,bff_2,entertainment: Uçak İçi Eğlence,Included,Included,Unknown,Included,Unknown,Unknown,Unknown,Paid,Included,Unknown,Unknown,Unknown,Unknown,Unknown,Unknown,Unknown,,,,2026-07-28T05:48:37+00:00,partial,0
BR,BKK,AMS,BKK,TH,AMS,NL,2026-11-19,2026-11-22,Winter,Business,0,Bus-1,Business Basic,Business Basic,0 USD,2022.35,USD,Enuygun,bff_0,entertainment: Uçak İçi Eğlence,Included,Included,Unknown,Included,Unknown,Unknown,Unknown,Paid,Paid,Unknown,Unknown,Unknown,Unknown,Unknown,Unknown,Unknown,,,,2026-07-28T05:48:37+00:00,partial,0
BR,BKK,AMS,BKK,TH,AMS,NL,2026-11-19,2026-11-22,Winter,Business,1,Bus-2,Business Standard,Business Standard,+1456.26 USD,3478.6,USD,Enuygun,bff_1,entertainment: Uçak İçi Eğlence,Included,Included,Unknown,Included,Unknown,Unknown,Unknown,Paid,Paid,Unknown,Unknown,Unknown,Unknown,Unknown,Unknown,Unknown,,,,2026-07-28T05:48:37+00:00,partial,0
BR,BKK,AMS,BKK,TH,AMS,NL,2026-11-19,2026-11-22,Winter,Business,2,Bus-3,Business Up,Business — Business Up,+4406.3 USD,6428.65,USD,Enuygun,bff_2,entertainment: Uçak İçi Eğlence,Included,Included,Unknown,Included,Unknown,Unknown,Unknown,Paid,Included,Unknown,Unknown,Unknown,Unknown,Unknown,Unknown,Unknown,,,,2026-07-28T05:48:37+00:00,partial,0
QR,BKK,AMS,BKK,TH,AMS,NL,2027-05-17,2027-05-20,Summer,Economy,0,Eco-1,Economy Classic,Economy Standard,0 USD,550.97,USD,Enuygun,bff_0,,Included,Included,Unknown,Included,Unknown,Unknown,Unknown,Paid,Paid,Unknown,Unknown,Unknown,Unknown,Unknown,Unknown,Unknown,Yes,50.0,,2026-07-28T05:48:37+00:00,success,0
QR,BKK,AMS,BKK,TH,AMS,NL,2027-05-17,2027-05-20,Summer,Economy,1,Eco-2,Economy Convenience,Economy — Economy Convenience,+343.76 USD,894.73,USD,Enuygun,bff_1,,Included,Included,Included,Included,Unknown,Unknown,Unknown,Paid,Paid,Unknown,Unknown,Unknown,Unknown,Unknown,Unknown,Unknown,Yes,75.0,,2026-07-28T05:48:37+00:00,success,0
QR,BKK,AMS,BKK,TH,AMS,NL,2027-05-17,2027-05-20,Summer,Economy,2,Eco-3,Economy Comfort,Economy Comfort,+785.06 USD,1336.03,USD,Enuygun,bff_2,,Included,Included,Included,Included,Unknown,Unknown,Unknown,Included,Included,Unknown,Unknown,Unknown,Unknown,Unknown,Unknown,Unknown,Yes,100.0,,2026-07-28T05:48:37+00:00,success,0
QR,BKK,AMS,BKK,TH,AMS,NL,2027-05-17,2027-05-20,Summer,Business,0,Bus-1,BUSINESS COMFORT,Business Comfort,0.00 USD,2716.63,USD,Ubfly,BCOMFORT-BCOMFORT-BCOMFORT,175 PCT QMILES ACCUMULATION(F),Included,Included,Included,Included,Included,Unknown,Unknown,Paid,Paid,Unknown,Unknown,Unknown,Unknown,Unknown,Unknown,Unknown,,,,2026-07-28T05:48:37+00:00,success,0
QR,BKK,AMS,BKK,TH,AMS,NL,2027-05-17,2027-05-20,Summer,Business,1,Bus-2,BUSINESS ELITE,Business Lite,+229.78 USD,2946.41,USD,Ubfly,BELITE-BELITE-BELITE,200 PCT QMILES ACCUMULATION(F); Uninterrupted return (up to the last 12 hours); Change with Penalty,Included,Included,Included,Included,Included,Unknown,Unknown,Included,Included,Unknown,Unknown,Unknown,Unknown,Unknown,Unknown,Unknown,,,,2026-07-28T05:48:37+00:00,success,0
QR,BKK,AMS,BKK,TH,AMS,NL,2026-11-18,2026-11-21,Winter,Economy,0,Eco-1,Economy Classic,Economy Standard,0 USD,797.74,USD,Enuygun,bff_0,,Included,Included,Unknown,Included,Unknown,Unknown,Unknown,Paid,Paid,Unknown,Unknown,Unknown,Unknown,Unknown,Unknown,Unknown,Yes,50.0,,2026-07-28T05:48:37+00:00,success,0
QR,BKK,AMS,BKK,TH,AMS,NL,2026-11-18,2026-11-21,Winter,Economy,1,Eco-2,Economy Convenience,Economy — Economy Convenience,+58.32 USD,856.06,USD,Enuygun,bff_1,,Included,Included,Included,Included,Unknown,Unknown,Unknown,Paid,Paid,Unknown,Unknown,Unknown,Unknown,Unknown,Unknown,Unknown,Yes,75.0,,2026-07-28T05:48:37+00:00,success,0
QR,BKK,AMS,BKK,TH,AMS,NL,2026-11-18,2026-11-21,Winter,Economy,2,Eco-3,Economy Comfort,Economy Comfort,+499.48 USD,1297.22,USD,Enuygun,bff_2,,Included,Included,Included,Included,Unknown,Unknown,Unknown,Included,Included,Unknown,Unknown,Unknown,Unknown,Unknown,Unknown,Unknown,Yes,100.0,,2026-07-28T05:48:37+00:00,success,0
QR,BKK,AMS,BKK,TH,AMS,NL,2026-11-18,2026-11-21,Winter,Business,0,Bus-1,Business Comfort,Business Comfort,0 USD,2717.8,USD,Enuygun,bff_0,,Included,Included,Included,Included,Included,Unknown,Unknown,Paid,Paid,Unknown,Unknown,Unknown,Unknown,Unknown,Unknown,Unknown,,,,2026-07-28T05:48:37+00:00,success,0
QR,BKK,AMS,BKK,TH,AMS,NL,2026-11-18,2026-11-21,Winter,Business,1,Bus-2,Business Elite,Business Lite,+252.99 USD,2970.8,USD,Enuygun,bff_1,,Included,Included,Included,Included,Included,Unknown,Unknown,Included,Included,Unknown,Unknown,Unknown,Unknown,Unknown,Unknown,Unknown,,,,2026-07-28T05:48:37+00:00,success,0
EY,BKK,AMS,BKK,TH,AMS,NL,2027-05-17,2027-05-20,Summer,Economy,0,Eco-1,YBASIC,Economy Basic,0.00 USD,909.18,USD,Ubfly,YBASIC-YBASIC-YBASIC,,Included,Not Included,Unknown,Included,Unknown,Unknown,Unknown,Not Included,Included,Unknown,Unknown,Unknown,Unknown,Unknown,Unknown,Unknown,Yes,5.0,,2026-07-28T05:48:37+00:00,success,0
EY,BKK,AMS,BKK,TH,AMS,NL,2027-05-17,2027-05-20,Summer,Economy,1,Eco-2,YVALUE,Economy Basic,+24.93 USD,934.11,USD,Ubfly,YVALUE-YVALUE-YVALUE,,Included,Included,Unknown,Included,Unknown,Unknown,Unknown,Not Included,Paid,Unknown,Unknown,Unknown,Unknown,Unknown,Unknown,Unknown,Yes,35.0,,2026-07-28T05:48:37+00:00,success,0
EY,BKK,AMS,BKK,TH,AMS,NL,2027-05-17,2027-05-20,Summer,Economy,2,Eco-3,YCOMFORT,Economy Comfort,+55.88 USD,965.06,USD,Ubfly,YCOMFORT-YCOMFORT-YCOMFORT,,Included,Included,Included,Included,Unknown,Unknown,Unknown,Paid,Paid,Unknown,Unknown,Unknown,Unknown,Unknown,Unknown,Unknown,Yes,75.0,,2026-07-28T05:48:37+00:00,success,0
EY,BKK,AMS,BKK,TH,AMS,NL,2027-05-17,2027-05-20,Summer,Economy,3,Eco-4,YDELUXE,Economy — YDELUXE,+170.52 USD,1079.7,USD,Ubfly,YDELUXE-YDELUXE-YDELUXE,Change with Penalty; Uninterrupted return (up to the last 12 hours); Priority Access,Included,Included,Included,Included,Unknown,Unknown,Unknown,Included,Included,Unknown,Unknown,Unknown,Unknown,Unknown,Unknown,Unknown,Yes,,,2026-07-28T05:48:37+00:00,success,0
EY,BKK,AMS,BKK,TH,AMS,NL,2027-05-17,2027-05-20,Summer,Business,0,Bus-1,JVALUE,Business Basic,0.00 USD,2832.14,USD,Ubfly,JVALUE-JVALUE-JVALUE,Priority Access,Included,Included,Unknown,Included,Unknown,Unknown,Unknown,Not Included,Paid,Unknown,Unknown,Unknown,Unknown,Unknown,Unknown,Unknown,Yes,100.0,,2026-07-28T05:48:37+00:00,success,0
EY,BKK,AMS,BKK,TH,AMS,NL,2027-05-17,2027-05-20,Summer,Business,1,Bus-2,JCOMFORT,Business Comfort,+147.37 USD,2979.51,USD,Ubfly,JCOMFORT-JCOMFORT-JCOMFORT,Priority Access; ETIHAD UAE CHAUFFEUR(F),Included,Included,Included,Included,Included,Unknown,Unknown,Paid,Paid,Unknown,Unknown,Unknown,Unknown,Unknown,Unknown,Unknown,Yes,,,2026-07-28T05:48:37+00:00,success,0
EY,BKK,AMS,BKK,TH,AMS,NL,2027-05-17,2027-05-20,Summer,Business,2,Bus-3,JDELUXE,Business — JDELUXE,+466.08 USD,3298.22,USD,Ubfly,JDELUXE-JDELUXE-JDELUXE,Priority Access; ETIHAD UAE CHAUFFEUR(F); ETIHAD GLOBAL CHAUFFEUR(F); Change with Penalty; Uninterrupted return (up to the last 12 hours),Included,Included,Included,Included,Included,Unknown,Unknown,Included,Included,Unknown,Unknown,Unknown,Unknown,Unknown,Unknown,Unknown,Yes,,,2026-07-28T05:48:37+00:00,success,0
EY,BKK,AMS,BKK,TH,AMS,NL,2026-11-18,2026-11-21,Winter,Economy,0,Eco-1,YBASIC,Economy Basic,0.00 USD,488.76,USD,Ubfly,YBASIC-YBASIC,,Included,Not Included,Unknown,Included,Unknown,Unknown,Unknown,Not Included,Included,Unknown,Unknown,Unknown,Unknown,Unknown,Unknown,Unknown,Yes,5.0,,2026-07-28T05:48:37+00:00,success,0
EY,BKK,AMS,BKK,TH,AMS,NL,2026-11-18,2026-11-21,Winter,Economy,1,Eco-2,YVALUE,Economy Basic,+24.93 USD,513.69,USD,Ubfly,YVALUE-YVALUE,,Included,Included,Unknown,Included,Unknown,Unknown,Unknown,Not Included,Paid,Unknown,Unknown,Unknown,Unknown,Unknown,Unknown,Unknown,Yes,35.0,,2026-07-28T05:48:37+00:00,success,0
EY,BKK,AMS,BKK,TH,AMS,NL,2026-11-18,2026-11-21,Winter,Economy,2,Eco-3,YCOMFORT,Economy Comfort,+55.86 USD,544.62,USD,Ubfly,YCOMFORT-YCOMFORT,,Included,Included,Included,Included,Unknown,Unknown,Unknown,Paid,Paid,Unknown,Unknown,Unknown,Unknown,Unknown,Unknown,Unknown,Yes,75.0,,2026-07-28T05:48:37+00:00,success,0
EY,BKK,AMS,BKK,TH,AMS,NL,2026-11-18,2026-11-21,Winter,Economy,3,Eco-4,YDELUXE,Economy — YDELUXE,+170.52 USD,659.28,USD,Ubfly,YDELUXE-YDELUXE,Uninterrupted return (up to the last 12 hours); Priority Access; Change with Penalty,Included,Included,Included,Included,Unknown,Unknown,Unknown,Included,Included,Unknown,Unknown,Unknown,Unknown,Unknown,Unknown,Unknown,Yes,,,2026-07-28T05:48:37+00:00,success,0
EY,BKK,AMS,BKK,TH,AMS,NL,2026-11-18,2026-11-21,Winter,Business,0,Bus-1,Business Value,Business Basic,0 USD,2119.34,USD,Enuygun,bff_0,priority_check_in: Öncelikli Check-in,Included,Included,Unknown,Included,Unknown,Unknown,Unknown,Not Included,Paid,Unknown,Unknown,Unknown,Unknown,Unknown,Unknown,Unknown,Yes,100.0,,2026-07-28T05:48:37+00:00,success,0
EY,BKK,AMS,BKK,TH,AMS,NL,2026-11-18,2026-11-21,Winter,Business,1,Bus-2,Business Comfort,Business Comfort,+174.28 USD,2293.62,USD,Enuygun,bff_1,priority_check_in: Öncelikli Check-in,Included,Included,Included,Included,Included,Unknown,Unknown,Paid,Paid,Unknown,Unknown,Unknown,Unknown,Unknown,Unknown,Unknown,Yes,,,2026-07-28T05:48:37+00:00,success,0
EY,BKK,AMS,BKK,TH,AMS,NL,2026-11-18,2026-11-21,Winter,Business,2,Bus-3,Business Deluxe,Business — Business Deluxe,+488.78 USD,2608.12,USD,Enuygun,bff_2,priority_check_in: Öncelikli Check-in,Included,Included,Included,Included,Included,Unknown,Unknown,Included,Included,Unknown,Unknown,Unknown,Unknown,Unknown,Unknown,Unknown,Yes,,,2026-07-28T05:48:37+00:00,success,0
AC,YYZ,DEL,YTO,CA,DEL,IN,2027-05-13,2027-05-16,Summer,Economy,0,Eco-1,Standard,Economy Standard,0.00 USD,1367.29,USD,Ubfly,TG,POINT ACCRUAL(F),Included,Included,Unknown,Included,Unknown,Unknown,Unknown,Not Included,Paid,Unknown,Unknown,Unknown,Unknown,Unknown,Unknown,Unknown,,,,2026-07-28T05:48:37+00:00,success,0
AC,YYZ,DEL,YTO,CA,DEL,IN,2027-05-13,2027-05-16,Summer,Economy,1,Eco-2,Flexible,Economy Flex,+145.51 USD,1512.8,USD,Ubfly,FL,POINT ACCRUAL(F),Included,Included,Included,Included,Unknown,Unknown,Unknown,Paid,Included,Unknown,Unknown,Unknown,Unknown,Unknown,Unknown,Unknown,,,,2026-07-28T05:48:37+00:00,success,0
AC,YYZ,DEL,YTO,CA,DEL,IN,2027-05-13,2027-05-16,Summer,Economy,2,Eco-3,Comfort,Economy Comfort,+230.90 USD,1598.19,USD,Ubfly,CO,Change with Penalty; Uninterrupted return (up to the last 12 hours); Privileged check-in; POINT ACCRUAL(F),Included,Included,Included,Included,Unknown,Unknown,Unknown,Included,Included,Unknown,Unknown,Included,Unknown,Unknown,Unknown,Unknown,,,,2026-07-28T05:48:37+00:00,success,0
AC,YYZ,DEL,YTO,CA,DEL,IN,2027-05-13,2027-05-16,Summer,Economy,3,Eco-4,PB,Economy — PB,+562.72 USD,1930.01,USD,Ubfly,PB,Privileged check-in; POINT ACCRUAL(F),Included,Included,Unknown,Included,Unknown,Unknown,Unknown,Unknown,Unknown,Unknown,Unknown,Unknown,Unknown,Unknown,Unknown,Unknown,,,,2026-07-28T05:48:37+00:00,success,0
AC,YYZ,DEL,YTO,CA,DEL,IN,2027-05-13,2027-05-16,Summer,Economy,4,Eco-5,Latitude,Economy — Latitude,"+1,477.83 USD",2845.12,USD,Ubfly,LT,Change with Penalty; Uninterrupted return (up to the last 12 hours); Privileged check-in; POINT ACCRUAL(F),Included,Included,Included,Included,Unknown,Unknown,Unknown,Included,Included,Unknown,Unknown,Included,Unknown,Unknown,Unknown,Unknown,,,,2026-07-28T05:48:37+00:00,success,0
AC,YYZ,DEL,YTO,CA,DEL,IN,2027-05-13,2027-05-16,Summer,Business,0,Bus-1,BSSAVER,Business Basic,0.00 USD,3858.03,USD,Ubfly,BSSAVER-BSSAVER-BSSAVER,Soft drink; Premium check-in; In-flight entertainment; Chauffeur Drive; Internet Access,Included,Included,Included,Included,Included,Included,Included,Unknown,Paid,Unknown,Unknown,Unknown,Unknown,Unknown,Unknown,Unknown,Yes,,,2026-07-28T05:48:37+00:00,success,0
AC,YYZ,DEL,YTO,CA,DEL,IN,2027-05-13,2027-05-16,Summer,Business,1,Bus-2,BSFLEX,Business Flex,"+1,400.39 USD",5258.42,USD,Ubfly,BSFLEX-BSFLEX-BSFLEX,Premium check-in; Soft drink; In-flight entertainment; Chauffeur Drive; Internet Access,Included,Included,Included,Included,Included,Included,Included,Paid,Paid,Unknown,Unknown,Unknown,Unknown,Unknown,Unknown,Unknown,Yes,175.0,,2026-07-28T05:48:37+00:00,success,0
AC,YYZ,DEL,YTO,CA,DEL,IN,2027-05-13,2027-05-16,Summer,Business,2,Bus-3,BSFLXPLUS,Business Comfort,"+3,210.75 USD",7068.78,USD,Ubfly,BSFLXPLUS-BSFLXPLUS-BSFLXPLUS,Premium check-in; Soft drink; In-flight entertainment; Chauffeur Drive; Internet Access; Uninterrupted return (up to the last 12 hours); Change with Penalty,Included,Included,Included,Included,Included,Included,Included,Included,Included,Unknown,Unknown,Unknown,Unknown,Unknown,Unknown,Unknown,Yes,190.0,,2026-07-28T05:48:37+00:00,success,0
AC,YYZ,DEL,YTO,CA,DEL,IN,2027-05-13,2027-05-16,Summer,Premium Economy,0,PEco-1,PL,Premium Economy — PL,+655.08 USD,2022.37,USD,Ubfly,PL,Privileged check-in; POINT ACCRUAL(F),Included,Included,Included,Included,Unknown,Unknown,Unknown,Unknown,Unknown,Unknown,Unknown,Unknown,Unknown,Unknown,Unknown,Unknown,,,,2026-07-28T05:48:37+00:00,success,0
AC,YYZ,DEL,YTO,CA,DEL,IN,2027-05-13,2027-05-16,Summer,Premium Economy,1,PEco-2,PRIME FLY,Premium Economy Premium,+839.80 USD,2207.09,USD,Ubfly,PF,Change with Penalty; Uninterrupted return (up to the last 12 hours); Privileged check-in; POINT ACCRUAL(F),Included,Included,Included,Included,Unknown,Unknown,Unknown,Unknown,Unknown,Unknown,Unknown,Included,Unknown,Unknown,Unknown,Unknown,,,,2026-07-28T05:48:37+00:00,success,0
AC,YYZ,DEL,YTO,CA,DEL,IN,2026-11-03,2026-11-06,Winter,Economy,0,Eco-1,Standard,Economy Standard,0.00 USD,1535.08,USD,Ubfly,TG-TG-TG,POINT ACCRUAL(F),Included,Included,Unknown,Included,Unknown,Unknown,Unknown,Not Included,Paid,Unknown,Unknown,Unknown,Unknown,Unknown,Unknown,Unknown,,,,2026-07-28T05:48:37+00:00,success,0
AC,YYZ,DEL,YTO,CA,DEL,IN,2026-11-03,2026-11-06,Winter,Economy,1,Eco-2,Flexible,Economy Flex,+145.51 USD,1680.59,USD,Ubfly,FL-FL-FL,POINT ACCRUAL(F),Included,Included,Included,Included,Unknown,Unknown,Unknown,Paid,Included,Unknown,Unknown,Unknown,Unknown,Unknown,Unknown,Unknown,,,,2026-07-28T05:48:37+00:00,success,0
AC,YYZ,DEL,YTO,CA,DEL,IN,2026-11-03,2026-11-06,Winter,Economy,2,Eco-3,Comfort,Economy Comfort,+230.90 USD,1765.98,USD,Ubfly,CO-CO-CO,Change with Penalty; Uninterrupted return (up to the last 12 hours); Privileged check-in; POINT ACCRUAL(F),Included,Included,Included,Included,Unknown,Unknown,Unknown,Included,Included,Unknown,Unknown,Included,Unknown,Unknown,Unknown,Unknown,,,,2026-07-28T05:48:37+00:00,success,0
AC,YYZ,DEL,YTO,CA,DEL,IN,2026-11-03,2026-11-06,Winter,Economy,3,Eco-4,PB,Economy — PB,+589.71 USD,2124.79,USD,Ubfly,PB-PB-PB,Privileged check-in; POINT ACCRUAL(F),Included,Included,Unknown,Included,Unknown,Unknown,Unknown,Unknown,Unknown,Unknown,Unknown,Unknown,Unknown,Unknown,Unknown,Unknown,,,,2026-07-28T05:48:37+00:00,success,0
AC,YYZ,DEL,YTO,CA,DEL,IN,2026-11-03,2026-11-06,Winter,Economy,4,Eco-5,Latitude,Economy — Latitude,"+1,385.47 USD",2920.55,USD,Ubfly,LT-LT-LT,Change with Penalty; Uninterrupted return (up to the last 12 hours); Privileged check-in; POINT ACCRUAL(F),Included,Included,Included,Included,Unknown,Unknown,Unknown,Included,Included,Unknown,Unknown,Included,Unknown,Unknown,Unknown,Unknown,,,,2026-07-28T05:48:37+00:00,success,0
AC,YYZ,DEL,YTO,CA,DEL,IN,2026-11-03,2026-11-06,Winter,Business,0,Bus-1,BSSAVER,Business Basic,0.00 USD,3858.03,USD,Ubfly,BSSAVER-BSSAVER-BSSAVER,Soft drink; Premium check-in; In-flight entertainment; Chauffeur Drive; Internet Access,Included,Included,Included,Included,Included,Included,Included,Unknown,Unknown,Unknown,Unknown,Unknown,Unknown,Unknown,Unknown,Unknown,Yes,,,2026-07-28T05:48:37+00:00,success,0
AC,YYZ,DEL,YTO,CA,DEL,IN,2026-11-03,2026-11-06,Winter,Business,1,Bus-2,BSFLEX,Business Flex,"+1,400.39 USD",5258.42,USD,Ubfly,BSFLEX-BSFLEX-BSFLEX,Premium check-in; Soft drink; In-flight entertainment; Chauffeur Drive; Internet Access,Included,Included,Included,Included,Included,Included,Included,Unknown,Unknown,Unknown,Unknown,Unknown,Unknown,Unknown,Unknown,Unknown,Yes,175.0,,2026-07-28T05:48:37+00:00,success,0
AC,YYZ,DEL,YTO,CA,DEL,IN,2026-11-03,2026-11-06,Winter,Business,2,Bus-3,BSFLXPLUS,Business Comfort,"+3,210.75 USD",7068.78,USD,Ubfly,BSFLXPLUS-BSFLXPLUS-BSFLXPLUS,Premium check-in; Soft drink; In-flight entertainment; Chauffeur Drive; Internet Access; Uninterrupted return (up to the last 12 hours); Change with Penalty,Included,Included,Included,Included,Included,Included,Included,Unknown,Unknown,Unknown,Unknown,Unknown,Unknown,Unknown,Unknown,Unknown,Yes,190.0,,2026-07-28T05:48:37+00:00,success,0
AC,YYZ,DEL,YTO,CA,DEL,IN,2026-11-03,2026-11-06,Winter,Premium Economy,0,PEco-1,PL,Premium Economy — PL,+682.07 USD,2217.15,USD,Ubfly,PL-PL-PL,Privileged check-in; POINT ACCRUAL(F),Included,Included,Included,Included,Unknown,Unknown,Unknown,Unknown,Unknown,Unknown,Unknown,Unknown,Unknown,Unknown,Unknown,Unknown,,,,2026-07-28T05:48:37+00:00,success,0
AC,YYZ,DEL,YTO,CA,DEL,IN,2026-11-03,2026-11-06,Winter,Premium Economy,1,PEco-2,PRIME FLY,Premium Economy Premium,+866.81 USD,2401.89,USD,Ubfly,PF-PF-PF,Change with Penalty; Uninterrupted return (up to the last 12 hours); Privileged check-in; POINT ACCRUAL(F),Included,Included,Included,Included,Unknown,Unknown,Unknown,Unknown,Unknown,Unknown,Unknown,Included,Unknown,Unknown,Unknown,Unknown,,,,2026-07-28T05:48:37+00:00,success,0
AI,YYZ,DEL,YTO,CA,DEL,IN,2027-05-13,2027-05-16,Summer,Economy,0,Eco-1,ECOVALU,Economy — ECOVALU,0.00 USD,1170.35,USD,Ubfly,ECOVALU,,Included,Included,Included,Paid,Unknown,Unknown,Unknown,Not Included,Paid,Unknown,Unknown,Unknown,Unknown,Unknown,Unknown,Unknown,,,,2026-07-28T05:48:37+00:00,partial,0
AI,YYZ,DEL,YTO,CA,DEL,IN,2027-05-13,2027-05-16,Summer,Economy,1,Eco-2,ECOCLAS,Economy — ECOCLAS,+44.90 USD,1215.25,USD,Ubfly,ECOCLAS,,Included,Included,Included,Paid,Unknown,Unknown,Unknown,Paid,Paid,Unknown,Unknown,Unknown,Unknown,Unknown,Unknown,Unknown,,,,2026-07-28T05:48:37+00:00,partial,0
AI,YYZ,DEL,YTO,CA,DEL,IN,2027-05-13,2027-05-16,Summer,Economy,2,Eco-3,ECOFLX,Economy — ECOFLX,+172.80 USD,1343.15,USD,Ubfly,ECOFLX,Change with Penalty,Included,Included,Included,Paid,Unknown,Unknown,Unknown,Paid,Included,Unknown,Unknown,Unknown,Unknown,Unknown,Unknown,Unknown,,,,2026-07-28T05:48:37+00:00,partial,0
AI,YYZ,DEL,YTO,CA,DEL,IN,2027-05-13,2027-05-16,Summer,Business,0,Bus-1,BUSVALU,Business — BUSVALU,0.00 USD,2994.35,USD,Ubfly,BUSVALU,,Included,Included,Included,Paid,Unknown,Unknown,Unknown,Paid,Paid,Unknown,Unknown,Unknown,Unknown,Unknown,Unknown,Unknown,,,,2026-07-28T05:48:37+00:00,partial,0
AI,YYZ,DEL,YTO,CA,DEL,IN,2027-05-13,2027-05-16,Summer,Business,1,Bus-2,BUSFLX,Business — BUSFLX,+170.52 USD,3164.87,USD,Ubfly,BUSFLX,Change with Penalty,Included,Included,Included,Paid,Unknown,Unknown,Unknown,Paid,Included,Unknown,Unknown,Unknown,Unknown,Unknown,Unknown,Unknown,,,,2026-07-28T05:48:37+00:00,partial,0
AI,YYZ,DEL,YTO,CA,DEL,IN,2027-05-13,2027-05-16,Summer,Premium Economy,0,PEco-1,PEYVALU,Premium Economy — PEYVALU,+447.62 USD,1617.97,USD,Ubfly,PEYVALU,,Included,Included,Included,Paid,Unknown,Unknown,Unknown,Unknown,Unknown,Unknown,Unknown,Unknown,Unknown,Unknown,Unknown,Unknown,,,,2026-07-28T05:48:37+00:00,partial,0
AI,YYZ,DEL,YTO,CA,DEL,IN,2027-05-13,2027-05-16,Summer,Premium Economy,1,PEco-2,PEYFLX,Premium Economy — PEYFLX,+525.76 USD,1696.11,USD,Ubfly,PEYFLX,Change with Penalty,Included,Included,Included,Paid,Unknown,Unknown,Unknown,Unknown,Unknown,Unknown,Unknown,Unknown,Unknown,Unknown,Unknown,Unknown,,,,2026-07-28T05:48:37+00:00,partial,0
AI,YYZ,DEL,YTO,CA,DEL,IN,2026-11-03,2026-11-06,Winter,Economy,0,Eco-1,ECOVALU,Economy — ECOVALU,0.00 USD,1512.09,USD,Ubfly,ECOVALU,,Included,Included,Included,Paid,Unknown,Unknown,Unknown,Not Included,Paid,Unknown,Unknown,Unknown,Unknown,Unknown,Unknown,Unknown,,,,2026-07-28T05:48:37+00:00,partial,0
AI,YYZ,DEL,YTO,CA,DEL,IN,2026-11-03,2026-11-06,Winter,Economy,1,Eco-2,ECOCLAS,Economy — ECOCLAS,+44.92 USD,1557.01,USD,Ubfly,ECOCLAS,,Included,Included,Included,Paid,Unknown,Unknown,Unknown,Paid,Paid,Unknown,Unknown,Unknown,Unknown,Unknown,Unknown,Unknown,,,,2026-07-28T05:48:37+00:00,partial,0
AI,YYZ,DEL,YTO,CA,DEL,IN,2026-11-03,2026-11-06,Winter,Economy,2,Eco-3,ECOFLX,Economy — ECOFLX,+172.80 USD,1684.89,USD,Ubfly,ECOFLX,Change with Penalty,Included,Included,Included,Paid,Unknown,Unknown,Unknown,Paid,Included,Unknown,Unknown,Unknown,Unknown,Unknown,Unknown,Unknown,,,,2026-07-28T05:48:37+00:00,partial,0
AI,YYZ,DEL,YTO,CA,DEL,IN,2026-11-03,2026-11-06,Winter,Business,0,Bus-1,BUSVALU,Business — BUSVALU,0.00 USD,4911.68,USD,Ubfly,BUSVALU,,Included,Included,Included,Paid,Unknown,Unknown,Unknown,Paid,Paid,Unknown,Unknown,Unknown,Unknown,Unknown,Unknown,Unknown,,,,2026-07-28T05:48:37+00:00,partial,0
AI,YYZ,DEL,YTO,CA,DEL,IN,2026-11-03,2026-11-06,Winter,Business,1,Bus-2,BUSFLX,Business — BUSFLX,+170.52 USD,5082.2,USD,Ubfly,BUSFLX,Change with Penalty,Included,Included,Included,Paid,Unknown,Unknown,Unknown,Paid,Included,Unknown,Unknown,Unknown,Unknown,Unknown,Unknown,Unknown,,,,2026-07-28T05:48:37+00:00,partial,0
AI,YYZ,DEL,YTO,CA,DEL,IN,2026-11-03,2026-11-06,Winter,Premium Economy,0,PEco-1,PEYVALU,Premium Economy — PEYVALU,+105.88 USD,1617.97,USD,Ubfly,PEYVALU,,Included,Included,Included,Paid,Unknown,Unknown,Unknown,Unknown,Unknown,Unknown,Unknown,Unknown,Unknown,Unknown,Unknown,Unknown,,,,2026-07-28T05:48:37+00:00,partial,0
AI,YYZ,DEL,YTO,CA,DEL,IN,2026-11-03,2026-11-06,Winter,Premium Economy,1,PEco-2,PEYFLX,Premium Economy — PEYFLX,+184.02 USD,1696.11,USD,Ubfly,PEYFLX,Change with Penalty,Included,Included,Included,Paid,Unknown,Unknown,Unknown,Unknown,Unknown,Unknown,Unknown,Unknown,Unknown,Unknown,Unknown,Unknown,,,,2026-07-28T05:48:37+00:00,partial,0
EY,YYZ,DEL,YTO,CA,DEL,IN,2027-05-13,2027-05-16,Summer,Economy,0,Eco-1,YVALUE,Economy Basic,0.00 USD,815.43,USD,Ubfly,YVALUE-YVALUE,,Included,Included,Unknown,Included,Unknown,Unknown,Unknown,Not Included,Paid,Unknown,Unknown,Unknown,Unknown,Unknown,Unknown,Unknown,Yes,35.0,,2026-07-28T05:48:37+00:00,success,0
EY,YYZ,DEL,YTO,CA,DEL,IN,2027-05-13,2027-05-16,Summer,Economy,1,Eco-2,YCOMFORT,Economy Comfort,+52.57 USD,868.0,USD,Ubfly,YCOMFORT-YCOMFORT,,Included,Included,Included,Included,Unknown,Unknown,Unknown,Paid,Paid,Unknown,Unknown,Unknown,Unknown,Unknown,Unknown,Unknown,Yes,75.0,,2026-07-28T05:48:37+00:00,success,0
EY,YYZ,DEL,YTO,CA,DEL,IN,2027-05-13,2027-05-16,Summer,Economy,2,Eco-3,YDELUXE,Economy — YDELUXE,+185.44 USD,1000.87,USD,Ubfly,YDELUXE-YDELUXE,Change with Penalty; Uninterrupted return (up to the last 12 hours); Priority Access,Included,Included,Included,Included,Unknown,Unknown,Unknown,Included,Included,Unknown,Unknown,Unknown,Unknown,Unknown,Unknown,Unknown,Yes,,,2026-07-28T05:48:37+00:00,success,0
EY,YYZ,DEL,YTO,CA,DEL,IN,2027-05-13,2027-05-16,Summer,Business,0,Bus-1,JVALUE,Business Basic,0.00 USD,2255.01,USD,Ubfly,JVALUE-JVALUE,Priority Access,Included,Included,Unknown,Included,Unknown,Unknown,Unknown,Not Included,Paid,Unknown,Unknown,Unknown,Unknown,Unknown,Unknown,Unknown,Yes,100.0,,2026-07-28T05:48:37+00:00,success,0
EY,YYZ,DEL,YTO,CA,DEL,IN,2027-05-13,2027-05-16,Summer,Business,1,Bus-2,JCOMFORT,Business Comfort,+149.21 USD,2404.22,USD,Ubfly,JCOMFORT-JCOMFORT,Priority Access; ETIHAD UAE CHAUFFEUR(F),Included,Included,Included,Included,Included,Unknown,Unknown,Paid,Paid,Unknown,Unknown,Unknown,Unknown,Unknown,Unknown,Unknown,Yes,,,2026-07-28T05:48:37+00:00,success,0
EY,YYZ,DEL,YTO,CA,DEL,IN,2027-05-13,2027-05-16,Summer,Business,2,Bus-3,JDELUXE,Business — JDELUXE,"+1,559.57 USD",3814.58,USD,Ubfly,JDELUXE-JDELUXE,Change with Penalty; Uninterrupted return (up to the last 12 hours); Priority Access; ETIHAD UAE CHAUFFEUR(F); ETIHAD GLOBAL CHAUFFEUR(F),Included,Included,Included,Included,Included,Unknown,Unknown,Included,Included,Unknown,Unknown,Unknown,Unknown,Unknown,Unknown,Unknown,Yes,,,2026-07-28T05:48:37+00:00,success,0
EY,YYZ,DEL,YTO,CA,DEL,IN,2026-11-03,2026-11-06,Winter,Economy,0,Eco-1,Economy Value,Economy Basic,0 USD,1252.71,USD,Enuygun,bff_0,,Included,Included,Unknown,Included,Unknown,Unknown,Unknown,Not Included,Paid,Unknown,Unknown,Unknown,Unknown,Unknown,Unknown,Unknown,Yes,35.0,,2026-07-28T05:48:37+00:00,success,0
EY,YYZ,DEL,YTO,CA,DEL,IN,2026-11-03,2026-11-06,Winter,Economy,1,Eco-2,Economy Comfort,Economy Comfort,+38.94 USD,1291.65,USD,Enuygun,bff_1,,Included,Included,Included,Included,Unknown,Unknown,Unknown,Paid,Paid,Unknown,Unknown,Unknown,Unknown,Unknown,Unknown,Unknown,Yes,75.0,,2026-07-28T05:48:37+00:00,success,0
EY,YYZ,DEL,YTO,CA,DEL,IN,2026-11-03,2026-11-06,Winter,Economy,2,Eco-3,Economy Deluxe,Economy — Economy Deluxe,+170.73 USD,1423.44,USD,Enuygun,bff_2,priority_check_in: Öncelikli Check-in,Included,Included,Included,Included,Unknown,Unknown,Unknown,Included,Included,Unknown,Unknown,Unknown,Unknown,Unknown,Unknown,Unknown,Yes,,,2026-07-28T05:48:37+00:00,success,0
EY,YYZ,DEL,YTO,CA,DEL,IN,2026-11-03,2026-11-06,Winter,Business,0,Bus-1,Business Value,Business Basic,0 USD,4852.49,USD,Enuygun,bff_0,priority_check_in: Öncelikli Check-in,Included,Included,Unknown,Included,Unknown,Unknown,Unknown,Not Included,Paid,Unknown,Unknown,Unknown,Unknown,Unknown,Unknown,Unknown,Yes,100.0,,2026-07-28T05:48:37+00:00,success,0
EY,YYZ,DEL,YTO,CA,DEL,IN,2026-11-03,2026-11-06,Winter,Business,1,Bus-2,Business Comfort,Business Comfort,+188.7 USD,5041.2,USD,Enuygun,bff_1,priority_check_in: Öncelikli Check-in,Included,Included,Included,Included,Included,Unknown,Unknown,Paid,Paid,Unknown,Unknown,Unknown,Unknown,Unknown,Unknown,Unknown,Yes,,,2026-07-28T05:48:37+00:00,success,0
EY,YYZ,DEL,YTO,CA,DEL,IN,2026-11-03,2026-11-06,Winter,Business,2,Bus-3,Business Deluxe,Business — Business Deluxe,+554.13 USD,5406.62,USD,Enuygun,bff_2,priority_check_in: Öncelikli Check-in,Included,Included,Included,Included,Included,Unknown,Unknown,Included,Included,Unknown,Unknown,Unknown,Unknown,Unknown,Unknown,Unknown,Yes,,,2026-07-28T05:48:37+00:00,success,0
AF,YYZ,DEL,YTO,CA,DEL,IN,2027-05-13,2027-05-16,Summer,Economy,0,Eco-1,LIGHTBAG,Economy Lite,0.00 USD,806.91,USD,Ubfly,LIGHTBAG-LIGHTBAG-LIGHTBAG,Snack; Soft drink,Included,Included,Unknown,Included,Unknown,Unknown,Unknown,Unknown,Paid,Unknown,Unknown,Unknown,Unknown,Unknown,Unknown,Unknown,Yes,,,2026-07-28T05:48:37+00:00,success,0
AF,YYZ,DEL,YTO,CA,DEL,IN,2027-05-13,2027-05-16,Summer,Economy,1,Eco-2,STANDARD3,Economy Standard,+67.49 USD,874.4,USD,Ubfly,STANDARD3-STANDARD3-STANDARD3,Snack; Soft drink; Change with Penalty,Included,Included,Included,Included,Unknown,Unknown,Unknown,Unknown,Included,Unknown,Unknown,Unknown,Unknown,Unknown,Unknown,Unknown,Yes,,,2026-07-28T05:48:37+00:00,success,0
AF,YYZ,DEL,YTO,CA,DEL,IN,2027-05-13,2027-05-16,Summer,Economy,2,Eco-3,FLEX1,Economy Flex,+175.49 USD,982.4,USD,Ubfly,FLEX1-FLEX1-FLEX1,Snack; Soft drink; Change with Penalty; Uninterrupted return (up to the last 12 hours),Included,Included,Included,Included,Unknown,Unknown,Unknown,Included,Included,Unknown,Unknown,Unknown,Unknown,Unknown,Unknown,Unknown,Yes,,,2026-07-28T05:48:37+00:00,success,0
AF,YYZ,DEL,YTO,CA,DEL,IN,2027-05-13,2027-05-16,Summer,Economy,3,Eco-4,PREMSTAND,Economy — PREMSTAND,+487.40 USD,1294.31,USD,Ubfly,PREMSTAND-PREMSTAND-PREMSTAND,Snack; Soft drink; Change with Penalty; Privileged check-in,Included,Included,Included,Included,Unknown,Included,Included,Unknown,Unknown,Unknown,Unknown,Unknown,Unknown,Unknown,Unknown,Unknown,Yes,,,2026-07-28T05:48:37+00:00,success,0
AF,YYZ,DEL,YTO,CA,DEL,IN,2027-05-13,2027-05-16,Summer,Economy,4,Eco-5,PREMFLEX,Economy Flex,+628.08 USD,1434.99,USD,Ubfly,PREMFLEX-PREMFLEX-PREMFLEX,Snack; Soft drink; Change with Penalty; Uninterrupted return (up to the last 12 hours); Privileged check-in,Included,Included,Included,Included,Unknown,Included,Included,Unknown,Unknown,Unknown,Unknown,Unknown,Unknown,Unknown,Unknown,Unknown,Yes,,,2026-07-28T05:48:37+00:00,success,0
AF,YYZ,DEL,YTO,CA,DEL,IN,2027-05-13,2027-05-16,Summer,Business,0,Bus-1,Business Standard,Business Standard,0 USD,6911.04,USD,Enuygun,bff_0,,Included,Included,Included,Unknown,Included,Unknown,Unknown,Unknown,Included,Unknown,Unknown,Unknown,Unknown,Unknown,Unknown,Unknown,Yes,175.0,,2026-07-28T05:48:37+00:00,success,0
AF,YYZ,DEL,YTO,CA,DEL,IN,2027-05-13,2027-05-16,Summer,Business,1,Bus-2,Business Flex,Business Flex,+283.75 USD,7194.79,USD,Enuygun,bff_1,,Included,Included,Included,Unknown,Included,Unknown,Unknown,Included,Included,Unknown,Unknown,Unknown,Unknown,Unknown,Unknown,Unknown,Yes,,,2026-07-28T05:48:37+00:00,success,0
AF,YYZ,DEL,YTO,CA,DEL,IN,2026-11-03,2026-11-06,Winter,Economy,0,Eco-1,LIGHTBAG,Economy Lite,0.00 USD,1378.41,USD,Ubfly,LIGHTBAG-LIGHTBAG,Snack; Soft drink,Included,Included,Unknown,Included,Unknown,Unknown,Unknown,Unknown,Paid,Unknown,Unknown,Unknown,Unknown,Unknown,Unknown,Unknown,Yes,,,2026-07-28T05:48:37+00:00,success,0
AF,YYZ,DEL,YTO,CA,DEL,IN,2026-11-03,2026-11-06,Winter,Economy,1,Eco-2,STANDARD3,Economy Standard,+74.60 USD,1453.01,USD,Ubfly,STANDARD3-STANDARD3,Snack; Soft drink; Change with Penalty,Included,Included,Included,Included,Unknown,Unknown,Unknown,Unknown,Unknown,Unknown,Unknown,Unknown,Unknown,Unknown,Unknown,Unknown,Yes,,,2026-07-28T05:48:37+00:00,success,0
AF,YYZ,DEL,YTO,CA,DEL,IN,2026-11-03,2026-11-06,Winter,Economy,2,Eco-3,FLEX1,Economy Flex,+194.69 USD,1573.1,USD,Ubfly,FLEX1-FLEX1,Snack; Soft drink; Change with Penalty; Uninterrupted return (up to the last 12 hours),Included,Included,Included,Included,Unknown,Unknown,Unknown,Included,Unknown,Unknown,Unknown,Unknown,Unknown,Unknown,Unknown,Unknown,Yes,,,2026-07-28T05:48:37+00:00,success,0
AF,YYZ,DEL,YTO,CA,DEL,IN,2026-11-03,2026-11-06,Winter,Economy,3,Eco-4,PREMSTAND,Economy — PREMSTAND,+494.51 USD,1872.92,USD,Ubfly,PREMSTAND-PREMSTAND,Snack; Soft drink; Change with Penalty; Privileged check-in,Included,Included,Included,Included,Unknown,Included,Included,Unknown,Unknown,Unknown,Unknown,Unknown,Unknown,Unknown,Unknown,Unknown,Yes,,,2026-07-28T05:48:37+00:00,success,0
AF,YYZ,DEL,YTO,CA,DEL,IN,2026-11-03,2026-11-06,Winter,Economy,4,Eco-5,PREMFLEX,Economy Flex,+659.36 USD,2037.77,USD,Ubfly,PREMFLEX-PREMFLEX,Snack; Soft drink; Change with Penalty; Uninterrupted return (up to the last 12 hours); Privileged check-in,Included,Included,Included,Included,Unknown,Included,Included,Unknown,Unknown,Unknown,Unknown,Unknown,Unknown,Unknown,Unknown,Unknown,Yes,,,2026-07-28T05:48:37+00:00,success,0
AF,YYZ,DEL,YTO,CA,DEL,IN,2026-11-03,2026-11-06,Winter,Business,0,Bus-1,Business Standard,Business Standard,0 USD,9072.44,USD,Enuygun,bff_0,,Included,Included,Included,Unknown,Included,Included,Unknown,Unknown,Included,Unknown,Unknown,Unknown,Unknown,Unknown,Unknown,Unknown,Yes,,,2026-07-28T05:48:37+00:00,success,0
AF,YYZ,DEL,YTO,CA,DEL,IN,2026-11-03,2026-11-06,Winter,Business,1,Bus-2,Business Flex,Business Flex,+308.69 USD,9381.12,USD,Enuygun,bff_1,,Included,Included,Included,Unknown,Included,Included,Unknown,Included,Included,Unknown,Unknown,Unknown,Unknown,Unknown,Unknown,Unknown,Yes,,,2026-07-28T05:48:37+00:00,success,0
AI,YVR,DEL,YVR,CA,DEL,IN,2026-09-12,2026-09-15,Summer,Economy,0,Eco-1,ECOVALU,Economy — ECOVALU,0.00 USD,973.57,USD,Ubfly,ECOVALU,,Included,Included,Included,Paid,Unknown,Unknown,Unknown,Not Included,Paid,Unknown,Unknown,Unknown,Unknown,Unknown,Unknown,Unknown,,,,2026-07-28T05:48:37+00:00,partial,0
AI,YVR,DEL,YVR,CA,DEL,IN,2026-09-12,2026-09-15,Summer,Economy,1,Eco-2,ECOCLAS,Economy — ECOCLAS,+44.92 USD,1018.49,USD,Ubfly,ECOCLAS,,Included,Included,Included,Paid,Unknown,Unknown,Unknown,Paid,Paid,Unknown,Unknown,Unknown,Unknown,Unknown,Unknown,Unknown,,,,2026-07-28T05:48:37+00:00,partial,0
AI,YVR,DEL,YVR,CA,DEL,IN,2026-09-12,2026-09-15,Summer,Economy,2,Eco-3,ECOFLX,Economy — ECOFLX,+172.80 USD,1146.37,USD,Ubfly,ECOFLX,Change with Penalty,Included,Included,Included,Paid,Unknown,Unknown,Unknown,Paid,Included,Unknown,Unknown,Unknown,Unknown,Unknown,Unknown,Unknown,,,,2026-07-28T05:48:37+00:00,partial,0
AI,YVR,DEL,YVR,CA,DEL,IN,2026-09-12,2026-09-15,Summer,Business,0,Bus-1,BUSVALU,Business — BUSVALU,0.00 USD,3160.65,USD,Ubfly,BUSVALU,,Included,Included,Included,Paid,Unknown,Unknown,Unknown,Paid,Paid,Unknown,Unknown,Unknown,Unknown,Unknown,Unknown,Unknown,,,,2026-07-28T05:48:37+00:00,partial,0
AI,YVR,DEL,YVR,CA,DEL,IN,2026-09-12,2026-09-15,Summer,Business,1,Bus-2,BUSFLX,Business — BUSFLX,+170.52 USD,3331.17,USD,Ubfly,BUSFLX,Change with Penalty,Included,Included,Included,Paid,Unknown,Unknown,Unknown,Paid,Included,Unknown,Unknown,Unknown,Unknown,Unknown,Unknown,Unknown,,,,2026-07-28T05:48:37+00:00,partial,0
AI,YVR,DEL,YVR,CA,DEL,IN,2027-03-26,2027-03-29,Winter,Economy,0,Eco-1,ECOVALU,Economy — ECOVALU,0.00 USD,973.57,USD,Ubfly,ECOVALU,,Included,Included,Included,Paid,Unknown,Unknown,Unknown,Not Included,Paid,Unknown,Unknown,Unknown,Unknown,Unknown,Unknown,Unknown,,,,2026-07-28T05:48:37+00:00,partial,0
AI,YVR,DEL,YVR,CA,DEL,IN,2027-03-26,2027-03-29,Winter,Economy,1,Eco-2,ECOCLAS,Economy — ECOCLAS,+44.92 USD,1018.49,USD,Ubfly,ECOCLAS,,Included,Included,Included,Paid,Unknown,Unknown,Unknown,Paid,Paid,Unknown,Unknown,Unknown,Unknown,Unknown,Unknown,Unknown,,,,2026-07-28T05:48:37+00:00,partial,0
AI,YVR,DEL,YVR,CA,DEL,IN,2027-03-26,2027-03-29,Winter,Economy,2,Eco-3,ECOFLX,Economy — ECOFLX,+172.80 USD,1146.37,USD,Ubfly,ECOFLX,Change with Penalty,Included,Included,Included,Paid,Unknown,Unknown,Unknown,Paid,Included,Unknown,Unknown,Unknown,Unknown,Unknown,Unknown,Unknown,,,,2026-07-28T05:48:37+00:00,partial,0
AI,YVR,DEL,YVR,CA,DEL,IN,2027-03-26,2027-03-29,Winter,Business,0,Bus-1,BUSVALU,Business — BUSVALU,0.00 USD,3160.65,USD,Ubfly,BUSVALU,,Included,Included,Included,Paid,Unknown,Unknown,Unknown,Paid,Paid,Unknown,Unknown,Unknown,Unknown,Unknown,Unknown,Unknown,,,,2026-07-28T05:48:37+00:00,partial,0
AI,YVR,DEL,YVR,CA,DEL,IN,2027-03-26,2027-03-29,Winter,Business,1,Bus-2,BUSFLX,Business — BUSFLX,+170.52 USD,3331.17,USD,Ubfly,BUSFLX,Change with Penalty,Included,Included,Included,Paid,Unknown,Unknown,Unknown,Paid,Included,Unknown,Unknown,Unknown,Unknown,Unknown,Unknown,Unknown,,,,2026-07-28T05:48:37+00:00,partial,0
CX,YVR,DEL,YVR,CA,DEL,IN,2026-09-12,2026-09-15,Summer,Economy,0,Eco-1,Economy Light,Economy Lite,0 USD,696.44,USD,Enuygun,bff_0,,Included,Included,Unknown,Included,Unknown,Unknown,Unknown,Paid,Paid,Unknown,Unknown,Unknown,Unknown,Unknown,Unknown,Unknown,,,,2026-07-28T05:48:37+00:00,partial,0
CX,YVR,DEL,YVR,CA,DEL,IN,2026-09-12,2026-09-15,Summer,Economy,1,Eco-2,Economy Essential,Economy — Economy Essential,+114.58 USD,811.02,USD,Enuygun,bff_1,,Included,Included,Unknown,Included,Unknown,Unknown,Unknown,Paid,Paid,Unknown,Unknown,Unknown,Unknown,Unknown,Unknown,Unknown,,,,2026-07-28T05:48:37+00:00,partial,0
CX,YVR,DEL,YVR,CA,DEL,IN,2026-09-12,2026-09-15,Summer,Economy,2,Eco-3,Economy Flex,Economy Flex,+235.53 USD,931.97,USD,Enuygun,bff_2,,Included,Included,Unknown,Included,Unknown,Unknown,Unknown,Paid,Included,Unknown,Unknown,Unknown,Unknown,Unknown,Unknown,Unknown,,,,2026-07-28T05:48:37+00:00,partial,0
CX,YVR,DEL,YVR,CA,DEL,IN,2026-09-12,2026-09-15,Summer,Business,0,Bus-1,Business Essential,Business — Business Essential,0 USD,3873.59,USD,Enuygun,bff_0,priority_check_in: Öncelikli Check-in,Included,Included,Unknown,Included,Included,Unknown,Unknown,Paid,Paid,Unknown,Unknown,Unknown,Unknown,Unknown,Unknown,Unknown,,,,2026-07-28T05:48:37+00:00,partial,0
CX,YVR,DEL,YVR,CA,DEL,IN,2026-09-12,2026-09-15,Summer,Business,1,Bus-2,Business Flex,Business Flex,+4043.39 USD,7916.98,USD,Enuygun,bff_1,priority_check_in: Öncelikli Check-in,Included,Included,Unknown,Included,Included,Unknown,Unknown,Included,Included,Unknown,Unknown,Unknown,Unknown,Unknown,Unknown,Unknown,,,,2026-07-28T05:48:37+00:00,partial,0
CX,YVR,DEL,YVR,CA,DEL,IN,2027-03-26,2027-03-29,Winter,Economy,0,Eco-1,Economy Light,Economy Lite,0 USD,782.18,USD,Enuygun,bff_0,,Included,Included,Unknown,Included,Unknown,Unknown,Unknown,Paid,Paid,Unknown,Unknown,Unknown,Unknown,Unknown,Unknown,Unknown,,,,2026-07-28T05:48:37+00:00,partial,0
CX,YVR,DEL,YVR,CA,DEL,IN,2027-03-26,2027-03-29,Winter,Economy,1,Eco-2,Economy Essential,Economy — Economy Essential,+124.08 USD,906.26,USD,Enuygun,bff_1,,Included,Included,Unknown,Included,Unknown,Unknown,Unknown,Paid,Paid,Unknown,Unknown,Unknown,Unknown,Unknown,Unknown,Unknown,,,,2026-07-28T05:48:37+00:00,partial,0
CX,YVR,DEL,YVR,CA,DEL,IN,2027-03-26,2027-03-29,Winter,Economy,2,Eco-3,Economy Flex,Economy Flex,+234.77 USD,1016.95,USD,Enuygun,bff_2,,Included,Included,Unknown,Included,Unknown,Unknown,Unknown,Paid,Included,Unknown,Unknown,Unknown,Unknown,Unknown,Unknown,Unknown,,,,2026-07-28T05:48:37+00:00,partial,0
CX,YVR,DEL,YVR,CA,DEL,IN,2027-03-26,2027-03-29,Winter,Business,0,Bus-1,Business Light,Business Lite,0 USD,2891.86,USD,Enuygun,bff_0,priority_check_in: Öncelikli Check-in,Included,Included,Unknown,Included,Included,Unknown,Unknown,Paid,Paid,Unknown,Unknown,Unknown,Unknown,Unknown,Unknown,Unknown,,,,2026-07-28T05:48:37+00:00,partial,0
CX,YVR,DEL,YVR,CA,DEL,IN,2027-03-26,2027-03-29,Winter,Business,1,Bus-2,Business Essential,Business — Business Essential,+1075.27 USD,3967.13,USD,Enuygun,bff_1,priority_check_in: Öncelikli Check-in,Included,Included,Unknown,Included,Included,Unknown,Unknown,Paid,Paid,Unknown,Unknown,Unknown,Unknown,Unknown,Unknown,Unknown,,,,2026-07-28T05:48:37+00:00,partial,0
CX,YVR,DEL,YVR,CA,DEL,IN,2027-03-26,2027-03-29,Winter,Business,2,Bus-3,Business Flex,Business Flex,+5118.66 USD,8010.52,USD,Enuygun,bff_2,priority_check_in: Öncelikli Check-in,Included,Included,Unknown,Included,Included,Unknown,Unknown,Included,Included,Unknown,Unknown,Unknown,Unknown,Unknown,Unknown,Unknown,,,,2026-07-28T05:48:37+00:00,partial,0
AC,YVR,DEL,YVR,CA,DEL,IN,2026-09-12,2026-09-15,Summer,Economy,0,Eco-1,Standard,Economy Standard,0.00 USD,1488.62,USD,Ubfly,TG-TG-TG,POINT ACCRUAL(F),Included,Included,Unknown,Included,Unknown,Unknown,Unknown,Not Included,Paid,Unknown,Unknown,Unknown,Unknown,Unknown,Unknown,Unknown,,,,2026-07-28T05:48:37+00:00,success,0
AC,YVR,DEL,YVR,CA,DEL,IN,2026-09-12,2026-09-15,Summer,Economy,1,Eco-2,Flexible,Economy Flex,+145.53 USD,1634.15,USD,Ubfly,FL-FL-FL,POINT ACCRUAL(F),Included,Included,Included,Included,Unknown,Unknown,Unknown,Paid,Included,Unknown,Unknown,Unknown,Unknown,Unknown,Unknown,Unknown,,,,2026-07-28T05:48:37+00:00,success,0
AC,YVR,DEL,YVR,CA,DEL,IN,2026-09-12,2026-09-15,Summer,Economy,2,Eco-3,Comfort,Economy Comfort,+230.92 USD,1719.54,USD,Ubfly,CO-CO-CO,Change with Penalty; Uninterrupted return (up to the last 12 hours); Privileged check-in; POINT ACCRUAL(F),Included,Included,Included,Included,Unknown,Unknown,Unknown,Included,Included,Unknown,Unknown,Included,Unknown,Unknown,Unknown,Unknown,,,,2026-07-28T05:48:37+00:00,success,0
AC,YVR,DEL,YVR,CA,DEL,IN,2026-09-12,2026-09-15,Summer,Economy,3,Eco-4,PB,Economy — PB,+670.01 USD,2158.63,USD,Ubfly,PB-PB-PB,Privileged check-in; POINT ACCRUAL(F),Included,Included,Unknown,Included,Unknown,Unknown,Unknown,Unknown,Unknown,Unknown,Unknown,Unknown,Unknown,Unknown,Unknown,Unknown,,,,2026-07-28T05:48:37+00:00,success,0
AC,YVR,DEL,YVR,CA,DEL,IN,2026-09-12,2026-09-15,Summer,Economy,4,Eco-5,Latitude,Economy — Latitude,"+1,419.59 USD",2908.21,USD,Ubfly,LT-LT-LT,Change with Penalty; Uninterrupted return (up to the last 12 hours); Privileged check-in; POINT ACCRUAL(F),Included,Included,Included,Included,Unknown,Unknown,Unknown,Included,Included,Unknown,Unknown,Included,Unknown,Unknown,Unknown,Unknown,,,,2026-07-28T05:48:37+00:00,success,0
AC,YVR,DEL,YVR,CA,DEL,IN,2026-09-12,2026-09-15,Summer,Business,0,Bus-1,BUSSTAND,Business — BUSSTAND,0.00 USD,4495.4,USD,Ubfly,BUSSTAND-BUSSTAND-BUSSTAND,Hot dinner service; Laptop or handbag up to 85 LCM,Included,Included,Included,Included,Unknown,Unknown,Unknown,Unknown,Unknown,Unknown,Unknown,Unknown,Unknown,Unknown,Unknown,Unknown,Yes,,,2026-07-28T05:48:37+00:00,success,0
AC,YVR,DEL,YVR,CA,DEL,IN,2026-09-12,2026-09-15,Summer,Business,1,Bus-2,BUSSEMIFLX,Business — BUSSEMIFLX,+71.05 USD,4566.45,USD,Ubfly,BUSSEMIFLX-BUSSEMIFLX-BUSSEMIFLX,Hot dinner service; Change with penalty; Laptop or handbag up to 85 LCM,Included,Included,Included,Included,Unknown,Unknown,Unknown,Unknown,Unknown,Unknown,Unknown,Unknown,Unknown,Unknown,Unknown,Unknown,Yes,,,2026-07-28T05:48:37+00:00,success,0
AC,YVR,DEL,YVR,CA,DEL,IN,2026-09-12,2026-09-15,Summer,Business,2,Bus-3,BUSFULLFLX,Business Premium,+166.96 USD,4662.36,USD,Ubfly,BUSFULLFLX-BUSFULLFLX-BUSFULLFLX,Hot dinner service; Uninterrupted return (up to the last 12 hours); Change with penalty; Laptop or handbag up to 85 LCM,Included,Included,Included,Included,Unknown,Unknown,Unknown,Unknown,Unknown,Unknown,Unknown,Unknown,Unknown,Unknown,Unknown,Unknown,Yes,,,2026-07-28T05:48:37+00:00,success,0
AC,YVR,DEL,YVR,CA,DEL,IN,2026-09-12,2026-09-15,Summer,Premium Economy,0,PEco-1,PL,Premium Economy — PL,+762.39 USD,2251.01,USD,Ubfly,PL-PL-PL,Privileged check-in; POINT ACCRUAL(F),Included,Included,Included,Included,Unknown,Unknown,Unknown,Unknown,Unknown,Unknown,Unknown,Unknown,Unknown,Unknown,Unknown,Unknown,,,,2026-07-28T05:48:37+00:00,success,0
AC,YVR,DEL,YVR,CA,DEL,IN,2026-09-12,2026-09-15,Summer,Premium Economy,1,PEco-2,PRIME FLY,Premium Economy Premium,+947.11 USD,2435.73,USD,Ubfly,PF-PF-PF,Change with Penalty; Uninterrupted return (up to the last 12 hours); Privileged check-in; POINT ACCRUAL(F),Included,Included,Included,Included,Unknown,Unknown,Unknown,Unknown,Unknown,Unknown,Unknown,Included,Unknown,Unknown,Unknown,Unknown,,,,2026-07-28T05:48:37+00:00,success,0
AC,YVR,DEL,YVR,CA,DEL,IN,2027-03-26,2027-03-29,Winter,Economy,0,Eco-1,Standard,Economy Standard,0.00 USD,1463.56,USD,Ubfly,TG-TG-TG,POINT ACCRUAL(F),Included,Included,Unknown,Included,Unknown,Unknown,Unknown,Not Included,Paid,Unknown,Unknown,Unknown,Unknown,Unknown,Unknown,Unknown,,,,2026-07-28T05:48:37+00:00,success,0
AC,YVR,DEL,YVR,CA,DEL,IN,2027-03-26,2027-03-29,Winter,Economy,1,Eco-2,Flexible,Economy Flex,+145.53 USD,1609.09,USD,Ubfly,FL-FL-FL,POINT ACCRUAL(F),Included,Included,Included,Included,Unknown,Unknown,Unknown,Paid,Included,Unknown,Unknown,Unknown,Unknown,Unknown,Unknown,Unknown,,,,2026-07-28T05:48:37+00:00,success,0
AC,YVR,DEL,YVR,CA,DEL,IN,2027-03-26,2027-03-29,Winter,Economy,2,Eco-3,Comfort,Economy Comfort,+230.92 USD,1694.48,USD,Ubfly,CO-CO-CO,Change with Penalty; Uninterrupted return (up to the last 12 hours); Privileged check-in; POINT ACCRUAL(F),Included,Included,Included,Included,Unknown,Unknown,Unknown,Included,Included,Unknown,Unknown,Included,Unknown,Unknown,Unknown,Unknown,,,,2026-07-28T05:48:37+00:00,success,0
AC,YVR,DEL,YVR,CA,DEL,IN,2027-03-26,2027-03-29,Winter,Economy,3,Eco-4,PB,Economy — PB,+670.01 USD,2133.57,USD,Ubfly,PB-PB-PB,Privileged check-in; POINT ACCRUAL(F),Included,Included,Unknown,Included,Unknown,Unknown,Unknown,Unknown,Unknown,Unknown,Unknown,Unknown,Unknown,Unknown,Unknown,Unknown,,,,2026-07-28T05:48:37+00:00,success,0
AC,YVR,DEL,YVR,CA,DEL,IN,2027-03-26,2027-03-29,Winter,Economy,4,Eco-5,Latitude,Economy — Latitude,"+1,419.59 USD",2883.15,USD,Ubfly,LT-LT-LT,Change with Penalty; Uninterrupted return (up to the last 12 hours); Privileged check-in; POINT ACCRUAL(F),Included,Included,Included,Included,Unknown,Unknown,Unknown,Included,Included,Unknown,Unknown,Included,Unknown,Unknown,Unknown,Unknown,,,,2026-07-28T05:48:37+00:00,success,0
AC,YVR,DEL,YVR,CA,DEL,IN,2027-03-26,2027-03-29,Winter,Business,0,Bus-1,BUSSTAND,Business — BUSSTAND,0.00 USD,3472.28,USD,Ubfly,BUSSTAND-BUSSTAND-BUSSTAND,Hot dinner service; Laptop or handbag up to 85 LCM,Included,Included,Included,Included,Unknown,Unknown,Unknown,Not Included,Paid,Unknown,Unknown,Unknown,Unknown,Unknown,Unknown,Unknown,Yes,,,2026-07-28T05:48:37+00:00,success,0
AC,YVR,DEL,YVR,CA,DEL,IN,2027-03-26,2027-03-29,Winter,Business,1,Bus-2,BUSSEMIFLX,Business — BUSSEMIFLX,+71.05 USD,3543.33,USD,Ubfly,BUSSEMIFLX-BUSSEMIFLX-BUSSEMIFLX,Hot dinner service; Change with penalty; Laptop or handbag up to 85 LCM,Included,Included,Included,Included,Unknown,Unknown,Unknown,Paid,Paid,Unknown,Unknown,Unknown,Unknown,Unknown,Unknown,Unknown,Yes,,,2026-07-28T05:48:37+00:00,success,0
AC,YVR,DEL,YVR,CA,DEL,IN,2027-03-26,2027-03-29,Winter,Business,2,Bus-3,BUSFULLFLX,Business Premium,+166.96 USD,3639.24,USD,Ubfly,BUSFULLFLX-BUSFULLFLX-BUSFULLFLX,Hot dinner service; Uninterrupted return (up to the last 12 hours); Change with penalty; Laptop or handbag up to 85 LCM,Included,Included,Included,Included,Unknown,Unknown,Unknown,Included,Included,Unknown,Unknown,Unknown,Unknown,Unknown,Unknown,Unknown,Yes,,,2026-07-28T05:48:37+00:00,success,0
AC,YVR,DEL,YVR,CA,DEL,IN,2027-03-26,2027-03-29,Winter,Premium Economy,0,PEco-1,PL,Premium Economy — PL,+762.39 USD,2225.95,USD,Ubfly,PL-PL-PL,Privileged check-in; POINT ACCRUAL(F),Included,Included,Included,Included,Unknown,Unknown,Unknown,Unknown,Unknown,Unknown,Unknown,Unknown,Unknown,Unknown,Unknown,Unknown,,,,2026-07-28T05:48:37+00:00,success,0
AC,YVR,DEL,YVR,CA,DEL,IN,2027-03-26,2027-03-29,Winter,Premium Economy,1,PEco-2,PRIME FLY,Premium Economy Premium,+947.11 USD,2410.67,USD,Ubfly,PF-PF-PF,Change with Penalty; Uninterrupted return (up to the last 12 hours); Privileged check-in; POINT ACCRUAL(F),Included,Included,Included,Included,Unknown,Unknown,Unknown,Unknown,Unknown,Unknown,Unknown,Included,Unknown,Unknown,Unknown,Unknown,,,,2026-07-28T05:48:37+00:00,success,0
AF,YVR,DEL,YVR,CA,DEL,IN,2026-09-12,2026-09-15,Summer,Economy,0,Eco-1,Light,Economy Lite,0 USD,1883.42,USD,Enuygun,bff_0,,Included,Included,Unknown,Included,Unknown,Unknown,Unknown,Unknown,Paid,Unknown,Unknown,Unknown,Unknown,Unknown,Unknown,Unknown,Yes,,,2026-07-28T05:48:37+00:00,success,0
AF,YVR,DEL,YVR,CA,DEL,IN,2026-09-12,2026-09-15,Summer,Economy,1,Eco-2,Standard,Economy Standard,+81.06 USD,1964.48,USD,Enuygun,bff_1,,Included,Included,Included,Included,Unknown,Unknown,Unknown,Unknown,Included,Unknown,Unknown,Unknown,Unknown,Unknown,Unknown,Unknown,Yes,,,2026-07-28T05:48:37+00:00,success,0
AF,YVR,DEL,YVR,CA,DEL,IN,2026-09-12,2026-09-15,Summer,Economy,2,Eco-3,Flex,Economy Flex,+211.24 USD,2094.67,USD,Enuygun,bff_2,,Included,Included,Included,Included,Unknown,Unknown,Unknown,Included,Included,Unknown,Unknown,Unknown,Unknown,Unknown,Unknown,Unknown,Yes,,,2026-07-28T05:48:37+00:00,success,0
AF,YVR,DEL,YVR,CA,DEL,IN,2026-09-12,2026-09-15,Summer,Business,0,Bus-1,Business Standard,Business Standard,0 USD,9189.77,USD,Enuygun,bff_0,,Included,Included,Included,Included,Included,Included,Included,Unknown,Included,Unknown,Unknown,Unknown,Unknown,Unknown,Unknown,Unknown,Yes,,,2026-07-28T05:48:37+00:00,success,0
AF,YVR,DEL,YVR,CA,DEL,IN,2026-09-12,2026-09-15,Summer,Business,1,Bus-2,Business Flex,Business Flex,+308.67 USD,9498.44,USD,Enuygun,bff_1,,Included,Included,Included,Included,Included,Included,Included,Included,Included,Unknown,Unknown,Unknown,Unknown,Unknown,Unknown,Unknown,Yes,,,2026-07-28T05:48:37+00:00,success,0
AF,YVR,DEL,YVR,CA,DEL,IN,2027-03-26,2027-03-29,Winter,Economy,0,Eco-1,LIGHTBAG,Economy Lite,0.00 USD,925.15,USD,Ubfly,LIGHTBAG-LIGHTBAG,Snack; Soft drink,Included,Included,Unknown,Included,Unknown,Unknown,Unknown,Unknown,Paid,Unknown,Unknown,Unknown,Unknown,Unknown,Unknown,Unknown,Yes,,,2026-07-28T05:48:37+00:00,success,0
AF,YVR,DEL,YVR,CA,DEL,IN,2027-03-26,2027-03-29,Winter,Economy,1,Eco-2,STANDARD3,Economy Standard,+67.49 USD,992.64,USD,Ubfly,STANDARD3-STANDARD3,Snack; Soft drink; Change with Penalty,Included,Included,Included,Included,Unknown,Unknown,Unknown,Unknown,Included,Unknown,Unknown,Unknown,Unknown,Unknown,Unknown,Unknown,Yes,,,2026-07-28T05:48:37+00:00,success,0
AF,YVR,DEL,YVR,CA,DEL,IN,2027-03-26,2027-03-29,Winter,Economy,2,Eco-3,FLEX1,Economy Flex,+175.49 USD,1100.64,USD,Ubfly,FLEX1-FLEX1,Snack; Soft drink; Change with Penalty; Uninterrupted return (up to the last 12 hours),Included,Included,Included,Included,Unknown,Unknown,Unknown,Included,Included,Unknown,Unknown,Unknown,Unknown,Unknown,Unknown,Unknown,Yes,,,2026-07-28T05:48:37+00:00,success,0
AF,YVR,DEL,YVR,CA,DEL,IN,2027-03-26,2027-03-29,Winter,Economy,3,Eco-4,PREMSTAND,Economy — PREMSTAND,+885.29 USD,1810.44,USD,Ubfly,PREMSTAND-PREMSTAND,Snack; Soft drink; Change with Penalty; Privileged check-in,Included,Included,Included,Included,Unknown,Included,Included,Unknown,Unknown,Unknown,Unknown,Unknown,Unknown,Unknown,Unknown,Unknown,Yes,,,2026-07-28T05:48:37+00:00,success,0
AF,YVR,DEL,YVR,CA,DEL,IN,2027-03-26,2027-03-29,Winter,Economy,4,Eco-5,PREMFLEX,Economy Flex,"+1,050.12 USD",1975.27,USD,Ubfly,PREMFLEX-PREMFLEX,Snack; Soft drink; Change with Penalty; Uninterrupted return (up to the last 12 hours); Privileged check-in,Included,Included,Included,Included,Unknown,Included,Included,Unknown,Unknown,Unknown,Unknown,Unknown,Unknown,Unknown,Unknown,Unknown,Yes,,,2026-07-28T05:48:37+00:00,success,0
AF,YVR,DEL,YVR,CA,DEL,IN,2027-03-26,2027-03-29,Winter,Business,0,Bus-1,Business Standard,Business Standard,0 USD,5760.77,USD,Enuygun,bff_0,,Included,Included,Included,Included,Included,Included,Included,Unknown,Included,Unknown,Unknown,Unknown,Unknown,Unknown,Unknown,Unknown,Yes,,,2026-07-28T05:48:37+00:00,success,0
AF,YVR,DEL,YVR,CA,DEL,IN,2027-03-26,2027-03-29,Winter,Business,1,Bus-2,Business Flex,Business Flex,+241.64 USD,6002.41,USD,Enuygun,bff_1,,Included,Included,Included,Included,Included,Included,Included,Included,Included,Unknown,Unknown,Unknown,Unknown,Unknown,Unknown,Unknown,Yes,,,2026-07-28T05:48:37+00:00,success,0
AI,JFK,DEL,NYC,US,DEL,IN,2026-09-10,2026-09-13,Summer,Economy,0,Eco-1,ECO VALUE,Economy Basic,0 USD,611.65,USD,Enuygun,bff_0,,Included,Included,Included,Paid,Unknown,Unknown,Unknown,Included,Paid,Unknown,Unknown,Unknown,Unknown,Unknown,Unknown,Unknown,,,,2026-07-28T05:48:37+00:00,partial,0
AI,JFK,DEL,NYC,US,DEL,IN,2026-09-10,2026-09-13,Summer,Economy,1,Eco-2,ECO CLASSIC,Economy Basic,+56.5 USD,668.14,USD,Enuygun,bff_1,,Included,Included,Included,Paid,Unknown,Unknown,Unknown,Paid,Paid,Unknown,Unknown,Unknown,Unknown,Unknown,Unknown,Unknown,,,,2026-07-28T05:48:37+00:00,partial,0
AI,JFK,DEL,NYC,US,DEL,IN,2026-09-10,2026-09-13,Summer,Economy,2,Eco-3,ECO FLEX,Economy Basic,+237.51 USD,849.16,USD,Enuygun,bff_2,,Included,Included,Included,Paid,Unknown,Unknown,Unknown,Paid,Included,Unknown,Unknown,Unknown,Unknown,Unknown,Unknown,Unknown,,,,2026-07-28T05:48:37+00:00,partial,0
AI,JFK,DEL,NYC,US,DEL,IN,2026-09-10,2026-09-13,Summer,Business,0,Bus-1,BUSVALU,Business — BUSVALU,0.00 USD,3837.64,USD,Ubfly,BUSVALU,,Included,Included,Included,Paid,Unknown,Unknown,Unknown,Paid,Paid,Unknown,Unknown,Unknown,Unknown,Unknown,Unknown,Unknown,,,,2026-07-28T05:48:37+00:00,partial,0
AI,JFK,DEL,NYC,US,DEL,IN,2026-09-10,2026-09-13,Summer,Business,1,Bus-2,BUSFLX,Business — BUSFLX,+200.00 USD,4037.64,USD,Ubfly,BUSFLX,Change with Penalty,Included,Included,Included,Paid,Unknown,Unknown,Unknown,Paid,Included,Unknown,Unknown,Unknown,Unknown,Unknown,Unknown,Unknown,,,,2026-07-28T05:48:37+00:00,partial,0
AI,JFK,DEL,NYC,US,DEL,IN,2026-09-10,2026-09-13,Summer,Premium Economy,0,PEco-1,PEYVALU,Premium Economy — PEYVALU,"+1,613.00 USD",2107.54,USD,Ubfly,PEYVALU,,Included,Included,Included,Paid,Unknown,Unknown,Unknown,Unknown,Unknown,Unknown,Unknown,Unknown,Unknown,Unknown,Unknown,Unknown,,,,2026-07-28T05:48:37+00:00,partial,0
AI,JFK,DEL,NYC,US,DEL,IN,2026-09-10,2026-09-13,Summer,Premium Economy,1,PEco-2,PEYFLX,Premium Economy — PEYFLX,"+1,688.01 USD",2182.55,USD,Ubfly,PEYFLX,Change with Penalty,Included,Included,Included,Paid,Unknown,Unknown,Unknown,Unknown,Unknown,Unknown,Unknown,Unknown,Unknown,Unknown,Unknown,Unknown,,,,2026-07-28T05:48:37+00:00,partial,0
AI,JFK,DEL,NYC,US,DEL,IN,2026-11-16,2026-11-19,Winter,Economy,0,Eco-1,ECOVALU,Economy — ECOVALU,0.00 USD,976.55,USD,Ubfly,ECOVALU,,Included,Included,Included,Paid,Unknown,Unknown,Unknown,Included,Paid,Unknown,Unknown,Unknown,Unknown,Unknown,Unknown,Unknown,,,,2026-07-28T05:48:37+00:00,partial,0
AI,JFK,DEL,NYC,US,DEL,IN,2026-11-16,2026-11-19,Winter,Economy,1,Eco-2,ECOCLAS,Economy — ECOCLAS,+47.27 USD,1023.82,USD,Ubfly,ECOCLAS,,Included,Included,Included,Paid,Unknown,Unknown,Unknown,Paid,Paid,Unknown,Unknown,Unknown,Unknown,Unknown,Unknown,Unknown,,,,2026-07-28T05:48:37+00:00,partial,0
AI,JFK,DEL,NYC,US,DEL,IN,2026-11-16,2026-11-19,Winter,Economy,2,Eco-3,ECOFLX,Economy — ECOFLX,+212.27 USD,1188.82,USD,Ubfly,ECOFLX,Change with Penalty,Included,Included,Included,Paid,Unknown,Unknown,Unknown,Paid,Included,Unknown,Unknown,Unknown,Unknown,Unknown,Unknown,Unknown,,,,2026-07-28T05:48:37+00:00,partial,0
AI,JFK,DEL,NYC,US,DEL,IN,2026-11-16,2026-11-19,Winter,Business,0,Bus-1,Business Value,Business Basic,0 USD,5628.15,USD,Enuygun,bff_0,,Included,Included,Included,Included,Unknown,Unknown,Unknown,Paid,Paid,Unknown,Unknown,Unknown,Unknown,Unknown,Unknown,Unknown,,,,2026-07-28T05:48:37+00:00,partial,0
AI,JFK,DEL,NYC,US,DEL,IN,2026-11-16,2026-11-19,Winter,Business,1,Bus-2,Business Flex,Business Flex,+219.42 USD,5847.57,USD,Enuygun,bff_1,,Included,Included,Included,Included,Unknown,Unknown,Unknown,Paid,Included,Unknown,Unknown,Unknown,Unknown,Unknown,Unknown,Unknown,,,,2026-07-28T05:48:37+00:00,partial,0
AI,JFK,DEL,NYC,US,DEL,IN,2026-11-16,2026-11-19,Winter,Premium Economy,0,PEco-1,PEYVALU,Premium Economy — PEYVALU,"+2,424.99 USD",3401.54,USD,Ubfly,PEYVALU,,Included,Included,Included,Paid,Unknown,Unknown,Unknown,Unknown,Unknown,Unknown,Unknown,Unknown,Unknown,Unknown,Unknown,Unknown,,,,2026-07-28T05:48:37+00:00,partial,0
AI,JFK,DEL,NYC,US,DEL,IN,2026-11-16,2026-11-19,Winter,Premium Economy,1,PEco-2,PEYFLX,Premium Economy — PEYFLX,"+2,499.99 USD",3476.54,USD,Ubfly,PEYFLX,Change with Penalty,Included,Included,Included,Paid,Unknown,Unknown,Unknown,Unknown,Unknown,Unknown,Unknown,Unknown,Unknown,Unknown,Unknown,Unknown,,,,2026-07-28T05:48:37+00:00,partial,0
AA,JFK,DEL,NYC,US,DEL,IN,2026-09-10,2026-09-13,Summer,Economy,0,Eco-1,ECOLITE,Economy Lite,0.00 USD,1284.75,USD,Ubfly,ECOLITE-ECOLITE-ECOLITE,,Included,Included,Unknown,Included,Unknown,Unknown,Unknown,Unknown,Included,Unknown,Unknown,Unknown,Unknown,Unknown,Unknown,Unknown,Yes,,,2026-07-28T05:48:37+00:00,success,0
AA,JFK,DEL,NYC,US,DEL,IN,2026-09-10,2026-09-13,Summer,Economy,1,Eco-2,ECOSMART,Economy Standard,+58.28 USD,1343.03,USD,Ubfly,ECOSMART-ECOSMART-ECOSMART,,Included,Included,Included,Included,Unknown,Unknown,Unknown,Unknown,Included,Unknown,Unknown,Unknown,Unknown,Unknown,Unknown,Unknown,Yes,75.0,,2026-07-28T05:48:37+00:00,success,0
AA,JFK,DEL,NYC,US,DEL,IN,2026-09-10,2026-09-13,Summer,Economy,2,Eco-3,ECOFLEX,Economy Flex,+114.28 USD,1399.03,USD,Ubfly,ECOFLEX-ECOFLEX-ECOFLEX,,Included,Included,Included,Included,Unknown,Unknown,Unknown,Included,Included,Unknown,Unknown,Unknown,Unknown,Unknown,Unknown,Unknown,Yes,,,2026-07-28T05:48:37+00:00,success,0
AA,JFK,DEL,NYC,US,DEL,IN,2026-09-10,2026-09-13,Summer,Business,0,Bus-1,Flagship Business,Business — Flagship Business,0 USD,3957.64,USD,Enuygun,bff_0,priority_check_in: Öncelikli Check-in; entertainment: Uçak İçi Eğlence,Included,Included,Unknown,Included,Unknown,Unknown,Unknown,Unknown,Included,Unknown,Unknown,Unknown,Unknown,Unknown,Unknown,Unknown,,,,2026-07-28T05:48:37+00:00,success,0
AA,JFK,DEL,NYC,US,DEL,IN,2026-09-10,2026-09-13,Summer,Business,1,Bus-2,Flagship Business Flexible,Business Flex,+321.46 USD,4279.11,USD,Enuygun,bff_1,priority_check_in: Öncelikli Check-in; entertainment: Uçak İçi Eğlence,Included,Included,Included,Included,Included,Unknown,Unknown,Included,Included,Unknown,Unknown,Unknown,Unknown,Unknown,Unknown,Unknown,Yes,,,2026-07-28T05:48:37+00:00,success,0
AA,JFK,DEL,NYC,US,DEL,IN,2026-09-10,2026-09-13,Summer,Business,2,Bus-3,Flagship Business Plus,Business Comfort,+775.53 USD,4733.17,USD,Enuygun,bff_2,priority_check_in: Öncelikli Check-in; entertainment: Uçak İçi Eğlence,Included,Included,Unknown,Included,Unknown,Unknown,Unknown,Included,Included,Unknown,Unknown,Unknown,Unknown,Unknown,Unknown,Unknown,,,,2026-07-28T05:48:37+00:00,success,0
AA,JFK,DEL,NYC,US,DEL,IN,2026-09-10,2026-09-13,Summer,Business,3,Bus-4,Flagship Business Semiflexible,Business Standard,+909.36 USD,4867.0,USD,Enuygun,bff_3,priority_check_in: Öncelikli Check-in; entertainment: Uçak İçi Eğlence,Included,Included,Unknown,Included,Unknown,Unknown,Unknown,Paid,Unknown,Unknown,Unknown,Unknown,Unknown,Unknown,Unknown,Unknown,,,,2026-07-28T05:48:37+00:00,success,0
AA,JFK,DEL,NYC,US,DEL,IN,2026-11-16,2026-11-19,Winter,Economy,0,Eco-1,ECOLITE,Economy Lite,0.00 USD,1284.75,USD,Ubfly,ECOLITE-ECOLITE-ECOLITE,,Included,Included,Unknown,Included,Unknown,Unknown,Unknown,Unknown,Included,Unknown,Unknown,Unknown,Unknown,Unknown,Unknown,Unknown,Yes,,,2026-07-28T05:48:37+00:00,success,0
AA,JFK,DEL,NYC,US,DEL,IN,2026-11-16,2026-11-19,Winter,Economy,1,Eco-2,ECOSMART,Economy Standard,+58.28 USD,1343.03,USD,Ubfly,ECOSMART-ECOSMART-ECOSMART,,Included,Included,Included,Included,Unknown,Unknown,Unknown,Unknown,Included,Unknown,Unknown,Unknown,Unknown,Unknown,Unknown,Unknown,Yes,75.0,,2026-07-28T05:48:37+00:00,success,0
AA,JFK,DEL,NYC,US,DEL,IN,2026-11-16,2026-11-19,Winter,Economy,2,Eco-3,ECOFLEX,Economy Flex,+114.28 USD,1399.03,USD,Ubfly,ECOFLEX-ECOFLEX-ECOFLEX,,Included,Included,Included,Included,Unknown,Unknown,Unknown,Included,Included,Unknown,Unknown,Unknown,Unknown,Unknown,Unknown,Unknown,Yes,,,2026-07-28T05:48:37+00:00,success,0
AA,JFK,DEL,NYC,US,DEL,IN,2026-11-16,2026-11-19,Winter,Business,0,Bus-1,Flagship Business,Business — Flagship Business,0 USD,3957.64,USD,Enuygun,bff_0,priority_check_in: Öncelikli Check-in; entertainment: Uçak İçi Eğlence,Included,Included,Unknown,Included,Unknown,Unknown,Unknown,Unknown,Included,Unknown,Unknown,Unknown,Unknown,Unknown,Unknown,Unknown,,,,2026-07-28T05:48:37+00:00,success,0
AA,JFK,DEL,NYC,US,DEL,IN,2026-11-16,2026-11-19,Winter,Business,1,Bus-2,Flagship Business Flexible,Business Flex,+321.46 USD,4279.11,USD,Enuygun,bff_1,priority_check_in: Öncelikli Check-in; entertainment: Uçak İçi Eğlence,Included,Included,Included,Included,Included,Unknown,Unknown,Included,Included,Unknown,Unknown,Unknown,Unknown,Unknown,Unknown,Unknown,Yes,,,2026-07-28T05:48:37+00:00,success,0
AA,JFK,DEL,NYC,US,DEL,IN,2026-11-16,2026-11-19,Winter,Business,2,Bus-3,Flagship Business Plus,Business Comfort,+775.53 USD,4733.17,USD,Enuygun,bff_2,priority_check_in: Öncelikli Check-in; entertainment: Uçak İçi Eğlence,Included,Included,Unknown,Included,Unknown,Unknown,Unknown,Included,Included,Unknown,Unknown,Unknown,Unknown,Unknown,Unknown,Unknown,,,,2026-07-28T05:48:37+00:00,success,0
AA,JFK,DEL,NYC,US,DEL,IN,2026-11-16,2026-11-19,Winter,Business,3,Bus-4,Flagship Business Semiflexible,Business Standard,+909.36 USD,4867.0,USD,Enuygun,bff_3,priority_check_in: Öncelikli Check-in; entertainment: Uçak İçi Eğlence,Included,Included,Unknown,Included,Unknown,Unknown,Unknown,Paid,Unknown,Unknown,Unknown,Unknown,Unknown,Unknown,Unknown,Unknown,,,,2026-07-28T05:48:37+00:00,success,0
EY,JFK,DEL,NYC,US,DEL,IN,2026-09-10,2026-09-13,Summer,Economy,0,Eco-1,YBASIC,Economy Basic,0.00 USD,377.37,USD,Ubfly,YBASIC-YBASIC,,Included,Not Included,Unknown,Included,Unknown,Unknown,Unknown,Not Included,Included,Unknown,Unknown,Unknown,Unknown,Unknown,Unknown,Unknown,Yes,5.0,,2026-07-28T05:48:37+00:00,success,0
EY,JFK,DEL,NYC,US,DEL,IN,2026-09-10,2026-09-13,Summer,Economy,1,Eco-2,YVALUE,Economy Basic,+29.55 USD,406.92,USD,Ubfly,YVALUE-YVALUE,,Included,Included,Unknown,Included,Unknown,Unknown,Unknown,Not Included,Paid,Unknown,Unknown,Unknown,Unknown,Unknown,Unknown,Unknown,Yes,35.0,,2026-07-28T05:48:37+00:00,success,0
EY,JFK,DEL,NYC,US,DEL,IN,2026-09-10,2026-09-13,Summer,Economy,2,Eco-3,YCOMFORT,Economy Comfort,+317.55 USD,694.92,USD,Ubfly,YCOMFORT-YCOMFORT,,Included,Included,Included,Included,Unknown,Unknown,Unknown,Paid,Paid,Unknown,Unknown,Unknown,Unknown,Unknown,Unknown,Unknown,Yes,75.0,,2026-07-28T05:48:37+00:00,success,0
EY,JFK,DEL,NYC,US,DEL,IN,2026-09-10,2026-09-13,Summer,Economy,3,Eco-4,YDELUXE,Economy — YDELUXE,+508.56 USD,885.93,USD,Ubfly,YDELUXE-YDELUXE,Change with Penalty; Uninterrupted return (up to the last 12 hours); Priority Access,Included,Included,Included,Included,Unknown,Unknown,Unknown,Included,Included,Unknown,Unknown,Unknown,Unknown,Unknown,Unknown,Unknown,Yes,,,2026-07-28T05:48:37+00:00,success,0
EY,JFK,DEL,NYC,US,DEL,IN,2026-09-10,2026-09-13,Summer,Business,0,Bus-1,Business Value,Business Basic,0 USD,8645.1,USD,Enuygun,bff_0,priority_check_in: Öncelikli Check-in,Included,Included,Unknown,Included,Unknown,Unknown,Unknown,Not Included,Paid,Unknown,Unknown,Unknown,Unknown,Unknown,Unknown,Unknown,Yes,100.0,,2026-07-28T05:48:37+00:00,success,0
EY,JFK,DEL,NYC,US,DEL,IN,2026-09-10,2026-09-13,Summer,Business,1,Bus-2,Business Comfort,Business Comfort,+227.63 USD,8872.73,USD,Enuygun,bff_1,priority_check_in: Öncelikli Check-in,Included,Included,Included,Included,Included,Unknown,Unknown,Paid,Paid,Unknown,Unknown,Unknown,Unknown,Unknown,Unknown,Unknown,Yes,,,2026-07-28T05:48:37+00:00,success,0
EY,JFK,DEL,NYC,US,DEL,IN,2026-09-10,2026-09-13,Summer,Business,2,Bus-3,Business Deluxe,Business — Business Deluxe,+625.99 USD,9271.09,USD,Enuygun,bff_2,priority_check_in: Öncelikli Check-in,Included,Included,Included,Included,Included,Unknown,Unknown,Included,Included,Unknown,Unknown,Unknown,Unknown,Unknown,Unknown,Unknown,Yes,,,2026-07-28T05:48:37+00:00,success,0
EY,JFK,DEL,NYC,US,DEL,IN,2026-11-16,2026-11-19,Winter,Economy,0,Eco-1,Economy Basic,Economy Basic,0 USD,820.16,USD,Enuygun,bff_0,,Included,Not Included,Unknown,Included,Unknown,Unknown,Unknown,Not Included,Included,Unknown,Unknown,Unknown,Unknown,Unknown,Unknown,Unknown,Yes,5.0,,2026-07-28T05:48:37+00:00,success,0
EY,JFK,DEL,NYC,US,DEL,IN,2026-11-16,2026-11-19,Winter,Economy,1,Eco-2,Economy Value,Economy Basic,+27.42 USD,847.59,USD,Enuygun,bff_1,,Included,Included,Unknown,Included,Unknown,Unknown,Unknown,Not Included,Paid,Unknown,Unknown,Unknown,Unknown,Unknown,Unknown,Unknown,Yes,35.0,,2026-07-28T05:48:37+00:00,success,0
EY,JFK,DEL,NYC,US,DEL,IN,2026-11-16,2026-11-19,Winter,Economy,2,Eco-3,Economy Comfort,Economy Comfort,+117 USD,937.17,USD,Enuygun,bff_2,,Included,Included,Included,Included,Unknown,Unknown,Unknown,Paid,Paid,Unknown,Unknown,Unknown,Unknown,Unknown,Unknown,Unknown,Yes,75.0,,2026-07-28T05:48:37+00:00,success,0
EY,JFK,DEL,NYC,US,DEL,IN,2026-11-16,2026-11-19,Winter,Economy,3,Eco-4,Economy Deluxe,Economy — Economy Deluxe,+343.16 USD,1163.33,USD,Enuygun,bff_3,priority_check_in: Öncelikli Check-in,Included,Included,Included,Included,Unknown,Unknown,Unknown,Included,Included,Unknown,Unknown,Unknown,Unknown,Unknown,Unknown,Unknown,Yes,,,2026-07-28T05:48:37+00:00,success,0
EY,JFK,DEL,NYC,US,DEL,IN,2026-11-16,2026-11-19,Winter,Business,0,Bus-1,Business Value,Business Basic,0 USD,6805.32,USD,Enuygun,bff_0,priority_check_in: Öncelikli Check-in,Included,Included,Unknown,Included,Unknown,Unknown,Unknown,Not Included,Paid,Unknown,Unknown,Unknown,Unknown,Unknown,Unknown,Unknown,Yes,100.0,,2026-07-28T05:48:37+00:00,success,0
EY,JFK,DEL,NYC,US,DEL,IN,2026-11-16,2026-11-19,Winter,Business,1,Bus-2,Business Comfort,Business Comfort,+253.43 USD,7058.75,USD,Enuygun,bff_1,priority_check_in: Öncelikli Check-in,Included,Included,Included,Included,Included,Unknown,Unknown,Paid,Paid,Unknown,Unknown,Unknown,Unknown,Unknown,Unknown,Unknown,Yes,,,2026-07-28T05:48:37+00:00,success,0
EY,JFK,DEL,NYC,US,DEL,IN,2026-11-16,2026-11-19,Winter,Business,2,Bus-3,Business Deluxe,Business — Business Deluxe,+692.25 USD,7497.56,USD,Enuygun,bff_2,priority_check_in: Öncelikli Check-in,Included,Included,Included,Included,Included,Unknown,Unknown,Included,Included,Unknown,Unknown,Unknown,Unknown,Unknown,Unknown,Unknown,Yes,,,2026-07-28T05:48:37+00:00,success,0
VS,JFK,DEL,NYC,US,DEL,IN,2026-09-10,2026-09-13,Summer,Economy,0,Eco-1,MAINBASIC,Economy Basic,0.00 USD,922.46,USD,Ubfly,MAINBASIC-MAINBASIC,In-flight entertainment; Snack; Last Group on Boarding; Limited overhead space; Alcoholic drink,Included,Included,Unknown,Unknown,Unknown,Unknown,Unknown,Unknown,Unknown,Unknown,Unknown,Unknown,Unknown,Unknown,Unknown,Unknown,,,,2026-07-28T05:48:37+00:00,success,0
VS,JFK,DEL,NYC,US,DEL,IN,2026-09-10,2026-09-13,Summer,Economy,1,Eco-2,MAINCLASC,Economy Standard,+64.00 USD,986.46,USD,Ubfly,MAINCLASC-MAINCLASC,Change with Penalty; Standard boarding; Alcoholic drink; Snack; In-flight entertainment,Included,Included,Included,Unknown,Unknown,Unknown,Unknown,Unknown,Unknown,Unknown,Unknown,Unknown,Unknown,Unknown,Unknown,Unknown,Yes,,,2026-07-28T05:48:37+00:00,success,0
VS,JFK,DEL,NYC,US,DEL,IN,2026-09-10,2026-09-13,Summer,Economy,2,Eco-3,MAINEXTRA,Economy Standard,+283.98 USD,1206.44,USD,Ubfly,MAINEXTRA-MAINEXTRA,Change with Penalty; Uninterrupted return (up to the last 12 hours); Standard boarding; Alcoholic drink; Snack; In-flight entertainment,Included,Included,Included,Unknown,Unknown,Unknown,Unknown,Unknown,Unknown,Unknown,Unknown,Unknown,Unknown,Unknown,Unknown,Unknown,Yes,,,2026-07-28T05:48:37+00:00,success,0
VS,JFK,DEL,NYC,US,DEL,IN,2026-09-10,2026-09-13,Summer,Economy,3,Eco-4,DPSCLASC,Economy — DPSCLASC,+724.98 USD,1647.44,USD,Ubfly,DPSCLASC-DPSCLASC,Change with Penalty; Extra legroom; Privileged check-in; Alcoholic drink; Snack; In-flight entertainment,Included,Included,Included,Unknown,Unknown,Included,Unknown,Unknown,Unknown,Unknown,Unknown,Unknown,Unknown,Unknown,Unknown,Unknown,Yes,,,2026-07-28T05:48:37+00:00,success,0
VS,JFK,DEL,NYC,US,DEL,IN,2026-09-10,2026-09-13,Summer,Economy,4,Eco-5,DPSEXTRA,Economy — DPSEXTRA,"+1,124.98 USD",2047.44,USD,Ubfly,DPSEXTRA-DPSEXTRA,Change with Penalty; Uninterrupted return (up to the last 12 hours); Extra legroom; Privileged check-in; Alcoholic drink; Snack; In-flight entertainment,Included,Included,Included,Unknown,Unknown,Included,Unknown,Unknown,Unknown,Unknown,Unknown,Unknown,Unknown,Unknown,Unknown,Unknown,Yes,,,2026-07-28T05:48:37+00:00,success,0
VS,JFK,DEL,NYC,US,DEL,IN,2026-09-10,2026-09-13,Summer,Business,0,Bus-1,BASIC BUS,Business Basic,0.00 USD,5395.49,USD,Ubfly,NBASICB-NBASICB-NBASICB,Business/First Class: 2 free bags,Included,Included,Included,Included,Included,Unknown,Unknown,Unknown,Included,Unknown,Unknown,Unknown,Unknown,Unknown,Unknown,Unknown,Yes,,,2026-07-28T05:48:37+00:00,success,0
VS,JFK,DEL,NYC,US,DEL,IN,2026-09-10,2026-09-13,Summer,Business,1,Bus-2,FLEX BUS,Business Flex,+343.01 USD,5738.5,USD,Ubfly,NFLEXB-NFLEXB-NFLEXB,Change without penalty; Uninterrupted return (up to the last 12 hours); Business/First Class: 2 free bags; Change with Penalty,Included,Included,Included,Included,Included,Unknown,Unknown,Included,Included,Unknown,Unknown,Unknown,Unknown,Unknown,Unknown,Unknown,Yes,175.0,,2026-07-28T05:48:37+00:00,success,0
VS,JFK,DEL,NYC,US,DEL,IN,2026-11-16,2026-11-19,Winter,Economy,0,Eco-1,Economy Light,Economy Lite,0 USD,873.13,USD,Enuygun,bff_0,,Included,Included,Included,Included,Unknown,Unknown,Unknown,Unknown,Paid,Unknown,Unknown,Unknown,Unknown,Unknown,Unknown,Unknown,Yes,,,2026-07-28T05:48:37+00:00,success,0
VS,JFK,DEL,NYC,US,DEL,IN,2026-11-16,2026-11-19,Winter,Economy,1,Eco-2,Economy Classic,Economy Standard,+79.93 USD,953.07,USD,Enuygun,bff_1,,Included,Included,Included,Included,Unknown,Unknown,Unknown,Unknown,Included,Unknown,Unknown,Unknown,Unknown,Unknown,Unknown,Unknown,Yes,,,2026-07-28T05:48:37+00:00,success,0
VS,JFK,DEL,NYC,US,DEL,IN,2026-11-16,2026-11-19,Winter,Economy,2,Eco-3,Economy Delight,Economy Lite,+209.07 USD,1082.2,USD,Enuygun,bff_2,priority_check_in: Öncelikli Check-in,Included,Included,Included,Included,Unknown,Included,Unknown,Unknown,Included,Unknown,Unknown,Unknown,Unknown,Unknown,Unknown,Unknown,Yes,,,2026-07-28T05:48:37+00:00,success,0
VS,JFK,DEL,NYC,US,DEL,IN,2026-11-16,2026-11-19,Winter,Economy,3,Eco-4,Economy Classic Flex,Economy Standard,+316.95 USD,1190.09,USD,Enuygun,bff_3,,Included,Included,Included,Included,Unknown,Included,Unknown,Included,Included,Unknown,Unknown,Unknown,Unknown,Unknown,Unknown,Unknown,Yes,,,2026-07-28T05:48:37+00:00,success,0
VS,JFK,DEL,NYC,US,DEL,IN,2026-11-17,2026-11-20,Winter,Business,0,Bus-1,BASIC BUS,Business Basic,0.00 USD,6890.48,USD,Ubfly,NBASICB-NBASICB-NBASICB,Business/First Class: 2 free bags,Included,Included,Included,Included,Included,Unknown,Unknown,Unknown,Included,Unknown,Unknown,Unknown,Unknown,Unknown,Unknown,Unknown,Yes,,,2026-07-28T05:48:37+00:00,success,0
VS,JFK,DEL,NYC,US,DEL,IN,2026-11-17,2026-11-20,Winter,Business,1,Bus-2,FLEX BUS,Business Flex,+434.01 USD,7324.49,USD,Ubfly,NFLEXB-NFLEXB-NFLEXB,Change without penalty; Uninterrupted return (up to the last 12 hours); Business/First Class: 2 free bags; Change with Penalty,Included,Included,Included,Included,Included,Unknown,Unknown,Included,Included,Unknown,Unknown,Unknown,Unknown,Unknown,Unknown,Unknown,Yes,175.0,,2026-07-28T05:48:37+00:00,success,0
AC,DEL,YYZ,DEL,IN,YTO,CA,2027-05-17,2027-05-20,Summer,Economy,0,Eco-1,Standard,Economy Standard,0 USD,1326.74,USD,Enuygun,bff_0,,Included,Included,Unknown,Included,Unknown,Unknown,Unknown,Not Included,Paid,Unknown,Unknown,Unknown,Unknown,Unknown,Unknown,Unknown,,,,2026-07-28T05:48:37+00:00,partial,0
AC,DEL,YYZ,DEL,IN,YTO,CA,2027-05-17,2027-05-20,Summer,Economy,1,Eco-2,Flex,Economy Flex,+58.85 USD,1385.59,USD,Enuygun,bff_1,,Included,Included,Included,Included,Unknown,Unknown,Unknown,Paid,Paid,Unknown,Unknown,Unknown,Unknown,Unknown,Unknown,Unknown,,,,2026-07-28T05:48:37+00:00,partial,0
AC,DEL,YYZ,DEL,IN,YTO,CA,2027-05-17,2027-05-20,Summer,Economy,2,Eco-3,Comfort,Economy Comfort,+196.99 USD,1523.73,USD,Enuygun,bff_2,,Included,Included,Included,Included,Unknown,Unknown,Unknown,Included,Included,Unknown,Unknown,Included,Unknown,Unknown,Unknown,Unknown,,,,2026-07-28T05:48:37+00:00,partial,0
AC,DEL,YYZ,DEL,IN,YTO,CA,2027-05-17,2027-05-20,Summer,Economy,3,Eco-4,Latitude,Economy — Latitude,+3245.02 USD,4571.76,USD,Enuygun,bff_3,priority_check_in: Öncelikli Check-in,Included,Included,Included,Included,Unknown,Unknown,Unknown,Included,Included,Unknown,Unknown,Included,Unknown,Unknown,Unknown,Unknown,,,,2026-07-28T05:48:37+00:00,partial,0
AC,DEL,YYZ,DEL,IN,YTO,CA,2027-05-17,2027-05-20,Summer,Business,0,Bus-1,BUSINESS CLASS STANDARD,Business Standard,0 USD,10008.4,USD,Enuygun,bff_0,,Unknown,Included,Unknown,Unknown,Unknown,Unknown,Unknown,Included,Included,Unknown,Unknown,Unknown,Unknown,Unknown,Unknown,Unknown,,,,2026-07-28T05:48:37+00:00,partial,0
AC,DEL,YYZ,DEL,IN,YTO,CA,2027-05-17,2027-05-20,Summer,Business,1,Bus-2,BUSINESS CLASS LATITUDE,Business — BUSINESS LATITUDE,+286.29 USD,10294.69,USD,Enuygun,bff_1,,Included,Included,Unknown,Unknown,Unknown,Unknown,Unknown,Included,Included,Unknown,Unknown,Unknown,Unknown,Unknown,Unknown,Unknown,,,,2026-07-28T05:48:37+00:00,partial,0
AC,DEL,YYZ,DEL,IN,YTO,CA,2027-05-17,2027-05-20,Summer,Premium Economy,0,PEco-1,PL,Premium Economy — PL,+884.44 USD,1797.73,USD,Ubfly,PL,Privileged check-in; POINT ACCRUAL(F),Included,Included,Included,Included,Unknown,Unknown,Unknown,Unknown,Unknown,Unknown,Unknown,Unknown,Unknown,Unknown,Unknown,Unknown,,,,2026-07-28T05:48:37+00:00,partial,0
AC,DEL,YYZ,DEL,IN,YTO,CA,2027-05-17,2027-05-20,Summer,Premium Economy,1,PEco-2,PRIME FLY,Premium Economy Premium,"+3,002.71 USD",3916.0,USD,Ubfly,PF,Change with Penalty; Uninterrupted return (up to the last 12 hours); Privileged check-in; POINT ACCRUAL(F),Included,Included,Included,Included,Unknown,Unknown,Unknown,Unknown,Unknown,Unknown,Unknown,Included,Unknown,Unknown,Unknown,Unknown,,,,2026-07-28T05:48:37+00:00,partial,0
AC,DEL,YYZ,DEL,IN,YTO,CA,2027-01-06,2027-01-09,Winter,Economy,0,Eco-1,Standard,Economy Standard,0 USD,2042.59,USD,Enuygun,bff_0,,Included,Included,Unknown,Included,Unknown,Unknown,Unknown,Not Included,Paid,Unknown,Unknown,Unknown,Unknown,Unknown,Unknown,Unknown,,,,2026-07-28T05:48:37+00:00,partial,0
AC,DEL,YYZ,DEL,IN,YTO,CA,2027-01-06,2027-01-09,Winter,Economy,1,Eco-2,Flex,Economy Flex,+58.88 USD,2101.47,USD,Enuygun,bff_1,,Included,Included,Included,Included,Unknown,Unknown,Unknown,Paid,Paid,Unknown,Unknown,Unknown,Unknown,Unknown,Unknown,Unknown,,,,2026-07-28T05:48:37+00:00,partial,0
AC,DEL,YYZ,DEL,IN,YTO,CA,2027-01-06,2027-01-09,Winter,Economy,2,Eco-3,Comfort,Economy Comfort,+227.49 USD,2270.08,USD,Enuygun,bff_2,,Included,Included,Included,Included,Unknown,Unknown,Unknown,Included,Included,Unknown,Unknown,Included,Unknown,Unknown,Unknown,Unknown,,,,2026-07-28T05:48:37+00:00,partial,0
AC,DEL,YYZ,DEL,IN,YTO,CA,2027-01-06,2027-01-09,Winter,Economy,3,Eco-4,Latitude,Economy — Latitude,+2335.03 USD,4377.62,USD,Enuygun,bff_3,priority_check_in: Öncelikli Check-in,Included,Included,Included,Included,Unknown,Unknown,Unknown,Included,Included,Unknown,Unknown,Included,Unknown,Unknown,Unknown,Unknown,,,,2026-07-28T05:48:37+00:00,partial,0
AC,DEL,YYZ,DEL,IN,YTO,CA,2027-01-06,2027-01-09,Winter,Business,0,Bus-1,Business Class Standard,Business Standard,0 USD,9405.23,USD,Enuygun,bff_0,priority_check_in: Öncelikli Check-in,Included,Included,Unknown,Included,Included,Unknown,Unknown,Included,Included,Unknown,Unknown,Unknown,Unknown,Unknown,Unknown,Unknown,,,,2026-07-28T05:48:37+00:00,partial,0
AC,DEL,YYZ,DEL,IN,YTO,CA,2027-01-06,2027-01-09,Winter,Business,1,Bus-2,Business Class Latitude,Business — Business Latitude,+269.63 USD,9674.86,USD,Enuygun,bff_1,priority_check_in: Öncelikli Check-in,Included,Included,Unknown,Included,Included,Unknown,Unknown,Included,Included,Unknown,Unknown,Unknown,Unknown,Unknown,Unknown,Unknown,,,,2026-07-28T05:48:37+00:00,partial,0
AC,DEL,YYZ,DEL,IN,YTO,CA,2027-01-06,2027-01-09,Winter,Premium Economy,0,PEco-1,PL,Premium Economy — PL,"+2,134.66 USD",3822.65,USD,Ubfly,PL-PL,Privileged check-in; POINT ACCRUAL(F),Included,Included,Included,Included,Unknown,Unknown,Unknown,Unknown,Unknown,Unknown,Unknown,Unknown,Unknown,Unknown,Unknown,Unknown,,,,2026-07-28T05:48:37+00:00,partial,0
AC,DEL,YYZ,DEL,IN,YTO,CA,2027-01-06,2027-01-09,Winter,Premium Economy,1,PEco-2,PRIME FLY,Premium Economy Premium,"+2,231.28 USD",3919.27,USD,Ubfly,PF-PF,Change with Penalty; Uninterrupted return (up to the last 12 hours); Privileged check-in; POINT ACCRUAL(F),Included,Included,Included,Included,Unknown,Unknown,Unknown,Unknown,Unknown,Unknown,Unknown,Included,Unknown,Unknown,Unknown,Unknown,,,,2026-07-28T05:48:37+00:00,partial,0
AI,DEL,YYZ,DEL,IN,YTO,CA,2027-05-17,2027-05-20,Summer,Economy,0,Eco-1,Eco Value,Economy Basic,0 USD,1296.13,USD,Enuygun,bff_0,,Included,Included,Unknown,Included,Unknown,Unknown,Unknown,Not Included,Paid,Unknown,Unknown,Unknown,Unknown,Unknown,Unknown,Unknown,,,,2026-07-28T05:48:37+00:00,partial,0
AI,DEL,YYZ,DEL,IN,YTO,CA,2027-05-17,2027-05-20,Summer,Economy,1,Eco-2,Eco Classic,Economy Basic,+89.72 USD,1385.85,USD,Enuygun,bff_1,,Included,Included,Unknown,Included,Unknown,Unknown,Unknown,Paid,Paid,Unknown,Unknown,Unknown,Unknown,Unknown,Unknown,Unknown,,,,2026-07-28T05:48:37+00:00,partial,0
AI,DEL,YYZ,DEL,IN,YTO,CA,2027-05-17,2027-05-20,Summer,Economy,2,Eco-3,Eco Flex,Economy Basic,+239.26 USD,1535.4,USD,Enuygun,bff_2,,Included,Included,Unknown,Included,Unknown,Unknown,Unknown,Paid,Included,Unknown,Unknown,Unknown,Unknown,Unknown,Unknown,Unknown,,,,2026-07-28T05:48:37+00:00,partial,0
AI,DEL,YYZ,DEL,IN,YTO,CA,2027-05-17,2027-05-20,Summer,Business,0,Bus-1,BUSVALU,Business — BUSVALU,0.00 USD,4032.86,USD,Ubfly,BUSVALU,,Included,Included,Included,Paid,Unknown,Unknown,Unknown,Paid,Paid,Unknown,Unknown,Unknown,Unknown,Unknown,Unknown,Unknown,,,,2026-07-28T05:48:37+00:00,partial,0
AI,DEL,YYZ,DEL,IN,YTO,CA,2027-05-17,2027-05-20,Summer,Business,1,Bus-2,BUSFLX,Business — BUSFLX,+245.09 USD,4277.95,USD,Ubfly,BUSFLX,Change with Penalty,Included,Included,Included,Paid,Unknown,Unknown,Unknown,Paid,Included,Unknown,Unknown,Unknown,Unknown,Unknown,Unknown,Unknown,,,,2026-07-28T05:48:37+00:00,partial,0
AI,DEL,YYZ,DEL,IN,YTO,CA,2027-05-17,2027-05-20,Summer,Premium Economy,0,PEco-1,PEYVALU,Premium Economy — PEYVALU,0.00 USD,1082.75,USD,Ubfly,PEYVALU,,Included,Included,Included,Paid,Unknown,Unknown,Unknown,Unknown,Unknown,Unknown,Unknown,Unknown,Unknown,Unknown,Unknown,Unknown,,,,2026-07-28T05:48:37+00:00,partial,0
AI,DEL,YYZ,DEL,IN,YTO,CA,2027-05-17,2027-05-20,Summer,Premium Economy,1,PEco-2,PEYFLX,Premium Economy — PEYFLX,+122.55 USD,1205.3,USD,Ubfly,PEYFLX,Change with Penalty,Included,Included,Included,Paid,Unknown,Unknown,Unknown,Unknown,Unknown,Unknown,Unknown,Unknown,Unknown,Unknown,Unknown,Unknown,,,,2026-07-28T05:48:37+00:00,partial,0
AI,DEL,YYZ,DEL,IN,YTO,CA,2027-01-06,2027-01-09,Winter,Economy,0,Eco-1,Eco Value,Economy Basic,0 USD,1756.5,USD,Enuygun,bff_0,,Included,Included,Included,Included,Unknown,Unknown,Unknown,Not Included,Paid,Unknown,Unknown,Unknown,Unknown,Unknown,Unknown,Unknown,,,,2026-07-28T05:48:37+00:00,success,0
AI,DEL,YYZ,DEL,IN,YTO,CA,2027-01-06,2027-01-09,Winter,Economy,1,Eco-2,Eco Classic,Economy Basic,+89.72 USD,1846.22,USD,Enuygun,bff_1,,Included,Included,Included,Included,Unknown,Unknown,Unknown,Paid,Paid,Unknown,Unknown,Unknown,Unknown,Unknown,Unknown,Unknown,,,,2026-07-28T05:48:37+00:00,success,0
AI,DEL,YYZ,DEL,IN,YTO,CA,2027-01-06,2027-01-09,Winter,Economy,2,Eco-3,Eco Flex,Economy Basic,+239.29 USD,1995.79,USD,Enuygun,bff_2,,Included,Included,Included,Included,Unknown,Unknown,Unknown,Paid,Included,Unknown,Unknown,Unknown,Unknown,Unknown,Unknown,Unknown,,,,2026-07-28T05:48:37+00:00,success,0
AI,DEL,YYZ,DEL,IN,YTO,CA,2027-01-06,2027-01-09,Winter,Business,0,Bus-1,BUSCMFT,Business — BUSCMFT,0.00 USD,9222.81,USD,Ubfly,BUSCMFT-BUSCMFT,In-flight entertainment; Privileged check-in; Snack; Business class seat with private partition; BUSINESS EXTRA LONG BED(F); MAGAZINES AND NEWSPAPERS(F),Included,Included,Included,Included,Included,Included,Included,Unknown,Unknown,Unknown,Unknown,Unknown,Unknown,Unknown,Unknown,Unknown,Yes,,,2026-07-28T05:48:37+00:00,success,0
AI,DEL,YYZ,DEL,IN,YTO,CA,2027-01-06,2027-01-09,Winter,Business,1,Bus-2,BUSCMFTPLS,Business — BUSCMFTPLS,+152.41 USD,9375.22,USD,Ubfly,BUSCMFTPLS-BUSCMFTPLS,Business class seat with private partition; BUSINESS EXTRA LONG BED(F); Snack; MAGAZINES AND NEWSPAPERS(F); Privileged check-in; In-flight entertainment,Included,Included,Included,Included,Included,Included,Included,Unknown,Unknown,Unknown,Unknown,Unknown,Unknown,Unknown,Unknown,Unknown,Yes,,,2026-07-28T05:48:37+00:00,success,0
AI,DEL,YYZ,DEL,IN,YTO,CA,2027-01-06,2027-01-09,Winter,Business,2,Bus-3,BUSINESS FLEXIBLE,Business Flex,+398.18 USD,9620.99,USD,Ubfly,BUSFLEX-BUSFLEX,Business class seat with private partition; BUSINESS EXTRA LONG BED(F); Change without penalty before flight; Snack; MAGAZINES AND NEWSPAPERS(F); Privileged check-in; In-flight entertainment,Included,Included,Included,Included,Included,Included,Included,Included,Included,Unknown,Unknown,Unknown,Unknown,Unknown,Unknown,Unknown,Yes,,,2026-07-28T05:48:37+00:00,success,0
AI,DEL,YYZ,DEL,IN,YTO,CA,2027-01-06,2027-01-09,Winter,Premium Economy,0,PEco-1,PEYVALU,Premium Economy — PEYVALU,"+2,102.73 USD",3785.52,USD,Ubfly,PEYVALU,,Included,Included,Included,Paid,Unknown,Unknown,Unknown,Unknown,Unknown,Unknown,Unknown,Unknown,Unknown,Unknown,Unknown,Unknown,,,,2026-07-28T05:48:37+00:00,success,0
AI,DEL,YYZ,DEL,IN,YTO,CA,2027-01-06,2027-01-09,Winter,Premium Economy,1,PEco-2,PEYFLX,Premium Economy — PEYFLX,"+2,225.28 USD",3908.07,USD,Ubfly,PEYFLX,Change with Penalty,Included,Included,Included,Paid,Unknown,Unknown,Unknown,Unknown,Unknown,Unknown,Unknown,Unknown,Unknown,Unknown,Unknown,Unknown,,,,2026-07-28T05:48:37+00:00,success,0
EY,DEL,YYZ,DEL,IN,YTO,CA,2027-05-17,2027-05-20,Summer,Economy,0,Eco-1,YBASIC,Economy Basic,0.00 USD,725.98,USD,Ubfly,YBASIC-YBASIC,,Included,Not Included,Unknown,Included,Unknown,Unknown,Unknown,Not Included,Included,Unknown,Unknown,Unknown,Unknown,Unknown,Unknown,Unknown,Yes,5.0,,2026-07-28T05:48:37+00:00,success,0
EY,DEL,YYZ,DEL,IN,YTO,CA,2027-05-17,2027-05-20,Summer,Economy,1,Eco-2,YVALUE,Economy Basic,+18.93 USD,744.91,USD,Ubfly,YVALUE-YVALUE,,Included,Included,Unknown,Included,Unknown,Unknown,Unknown,Not Included,Paid,Unknown,Unknown,Unknown,Unknown,Unknown,Unknown,Unknown,Yes,35.0,,2026-07-28T05:48:37+00:00,success,0
EY,DEL,YYZ,DEL,IN,YTO,CA,2027-05-17,2027-05-20,Summer,Economy,2,Eco-3,YCOMFORT,Economy Comfort,+99.24 USD,825.22,USD,Ubfly,YCOMFORT-YCOMFORT,,Included,Included,Included,Included,Unknown,Unknown,Unknown,Paid,Paid,Unknown,Unknown,Unknown,Unknown,Unknown,Unknown,Unknown,Yes,75.0,,2026-07-28T05:48:37+00:00,success,0
EY,DEL,YYZ,DEL,IN,YTO,CA,2027-05-17,2027-05-20,Summer,Economy,3,Eco-4,YDELUXE,Economy — YDELUXE,+277.56 USD,1003.54,USD,Ubfly,YDELUXE-YDELUXE,Change with Penalty; Uninterrupted return (up to the last 12 hours); Priority Access,Included,Included,Included,Included,Unknown,Unknown,Unknown,Included,Included,Unknown,Unknown,Unknown,Unknown,Unknown,Unknown,Unknown,Yes,,,2026-07-28T05:48:37+00:00,success,0
EY,DEL,YYZ,DEL,IN,YTO,CA,2027-05-17,2027-05-20,Summer,Business,0,Bus-1,JVALUE,Business Basic,0.00 USD,2793.58,USD,Ubfly,JVALUE-JVALUE,Priority Access,Included,Included,Unknown,Included,Unknown,Unknown,Unknown,Not Included,Paid,Unknown,Unknown,Unknown,Unknown,Unknown,Unknown,Unknown,Yes,100.0,,2026-07-28T05:48:37+00:00,success,0
EY,DEL,YYZ,DEL,IN,YTO,CA,2027-05-17,2027-05-20,Summer,Business,1,Bus-2,JCOMFORT,Business Comfort,+164.10 USD,2957.68,USD,Ubfly,JCOMFORT-JCOMFORT,Priority Access; ETIHAD UAE CHAUFFEUR(F),Included,Included,Included,Included,Included,Unknown,Unknown,Paid,Paid,Unknown,Unknown,Unknown,Unknown,Unknown,Unknown,Unknown,Yes,,,2026-07-28T05:48:37+00:00,success,0
EY,DEL,YYZ,DEL,IN,YTO,CA,2027-05-17,2027-05-20,Summer,Business,2,Bus-3,JDELUXE,Business — JDELUXE,+631.63 USD,3425.21,USD,Ubfly,JDELUXE-JDELUXE,Change with Penalty; Uninterrupted return (up to the last 12 hours); Priority Access; ETIHAD UAE CHAUFFEUR(F); ETIHAD GLOBAL CHAUFFEUR(F),Included,Included,Included,Included,Included,Unknown,Unknown,Included,Included,Unknown,Unknown,Unknown,Unknown,Unknown,Unknown,Unknown,Yes,,,2026-07-28T05:48:37+00:00,success,0
EY,DEL,YYZ,DEL,IN,YTO,CA,2027-01-06,2027-01-09,Winter,Economy,0,Eco-1,YBASIC,Economy Basic,0.00 USD,1155.21,USD,Ubfly,YBASIC-YBASIC,,Included,Not Included,Unknown,Included,Unknown,Unknown,Unknown,Not Included,Included,Unknown,Unknown,Unknown,Unknown,Unknown,Unknown,Unknown,Yes,5.0,,2026-07-28T05:48:37+00:00,success,0
EY,DEL,YYZ,DEL,IN,YTO,CA,2027-01-06,2027-01-09,Winter,Economy,1,Eco-2,YVALUE,Economy Basic,+22.00 USD,1177.21,USD,Ubfly,YVALUE-YVALUE,,Included,Included,Unknown,Included,Unknown,Unknown,Unknown,Not Included,Paid,Unknown,Unknown,Unknown,Unknown,Unknown,Unknown,Unknown,Yes,35.0,,2026-07-28T05:48:37+00:00,success,0
EY,DEL,YYZ,DEL,IN,YTO,CA,2027-01-06,2027-01-09,Winter,Economy,2,Eco-3,YCOMFORT,Economy Comfort,+145.07 USD,1300.28,USD,Ubfly,YCOMFORT-YCOMFORT,,Included,Included,Included,Included,Unknown,Unknown,Unknown,Paid,Paid,Unknown,Unknown,Unknown,Unknown,Unknown,Unknown,Unknown,Yes,75.0,,2026-07-28T05:48:37+00:00,success,0
EY,DEL,YYZ,DEL,IN,YTO,CA,2027-01-06,2027-01-09,Winter,Economy,3,Eco-4,YDELUXE,Economy — YDELUXE,+408.85 USD,1564.06,USD,Ubfly,YDELUXE-YDELUXE,Change with Penalty; Uninterrupted return (up to the last 12 hours); Priority Access,Included,Included,Included,Included,Unknown,Unknown,Unknown,Included,Included,Unknown,Unknown,Unknown,Unknown,Unknown,Unknown,Unknown,Yes,,,2026-07-28T05:48:37+00:00,success,0
EY,DEL,YYZ,DEL,IN,YTO,CA,2027-01-06,2027-01-09,Winter,Business,0,Bus-1,Business Value,Business Basic,0 USD,3443.96,USD,Enuygun,bff_0,priority_check_in: Öncelikli Check-in,Included,Included,Unknown,Included,Unknown,Unknown,Unknown,Not Included,Paid,Unknown,Unknown,Unknown,Unknown,Unknown,Unknown,Unknown,Yes,100.0,,2026-07-28T05:48:37+00:00,success,0
EY,DEL,YYZ,DEL,IN,YTO,CA,2027-01-06,2027-01-09,Winter,Business,1,Bus-2,Business Comfort,Business Comfort,+341.45 USD,3785.41,USD,Enuygun,bff_1,priority_check_in: Öncelikli Check-in,Included,Included,Included,Included,Included,Unknown,Unknown,Paid,Paid,Unknown,Unknown,Unknown,Unknown,Unknown,Unknown,Unknown,Yes,,,2026-07-28T05:48:37+00:00,success,0
EY,DEL,YYZ,DEL,IN,YTO,CA,2027-01-06,2027-01-09,Winter,Business,2,Bus-3,Business Deluxe,Business — Business Deluxe,+805.7 USD,4249.66,USD,Enuygun,bff_2,priority_check_in: Öncelikli Check-in,Included,Included,Included,Included,Included,Unknown,Unknown,Included,Included,Unknown,Unknown,Unknown,Unknown,Unknown,Unknown,Unknown,Yes,,,2026-07-28T05:48:37+00:00,success,0
EK,DEL,YYZ,DEL,IN,YTO,CA,2027-05-17,2027-05-20,Summer,Economy,0,Eco-1,Economy Saver,Economy Basic,0 USD,778.46,USD,Enuygun,bff_0,entertainment: Uçak İçi Eğlence,Included,Included,Paid,Included,Unknown,Unknown,Unknown,Not Included,Paid,Unknown,Unknown,Unknown,Included,Unknown,Unknown,Unknown,Yes,2100.0,,2026-07-28T05:48:37+00:00,success,0
EK,DEL,YYZ,DEL,IN,YTO,CA,2027-05-17,2027-05-20,Summer,Economy,1,Eco-2,Economy Flex,Economy Flex,+266.88 USD,1045.35,USD,Enuygun,bff_1,entertainment: Uçak İçi Eğlence,Included,Included,Included,Included,Unknown,Unknown,Unknown,Paid,Paid,Unknown,Unknown,Unknown,Included,Unknown,Unknown,Unknown,Yes,5250.0,,2026-07-28T05:48:37+00:00,success,0
EK,DEL,YYZ,DEL,IN,YTO,CA,2027-05-17,2027-05-20,Summer,Economy,2,Eco-3,Economy Flex Plus,Economy Comfort,+1068.25 USD,1846.71,USD,Enuygun,bff_2,entertainment: Uçak İçi Eğlence,Included,Included,Included,Included,Unknown,Unknown,Unknown,Included,Included,Unknown,Unknown,Unknown,Included,Unknown,Unknown,Unknown,Yes,7000.0,,2026-07-28T05:48:37+00:00,success,0
EK,DEL,YYZ,DEL,IN,YTO,CA,2027-05-17,2027-05-20,Summer,Business,0,Bus-1,BSSAVER,Business Basic,0.00 USD,3481.49,USD,Ubfly,BSSAVER-BSSAVER-BSSAVER,Soft drink; Premium check-in; In-flight entertainment; Chauffeur Drive; Internet Access,Included,Included,Included,Included,Included,Included,Included,Paid,Paid,Unknown,Unknown,Unknown,Unknown,Unknown,Unknown,Unknown,Yes,,,2026-07-28T05:48:37+00:00,success,0
EK,DEL,YYZ,DEL,IN,YTO,CA,2027-05-17,2027-05-20,Summer,Business,1,Bus-2,BSFLEX,Business Flex,+970.98 USD,4452.47,USD,Ubfly,BSFLEX-BSFLEX-BSFLEX,Premium check-in; Soft drink; In-flight entertainment; Chauffeur Drive; Internet Access,Included,Included,Included,Included,Included,Included,Included,Paid,Paid,Unknown,Unknown,Unknown,Unknown,Unknown,Unknown,Unknown,Yes,175.0,,2026-07-28T05:48:37+00:00,success,0
EK,DEL,YYZ,DEL,IN,YTO,CA,2027-05-17,2027-05-20,Summer,Business,2,Bus-3,BSFLXPLUS,Business Comfort,"+2,397.20 USD",5878.69,USD,Ubfly,BSFLXPLUS-BSFLXPLUS-BSFLXPLUS,Premium check-in; Soft drink; In-flight entertainment; Chauffeur Drive; Internet Access; Uninterrupted return (up to the last 12 hours); Change with Penalty,Included,Included,Included,Included,Included,Included,Included,Included,Included,Unknown,Unknown,Unknown,Unknown,Unknown,Unknown,Unknown,Yes,190.0,,2026-07-28T05:48:37+00:00,success,0
EK,DEL,YYZ,DEL,IN,YTO,CA,2027-05-17,2027-05-20,Summer,Premium Economy,0,PEco-1,Premium Economy FlexPlus,Premium Economy Comfort,"+1,614.85 USD",2295.95,USD,Ubfly,WF-0c5aede13c7548088f4f50349b390256,Non-exchangeable.; • Hot and cold refreshments; • ICE entertainment; • Exclusive Premium Economy Class dining; Premium Economy Cabin,Included,Included,Included,Unknown,Unknown,Unknown,Unknown,Included,Unknown,Unknown,Unknown,Unknown,Included,Unknown,Unknown,Unknown,Yes,7700.0,,2026-07-28T05:48:37+00:00,success,0
EK,DEL,YYZ,DEL,IN,YTO,CA,2027-01-06,2027-01-09,Winter,Economy,0,Eco-1,Economy Flex,Economy Flex,0.00 USD,1091.48,USD,Ubfly,YS-f5786e0bbf584ad7ba40da2f76b9b352,Non-exchangeable.; • Hot and cold refreshments; • ICE entertainment; Economy Cabin,Included,Included,Included,Included,Unknown,Unknown,Unknown,Included,Paid,Unknown,Unknown,Unknown,Included,Unknown,Unknown,Unknown,Yes,5250.0,,2026-07-28T05:48:37+00:00,success,0
EK,DEL,YYZ,DEL,IN,YTO,CA,2027-01-06,2027-01-09,Winter,Economy,1,Eco-2,Economy Flex Plus,Economy Comfort,+753.32 USD,1844.8,USD,Ubfly,YF-b87b3c02dce846c9ac1b7f9f8f69c703,Non-exchangeable.; • Hot and cold refreshments; • ICE entertainment; Economy Cabin,Included,Included,Included,Included,Unknown,Unknown,Unknown,Included,Included,Unknown,Unknown,Unknown,Included,Unknown,Unknown,Unknown,Yes,7000.0,,2026-07-28T05:48:37+00:00,success,0
EK,DEL,YYZ,DEL,IN,YTO,CA,2027-01-06,2027-01-09,Winter,Business,0,Bus-1,BSFLEX,Business Flex,0.00 USD,4452.46,USD,Ubfly,BSFLEX-BSFLEX-BSFLEX,Soft drink; Premium check-in; In-flight entertainment; Chauffeur Drive; Internet Access,Included,Included,Included,Included,Included,Included,Included,Paid,Paid,Unknown,Unknown,Unknown,Unknown,Unknown,Unknown,Unknown,Yes,175.0,,2026-07-28T05:48:37+00:00,success,0
EK,DEL,YYZ,DEL,IN,YTO,CA,2027-01-06,2027-01-09,Winter,Business,1,Bus-2,BSFLXPLUS,Business Comfort,"+1,426.22 USD",5878.68,USD,Ubfly,BSFLXPLUS-BSFLXPLUS-BSFLXPLUS,Premium check-in; Soft drink; In-flight entertainment; Chauffeur Drive; Internet Access; Uninterrupted return (up to the last 12 hours); Change with Penalty,Included,Included,Included,Included,Included,Included,Included,Included,Included,Unknown,Unknown,Unknown,Unknown,Unknown,Unknown,Unknown,Yes,190.0,,2026-07-28T05:48:37+00:00,success,0
EK,DEL,YYZ,DEL,IN,YTO,CA,2027-01-06,2027-01-09,Winter,Premium Economy,0,PEco-1,Premium Economy FlexPlus,Premium Economy Comfort,"+1,020.05 USD",2111.53,USD,Ubfly,WF-6e8e5772f964467ca2c6c047021daa35,Non-exchangeable.; • Hot and cold refreshments; • ICE entertainment; • Exclusive Premium Economy Class dining; Premium Economy Cabin,Included,Included,Included,Unknown,Unknown,Unknown,Unknown,Included,Unknown,Unknown,Unknown,Unknown,Included,Unknown,Unknown,Unknown,Yes,7700.0,,2026-07-28T05:48:37+00:00,success,0
AI,DEL,YVR,DEL,IN,YVR,CA,2027-04-28,2027-05-01,Summer,Economy,0,Eco-1,Eco Value,Economy Basic,0 USD,1375.42,USD,Enuygun,bff_0,,Included,Included,Included,Included,Unknown,Unknown,Unknown,Not Included,Paid,Unknown,Unknown,Unknown,Unknown,Unknown,Unknown,Unknown,,,,2026-07-28T05:48:37+00:00,partial,0
AI,DEL,YVR,DEL,IN,YVR,CA,2027-04-28,2027-05-01,Summer,Economy,1,Eco-2,Eco Classic,Economy Basic,+89.74 USD,1465.16,USD,Enuygun,bff_1,,Included,Included,Included,Included,Unknown,Unknown,Unknown,Paid,Paid,Unknown,Unknown,Unknown,Unknown,Unknown,Unknown,Unknown,,,,2026-07-28T05:48:37+00:00,partial,0
AI,DEL,YVR,DEL,IN,YVR,CA,2027-04-28,2027-05-01,Summer,Economy,2,Eco-3,Eco Flex,Economy Basic,+239.29 USD,1614.7,USD,Enuygun,bff_2,,Included,Included,Included,Included,Unknown,Unknown,Unknown,Paid,Included,Unknown,Unknown,Unknown,Unknown,Unknown,Unknown,Unknown,,,,2026-07-28T05:48:37+00:00,partial,0
AI,DEL,YVR,DEL,IN,YVR,CA,2027-04-28,2027-05-01,Summer,Business,0,Bus-1,BUSVALU,Business — BUSVALU,0.00 USD,2660.85,USD,Ubfly,BUSVALU,,Included,Included,Included,Paid,Unknown,Unknown,Unknown,Paid,Paid,Unknown,Unknown,Unknown,Unknown,Unknown,Unknown,Unknown,,,,2026-07-28T05:48:37+00:00,partial,0
AI,DEL,YVR,DEL,IN,YVR,CA,2027-04-28,2027-05-01,Summer,Business,1,Bus-2,BUSFLX,Business — BUSFLX,+245.12 USD,2905.97,USD,Ubfly,BUSFLX,Change with Penalty,Included,Included,Included,Paid,Unknown,Unknown,Unknown,Paid,Included,Unknown,Unknown,Unknown,Unknown,Unknown,Unknown,Unknown,,,,2026-07-28T05:48:37+00:00,partial,0
AI,DEL,YVR,DEL,IN,YVR,CA,2026-11-01,2026-11-04,Winter,Economy,0,Eco-1,ECOCMFT,Economy — ECOCMFT,0.00 USD,839.88,USD,Ubfly,ECOCMFT-ECOCMFT-ECOCMFT,In-flight entertainment; 1 personal item,Included,Included,Unknown,Included,Unknown,Unknown,Unknown,Unknown,Unknown,Unknown,Unknown,Unknown,Unknown,Unknown,Unknown,Unknown,Yes,,,2026-07-28T05:48:37+00:00,success,0
AI,DEL,YVR,DEL,IN,YVR,CA,2026-11-01,2026-11-04,Winter,Economy,1,Eco-2,ECOCMFTPLS,Economy — ECOCMFTPLS,+54.96 USD,894.84,USD,Ubfly,ECOCMFTPLS-ECOCMFTPLS-ECOCMFTPLS,1 personal item; In-flight entertainment,Included,Included,Unknown,Included,Unknown,Unknown,Unknown,Unknown,Unknown,Unknown,Unknown,Unknown,Unknown,Unknown,Unknown,Unknown,Yes,,,2026-07-28T05:48:37+00:00,success,0
AI,DEL,YVR,DEL,IN,YVR,CA,2026-11-01,2026-11-04,Winter,Economy,2,Eco-3,ECOFLEX,Economy Flex,+162.09 USD,1001.97,USD,Ubfly,ECOFLEX-ECOFLEX-ECOFLEX,1 personal item; Change without penalty before flight; In-flight entertainment,Included,Included,Included,Included,Unknown,Unknown,Unknown,Included,Included,Unknown,Unknown,Unknown,Unknown,Unknown,Unknown,Unknown,Yes,,,2026-07-28T05:48:37+00:00,success,0
AI,DEL,YVR,DEL,IN,YVR,CA,2026-11-01,2026-11-04,Winter,Economy,3,Eco-4,PRECMFT,Economy — PRECMFT,"+3,208.26 USD",4048.14,USD,Ubfly,PRECMFT-PRECMFT-PRECMFT,1 personal item; In-flight entertainment,Included,Included,Unknown,Included,Unknown,Unknown,Unknown,Unknown,Unknown,Unknown,Unknown,Unknown,Unknown,Unknown,Unknown,Unknown,Yes,,,2026-07-28T05:48:37+00:00,success,0
AI,DEL,YVR,DEL,IN,YVR,CA,2026-11-01,2026-11-04,Winter,Economy,4,Eco-5,PRECMFTPLS,Economy — PRECMFTPLS,"+3,329.03 USD",4168.91,USD,Ubfly,PRECMFTPLS-PRECMFTPLS-PRECMFTPLS,1 personal item; In-flight entertainment,Included,Included,Unknown,Included,Unknown,Unknown,Unknown,Unknown,Unknown,Unknown,Unknown,Unknown,Unknown,Unknown,Unknown,Unknown,Yes,,,2026-07-28T05:48:37+00:00,success,0
AI,DEL,YVR,DEL,IN,YVR,CA,2026-11-01,2026-11-04,Winter,Economy,5,Eco-6,PREFLEX,Economy Flex,"+3,449.81 USD",4289.69,USD,Ubfly,PREFLEX-PREFLEX-PREFLEX,1 personal item; Change without penalty before flight; In-flight entertainment,Included,Included,Included,Included,Unknown,Unknown,Unknown,Included,Included,Unknown,Unknown,Unknown,Unknown,Unknown,Unknown,Unknown,Yes,,,2026-07-28T05:48:37+00:00,success,0
AI,DEL,YVR,DEL,IN,YVR,CA,2026-11-01,2026-11-04,Winter,Business,0,Bus-1,BUSCMFT,Business — BUSCMFT,0.00 USD,8299.56,USD,Ubfly,BUSCMFT-BUSCMFT,In-flight entertainment; Privileged check-in; Snack; 1 personal item; Journal & Newspaper,Included,Included,Included,Included,Included,Included,Included,Unknown,Unknown,Unknown,Unknown,Unknown,Unknown,Unknown,Unknown,Unknown,Yes,,,2026-07-28T05:48:37+00:00,success,0
AI,DEL,YVR,DEL,IN,YVR,CA,2026-11-01,2026-11-04,Winter,Business,1,Bus-2,BUSCMFTPLS,Business — BUSCMFTPLS,+164.70 USD,8464.26,USD,Ubfly,BUSCMFTPLS-BUSCMFTPLS,1 personal item; Snack; Journal & Newspaper; Privileged check-in; In-flight entertainment,Included,Included,Included,Included,Included,Included,Included,Unknown,Unknown,Unknown,Unknown,Unknown,Unknown,Unknown,Unknown,Unknown,Yes,,,2026-07-28T05:48:37+00:00,success,0
AI,DEL,YVR,DEL,IN,YVR,CA,2026-11-01,2026-11-04,Winter,Business,2,Bus-3,BUSINESS FLEXIBLE,Business Flex,+422.85 USD,8722.41,USD,Ubfly,BUSFLEX-BUSFLEX,1 personal item; Business class seat with private partition; Change without penalty before flight; Snack; Journal & Newspaper; Privileged check-in; In-flight entertainment,Included,Included,Included,Included,Included,Included,Included,Included,Included,Unknown,Unknown,Unknown,Unknown,Unknown,Unknown,Unknown,Yes,,,2026-07-28T05:48:37+00:00,success,0
AC,DEL,YVR,DEL,IN,YVR,CA,2027-04-28,2027-05-01,Summer,Economy,0,Eco-1,Standard,Economy Standard,0 USD,1521.65,USD,Enuygun,bff_0,,Included,Included,Unknown,Included,Unknown,Unknown,Unknown,Not Included,Paid,Unknown,Unknown,Unknown,Unknown,Unknown,Unknown,Unknown,,,,2026-07-28T05:48:37+00:00,partial,0
AC,DEL,YVR,DEL,IN,YVR,CA,2027-04-28,2027-05-01,Summer,Economy,1,Eco-2,Flex,Economy Flex,+60.38 USD,1582.04,USD,Enuygun,bff_1,,Included,Included,Included,Included,Unknown,Unknown,Unknown,Paid,Paid,Unknown,Unknown,Unknown,Unknown,Unknown,Unknown,Unknown,,,,2026-07-28T05:48:37+00:00,partial,0
AC,DEL,YVR,DEL,IN,YVR,CA,2027-04-28,2027-05-01,Summer,Economy,2,Eco-3,Comfort,Economy Comfort,+202.26 USD,1723.92,USD,Enuygun,bff_2,,Included,Included,Included,Included,Unknown,Unknown,Unknown,Included,Included,Unknown,Unknown,Included,Unknown,Unknown,Unknown,Unknown,,,,2026-07-28T05:48:37+00:00,partial,0
AC,DEL,YVR,DEL,IN,YVR,CA,2027-04-28,2027-05-01,Summer,Economy,3,Eco-4,Latitude,Economy — Latitude,+3375.86 USD,4897.52,USD,Enuygun,bff_3,priority_check_in: Öncelikli Check-in,Included,Included,Included,Included,Unknown,Unknown,Unknown,Included,Included,Unknown,Unknown,Included,Unknown,Unknown,Unknown,Unknown,,,,2026-07-28T05:48:37+00:00,partial,0
AC,DEL,YVR,DEL,IN,YVR,CA,2027-04-28,2027-05-01,Summer,Business,0,Bus-1,Business Class Standard,Business Standard,0 USD,8586.5,USD,Enuygun,bff_0,priority_check_in: Öncelikli Check-in,Included,Included,Unknown,Included,Included,Unknown,Unknown,Included,Included,Unknown,Unknown,Unknown,Unknown,Unknown,Unknown,Unknown,,,,2026-07-28T05:48:37+00:00,partial,0
AC,DEL,YVR,DEL,IN,YVR,CA,2027-04-28,2027-05-01,Summer,Business,1,Bus-2,Business Class Latitude,Business — Business Latitude,+284.7 USD,8871.2,USD,Enuygun,bff_1,priority_check_in: Öncelikli Check-in,Included,Included,Unknown,Included,Included,Unknown,Unknown,Included,Included,Unknown,Unknown,Unknown,Unknown,Unknown,Unknown,Unknown,,,,2026-07-28T05:48:37+00:00,partial,0
AC,DEL,YVR,DEL,IN,YVR,CA,2027-04-28,2027-05-01,Summer,Premium Economy,0,PEco-1,PL,Premium Economy — PL,+554.84 USD,1827.58,USD,Ubfly,PL-PL,Privileged check-in; POINT ACCRUAL(F),Included,Included,Included,Included,Unknown,Unknown,Unknown,Unknown,Unknown,Unknown,Unknown,Unknown,Unknown,Unknown,Unknown,Unknown,,,,2026-07-28T05:48:37+00:00,partial,0
AC,DEL,YVR,DEL,IN,YVR,CA,2027-04-28,2027-05-01,Summer,Premium Economy,1,PEco-2,PRIME FLY,Premium Economy Premium,"+2,944.80 USD",4217.54,USD,Ubfly,PF-PF,Change with Penalty; Uninterrupted return (up to the last 12 hours); Privileged check-in; POINT ACCRUAL(F),Included,Included,Included,Included,Unknown,Unknown,Unknown,Unknown,Unknown,Unknown,Unknown,Included,Unknown,Unknown,Unknown,Unknown,,,,2026-07-28T05:48:37+00:00,partial,0
AC,DEL,YVR,DEL,IN,YVR,CA,2026-11-01,2026-11-04,Winter,Economy,0,Eco-1,STANDARD,Economy Standard,0 USD,1022.85,USD,Enuygun,bff_0,,Included,Included,Unknown,Included,Unknown,Unknown,Unknown,Not Included,Paid,Unknown,Unknown,Unknown,Unknown,Unknown,Unknown,Unknown,,,,2026-07-28T05:48:37+00:00,partial,0
AC,DEL,YVR,DEL,IN,YVR,CA,2026-11-01,2026-11-04,Winter,Economy,1,Eco-2,FLEX,Economy Flex,+60.29 USD,1083.14,USD,Enuygun,bff_1,,Included,Included,Included,Included,Unknown,Unknown,Unknown,Paid,Paid,Unknown,Unknown,Unknown,Unknown,Unknown,Unknown,Unknown,,,,2026-07-28T05:48:37+00:00,partial,0
AC,DEL,YVR,DEL,IN,YVR,CA,2026-11-01,2026-11-04,Winter,Economy,2,Eco-3,COMFORT,Economy Comfort,+194.46 USD,1217.31,USD,Enuygun,bff_2,priority_check_in: Öncelikli Check-in,Included,Included,Included,Included,Unknown,Unknown,Unknown,Included,Included,Unknown,Unknown,Included,Unknown,Unknown,Unknown,Unknown,,,,2026-07-28T05:48:37+00:00,partial,0
AC,DEL,YVR,DEL,IN,YVR,CA,2026-11-01,2026-11-04,Winter,Economy,3,Eco-4,LATITUDE,Economy — LATITUDE,+3923.91 USD,4946.76,USD,Enuygun,bff_3,priority_check_in: Öncelikli Check-in,Included,Included,Included,Included,Unknown,Unknown,Unknown,Included,Included,Unknown,Unknown,Included,Unknown,Unknown,Unknown,Unknown,,,,2026-07-28T05:48:37+00:00,partial,0
AC,DEL,YVR,DEL,IN,YVR,CA,2026-11-01,2026-11-04,Winter,Business,0,Bus-1,BUSINESS CLASS STANDARD,Business Standard,0 USD,9046.0,USD,Enuygun,bff_0,,Unknown,Included,Unknown,Unknown,Unknown,Unknown,Unknown,Included,Included,Unknown,Unknown,Unknown,Unknown,Unknown,Unknown,Unknown,,,,2026-07-28T05:48:37+00:00,partial,0
AC,DEL,YVR,DEL,IN,YVR,CA,2026-11-01,2026-11-04,Winter,Business,1,Bus-2,BUSINESS CLASS LATITUDE,Business — BUSINESS LATITUDE,+301.93 USD,9347.93,USD,Enuygun,bff_1,,Included,Included,Unknown,Unknown,Unknown,Unknown,Unknown,Included,Included,Unknown,Unknown,Unknown,Unknown,Unknown,Unknown,Unknown,,,,2026-07-28T05:48:37+00:00,partial,0
AC,DEL,YVR,DEL,IN,YVR,CA,2026-11-01,2026-11-04,Winter,Premium Economy,0,PEco-1,PL,Premium Economy — PL,"+1,036.36 USD",1827.59,USD,Ubfly,PL-PL,Privileged check-in; POINT ACCRUAL(F),Included,Included,Included,Included,Unknown,Unknown,Unknown,Unknown,Unknown,Unknown,Unknown,Unknown,Unknown,Unknown,Unknown,Unknown,,,,2026-07-28T05:48:37+00:00,partial,0
AC,DEL,YVR,DEL,IN,YVR,CA,2026-11-01,2026-11-04,Winter,Premium Economy,1,PEco-2,PRIME FLY,Premium Economy Premium,"+3,426.31 USD",4217.54,USD,Ubfly,PF-PF,Change with Penalty; Uninterrupted return (up to the last 12 hours); Privileged check-in; POINT ACCRUAL(F),Included,Included,Included,Included,Unknown,Unknown,Unknown,Unknown,Unknown,Unknown,Unknown,Included,Unknown,Unknown,Unknown,Unknown,,,,2026-07-28T05:48:37+00:00,partial,0
CX,DEL,YVR,DEL,IN,YVR,CA,2027-04-28,2027-05-01,Summer,Economy,0,Eco-1,Economy Light,Economy Lite,0 USD,1089.81,USD,Enuygun,bff_0,,Included,Included,Unknown,Included,Unknown,Unknown,Unknown,Paid,Paid,Unknown,Unknown,Unknown,Unknown,Unknown,Unknown,Unknown,,,,2026-07-28T05:48:37+00:00,partial,0
CX,DEL,YVR,DEL,IN,YVR,CA,2027-04-28,2027-05-01,Summer,Economy,1,Eco-2,Economy Essential,Economy — Economy Essential,+155.8 USD,1245.6,USD,Enuygun,bff_1,,Included,Included,Unknown,Included,Unknown,Unknown,Unknown,Paid,Paid,Unknown,Unknown,Unknown,Unknown,Unknown,Unknown,Unknown,,,,2026-07-28T05:48:37+00:00,partial,0
CX,DEL,YVR,DEL,IN,YVR,CA,2027-04-28,2027-05-01,Summer,Economy,2,Eco-3,Economy Flex,Economy Flex,+299.08 USD,1388.88,USD,Enuygun,bff_2,,Included,Included,Unknown,Included,Unknown,Unknown,Unknown,Paid,Included,Unknown,Unknown,Unknown,Unknown,Unknown,Unknown,Unknown,,,,2026-07-28T05:48:37+00:00,partial,0
CX,DEL,YVR,DEL,IN,YVR,CA,2027-04-28,2027-05-01,Summer,Business,0,Bus-1,Business Light,Business Lite,0 USD,2630.88,USD,Enuygun,bff_0,priority_check_in: Öncelikli Check-in,Included,Included,Unknown,Included,Included,Unknown,Unknown,Paid,Paid,Unknown,Unknown,Unknown,Unknown,Unknown,Unknown,Unknown,,,,2026-07-28T05:48:37+00:00,partial,0
CX,DEL,YVR,DEL,IN,YVR,CA,2027-04-28,2027-05-01,Summer,Business,1,Bus-2,Business Essential,Business — Business Essential,+332.04 USD,2962.92,USD,Enuygun,bff_1,priority_check_in: Öncelikli Check-in,Included,Included,Unknown,Included,Included,Unknown,Unknown,Paid,Paid,Unknown,Unknown,Unknown,Unknown,Unknown,Unknown,Unknown,,,,2026-07-28T05:48:37+00:00,partial,0
CX,DEL,YVR,DEL,IN,YVR,CA,2027-04-28,2027-05-01,Summer,Business,2,Bus-3,Business Flex,Business Flex,+1630.24 USD,4261.12,USD,Enuygun,bff_2,priority_check_in: Öncelikli Check-in,Included,Included,Unknown,Included,Included,Unknown,Unknown,Paid,Included,Unknown,Unknown,Unknown,Unknown,Unknown,Unknown,Unknown,,,,2026-07-28T05:48:37+00:00,partial,0
CX,DEL,YVR,DEL,IN,YVR,CA,2026-11-01,2026-11-04,Winter,Economy,0,Eco-1,Economy Light,Economy Lite,0 USD,937.53,USD,Enuygun,bff_0,,Included,Included,Unknown,Included,Unknown,Unknown,Unknown,Paid,Paid,Unknown,Unknown,Unknown,Unknown,Unknown,Unknown,Unknown,,,,2026-07-28T05:48:37+00:00,partial,0
CX,DEL,YVR,DEL,IN,YVR,CA,2026-11-01,2026-11-04,Winter,Economy,1,Eco-2,Economy Essential,Economy — Economy Essential,+139.14 USD,1076.67,USD,Enuygun,bff_1,,Included,Included,Unknown,Included,Unknown,Unknown,Unknown,Paid,Paid,Unknown,Unknown,Unknown,Unknown,Unknown,Unknown,Unknown,,,,2026-07-28T05:48:37+00:00,partial,0
CX,DEL,YVR,DEL,IN,YVR,CA,2026-11-01,2026-11-04,Winter,Economy,2,Eco-3,Economy Flex,Economy Flex,+299.08 USD,1236.61,USD,Enuygun,bff_2,,Included,Included,Unknown,Included,Unknown,Unknown,Unknown,Paid,Included,Unknown,Unknown,Unknown,Unknown,Unknown,Unknown,Unknown,,,,2026-07-28T05:48:37+00:00,partial,0
CX,DEL,YVR,DEL,IN,YVR,CA,2026-11-01,2026-11-04,Winter,Business,0,Bus-1,Business Light,Business Lite,0 USD,2630.88,USD,Enuygun,bff_0,priority_check_in: Öncelikli Check-in,Included,Included,Unknown,Included,Included,Unknown,Unknown,Paid,Paid,Unknown,Unknown,Unknown,Unknown,Unknown,Unknown,Unknown,,,,2026-07-28T05:48:37+00:00,partial,0
CX,DEL,YVR,DEL,IN,YVR,CA,2026-11-01,2026-11-04,Winter,Business,1,Bus-2,Business Essential,Business — Business Essential,+332.04 USD,2962.92,USD,Enuygun,bff_1,priority_check_in: Öncelikli Check-in,Included,Included,Unknown,Included,Included,Unknown,Unknown,Paid,Paid,Unknown,Unknown,Unknown,Unknown,Unknown,Unknown,Unknown,,,,2026-07-28T05:48:37+00:00,partial,0
CX,DEL,YVR,DEL,IN,YVR,CA,2026-11-01,2026-11-04,Winter,Business,2,Bus-3,Business Flex,Business Flex,+1630.24 USD,4261.12,USD,Enuygun,bff_2,priority_check_in: Öncelikli Check-in,Included,Included,Unknown,Included,Included,Unknown,Unknown,Paid,Included,Unknown,Unknown,Unknown,Unknown,Unknown,Unknown,Unknown,,,,2026-07-28T05:48:37+00:00,partial,0
LH,DEL,YVR,DEL,IN,YVR,CA,2027-04-28,2027-05-01,Summer,Economy,0,Eco-1,ECOCMFT,Economy — ECOCMFT,0.00 USD,1028.16,USD,Ubfly,ECOCMFT-ECOCMFT,In-flight entertainment; 1 personal item,Included,Included,Unknown,Included,Unknown,Unknown,Unknown,Unknown,Unknown,Unknown,Unknown,Unknown,Unknown,Unknown,Unknown,Unknown,Yes,,,2026-07-28T05:48:37+00:00,success,0
LH,DEL,YVR,DEL,IN,YVR,CA,2027-04-28,2027-05-01,Summer,Economy,1,Eco-2,ECOCMFTPLS,Economy — ECOCMFTPLS,+54.96 USD,1083.12,USD,Ubfly,ECOCMFTPLS-ECOCMFTPLS,1 personal item; In-flight entertainment,Included,Included,Unknown,Included,Unknown,Unknown,Unknown,Unknown,Unknown,Unknown,Unknown,Unknown,Unknown,Unknown,Unknown,Unknown,Yes,,,2026-07-28T05:48:37+00:00,success,0
LH,DEL,YVR,DEL,IN,YVR,CA,2027-04-28,2027-05-01,Summer,Economy,2,Eco-3,ECOBASEPL,Economy — ECOBASEPL,+127.65 USD,1155.81,USD,Ubfly,ECOBASEPL-ECOBASEPL,1 personal item; Change without penalty before flight; In-flight entertainment,Included,Included,Unknown,Included,Unknown,Unknown,Unknown,Unknown,Included,Unknown,Unknown,Unknown,Unknown,Unknown,Unknown,Unknown,Yes,,,2026-07-28T05:48:37+00:00,success,0
LH,DEL,YVR,DEL,IN,YVR,CA,2027-04-28,2027-05-01,Summer,Economy,3,Eco-4,PRECMFT,Economy — PRECMFT,+137.82 USD,1165.98,USD,Ubfly,PRECMFT-PRECMFT,1 personal item; In-flight entertainment,Included,Included,Unknown,Included,Unknown,Unknown,Unknown,Unknown,Unknown,Unknown,Unknown,Unknown,Unknown,Unknown,Unknown,Unknown,Yes,,,2026-07-28T05:48:37+00:00,success,0
LH,DEL,YVR,DEL,IN,YVR,CA,2027-04-28,2027-05-01,Summer,Economy,4,Eco-5,ECOFLEX,Economy Flex,+162.11 USD,1190.27,USD,Ubfly,ECOFLEX-ECOFLEX,1 personal item; Change without penalty before flight; In-flight entertainment,Included,Included,Included,Included,Unknown,Unknown,Unknown,Included,Included,Unknown,Unknown,Unknown,Unknown,Unknown,Unknown,Unknown,Yes,,,2026-07-28T05:48:37+00:00,success,0
LH,DEL,YVR,DEL,IN,YVR,CA,2027-04-28,2027-05-01,Summer,Economy,5,Eco-6,PRECMFTPLS,Economy — PRECMFTPLS,+258.59 USD,1286.75,USD,Ubfly,PRECMFTPLS-PRECMFTPLS,1 personal item; In-flight entertainment,Included,Included,Unknown,Included,Unknown,Unknown,Unknown,Unknown,Unknown,Unknown,Unknown,Unknown,Unknown,Unknown,Unknown,Unknown,Yes,,,2026-07-28T05:48:37+00:00,success,0
LH,DEL,YVR,DEL,IN,YVR,CA,2027-04-28,2027-05-01,Summer,Economy,6,Eco-7,PREGREIC,Economy — PREGREIC,+353.39 USD,1381.55,USD,Ubfly,PREGREIC-PREGREIC,1 personal item; Change without penalty before flight; Carbon offsetting; In-flight entertainment,Included,Included,Unknown,Included,Unknown,Unknown,Unknown,Unknown,Included,Unknown,Unknown,Unknown,Unknown,Unknown,Unknown,Unknown,Yes,,,2026-07-28T05:48:37+00:00,success,0
LH,DEL,YVR,DEL,IN,YVR,CA,2027-04-28,2027-05-01,Summer,Economy,7,Eco-8,PREFLEX,Economy Flex,+379.37 USD,1407.53,USD,Ubfly,PREFLEX-PREFLEX,1 personal item; Change without penalty before flight; In-flight entertainment,Included,Included,Included,Included,Unknown,Unknown,Unknown,Included,Included,Unknown,Unknown,Unknown,Unknown,Unknown,Unknown,Unknown,Yes,,,2026-07-28T05:48:37+00:00,success,0
LH,DEL,YVR,DEL,IN,YVR,CA,2027-04-28,2027-05-01,Summer,Business,0,Bus-1,BUSCMFT,Business — BUSCMFT,0.00 USD,4073.92,USD,Ubfly,BUSCMFT-BUSCMFT-BUSCMFT,In-flight entertainment; Privileged check-in; Snack; 1 personal item; Journal & Newspaper,Included,Included,Included,Included,Included,Included,Included,Not Included,Paid,Unknown,Unknown,Unknown,Unknown,Unknown,Unknown,Unknown,Yes,,,2026-07-28T05:48:37+00:00,success,0
LH,DEL,YVR,DEL,IN,YVR,CA,2027-04-28,2027-05-01,Summer,Business,1,Bus-2,BUSCMFTPLS,Business — BUSCMFTPLS,+164.73 USD,4238.65,USD,Ubfly,BUSCMFTPLS-BUSCMFTPLS-BUSCMFTPLS,1 personal item; Snack; Journal & Newspaper; Privileged check-in; In-flight entertainment,Included,Included,Included,Included,Included,Included,Included,Paid,Paid,Unknown,Unknown,Unknown,Unknown,Unknown,Unknown,Unknown,Yes,,,2026-07-28T05:48:37+00:00,success,0
LH,DEL,YVR,DEL,IN,YVR,CA,2027-04-28,2027-05-01,Summer,Business,2,Bus-3,BUSGREIC,Business — BUSGREIC,+366.14 USD,4440.06,USD,Ubfly,BUSGREIC-BUSGREIC-BUSGREIC,1 personal item; Change without penalty before flight; Snack; Journal & Newspaper; Privileged check-in; Carbon offsetting; In-flight entertainment,Included,Included,Included,Included,Included,Included,Included,Paid,Included,Unknown,Unknown,Unknown,Unknown,Unknown,Unknown,Unknown,Yes,,,2026-07-28T05:48:37+00:00,success,0
LH,DEL,YVR,DEL,IN,YVR,CA,2027-04-28,2027-05-01,Summer,Business,3,Bus-4,BUSINESS FLEXIBLE,Business Flex,+422.88 USD,4496.8,USD,Ubfly,BUSFLEX-BUSFLEX-BUSFLEX,1 personal item; Business class seat with private partition; Change without penalty before flight; Snack; Journal & Newspaper; Privileged check-in; In-flight entertainment,Included,Included,Included,Included,Included,Included,Included,Included,Included,Unknown,Unknown,Unknown,Unknown,Unknown,Unknown,Unknown,Yes,,,2026-07-28T05:48:37+00:00,success,0
LH,DEL,YVR,DEL,IN,YVR,CA,2026-11-01,2026-11-04,Winter,Economy,0,Eco-1,ECOCMFT,Economy — ECOCMFT,0.00 USD,784.87,USD,Ubfly,ECOCMFT-ECOCMFT,In-flight entertainment; 1 personal item,Included,Included,Unknown,Included,Unknown,Unknown,Unknown,Unknown,Unknown,Unknown,Unknown,Unknown,Unknown,Unknown,Unknown,Unknown,Yes,,,2026-07-28T05:48:37+00:00,success,0
LH,DEL,YVR,DEL,IN,YVR,CA,2026-11-01,2026-11-04,Winter,Economy,1,Eco-2,ECOCMFTPLS,Economy — ECOCMFTPLS,+54.96 USD,839.83,USD,Ubfly,ECOCMFTPLS-ECOCMFTPLS,1 personal item; In-flight entertainment,Included,Included,Unknown,Included,Unknown,Unknown,Unknown,Unknown,Unknown,Unknown,Unknown,Unknown,Unknown,Unknown,Unknown,Unknown,Yes,,,2026-07-28T05:48:37+00:00,success,0
LH,DEL,YVR,DEL,IN,YVR,CA,2026-11-01,2026-11-04,Winter,Economy,2,Eco-3,ECOBASEPL,Economy — ECOBASEPL,+127.65 USD,912.52,USD,Ubfly,ECOBASEPL-ECOBASEPL,1 personal item; Change without penalty before flight; In-flight entertainment,Included,Included,Unknown,Included,Unknown,Unknown,Unknown,Unknown,Included,Unknown,Unknown,Unknown,Unknown,Unknown,Unknown,Unknown,Yes,,,2026-07-28T05:48:37+00:00,success,0
LH,DEL,YVR,DEL,IN,YVR,CA,2026-11-01,2026-11-04,Winter,Economy,3,Eco-4,ECOFLEX,Economy Flex,+162.11 USD,946.98,USD,Ubfly,ECOFLEX-ECOFLEX,1 personal item; Change without penalty before flight; In-flight entertainment,Included,Included,Included,Included,Unknown,Unknown,Unknown,Included,Included,Unknown,Unknown,Unknown,Unknown,Unknown,Unknown,Unknown,Yes,,,2026-07-28T05:48:37+00:00,success,0
LH,DEL,YVR,DEL,IN,YVR,CA,2026-11-01,2026-11-04,Winter,Economy,4,Eco-5,PRECMFT,Economy — PRECMFT,"+1,005.06 USD",1789.93,USD,Ubfly,PRECMFT-PRECMFT,1 personal item; In-flight entertainment,Included,Included,Unknown,Included,Unknown,Unknown,Unknown,Unknown,Unknown,Unknown,Unknown,Unknown,Unknown,Unknown,Unknown,Unknown,Yes,,,2026-07-28T05:48:37+00:00,success,0
LH,DEL,YVR,DEL,IN,YVR,CA,2026-11-01,2026-11-04,Winter,Economy,5,Eco-6,PRECMFTPLS,Economy — PRECMFTPLS,"+1,125.83 USD",1910.7,USD,Ubfly,PRECMFTPLS-PRECMFTPLS,1 personal item; In-flight entertainment,Included,Included,Unknown,Included,Unknown,Unknown,Unknown,Unknown,Unknown,Unknown,Unknown,Unknown,Unknown,Unknown,Unknown,Unknown,Yes,,,2026-07-28T05:48:37+00:00,success,0
LH,DEL,YVR,DEL,IN,YVR,CA,2026-11-01,2026-11-04,Winter,Economy,6,Eco-7,PREGREIC,Economy — PREGREIC,"+1,220.61 USD",2005.48,USD,Ubfly,PREGREIC-PREGREIC,1 personal item; Change without penalty before flight; Carbon offsetting; In-flight entertainment,Included,Included,Unknown,Included,Unknown,Unknown,Unknown,Unknown,Included,Unknown,Unknown,Unknown,Unknown,Unknown,Unknown,Unknown,Yes,,,2026-07-28T05:48:37+00:00,success,0
LH,DEL,YVR,DEL,IN,YVR,CA,2026-11-01,2026-11-04,Winter,Economy,7,Eco-8,PREFLEX,Economy Flex,"+1,246.60 USD",2031.47,USD,Ubfly,PREFLEX-PREFLEX,1 personal item; Change without penalty before flight; In-flight entertainment,Included,Included,Included,Included,Unknown,Unknown,Unknown,Included,Included,Unknown,Unknown,Unknown,Unknown,Unknown,Unknown,Unknown,Yes,,,2026-07-28T05:48:37+00:00,success,0
LH,DEL,YVR,DEL,IN,YVR,CA,2026-11-01,2026-11-04,Winter,Business,0,Bus-1,BUSCMFT,Business — BUSCMFT,0.00 USD,8157.06,USD,Ubfly,BUSCMFT-BUSCMFT-BUSCMFT,In-flight entertainment; Privileged check-in; Snack; 1 personal item; Journal & Newspaper,Included,Included,Included,Included,Included,Included,Included,Not Included,Paid,Unknown,Unknown,Unknown,Unknown,Unknown,Unknown,Unknown,Yes,,,2026-07-28T05:48:37+00:00,success,0
LH,DEL,YVR,DEL,IN,YVR,CA,2026-11-01,2026-11-04,Winter,Business,1,Bus-2,BUSCMFTPLS,Business — BUSCMFTPLS,+164.70 USD,8321.76,USD,Ubfly,BUSCMFTPLS-BUSCMFTPLS-BUSCMFTPLS,1 personal item; Snack; Journal & Newspaper; Privileged check-in; In-flight entertainment,Included,Included,Included,Included,Included,Included,Included,Paid,Paid,Unknown,Unknown,Unknown,Unknown,Unknown,Unknown,Unknown,Yes,,,2026-07-28T05:48:37+00:00,success,0
LH,DEL,YVR,DEL,IN,YVR,CA,2026-11-01,2026-11-04,Winter,Business,2,Bus-3,BUSGREIC,Business — BUSGREIC,+385.17 USD,8542.23,USD,Ubfly,BUSGREIC-BUSGREIC-BUSGREIC,1 personal item; Change without penalty before flight; Snack; Journal & Newspaper; Privileged check-in; Carbon offsetting; In-flight entertainment,Included,Included,Included,Included,Included,Included,Included,Paid,Included,Unknown,Unknown,Unknown,Unknown,Unknown,Unknown,Unknown,Yes,,,2026-07-28T05:48:37+00:00,success,0
LH,DEL,YVR,DEL,IN,YVR,CA,2026-11-01,2026-11-04,Winter,Business,3,Bus-4,BUSINESS FLEXIBLE,Business Flex,+422.85 USD,8579.91,USD,Ubfly,BUSFLEX-BUSFLEX-BUSFLEX,1 personal item; Business class seat with private partition; Change without penalty before flight; Snack; Journal & Newspaper; Privileged check-in; In-flight entertainment,Included,Included,Included,Included,Included,Included,Included,Included,Included,Unknown,Unknown,Unknown,Unknown,Unknown,Unknown,Unknown,Yes,,,2026-07-28T05:48:37+00:00,success,0
AI,DEL,SFO,DEL,IN,SFO,US,2027-04-28,2027-05-01,Summer,Economy,0,Eco-1,ECOVALU,Economy — ECOVALU,0.00 USD,720.55,USD,Ubfly,ECOVALU,,Included,Included,Included,Paid,Unknown,Unknown,Unknown,Not Included,Paid,Unknown,Unknown,Unknown,Unknown,Unknown,Unknown,Unknown,,,,2026-07-28T05:48:37+00:00,partial,1
AI,DEL,SFO,DEL,IN,SFO,US,2027-04-28,2027-05-01,Summer,Economy,1,Eco-2,ECOCLAS,Economy — ECOCLAS,+84.06 USD,804.61,USD,Ubfly,ECOCLAS,,Included,Included,Included,Paid,Unknown,Unknown,Unknown,Paid,Paid,Unknown,Unknown,Unknown,Unknown,Unknown,Unknown,Unknown,,,,2026-07-28T05:48:37+00:00,partial,1
AI,DEL,SFO,DEL,IN,SFO,US,2027-04-28,2027-05-01,Summer,Economy,2,Eco-3,ECOFLX,Economy — ECOFLX,+263.99 USD,984.54,USD,Ubfly,ECOFLX,Change with Penalty,Included,Included,Included,Paid,Unknown,Unknown,Unknown,Paid,Included,Unknown,Unknown,Unknown,Unknown,Unknown,Unknown,Unknown,,,,2026-07-28T05:48:37+00:00,partial,1
AI,DEL,SFO,DEL,IN,SFO,US,2027-04-28,2027-05-01,Summer,Business,0,Bus-1,Business Value,Business Basic,0 USD,3651.62,USD,Enuygun,bff_0,,Included,Included,Included,Included,Unknown,Unknown,Unknown,Paid,Paid,Unknown,Unknown,Unknown,Unknown,Unknown,Unknown,Unknown,,,,2026-07-28T05:48:37+00:00,partial,1
AI,DEL,SFO,DEL,IN,SFO,US,2027-04-28,2027-05-01,Summer,Business,1,Bus-2,Business Flex,Business Flex,+268.89 USD,3920.5,USD,Enuygun,bff_1,,Included,Included,Included,Included,Unknown,Unknown,Unknown,Paid,Included,Unknown,Unknown,Unknown,Unknown,Unknown,Unknown,Unknown,,,,2026-07-28T05:48:37+00:00,partial,1
AI,DEL,SFO,DEL,IN,SFO,US,2027-03-16,2027-03-19,Winter,Economy,0,Eco-1,Standard,Economy Standard,0.00 USD,676.23,USD,Ubfly,TG-TG-TG,POINT ACCRUAL(F),Included,Included,Unknown,Included,Unknown,Unknown,Unknown,Unknown,Unknown,Unknown,Unknown,Unknown,Unknown,Unknown,Unknown,Unknown,,,,2026-07-28T05:48:37+00:00,success,0
AI,DEL,SFO,DEL,IN,SFO,US,2027-03-16,2027-03-19,Winter,Economy,1,Eco-2,Flexible,Economy Flex,+113.33 USD,789.56,USD,Ubfly,FL-FL-FL,POINT ACCRUAL(F),Included,Included,Included,Included,Unknown,Unknown,Unknown,Unknown,Unknown,Unknown,Unknown,Unknown,Unknown,Unknown,Unknown,Unknown,,,,2026-07-28T05:48:37+00:00,success,0
AI,DEL,SFO,DEL,IN,SFO,US,2027-03-16,2027-03-19,Winter,Economy,2,Eco-3,Comfort,Economy Comfort,+243.22 USD,919.45,USD,Ubfly,CO-CO-CO,Change with Penalty; Uninterrupted return (up to the last 12 hours); Privileged check-in; POINT ACCRUAL(F),Included,Included,Included,Included,Unknown,Unknown,Unknown,Unknown,Unknown,Unknown,Unknown,Included,Unknown,Unknown,Unknown,Unknown,,,,2026-07-28T05:48:37+00:00,success,0
AI,DEL,SFO,DEL,IN,SFO,US,2027-03-16,2027-03-19,Winter,Economy,3,Eco-4,PL,Economy — PL,"+1,488.53 USD",2164.76,USD,Ubfly,PL-PL-PL,Privileged check-in; POINT ACCRUAL(F),Included,Included,Included,Included,Unknown,Unknown,Unknown,Unknown,Unknown,Unknown,Unknown,Unknown,Unknown,Unknown,Unknown,Unknown,,,,2026-07-28T05:48:37+00:00,success,0
AI,DEL,SFO,DEL,IN,SFO,US,2027-03-16,2027-03-19,Winter,Economy,4,Eco-5,PRIME FLY,Economy Premium,"+1,730.08 USD",2406.31,USD,Ubfly,PF-PF-PF,Change with Penalty; Uninterrupted return (up to the last 12 hours); Privileged check-in; POINT ACCRUAL(F),Included,Included,Included,Included,Unknown,Unknown,Unknown,Unknown,Unknown,Unknown,Unknown,Included,Unknown,Unknown,Unknown,Unknown,,,,2026-07-28T05:48:37+00:00,success,0
AI,DEL,SFO,DEL,IN,SFO,US,2027-03-16,2027-03-19,Winter,Economy,5,Eco-6,Latitude,Economy — Latitude,"+2,974.57 USD",3650.8,USD,Ubfly,LT-LT-LT,Change with Penalty; Uninterrupted return (up to the last 12 hours); Privileged check-in; POINT ACCRUAL(F),Included,Included,Included,Included,Unknown,Unknown,Unknown,Unknown,Unknown,Unknown,Unknown,Included,Unknown,Unknown,Unknown,Unknown,,,,2026-07-28T05:48:37+00:00,success,0
AI,DEL,SFO,DEL,IN,SFO,US,2027-03-16,2027-03-19,Winter,Business,0,Bus-1,BUSCMFT,Business — BUSCMFT,0.00 USD,5927.95,USD,Ubfly,BUSCMFT-BUSCMFT-BUSCMFT,In-flight entertainment; Privileged check-in; Snack; Journal & Newspaper; 1 personal item,Included,Included,Included,Included,Included,Included,Included,Unknown,Unknown,Unknown,Unknown,Unknown,Unknown,Unknown,Unknown,Unknown,Yes,,,2026-07-28T05:48:37+00:00,success,0
AI,DEL,SFO,DEL,IN,SFO,US,2027-03-16,2027-03-19,Winter,Business,1,Bus-2,BUSCMFTPLS,Business — BUSCMFTPLS,+164.73 USD,6092.68,USD,Ubfly,BUSCMFTPLS-BUSCMFTPLS-BUSCMFTPLS,1 personal item; Snack; Journal & Newspaper; Privileged check-in; In-flight entertainment,Included,Included,Included,Included,Included,Included,Included,Unknown,Unknown,Unknown,Unknown,Unknown,Unknown,Unknown,Unknown,Unknown,Yes,,,2026-07-28T05:48:37+00:00,success,0
AI,DEL,SFO,DEL,IN,SFO,US,2027-03-16,2027-03-19,Winter,Business,2,Bus-3,BUSINESS FLEXIBLE,Business Flex,+422.88 USD,6350.83,USD,Ubfly,BUSFLEX-BUSFLEX-BUSFLEX,1 personal item; Business class seat with private partition; Change without penalty before flight; Snack; Journal & Newspaper; Privileged check-in; In-flight entertainment,Included,Included,Included,Included,Included,Included,Included,Included,Included,Unknown,Unknown,Unknown,Unknown,Unknown,Unknown,Unknown,Yes,,,2026-07-28T05:48:37+00:00,success,0
EK,DEL,SFO,DEL,IN,SFO,US,2027-04-28,2027-05-01,Summer,Economy,0,Eco-1,Economy Saver,Economy Basic,0.00 USD,759.62,USD,Ubfly,YP-b5776f97035b4a95a864f74be8e2bb8b,Non-exchangeable.; • Hot and cold refreshments; • ICE entertainment; Economy Cabin,Included,Included,Paid,Included,Unknown,Unknown,Unknown,Included,Paid,Unknown,Unknown,Unknown,Included,Unknown,Unknown,Unknown,Yes,2400.0,,2026-07-28T05:48:37+00:00,success,0
EK,DEL,SFO,DEL,IN,SFO,US,2027-04-28,2027-05-01,Summer,Economy,1,Eco-2,Economy Flex,Economy Flex,+309.05 USD,1068.67,USD,Ubfly,YS-1d8aa40d64fb4df2abed3fdd7f4ac019,Non-exchangeable.; • Hot and cold refreshments; • ICE entertainment; Economy Cabin,Included,Included,Included,Included,Unknown,Unknown,Unknown,Included,Paid,Unknown,Unknown,Unknown,Included,Unknown,Unknown,Unknown,Yes,6000.0,,2026-07-28T05:48:37+00:00,success,0
EK,DEL,SFO,DEL,IN,SFO,US,2027-04-28,2027-05-01,Summer,Economy,2,Eco-3,Economy Flex Plus,Economy Comfort,"+1,232.32 USD",1991.94,USD,Ubfly,YF-eb334ddc2d54475ab812aef5e98530a2,Non-exchangeable.; • Hot and cold refreshments; • ICE entertainment; Economy Cabin,Included,Included,Included,Included,Unknown,Unknown,Unknown,Included,Included,Unknown,Unknown,Unknown,Included,Unknown,Unknown,Unknown,Yes,8000.0,,2026-07-28T05:48:37+00:00,success,0
EK,DEL,SFO,DEL,IN,SFO,US,2027-04-28,2027-05-01,Summer,Business,0,Bus-1,BSSAVER,Business Basic,0.00 USD,3315.36,USD,Ubfly,BSSAVER-BSSAVER,Soft drink; Premium check-in; In-flight entertainment; Chauffeur Drive; Internet Access,Included,Included,Included,Included,Included,Included,Included,Not Included,Paid,Unknown,Unknown,Unknown,Unknown,Unknown,Unknown,Unknown,Yes,,,2026-07-28T05:48:37+00:00,success,0
EK,DEL,SFO,DEL,IN,SFO,US,2027-04-28,2027-05-01,Summer,Business,1,Bus-2,BSFLEX,Business Flex,+734.83 USD,4050.19,USD,Ubfly,BSFLEX-BSFLEX,Premium check-in; Soft drink; In-flight entertainment; Chauffeur Drive; Internet Access,Included,Included,Included,Included,Included,Included,Included,Paid,Paid,Unknown,Unknown,Unknown,Unknown,Unknown,Unknown,Unknown,Yes,175.0,,2026-07-28T05:48:37+00:00,success,0
EK,DEL,SFO,DEL,IN,SFO,US,2027-04-28,2027-05-01,Summer,Business,2,Bus-3,BSFLXPLUS,Business Comfort,"+2,148.16 USD",5463.52,USD,Ubfly,BSFLXPLUS-BSFLXPLUS,Premium check-in; Soft drink; In-flight entertainment; Chauffeur Drive; Internet Access; Uninterrupted return (up to the last 12 hours); Change with Penalty,Included,Included,Included,Included,Included,Included,Included,Included,Included,Unknown,Unknown,Unknown,Unknown,Unknown,Unknown,Unknown,Yes,190.0,,2026-07-28T05:48:37+00:00,success,0
EK,DEL,SFO,DEL,IN,SFO,US,2027-04-28,2027-05-01,Summer,Premium Economy,0,PEco-1,Premium Economy FlexPlus,Premium Economy Comfort,"+1,529.45 USD",2289.07,USD,Ubfly,WF-6ff91642914f4dbb92b66116614555ec,Non-exchangeable.; • Hot and cold refreshments; • ICE entertainment; • Exclusive Premium Economy Class dining; Premium Economy Cabin,Included,Included,Included,Unknown,Unknown,Unknown,Unknown,Included,Unknown,Unknown,Unknown,Unknown,Included,Unknown,Unknown,Unknown,Yes,8800.0,,2026-07-28T05:48:37+00:00,success,0
EK,DEL,SFO,DEL,IN,SFO,US,2027-03-16,2027-03-19,Winter,Economy,0,Eco-1,Economy Saver,Economy Basic,0.00 USD,883.22,USD,Ubfly,YP-f978c60c3b864e77940883a680a5391c,Non-exchangeable.; • Hot and cold refreshments; • ICE entertainment; Economy Cabin,Included,Included,Paid,Included,Unknown,Unknown,Unknown,Included,Paid,Unknown,Unknown,Unknown,Included,Unknown,Unknown,Unknown,Yes,2400.0,,2026-07-28T05:48:37+00:00,success,0
EK,DEL,SFO,DEL,IN,SFO,US,2027-03-16,2027-03-19,Winter,Economy,1,Eco-2,Economy Flex,Economy Flex,+185.45 USD,1068.67,USD,Ubfly,YS-f7c6369aa5d240858e14d1588269fe5a,Non-exchangeable.; • Hot and cold refreshments; • ICE entertainment; Economy Cabin,Included,Included,Included,Included,Unknown,Unknown,Unknown,Included,Paid,Unknown,Unknown,Unknown,Included,Unknown,Unknown,Unknown,Yes,6000.0,,2026-07-28T05:48:37+00:00,success,0
EK,DEL,SFO,DEL,IN,SFO,US,2027-03-16,2027-03-19,Winter,Economy,2,Eco-3,Economy Flex Plus,Economy Comfort,"+1,108.72 USD",1991.94,USD,Ubfly,YF-64054691a7f5450a81254f1e8f137de5,Non-exchangeable.; • Hot and cold refreshments; • ICE entertainment; Economy Cabin,Included,Included,Included,Included,Unknown,Unknown,Unknown,Included,Included,Unknown,Unknown,Unknown,Included,Unknown,Unknown,Unknown,Yes,8000.0,,2026-07-28T05:48:37+00:00,success,0
EK,DEL,SFO,DEL,IN,SFO,US,2027-03-16,2027-03-19,Winter,Business,0,Bus-1,BSSAVER,Business Basic,0.00 USD,3315.36,USD,Ubfly,BSSAVER-BSSAVER,Soft drink; Premium check-in; In-flight entertainment; Chauffeur Drive; Internet Access,Included,Included,Included,Included,Included,Included,Included,Not Included,Paid,Unknown,Unknown,Unknown,Unknown,Unknown,Unknown,Unknown,Yes,,,2026-07-28T05:48:37+00:00,success,0
EK,DEL,SFO,DEL,IN,SFO,US,2027-03-16,2027-03-19,Winter,Business,1,Bus-2,BSFLEX,Business Flex,+734.83 USD,4050.19,USD,Ubfly,BSFLEX-BSFLEX,Premium check-in; Soft drink; In-flight entertainment; Chauffeur Drive; Internet Access,Included,Included,Included,Included,Included,Included,Included,Paid,Paid,Unknown,Unknown,Unknown,Unknown,Unknown,Unknown,Unknown,Yes,175.0,,2026-07-28T05:48:37+00:00,success,0
EK,DEL,SFO,DEL,IN,SFO,US,2027-03-16,2027-03-19,Winter,Business,2,Bus-3,BSFLXPLUS,Business Comfort,"+2,148.16 USD",5463.52,USD,Ubfly,BSFLXPLUS-BSFLXPLUS,Premium check-in; Soft drink; In-flight entertainment; Chauffeur Drive; Internet Access; Uninterrupted return (up to the last 12 hours); Change with Penalty,Included,Included,Included,Included,Included,Included,Included,Included,Included,Unknown,Unknown,Unknown,Unknown,Unknown,Unknown,Unknown,Yes,190.0,,2026-07-28T05:48:37+00:00,success,0
EK,DEL,SFO,DEL,IN,SFO,US,2027-03-16,2027-03-19,Winter,Premium Economy,0,PEco-1,Premium Economy FlexPlus,Premium Economy Comfort,"+1,405.85 USD",2289.07,USD,Ubfly,WF-bde9d1fbcc5a4d36a0fc997e9f6b9e5b,Non-exchangeable.; • Hot and cold refreshments; • ICE entertainment; • Exclusive Premium Economy Class dining; Premium Economy Cabin,Included,Included,Included,Unknown,Unknown,Unknown,Unknown,Included,Unknown,Unknown,Unknown,Unknown,Included,Unknown,Unknown,Unknown,Yes,8800.0,,2026-07-28T05:48:37+00:00,success,0
TK,DEL,SFO,DEL,IN,SFO,US,2027-04-28,2027-05-01,Summer,Economy,0,Eco-1,SEMI FLEXIBLE,Economy Flex,0.00 USD,907.48,USD,Ubfly,RS-5536971e80474c74b491e3da42076c6b,Online Message Verification,Included,Included,Unknown,Included,Unknown,Unknown,Unknown,Included,Included,Unknown,Unknown,Unknown,Unknown,Unknown,Unknown,Unknown,,,,2026-07-28T05:48:37+00:00,partial,0
TK,DEL,SFO,DEL,IN,SFO,US,2027-04-28,2027-05-01,Summer,Economy,1,Eco-2,FLEXIBLE,Economy Flex,+241.23 USD,1148.71,USD,Ubfly,FX-054c9127f4734bbc9be35968f049167c,Online Message Verification,Included,Included,Unknown,Included,Unknown,Unknown,Unknown,Unknown,Unknown,Unknown,Unknown,Unknown,Unknown,Unknown,Unknown,Unknown,,,,2026-07-28T05:48:37+00:00,partial,0
TK,DEL,SFO,DEL,IN,SFO,US,2027-04-28,2027-05-01,Summer,Business,0,Bus-1,BX,Business — BX,0.00 USD,3502.88,USD,Ubfly,BX-47d2ab7bd8f540ec85ee59476f47596a,Priority Check-In; BAG INCLUDED; Internet Package,Included,Included,Unknown,Included,Included,Included,Included,Paid,Paid,Unknown,Unknown,Unknown,Unknown,Unknown,Unknown,Unknown,,,,2026-07-28T05:48:37+00:00,partial,0
TK,DEL,SFO,DEL,IN,SFO,US,2027-04-28,2027-05-01,Summer,Business,1,Bus-2,BB,Business — BB,"+1,826.15 USD",5329.03,USD,Ubfly,BB-4f147f327455470190e039b3a7a18972,Priority Check-In; BAG INCLUDED; Internet Package,Included,Included,Unknown,Included,Included,Included,Included,Included,Included,Unknown,Unknown,Unknown,Unknown,Unknown,Unknown,Unknown,,,,2026-07-28T05:48:37+00:00,partial,0
TK,DEL,SFO,DEL,IN,SFO,US,2027-03-16,2027-03-19,Winter,Economy,0,Eco-1,Restricted,Economy — Restricted,0 USD,970.93,USD,Enuygun,bff_0,,Included,Included,Unknown,Included,Unknown,Unknown,Unknown,Paid,Paid,Unknown,Unknown,Unknown,Unknown,Unknown,Unknown,Unknown,,,,2026-07-28T05:48:37+00:00,partial,0
TK,DEL,SFO,DEL,IN,SFO,US,2027-03-16,2027-03-19,Winter,Economy,1,Eco-2,Flexible,Economy Flex,+603.99 USD,1574.91,USD,Enuygun,bff_1,,Included,Included,Unknown,Included,Unknown,Unknown,Unknown,Included,Included,Unknown,Unknown,Unknown,Unknown,Unknown,Unknown,Unknown,,,,2026-07-28T05:48:37+00:00,partial,0
CX,DEL,SFO,DEL,IN,SFO,US,2027-04-28,2027-05-01,Summer,Economy,0,Eco-1,Economy Light,Economy Lite,0 USD,1003.75,USD,Enuygun,bff_0,,Included,Included,Unknown,Included,Unknown,Unknown,Unknown,Paid,Paid,Unknown,Unknown,Unknown,Unknown,Unknown,Unknown,Unknown,,,,2026-07-28T05:48:37+00:00,partial,0
CX,DEL,SFO,DEL,IN,SFO,US,2027-04-28,2027-05-01,Summer,Economy,1,Eco-2,Economy Essential,Economy — Economy Essential,+140.19 USD,1143.94,USD,Enuygun,bff_1,,Included,Included,Unknown,Included,Unknown,Unknown,Unknown,Paid,Paid,Unknown,Unknown,Unknown,Unknown,Unknown,Unknown,Unknown,,,,2026-07-28T05:48:37+00:00,partial,0
CX,DEL,SFO,DEL,IN,SFO,US,2027-04-28,2027-05-01,Summer,Economy,2,Eco-3,Economy Flex,Economy Flex,+283.52 USD,1287.27,USD,Enuygun,bff_2,,Included,Included,Unknown,Included,Unknown,Unknown,Unknown,Paid,Included,Unknown,Unknown,Unknown,Unknown,Unknown,Unknown,Unknown,,,,2026-07-28T05:48:37+00:00,partial,0
CX,DEL,SFO,DEL,IN,SFO,US,2027-04-28,2027-05-01,Summer,Business,0,Bus-1,Business Light,Business Lite,0 USD,2799.07,USD,Enuygun,bff_0,priority_check_in: Öncelikli Check-in,Included,Included,Unknown,Included,Included,Unknown,Unknown,Paid,Paid,Unknown,Unknown,Unknown,Unknown,Unknown,Unknown,Unknown,,,,2026-07-28T05:48:37+00:00,partial,0
CX,DEL,SFO,DEL,IN,SFO,US,2027-04-28,2027-05-01,Summer,Business,1,Bus-2,Business Essential,Business — Business Essential,+899.72 USD,3698.79,USD,Enuygun,bff_1,priority_check_in: Öncelikli Check-in,Included,Included,Unknown,Included,Included,Unknown,Unknown,Paid,Paid,Unknown,Unknown,Unknown,Unknown,Unknown,Unknown,Unknown,,,,2026-07-28T05:48:37+00:00,partial,0
CX,DEL,SFO,DEL,IN,SFO,US,2027-04-28,2027-05-01,Summer,Business,2,Bus-3,Business Flex,Business Flex,+3361.15 USD,6160.22,USD,Enuygun,bff_2,priority_check_in: Öncelikli Check-in,Included,Included,Unknown,Included,Included,Unknown,Unknown,Paid,Included,Unknown,Unknown,Unknown,Unknown,Unknown,Unknown,Unknown,,,,2026-07-28T05:48:37+00:00,partial,0
CX,DEL,SFO,DEL,IN,SFO,US,2027-03-16,2027-03-19,Winter,Economy,0,Eco-1,Economy Light,Economy Lite,0 USD,1003.75,USD,Enuygun,bff_0,,Included,Included,Unknown,Included,Unknown,Unknown,Unknown,Paid,Paid,Unknown,Unknown,Unknown,Unknown,Unknown,Unknown,Unknown,,,,2026-07-28T05:48:37+00:00,partial,0
CX,DEL,SFO,DEL,IN,SFO,US,2027-03-16,2027-03-19,Winter,Economy,1,Eco-2,Economy Essential,Economy — Economy Essential,+140.19 USD,1143.94,USD,Enuygun,bff_1,,Included,Included,Unknown,Included,Unknown,Unknown,Unknown,Paid,Paid,Unknown,Unknown,Unknown,Unknown,Unknown,Unknown,Unknown,,,,2026-07-28T05:48:37+00:00,partial,0
CX,DEL,SFO,DEL,IN,SFO,US,2027-03-16,2027-03-19,Winter,Economy,2,Eco-3,Economy Flex,Economy Flex,+283.52 USD,1287.27,USD,Enuygun,bff_2,,Included,Included,Unknown,Included,Unknown,Unknown,Unknown,Paid,Included,Unknown,Unknown,Unknown,Unknown,Unknown,Unknown,Unknown,,,,2026-07-28T05:48:37+00:00,partial,0
CX,DEL,SFO,DEL,IN,SFO,US,2027-03-16,2027-03-19,Winter,Business,0,Bus-1,Business Light,Business Lite,0 USD,2799.07,USD,Enuygun,bff_0,priority_check_in: Öncelikli Check-in,Included,Included,Unknown,Included,Included,Unknown,Unknown,Paid,Paid,Unknown,Unknown,Unknown,Unknown,Unknown,Unknown,Unknown,,,,2026-07-28T05:48:37+00:00,partial,0
CX,DEL,SFO,DEL,IN,SFO,US,2027-03-16,2027-03-19,Winter,Business,1,Bus-2,Business Essential,Business — Business Essential,+899.72 USD,3698.79,USD,Enuygun,bff_1,priority_check_in: Öncelikli Check-in,Included,Included,Unknown,Included,Included,Unknown,Unknown,Paid,Paid,Unknown,Unknown,Unknown,Unknown,Unknown,Unknown,Unknown,,,,2026-07-28T05:48:37+00:00,partial,0
CX,DEL,SFO,DEL,IN,SFO,US,2027-03-16,2027-03-19,Winter,Business,2,Bus-3,Business Flex,Business Flex,+3361.15 USD,6160.22,USD,Enuygun,bff_2,priority_check_in: Öncelikli Check-in,Included,Included,Unknown,Included,Included,Unknown,Unknown,Paid,Included,Unknown,Unknown,Unknown,Unknown,Unknown,Unknown,Unknown,,,,2026-07-28T05:48:37+00:00,partial,0
CX,HKG,JFK,HKG,HK,NYC,US,2026-09-15,2026-09-18,Summer,Economy,0,Eco-1,ECOCMFT,Economy — ECOCMFT,0.00 USD,1333.48,USD,Ubfly,ECOCMFT-ECOCMFT,In-flight entertainment; 1 personal item,Included,Included,Unknown,Included,Unknown,Unknown,Unknown,Unknown,Unknown,Unknown,Unknown,Unknown,Unknown,Unknown,Unknown,Unknown,Yes,,,2026-07-28T05:48:37+00:00,success,0
CX,HKG,JFK,HKG,HK,NYC,US,2026-09-15,2026-09-18,Summer,Economy,1,Eco-2,ECOCMFTPLS,Economy — ECOCMFTPLS,+85.52 USD,1419.0,USD,Ubfly,ECOCMFTPLS-ECOCMFTPLS,1 personal item; In-flight entertainment,Included,Included,Unknown,Included,Unknown,Unknown,Unknown,Unknown,Unknown,Unknown,Unknown,Unknown,Unknown,Unknown,Unknown,Unknown,Yes,,,2026-07-28T05:48:37+00:00,success,0
CX,HKG,JFK,HKG,HK,NYC,US,2026-09-15,2026-09-18,Summer,Economy,2,Eco-3,ECOFLEX,Economy Flex,+169.78 USD,1503.26,USD,Ubfly,ECOFLEX-ECOFLEX,1 personal item; In-flight entertainment,Included,Included,Included,Included,Unknown,Unknown,Unknown,Unknown,Unknown,Unknown,Unknown,Unknown,Unknown,Unknown,Unknown,Unknown,Yes,,,2026-07-28T05:48:37+00:00,success,0
CX,HKG,JFK,HKG,HK,NYC,US,2026-09-15,2026-09-18,Summer,Economy,3,Eco-4,PRECMFT,Economy — PRECMFT,"+1,088.85 USD",2422.33,USD,Ubfly,PRECMFT-PRECMFT,1 personal item; In-flight entertainment,Included,Included,Unknown,Included,Unknown,Unknown,Unknown,Unknown,Unknown,Unknown,Unknown,Unknown,Unknown,Unknown,Unknown,Unknown,Yes,,,2026-07-28T05:48:37+00:00,success,0
CX,HKG,JFK,HKG,HK,NYC,US,2026-09-15,2026-09-18,Summer,Economy,4,Eco-5,PRECMFTPLS,Economy — PRECMFTPLS,"+1,188.43 USD",2521.91,USD,Ubfly,PRECMFTPLS-PRECMFTPLS,1 personal item; In-flight entertainment,Included,Included,Unknown,Included,Unknown,Unknown,Unknown,Unknown,Unknown,Unknown,Unknown,Unknown,Unknown,Unknown,Unknown,Unknown,Yes,,,2026-07-28T05:48:37+00:00,success,0
CX,HKG,JFK,HKG,HK,NYC,US,2026-09-15,2026-09-18,Summer,Economy,5,Eco-6,PREFLEX,Economy Flex,"+1,285.45 USD",2618.93,USD,Ubfly,PREFLEX-PREFLEX,1 personal item; In-flight entertainment,Included,Included,Included,Included,Unknown,Unknown,Unknown,Unknown,Unknown,Unknown,Unknown,Unknown,Unknown,Unknown,Unknown,Unknown,Yes,,,2026-07-28T05:48:37+00:00,success,0
CX,HKG,JFK,HKG,HK,NYC,US,2026-09-15,2026-09-18,Summer,Business,0,Bus-1,BUSCMFT,Business — BUSCMFT,0.00 USD,7466.04,USD,Ubfly,BUSCMFT-BUSCMFT,In-flight entertainment; Snack; Privileged check-in; 1 personal item; Journal & Newspaper,Included,Included,Included,Included,Included,Included,Included,Unknown,Unknown,Unknown,Unknown,Unknown,Unknown,Unknown,Unknown,Unknown,Yes,,,2026-07-28T05:48:37+00:00,success,0
CX,HKG,JFK,HKG,HK,NYC,US,2026-09-15,2026-09-18,Summer,Business,1,Bus-2,BUSCMFTPLS,Business — BUSCMFTPLS,+142.96 USD,7609.0,USD,Ubfly,BUSCMFTPLS-BUSCMFTPLS,1 personal item; Snack; Journal & Newspaper; Privileged check-in; In-flight entertainment,Included,Included,Included,Included,Included,Included,Included,Unknown,Unknown,Unknown,Unknown,Unknown,Unknown,Unknown,Unknown,Unknown,Yes,,,2026-07-28T05:48:37+00:00,success,0
CX,HKG,JFK,HKG,HK,NYC,US,2026-09-15,2026-09-18,Summer,Business,2,Bus-3,BUSINESS FLEXIBLE,Business Flex,+285.93 USD,7751.97,USD,Ubfly,BUSFLEX-BUSFLEX,1 personal item; Business class seat with private partition; Snack; Journal & Newspaper; Privileged check-in; In-flight entertainment,Included,Included,Included,Included,Included,Included,Included,Included,Included,Unknown,Unknown,Unknown,Unknown,Unknown,Unknown,Unknown,Yes,,,2026-07-28T05:48:37+00:00,success,0
CX,HKG,JFK,HKG,HK,NYC,US,2027-02-17,2027-02-20,Winter,Economy,0,Eco-1,ECOCMFT,Economy — ECOCMFT,0.00 USD,1977.53,USD,Ubfly,ECOCMFT-ECOCMFT,In-flight entertainment; 1 personal item,Included,Included,Unknown,Included,Unknown,Unknown,Unknown,Unknown,Unknown,Unknown,Unknown,Unknown,Unknown,Unknown,Unknown,Unknown,Yes,,,2026-07-28T05:48:37+00:00,success,0
CX,HKG,JFK,HKG,HK,NYC,US,2027-02-17,2027-02-20,Winter,Economy,1,Eco-2,ECOCMFTPLS,Economy — ECOCMFTPLS,+85.52 USD,2063.05,USD,Ubfly,ECOCMFTPLS-ECOCMFTPLS,1 personal item; In-flight entertainment,Included,Included,Unknown,Included,Unknown,Unknown,Unknown,Unknown,Unknown,Unknown,Unknown,Unknown,Unknown,Unknown,Unknown,Unknown,Yes,,,2026-07-28T05:48:37+00:00,success,0
CX,HKG,JFK,HKG,HK,NYC,US,2027-02-17,2027-02-20,Winter,Economy,2,Eco-3,ECOFLEX,Economy Flex,+169.78 USD,2147.31,USD,Ubfly,ECOFLEX-ECOFLEX,1 personal item; In-flight entertainment,Included,Included,Included,Included,Unknown,Unknown,Unknown,Unknown,Unknown,Unknown,Unknown,Unknown,Unknown,Unknown,Unknown,Unknown,Yes,,,2026-07-28T05:48:37+00:00,success,0
CX,HKG,JFK,HKG,HK,NYC,US,2027-02-17,2027-02-20,Winter,Economy,3,Eco-4,PRECMFT,Economy — PRECMFT,"+1,339.06 USD",3316.59,USD,Ubfly,PRECMFT-PRECMFT,1 personal item; In-flight entertainment,Included,Included,Unknown,Included,Unknown,Unknown,Unknown,Unknown,Unknown,Unknown,Unknown,Unknown,Unknown,Unknown,Unknown,Unknown,Yes,,,2026-07-28T05:48:37+00:00,success,0
CX,HKG,JFK,HKG,HK,NYC,US,2027-02-17,2027-02-20,Winter,Economy,4,Eco-5,PRECMFTPLS,Economy — PRECMFTPLS,"+1,438.63 USD",3416.16,USD,Ubfly,PRECMFTPLS-PRECMFTPLS,1 personal item; In-flight entertainment,Included,Included,Unknown,Included,Unknown,Unknown,Unknown,Unknown,Unknown,Unknown,Unknown,Unknown,Unknown,Unknown,Unknown,Unknown,Yes,,,2026-07-28T05:48:37+00:00,success,0
CX,HKG,JFK,HKG,HK,NYC,US,2027-02-17,2027-02-20,Winter,Economy,5,Eco-6,PREFLEX,Economy Flex,"+1,535.65 USD",3513.18,USD,Ubfly,PREFLEX-PREFLEX,1 personal item; In-flight entertainment,Included,Included,Included,Included,Unknown,Unknown,Unknown,Unknown,Unknown,Unknown,Unknown,Unknown,Unknown,Unknown,Unknown,Unknown,Yes,,,2026-07-28T05:48:37+00:00,success,0
CX,HKG,JFK,HKG,HK,NYC,US,2027-02-17,2027-02-20,Winter,Business,0,Bus-1,BUSCMFT,Business — BUSCMFT,0.00 USD,5650.41,USD,Ubfly,BUSCMFT-BUSCMFT,In-flight entertainment; Snack; Privileged check-in; 1 personal item; Journal & Newspaper,Included,Included,Included,Included,Included,Included,Included,Paid,Paid,Unknown,Unknown,Unknown,Unknown,Unknown,Unknown,Unknown,Yes,,,2026-07-28T05:48:37+00:00,success,0
CX,HKG,JFK,HKG,HK,NYC,US,2027-02-17,2027-02-20,Winter,Business,1,Bus-2,BUSCMFTPLS,Business — BUSCMFTPLS,+142.96 USD,5793.37,USD,Ubfly,BUSCMFTPLS-BUSCMFTPLS,1 personal item; Snack; Journal & Newspaper; Privileged check-in; In-flight entertainment,Included,Included,Included,Included,Included,Included,Included,Paid,Paid,Unknown,Unknown,Unknown,Unknown,Unknown,Unknown,Unknown,Yes,,,2026-07-28T05:48:37+00:00,success,0
CX,HKG,JFK,HKG,HK,NYC,US,2027-02-17,2027-02-20,Winter,Business,2,Bus-3,BUSINESS FLEXIBLE,Business Flex,+285.93 USD,5936.34,USD,Ubfly,BUSFLEX-BUSFLEX,1 personal item; Business class seat with private partition; Snack; Journal & Newspaper; Privileged check-in; In-flight entertainment,Included,Included,Included,Included,Included,Included,Included,Included,Included,Unknown,Unknown,Unknown,Unknown,Unknown,Unknown,Unknown,Yes,,,2026-07-28T05:48:37+00:00,success,0
BR,HKG,JFK,HKG,HK,NYC,US,2026-09-15,2026-09-18,Summer,Economy,0,Eco-1,Economy Basic,Economy Basic,0 USD,557.75,USD,Enuygun,bff_0,entertainment: Uçak İçi Eğlence,Included,Included,Unknown,Included,Unknown,Unknown,Unknown,Paid,Paid,Unknown,Unknown,Unknown,Unknown,Unknown,Unknown,Unknown,,,,2026-07-28T05:48:37+00:00,partial,0
BR,HKG,JFK,HKG,HK,NYC,US,2026-09-15,2026-09-18,Summer,Economy,1,Eco-2,Economy Standard,Economy Standard,+582.58 USD,1140.34,USD,Enuygun,bff_1,entertainment: Uçak İçi Eğlence,Included,Included,Unknown,Included,Unknown,Unknown,Unknown,Paid,Paid,Unknown,Unknown,Unknown,Unknown,Unknown,Unknown,Unknown,,,,2026-07-28T05:48:37+00:00,partial,0
BR,HKG,JFK,HKG,HK,NYC,US,2026-09-15,2026-09-18,Summer,Economy,2,Eco-3,Economy Up,Economy — Economy Up,+1183.37 USD,1741.12,USD,Enuygun,bff_2,entertainment: Uçak İçi Eğlence,Included,Included,Unknown,Included,Unknown,Unknown,Unknown,Paid,Included,Unknown,Unknown,Unknown,Unknown,Unknown,Unknown,Unknown,,,,2026-07-28T05:48:37+00:00,partial,0
BR,HKG,JFK,HKG,HK,NYC,US,2026-09-15,2026-09-18,Summer,Business,0,Bus-1,Business Basic,Business Basic,0 USD,4141.6,USD,Enuygun,bff_0,entertainment: Uçak İçi Eğlence,Included,Included,Unknown,Included,Unknown,Unknown,Unknown,Paid,Paid,Unknown,Unknown,Unknown,Unknown,Unknown,Unknown,Unknown,,,,2026-07-28T05:48:37+00:00,partial,0
BR,HKG,JFK,HKG,HK,NYC,US,2026-09-15,2026-09-18,Summer,Business,1,Bus-2,Business Standard,Business Standard,+1155.37 USD,5296.96,USD,Enuygun,bff_1,entertainment: Uçak İçi Eğlence,Included,Included,Unknown,Included,Unknown,Unknown,Unknown,Paid,Paid,Unknown,Unknown,Unknown,Unknown,Unknown,Unknown,Unknown,,,,2026-07-28T05:48:37+00:00,partial,0
BR,HKG,JFK,HKG,HK,NYC,US,2026-09-15,2026-09-18,Summer,Business,2,Bus-3,Business Up,Business — Business Up,+2526.39 USD,6667.99,USD,Enuygun,bff_2,entertainment: Uçak İçi Eğlence,Included,Included,Unknown,Included,Unknown,Unknown,Unknown,Paid,Included,Unknown,Unknown,Unknown,Unknown,Unknown,Unknown,Unknown,,,,2026-07-28T05:48:37+00:00,partial,0
BR,HKG,JFK,HKG,HK,NYC,US,2027-02-17,2027-02-20,Winter,Economy,0,Eco-1,Economy Basic,Economy Basic,0 USD,557.75,USD,Enuygun,bff_0,entertainment: Uçak İçi Eğlence,Included,Included,Unknown,Included,Unknown,Unknown,Unknown,Paid,Paid,Unknown,Unknown,Unknown,Unknown,Unknown,Unknown,Unknown,,,,2026-07-28T05:48:37+00:00,partial,0
BR,HKG,JFK,HKG,HK,NYC,US,2027-02-17,2027-02-20,Winter,Economy,1,Eco-2,Economy Standard,Economy Standard,+582.58 USD,1140.34,USD,Enuygun,bff_1,entertainment: Uçak İçi Eğlence,Included,Included,Unknown,Included,Unknown,Unknown,Unknown,Paid,Paid,Unknown,Unknown,Unknown,Unknown,Unknown,Unknown,Unknown,,,,2026-07-28T05:48:37+00:00,partial,0
BR,HKG,JFK,HKG,HK,NYC,US,2027-02-17,2027-02-20,Winter,Economy,2,Eco-3,Economy Up,Economy — Economy Up,+1183.37 USD,1741.12,USD,Enuygun,bff_2,entertainment: Uçak İçi Eğlence,Included,Included,Unknown,Included,Unknown,Unknown,Unknown,Paid,Included,Unknown,Unknown,Unknown,Unknown,Unknown,Unknown,Unknown,,,,2026-07-28T05:48:37+00:00,partial,0
BR,HKG,JFK,HKG,HK,NYC,US,2027-02-17,2027-02-20,Winter,Business,0,Bus-1,Business Basic,Business Basic,0 USD,4189.52,USD,Enuygun,bff_0,entertainment: Uçak İçi Eğlence,Included,Included,Unknown,Included,Unknown,Unknown,Unknown,Paid,Paid,Unknown,Unknown,Unknown,Unknown,Unknown,Unknown,Unknown,,,,2026-07-28T05:48:37+00:00,partial,0
BR,HKG,JFK,HKG,HK,NYC,US,2027-02-17,2027-02-20,Winter,Business,1,Bus-2,Business Standard,Business Standard,+1159.56 USD,5349.07,USD,Enuygun,bff_1,entertainment: Uçak İçi Eğlence,Included,Included,Unknown,Included,Unknown,Unknown,Unknown,Paid,Paid,Unknown,Unknown,Unknown,Unknown,Unknown,Unknown,Unknown,,,,2026-07-28T05:48:37+00:00,partial,0
BR,HKG,JFK,HKG,HK,NYC,US,2027-02-17,2027-02-20,Winter,Business,2,Bus-3,Business Up,Business — Business Up,+2535.99 USD,6725.51,USD,Enuygun,bff_2,entertainment: Uçak İçi Eğlence,Included,Included,Unknown,Included,Unknown,Unknown,Unknown,Paid,Included,Unknown,Unknown,Unknown,Unknown,Unknown,Unknown,Unknown,,,,2026-07-28T05:48:37+00:00,partial,0
CI,HKG,JFK,HKG,HK,NYC,US,2026-09-15,2026-09-18,Summer,Economy,0,Eco-1,Economy Basic,Economy Basic,0 USD,591.13,USD,Enuygun,bff_0,entertainment: Uçak İçi Eğlence,Included,Included,Unknown,Included,Unknown,Unknown,Unknown,Paid,Paid,Unknown,Unknown,Unknown,Unknown,Unknown,Unknown,Unknown,,,,2026-07-28T05:48:37+00:00,partial,0
CI,HKG,JFK,HKG,HK,NYC,US,2026-09-15,2026-09-18,Summer,Economy,1,Eco-2,Economy Standard,Economy Standard,+615.83 USD,1206.96,USD,Enuygun,bff_1,entertainment: Uçak İçi Eğlence,Included,Included,Unknown,Included,Unknown,Unknown,Unknown,Paid,Paid,Unknown,Unknown,Unknown,Unknown,Unknown,Unknown,Unknown,,,,2026-07-28T05:48:37+00:00,partial,0
CI,HKG,JFK,HKG,HK,NYC,US,2026-09-15,2026-09-18,Summer,Economy,2,Eco-3,Economy Flex,Economy Flex,+1149.34 USD,1740.47,USD,Enuygun,bff_2,entertainment: Uçak İçi Eğlence,Included,Included,Unknown,Included,Unknown,Unknown,Unknown,Paid,Included,Unknown,Unknown,Unknown,Unknown,Unknown,Unknown,Unknown,,,,2026-07-28T05:48:37+00:00,partial,0
CI,HKG,JFK,HKG,HK,NYC,US,2026-09-15,2026-09-18,Summer,Business,0,Bus-1,Business Basic,Business Basic,0 USD,4346.73,USD,Enuygun,bff_0,priority_check_in: Öncelikli Check-in; entertainment: Uçak İçi Eğlence,Included,Included,Unknown,Included,Included,Unknown,Unknown,Paid,Paid,Unknown,Unknown,Unknown,Unknown,Unknown,Unknown,Unknown,,,,2026-07-28T05:48:37+00:00,partial,0
CI,HKG,JFK,HKG,HK,NYC,US,2026-09-15,2026-09-18,Summer,Business,1,Bus-2,Business Standard,Business Standard,+1284.49 USD,5631.22,USD,Enuygun,bff_1,priority_check_in: Öncelikli Check-in; entertainment: Uçak İçi Eğlence,Included,Included,Unknown,Included,Included,Unknown,Unknown,Paid,Paid,Unknown,Unknown,Unknown,Unknown,Unknown,Unknown,Unknown,,,,2026-07-28T05:48:37+00:00,partial,0
CI,HKG,JFK,HKG,HK,NYC,US,2026-09-15,2026-09-18,Summer,Business,2,Bus-3,Business Flex,Business Flex,+2660.93 USD,7007.66,USD,Enuygun,bff_2,priority_check_in: Öncelikli Check-in; entertainment: Uçak İçi Eğlence,Included,Included,Unknown,Included,Included,Unknown,Unknown,Paid,Included,Unknown,Unknown,Unknown,Unknown,Unknown,Unknown,Unknown,,,,2026-07-28T05:48:37+00:00,partial,0
CI,HKG,JFK,HKG,HK,NYC,US,2027-02-17,2027-02-20,Winter,Economy,0,Eco-1,Economy Basic,Economy Basic,0 USD,591.13,USD,Enuygun,bff_0,entertainment: Uçak İçi Eğlence,Included,Included,Unknown,Included,Unknown,Unknown,Unknown,Paid,Paid,Unknown,Unknown,Unknown,Unknown,Unknown,Unknown,Unknown,,,,2026-07-28T05:48:37+00:00,partial,0
CI,HKG,JFK,HKG,HK,NYC,US,2027-02-17,2027-02-20,Winter,Economy,1,Eco-2,Economy Standard,Economy Standard,+615.83 USD,1206.96,USD,Enuygun,bff_1,entertainment: Uçak İçi Eğlence,Included,Included,Unknown,Included,Unknown,Unknown,Unknown,Paid,Paid,Unknown,Unknown,Unknown,Unknown,Unknown,Unknown,Unknown,,,,2026-07-28T05:48:37+00:00,partial,0
CI,HKG,JFK,HKG,HK,NYC,US,2027-02-17,2027-02-20,Winter,Economy,2,Eco-3,Economy Flex,Economy Flex,+1149.34 USD,1740.47,USD,Enuygun,bff_2,entertainment: Uçak İçi Eğlence,Included,Included,Unknown,Included,Unknown,Unknown,Unknown,Paid,Included,Unknown,Unknown,Unknown,Unknown,Unknown,Unknown,Unknown,,,,2026-07-28T05:48:37+00:00,partial,0
CI,HKG,JFK,HKG,HK,NYC,US,2027-02-17,2027-02-20,Winter,Business,0,Bus-1,Business Basic,Business Basic,0 USD,4346.73,USD,Enuygun,bff_0,priority_check_in: Öncelikli Check-in; entertainment: Uçak İçi Eğlence,Included,Included,Unknown,Included,Included,Unknown,Unknown,Paid,Paid,Unknown,Unknown,Unknown,Unknown,Unknown,Unknown,Unknown,,,,2026-07-28T05:48:37+00:00,partial,0
CI,HKG,JFK,HKG,HK,NYC,US,2027-02-17,2027-02-20,Winter,Business,1,Bus-2,Business Standard,Business Standard,+1284.49 USD,5631.22,USD,Enuygun,bff_1,priority_check_in: Öncelikli Check-in; entertainment: Uçak İçi Eğlence,Included,Included,Unknown,Included,Included,Unknown,Unknown,Paid,Paid,Unknown,Unknown,Unknown,Unknown,Unknown,Unknown,Unknown,,,,2026-07-28T05:48:37+00:00,partial,0
CI,HKG,JFK,HKG,HK,NYC,US,2027-02-17,2027-02-20,Winter,Business,2,Bus-3,Business Flex,Business Flex,+2660.93 USD,7007.66,USD,Enuygun,bff_2,priority_check_in: Öncelikli Check-in; entertainment: Uçak İçi Eğlence,Included,Included,Unknown,Included,Included,Unknown,Unknown,Paid,Included,Unknown,Unknown,Unknown,Unknown,Unknown,Unknown,Unknown,,,,2026-07-28T05:48:37+00:00,partial,0
NH,HKG,JFK,HKG,HK,NYC,US,2026-09-15,2026-09-18,Summer,Economy,0,Eco-1,ECO I STANDARD 2F,Economy Basic,0.00 USD,670.28,USD,Ubfly,ECOSTD-877ad0d70bc94124ac6de5feb8e87535,Non-exchangeable.; Post-Flight Paid Change; Paid Pre-flight Change,Included,Included,Included,Included,Unknown,Unknown,Unknown,Included,Paid,Unknown,Unknown,Unknown,Unknown,Unknown,Unknown,Unknown,,,,2026-07-28T05:48:37+00:00,success,0
NH,HKG,JFK,HKG,HK,NYC,US,2026-09-15,2026-09-18,Summer,Economy,1,Eco-2,ECO I VALUE 2C,Economy Basic,+568.05 USD,1238.33,USD,Ubfly,ECOVAL-f87f7b9824884d20a5b6410f7991cc1c,Non-exchangeable.; Post-Flight Paid Change; Paid Pre-flight Change,Included,Included,Included,Included,Unknown,Unknown,Unknown,Included,Paid,Unknown,Unknown,Unknown,Unknown,Unknown,Unknown,Unknown,,,,2026-07-28T05:48:37+00:00,success,0
NH,HKG,JFK,HKG,HK,NYC,US,2026-09-15,2026-09-18,Summer,Economy,2,Eco-3,ECO I FULLFLEX 2F,Economy Basic,"+2,427.91 USD",3098.19,USD,Ubfly,ECOFULFLX-c4d1d4ec5a8d4797856ef3862a500fd7,Non-exchangeable.; Free Change Before Flight,Included,Included,Included,Included,Unknown,Unknown,Unknown,Included,Included,Unknown,Unknown,Unknown,Unknown,Unknown,Unknown,Unknown,,,,2026-07-28T05:48:37+00:00,success,0
NH,HKG,JFK,HKG,HK,NYC,US,2026-09-15,2026-09-18,Summer,Business,0,Bus-1,BUSPARTREF,Business — BUSPARTREF,0.00 USD,4211.79,USD,Ubfly,BUSPARTREF-BUSPARTREF,1 personal item,Included,Included,Included,Included,Included,Included,Unknown,Paid,Paid,Unknown,Unknown,Unknown,Unknown,Included,Unknown,Unknown,Yes,,,2026-07-28T05:48:37+00:00,success,0
NH,HKG,JFK,HKG,HK,NYC,US,2026-09-15,2026-09-18,Summer,Business,1,Bus-2,BUSINESS,Business — BUSINESS,"+2,230.05 USD",6441.84,USD,Ubfly,BUSINESS-BUSINESS,1 personal item,Included,Included,Included,Included,Included,Included,Unknown,Not Included,Paid,Unknown,Unknown,Unknown,Unknown,Included,Unknown,Unknown,Yes,,,2026-07-28T05:48:37+00:00,success,0
NH,HKG,JFK,HKG,HK,NYC,US,2026-09-15,2026-09-18,Summer,Business,2,Bus-3,BUSREF,Business — BUSREF,"+5,511.95 USD",9723.74,USD,Ubfly,BUSREF-BUSREF,Uninterrupted return (up to the last 12 hours); Change with Penalty; 1 personal item,Included,Included,Included,Included,Included,Included,Unknown,Included,Included,Unknown,Unknown,Unknown,Unknown,Included,Unknown,Unknown,Yes,,,2026-07-28T05:48:37+00:00,success,0
NH,HKG,JFK,HKG,HK,NYC,US,2027-02-17,2027-02-20,Winter,Economy,0,Eco-1,ECONOMY,Economy — ECONOMY,0.00 USD,1231.12,USD,Ubfly,ECONOMY-ECONOMY,1 personal item,Included,Included,Included,Unknown,Unknown,Unknown,Unknown,Unknown,Paid,Unknown,Unknown,Unknown,Unknown,Included,Unknown,Unknown,Yes,,,2026-07-28T05:48:37+00:00,success,0
NH,HKG,JFK,HKG,HK,NYC,US,2027-02-17,2027-02-20,Winter,Economy,1,Eco-2,ECONOMY PARTIALLY REFUNDABLE,Economy — ECONOMY PARTIALLY REFUNDABLE,+60.39 USD,1291.51,USD,Ubfly,ECOPARTREF-ECOPARTREF,1 personal item,Included,Included,Included,Unknown,Unknown,Unknown,Unknown,Not Included,Paid,Unknown,Unknown,Unknown,Unknown,Included,Unknown,Unknown,Yes,,,2026-07-28T05:48:37+00:00,success,0
NH,HKG,JFK,HKG,HK,NYC,US,2027-02-17,2027-02-20,Winter,Economy,2,Eco-3,ECONOMY FULLY REFUNDABLE,Economy Premium,"+1,856.45 USD",3087.57,USD,Ubfly,ECOREF-ECOREF,Uninterrupted return (up to the last 12 hours); Change with Penalty; 1 personal item,Included,Included,Included,Unknown,Unknown,Unknown,Unknown,Included,Included,Unknown,Unknown,Unknown,Unknown,Included,Unknown,Unknown,Yes,,,2026-07-28T05:48:37+00:00,success,0
NH,HKG,JFK,HKG,HK,NYC,US,2027-02-17,2027-02-20,Winter,Business,0,Bus-1,BUSPARTREF,Business — BUSPARTREF,0.00 USD,4221.01,USD,Ubfly,BUSPARTREF-BUSPARTREF,1 personal item,Included,Included,Included,Included,Included,Included,Unknown,Paid,Paid,Unknown,Unknown,Unknown,Unknown,Included,Unknown,Unknown,Yes,,,2026-07-28T05:48:37+00:00,success,0
NH,HKG,JFK,HKG,HK,NYC,US,2027-02-17,2027-02-20,Winter,Business,1,Bus-2,BUSINESS,Business — BUSINESS,"+2,230.05 USD",6451.06,USD,Ubfly,BUSINESS-BUSINESS,1 personal item,Included,Included,Included,Included,Included,Included,Unknown,Not Included,Paid,Unknown,Unknown,Unknown,Unknown,Included,Unknown,Unknown,Yes,,,2026-07-28T05:48:37+00:00,success,0
NH,HKG,JFK,HKG,HK,NYC,US,2027-02-17,2027-02-20,Winter,Business,2,Bus-3,BUSREF,Business — BUSREF,"+5,511.95 USD",9732.96,USD,Ubfly,BUSREF-BUSREF,Uninterrupted return (up to the last 12 hours); Change with Penalty; 1 personal item,Included,Included,Included,Included,Included,Included,Unknown,Included,Included,Unknown,Unknown,Unknown,Unknown,Included,Unknown,Unknown,Yes,,,2026-07-28T05:48:37+00:00,success,0
CX,HKG,YYZ,HKG,HK,YTO,CA,2027-04-18,2027-04-21,Summer,Economy,0,Eco-1,Economy Light,Economy Lite,0 USD,1493.62,USD,Enuygun,bff_0,,Included,Included,Unknown,Included,Unknown,Unknown,Unknown,Paid,Paid,Unknown,Unknown,Unknown,Unknown,Unknown,Unknown,Unknown,,,,2026-07-28T05:48:37+00:00,success,0
CX,HKG,YYZ,HKG,HK,YTO,CA,2027-04-18,2027-04-21,Summer,Economy,1,Eco-2,Economy Essential,Economy — Economy Essential,+137.51 USD,1631.14,USD,Enuygun,bff_1,,Included,Included,Unknown,Included,Unknown,Unknown,Unknown,Paid,Paid,Unknown,Unknown,Unknown,Unknown,Unknown,Unknown,Unknown,,,,2026-07-28T05:48:37+00:00,success,0
CX,HKG,YYZ,HKG,HK,YTO,CA,2027-04-18,2027-04-21,Summer,Economy,2,Eco-3,Economy Flex,Economy Flex,+333.78 USD,1827.4,USD,Enuygun,bff_2,,Included,Included,Unknown,Included,Unknown,Unknown,Unknown,Paid,Included,Unknown,Unknown,Unknown,Unknown,Unknown,Unknown,Unknown,,,,2026-07-28T05:48:37+00:00,success,0
CX,HKG,YYZ,HKG,HK,YTO,CA,2027-04-18,2027-04-21,Summer,Business,0,Bus-1,BUSCMFT,Business — BUSCMFT,0.00 USD,5027.22,USD,Ubfly,BUSCMFT-BUSCMFT,In-flight entertainment; Privileged check-in; Snack; 1 personal item; Journal & Newspaper,Included,Included,Included,Included,Included,Included,Included,Unknown,Unknown,Unknown,Unknown,Unknown,Unknown,Unknown,Unknown,Unknown,Yes,,,2026-07-28T05:48:37+00:00,success,0
CX,HKG,YYZ,HKG,HK,YTO,CA,2027-04-18,2027-04-21,Summer,Business,1,Bus-2,BUSCMFTPLS,Business — BUSCMFTPLS,+142.99 USD,5170.21,USD,Ubfly,BUSCMFTPLS-BUSCMFTPLS,1 personal item; Snack; Journal & Newspaper; Privileged check-in; In-flight entertainment,Included,Included,Included,Included,Included,Included,Included,Unknown,Unknown,Unknown,Unknown,Unknown,Unknown,Unknown,Unknown,Unknown,Yes,,,2026-07-28T05:48:37+00:00,success,0
CX,HKG,YYZ,HKG,HK,YTO,CA,2027-04-18,2027-04-21,Summer,Business,2,Bus-3,BUSINESS FLEXIBLE,Business Flex,+285.95 USD,5313.17,USD,Ubfly,BUSFLEX-BUSFLEX,1 personal item; Business class seat with private partition; Snack; Journal & Newspaper; Privileged check-in; In-flight entertainment,Included,Included,Included,Included,Included,Included,Included,Included,Included,Unknown,Unknown,Unknown,Unknown,Unknown,Unknown,Unknown,Yes,,,2026-07-28T05:48:37+00:00,success,0
CX,HKG,YYZ,HKG,HK,YTO,CA,2027-04-18,2027-04-21,Summer,Premium Economy,0,PEco-1,Premium Economy Flexible,Premium Economy Flex,"+1,744.98 USD",3130.97,USD,Ubfly,AAPA-PECFL-68a727ee4dbc4068b94484a737c1efc8,"Non-exchangeable.; Check 2 bags free; Extra Legroom Seat; Priority check-in and boarding access (Group 4); Changes allowed; *Flexible fares may be subject to additional restrictions once travel begins. Please refer to the Penalties section in the fare rules for details; If you're an AAdvantage® status member or AAdvantage® credit cardholder, your bag benefit and boarding group applies if higher based on status. Benefits may not apply on partner airlines.; If you're an AAdvantage® credit cardholder, your bag benefit applies only on domestic American Airlines marketed and operated trips.",Included,Included,Unknown,Unknown,Unknown,Unknown,Unknown,Included,Unknown,Unknown,Unknown,Unknown,Unknown,Unknown,Unknown,Unknown,,,,2026-07-28T05:48:37+00:00,success,0
CX,HKG,YYZ,HKG,HK,YTO,CA,2026-12-25,2026-12-28,Winter,Economy,0,Eco-1,ECOCMFT,Economy — ECOCMFT,0.00 USD,2590.06,USD,Ubfly,ECOCMFT-ECOCMFT,In-flight entertainment; 1 personal item,Included,Included,Unknown,Included,Unknown,Unknown,Unknown,Unknown,Unknown,Unknown,Unknown,Unknown,Unknown,Unknown,Unknown,Unknown,Yes,,,2026-07-28T05:48:37+00:00,success,0
CX,HKG,YYZ,HKG,HK,YTO,CA,2026-12-25,2026-12-28,Winter,Economy,1,Eco-2,ECOCMFTPLS,Economy — ECOCMFTPLS,+84.25 USD,2674.31,USD,Ubfly,ECOCMFTPLS-ECOCMFTPLS,1 personal item; In-flight entertainment,Included,Included,Unknown,Included,Unknown,Unknown,Unknown,Unknown,Unknown,Unknown,Unknown,Unknown,Unknown,Unknown,Unknown,Unknown,Yes,,,2026-07-28T05:48:37+00:00,success,0
CX,HKG,YYZ,HKG,HK,YTO,CA,2026-12-25,2026-12-28,Winter,Economy,2,Eco-3,ECOFLEX,Economy Flex,+169.78 USD,2759.84,USD,Ubfly,ECOFLEX-ECOFLEX,1 personal item; In-flight entertainment,Included,Included,Included,Included,Unknown,Unknown,Unknown,Unknown,Unknown,Unknown,Unknown,Unknown,Unknown,Unknown,Unknown,Unknown,Yes,,,2026-07-28T05:48:37+00:00,success,0
CX,HKG,YYZ,HKG,HK,YTO,CA,2026-12-25,2026-12-28,Winter,Economy,3,Eco-4,PRECMFT,Economy — PRECMFT,+365.08 USD,2955.14,USD,Ubfly,PRECMFT-PRECMFT,1 personal item; In-flight entertainment,Included,Included,Unknown,Included,Unknown,Unknown,Unknown,Unknown,Unknown,Unknown,Unknown,Unknown,Unknown,Unknown,Unknown,Unknown,Yes,,,2026-07-28T05:48:37+00:00,success,0
CX,HKG,YYZ,HKG,HK,YTO,CA,2026-12-25,2026-12-28,Winter,Economy,4,Eco-5,PRECMFTPLS,Economy — PRECMFTPLS,+462.10 USD,3052.16,USD,Ubfly,PRECMFTPLS-PRECMFTPLS,1 personal item; In-flight entertainment,Included,Included,Unknown,Included,Unknown,Unknown,Unknown,Unknown,Unknown,Unknown,Unknown,Unknown,Unknown,Unknown,Unknown,Unknown,Yes,,,2026-07-28T05:48:37+00:00,success,0
CX,HKG,YYZ,HKG,HK,YTO,CA,2026-12-25,2026-12-28,Winter,Economy,5,Eco-6,PREFLEX,Economy Flex,+561.65 USD,3151.71,USD,Ubfly,PREFLEX-PREFLEX,1 personal item; In-flight entertainment,Included,Included,Included,Included,Unknown,Unknown,Unknown,Unknown,Unknown,Unknown,Unknown,Unknown,Unknown,Unknown,Unknown,Unknown,Yes,,,2026-07-28T05:48:37+00:00,success,0
CX,HKG,YYZ,HKG,HK,YTO,CA,2026-12-25,2026-12-28,Winter,Business,0,Bus-1,BUSCMFT,Business — BUSCMFT,0.00 USD,7508.78,USD,Ubfly,BUSCMFT-BUSCMFT,In-flight entertainment; Privileged check-in; Snack; Business class seat with private partition; BUSINESS EXTRA LONG BED(F); MAGAZINES AND NEWSPAPERS(F),Included,Included,Included,Included,Included,Included,Included,Unknown,Unknown,Unknown,Unknown,Unknown,Unknown,Unknown,Unknown,Unknown,Yes,,,2026-07-28T05:48:37+00:00,success,0
CX,HKG,YYZ,HKG,HK,YTO,CA,2026-12-25,2026-12-28,Winter,Business,1,Bus-2,BUSCMFTPLS,Business — BUSCMFTPLS,+142.99 USD,7651.77,USD,Ubfly,BUSCMFTPLS-BUSCMFTPLS,Business class seat with private partition; BUSINESS EXTRA LONG BED(F); Snack; MAGAZINES AND NEWSPAPERS(F); Privileged check-in; In-flight entertainment,Included,Included,Included,Included,Included,Included,Included,Unknown,Unknown,Unknown,Unknown,Unknown,Unknown,Unknown,Unknown,Unknown,Yes,,,2026-07-28T05:48:37+00:00,success,0
CX,HKG,YYZ,HKG,HK,YTO,CA,2026-12-25,2026-12-28,Winter,Business,2,Bus-3,BUSINESS FLEXIBLE,Business Flex,+285.95 USD,7794.73,USD,Ubfly,BUSFLEX-BUSFLEX,Business class seat with private partition; BUSINESS EXTRA LONG BED(F); Snack; MAGAZINES AND NEWSPAPERS(F); Privileged check-in; In-flight entertainment,Included,Included,Included,Included,Included,Included,Included,Included,Included,Unknown,Unknown,Unknown,Unknown,Unknown,Unknown,Unknown,Yes,,,2026-07-28T05:48:37+00:00,success,0
AC,HKG,YYZ,HKG,HK,YTO,CA,2027-04-18,2027-04-21,Summer,Economy,0,Eco-1,Standard,Economy Standard,0.00 USD,1205.04,USD,Ubfly,TG-TG,POINT ACCRUAL(F),Included,Included,Included,Included,Unknown,Unknown,Unknown,Not Included,Paid,Unknown,Unknown,Unknown,Unknown,Unknown,Unknown,Unknown,,,,2026-07-28T05:48:37+00:00,partial,0
AC,HKG,YYZ,HKG,HK,YTO,CA,2027-04-18,2027-04-21,Summer,Economy,1,Eco-2,Flexible,Economy Flex,+53.19 USD,1258.23,USD,Ubfly,FL-FL,POINT ACCRUAL(F),Included,Included,Included,Included,Unknown,Unknown,Unknown,Paid,Paid,Unknown,Unknown,Unknown,Unknown,Unknown,Unknown,Unknown,,,,2026-07-28T05:48:37+00:00,partial,0
AC,HKG,YYZ,HKG,HK,YTO,CA,2027-04-18,2027-04-21,Summer,Economy,2,Eco-3,Comfort,Economy Comfort,+149.36 USD,1354.4,USD,Ubfly,CO-CO,Change with Penalty; Uninterrupted return (up to the last 12 hours); Privileged check-in; POINT ACCRUAL(F),Included,Included,Included,Included,Unknown,Unknown,Unknown,Included,Included,Unknown,Unknown,Included,Unknown,Unknown,Unknown,Unknown,,,,2026-07-28T05:48:37+00:00,partial,0
AC,HKG,YYZ,HKG,HK,YTO,CA,2027-04-18,2027-04-21,Summer,Economy,3,Eco-4,Latitude,Economy — Latitude,"+1,322.46 USD",2527.5,USD,Ubfly,LT-LT,Change with Penalty; Uninterrupted return (up to the last 12 hours); Privileged check-in; POINT ACCRUAL(F),Included,Included,Included,Included,Unknown,Unknown,Unknown,Included,Included,Unknown,Unknown,Included,Unknown,Unknown,Unknown,Unknown,,,,2026-07-28T05:48:37+00:00,partial,0
AC,HKG,YYZ,HKG,HK,YTO,CA,2027-04-18,2027-04-21,Summer,Business,0,Bus-1,Business Class Standard,Business Standard,0 USD,5764.93,USD,Enuygun,bff_0,priority_check_in: Öncelikli Check-in,Included,Included,Unknown,Included,Included,Unknown,Unknown,Paid,Paid,Unknown,Unknown,Unknown,Unknown,Unknown,Unknown,Unknown,,,,2026-07-28T05:48:37+00:00,partial,0
AC,HKG,YYZ,HKG,HK,YTO,CA,2027-04-18,2027-04-21,Summer,Business,1,Bus-2,Business Class Latitude,Business — Business Latitude,+422.32 USD,6187.25,USD,Enuygun,bff_1,priority_check_in: Öncelikli Check-in,Included,Included,Unknown,Included,Included,Unknown,Unknown,Included,Included,Unknown,Unknown,Unknown,Unknown,Unknown,Unknown,Unknown,,,,2026-07-28T05:48:37+00:00,partial,0
AC,HKG,YYZ,HKG,HK,YTO,CA,2027-04-18,2027-04-21,Summer,Premium Economy,0,PEco-1,PL,Premium Economy — PL,"+2,298.98 USD",3504.02,USD,Ubfly,PL-PL,Privileged check-in; POINT ACCRUAL(F),Included,Included,Included,Included,Unknown,Unknown,Unknown,Unknown,Unknown,Unknown,Unknown,Unknown,Unknown,Unknown,Unknown,Unknown,,,,2026-07-28T05:48:37+00:00,partial,0
AC,HKG,YYZ,HKG,HK,YTO,CA,2027-04-18,2027-04-21,Summer,Premium Economy,1,PEco-2,PRIME FLY,Premium Economy Premium,"+2,681.94 USD",3886.98,USD,Ubfly,PF-PF,Change with Penalty; Uninterrupted return (up to the last 12 hours); Privileged check-in; POINT ACCRUAL(F),Included,Included,Included,Included,Unknown,Unknown,Unknown,Unknown,Unknown,Unknown,Unknown,Included,Unknown,Unknown,Unknown,Unknown,,,,2026-07-28T05:48:37+00:00,partial,0
AC,HKG,YYZ,HKG,HK,YTO,CA,2026-12-25,2026-12-28,Winter,Economy,0,Eco-1,Standard,Economy Standard,0 USD,1387.59,USD,Enuygun,bff_0,,Included,Included,Included,Included,Unknown,Unknown,Unknown,Unknown,Paid,Unknown,Unknown,Unknown,Unknown,Unknown,Unknown,Unknown,,,,2026-07-28T05:48:37+00:00,partial,0
AC,HKG,YYZ,HKG,HK,YTO,CA,2026-12-25,2026-12-28,Winter,Economy,1,Eco-2,Flex,Economy Flex,+54.61 USD,1442.2,USD,Enuygun,bff_1,,Included,Included,Included,Included,Unknown,Unknown,Unknown,Paid,Paid,Unknown,Unknown,Unknown,Unknown,Unknown,Unknown,Unknown,,,,2026-07-28T05:48:37+00:00,partial,0
AC,HKG,YYZ,HKG,HK,YTO,CA,2026-12-25,2026-12-28,Winter,Economy,2,Eco-3,Comfort,Economy Comfort,+163.83 USD,1551.42,USD,Enuygun,bff_2,,Included,Included,Included,Included,Unknown,Unknown,Unknown,Included,Included,Unknown,Unknown,Included,Unknown,Unknown,Unknown,Unknown,,,,2026-07-28T05:48:37+00:00,partial,0
AC,HKG,YYZ,HKG,HK,YTO,CA,2026-12-25,2026-12-28,Winter,Economy,3,Eco-4,Latitude,Economy — Latitude,+1349.65 USD,2737.24,USD,Enuygun,bff_3,priority_check_in: Öncelikli Check-in,Included,Included,Included,Included,Unknown,Unknown,Unknown,Included,Included,Unknown,Unknown,Included,Unknown,Unknown,Unknown,Unknown,,,,2026-07-28T05:48:37+00:00,partial,0
AC,HKG,YYZ,HKG,HK,YTO,CA,2026-12-25,2026-12-28,Winter,Business,0,Bus-1,BUSINESS CLASS STANDARD,Business Standard,0 USD,5717.4,USD,Enuygun,bff_0,priority_check_in: Öncelikli Check-in,Included,Included,Unknown,Included,Unknown,Unknown,Unknown,Paid,Paid,Unknown,Unknown,Unknown,Unknown,Unknown,Unknown,Unknown,,,,2026-07-28T05:48:37+00:00,partial,0
AC,HKG,YYZ,HKG,HK,YTO,CA,2026-12-25,2026-12-28,Winter,Business,1,Bus-2,BUSINESS CLASS LATITUDE,Business — BUSINESS LATITUDE,+420.12 USD,6137.52,USD,Enuygun,bff_1,priority_check_in: Öncelikli Check-in,Included,Included,Unknown,Included,Unknown,Unknown,Unknown,Included,Included,Unknown,Unknown,Unknown,Unknown,Unknown,Unknown,Unknown,,,,2026-07-28T05:48:37+00:00,partial,0
AC,HKG,YYZ,HKG,HK,YTO,CA,2026-12-25,2026-12-28,Winter,Premium Economy,0,PEco-1,PL,Premium Economy — PL,"+2,298.98 USD",3504.02,USD,Ubfly,PL-PL,Privileged check-in; POINT ACCRUAL(F),Included,Included,Included,Included,Unknown,Unknown,Unknown,Unknown,Unknown,Unknown,Unknown,Unknown,Unknown,Unknown,Unknown,Unknown,,,,2026-07-28T05:48:37+00:00,partial,0
AC,HKG,YYZ,HKG,HK,YTO,CA,2026-12-25,2026-12-28,Winter,Premium Economy,1,PEco-2,PRIME FLY,Premium Economy Premium,"+2,681.94 USD",3886.98,USD,Ubfly,PF-PF,Change with Penalty; Uninterrupted return (up to the last 12 hours); Privileged check-in; POINT ACCRUAL(F),Included,Included,Included,Included,Unknown,Unknown,Unknown,Unknown,Unknown,Unknown,Unknown,Included,Unknown,Unknown,Unknown,Unknown,,,,2026-07-28T05:48:37+00:00,partial,0
BR,HKG,YYZ,HKG,HK,YTO,CA,2027-04-18,2027-04-21,Summer,Economy,0,Eco-1,Economy Basic,Economy Basic,0 USD,867.62,USD,Enuygun,bff_0,entertainment: Uçak İçi Eğlence,Included,Included,Unknown,Included,Unknown,Unknown,Unknown,Paid,Paid,Unknown,Unknown,Unknown,Unknown,Unknown,Unknown,Unknown,,,,2026-07-28T05:48:37+00:00,partial,0
BR,HKG,YYZ,HKG,HK,YTO,CA,2027-04-18,2027-04-21,Summer,Economy,1,Eco-2,Economy Standard,Economy Standard,+245.07 USD,1112.69,USD,Enuygun,bff_1,entertainment: Uçak İçi Eğlence,Included,Included,Unknown,Included,Unknown,Unknown,Unknown,Paid,Paid,Unknown,Unknown,Unknown,Unknown,Unknown,Unknown,Unknown,,,,2026-07-28T05:48:37+00:00,partial,0
BR,HKG,YYZ,HKG,HK,YTO,CA,2027-04-18,2027-04-21,Summer,Economy,2,Eco-3,Economy Up,Economy — Economy Up,+936.9 USD,1804.52,USD,Enuygun,bff_2,entertainment: Uçak İçi Eğlence,Included,Included,Unknown,Included,Unknown,Unknown,Unknown,Paid,Included,Unknown,Unknown,Unknown,Unknown,Unknown,Unknown,Unknown,,,,2026-07-28T05:48:37+00:00,partial,0
BR,HKG,YYZ,HKG,HK,YTO,CA,2027-04-18,2027-04-21,Summer,Business,0,Bus-1,Business Basic,Business Basic,0 USD,3583.18,USD,Enuygun,bff_0,entertainment: Uçak İçi Eğlence,Included,Included,Unknown,Included,Unknown,Unknown,Unknown,Paid,Paid,Unknown,Unknown,Unknown,Unknown,Unknown,Unknown,Unknown,,,,2026-07-28T05:48:37+00:00,partial,0
BR,HKG,YYZ,HKG,HK,YTO,CA,2027-04-18,2027-04-21,Summer,Business,1,Bus-2,Business Standard,Business Standard,+1090.94 USD,4674.12,USD,Enuygun,bff_1,entertainment: Uçak İçi Eğlence,Included,Included,Unknown,Included,Unknown,Unknown,Unknown,Paid,Paid,Unknown,Unknown,Unknown,Unknown,Unknown,Unknown,Unknown,,,,2026-07-28T05:48:37+00:00,partial,0
BR,HKG,YYZ,HKG,HK,YTO,CA,2027-04-18,2027-04-21,Summer,Business,2,Bus-3,Business Up,Business — Business Up,+3517.9 USD,7101.09,USD,Enuygun,bff_2,entertainment: Uçak İçi Eğlence,Included,Included,Unknown,Included,Unknown,Unknown,Unknown,Paid,Included,Unknown,Unknown,Unknown,Unknown,Unknown,Unknown,Unknown,,,,2026-07-28T05:48:37+00:00,partial,0
BR,HKG,YYZ,HKG,HK,YTO,CA,2026-12-25,2026-12-28,Winter,Economy,0,Eco-1,Economy Basic,Economy Basic,0 USD,735.23,USD,Enuygun,bff_0,entertainment: Uçak İçi Eğlence,Included,Included,Unknown,Included,Unknown,Unknown,Unknown,Paid,Paid,Unknown,Unknown,Unknown,Unknown,Unknown,Unknown,Unknown,,,,2026-07-28T05:48:37+00:00,partial,0
BR,HKG,YYZ,HKG,HK,YTO,CA,2026-12-25,2026-12-28,Winter,Economy,1,Eco-2,Economy Standard,Economy Standard,+390.7 USD,1125.93,USD,Enuygun,bff_1,entertainment: Uçak İçi Eğlence,Included,Included,Unknown,Included,Unknown,Unknown,Unknown,Paid,Paid,Unknown,Unknown,Unknown,Unknown,Unknown,Unknown,Unknown,,,,2026-07-28T05:48:37+00:00,partial,0
BR,HKG,YYZ,HKG,HK,YTO,CA,2026-12-25,2026-12-28,Winter,Economy,2,Eco-3,Economy Up,Economy — Economy Up,+1082.53 USD,1817.76,USD,Enuygun,bff_2,entertainment: Uçak İçi Eğlence,Included,Included,Unknown,Included,Unknown,Unknown,Unknown,Paid,Included,Unknown,Unknown,Unknown,Unknown,Unknown,Unknown,Unknown,,,,2026-07-28T05:48:37+00:00,partial,0
BR,HKG,YYZ,HKG,HK,YTO,CA,2026-12-25,2026-12-28,Winter,Business,0,Bus-1,Business Basic,Business Basic,0 USD,3583.18,USD,Enuygun,bff_0,entertainment: Uçak İçi Eğlence,Included,Included,Unknown,Included,Unknown,Unknown,Unknown,Paid,Paid,Unknown,Unknown,Unknown,Unknown,Unknown,Unknown,Unknown,,,,2026-07-28T05:48:37+00:00,partial,0
BR,HKG,YYZ,HKG,HK,YTO,CA,2026-12-25,2026-12-28,Winter,Business,1,Bus-2,Business Standard,Business Standard,+1090.94 USD,4674.12,USD,Enuygun,bff_1,entertainment: Uçak İçi Eğlence,Included,Included,Unknown,Included,Unknown,Unknown,Unknown,Paid,Paid,Unknown,Unknown,Unknown,Unknown,Unknown,Unknown,Unknown,,,,2026-07-28T05:48:37+00:00,partial,0
BR,HKG,YYZ,HKG,HK,YTO,CA,2026-12-25,2026-12-28,Winter,Business,2,Bus-3,Business Up,Business — Business Up,+3517.9 USD,7101.09,USD,Enuygun,bff_2,entertainment: Uçak İçi Eğlence,Included,Included,Unknown,Included,Unknown,Unknown,Unknown,Paid,Included,Unknown,Unknown,Unknown,Unknown,Unknown,Unknown,Unknown,,,,2026-07-28T05:48:37+00:00,partial,0
UA,HKG,YYZ,HKG,HK,YTO,CA,2027-04-18,2027-04-21,Summer,Economy,0,Eco-1,ECONOMY,Economy — ECONOMY,0.00 USD,1988.47,USD,Ubfly,ECONOMY-ECONOMY-ECONOMY,1 personal item,Included,Included,Included,Unknown,Unknown,Unknown,Unknown,Unknown,Paid,Unknown,Unknown,Unknown,Unknown,Included,Unknown,Unknown,Yes,,,2026-07-28T05:48:37+00:00,success,0
UA,HKG,YYZ,HKG,HK,YTO,CA,2027-04-18,2027-04-21,Summer,Economy,1,Eco-2,ECONOMY PARTIALLY REFUNDABLE,Economy — ECONOMY PARTIALLY REFUNDABLE,+60.42 USD,2048.89,USD,Ubfly,ECOPARTREF-ECOPARTREF-ECOPARTREF,1 personal item,Included,Included,Included,Unknown,Unknown,Unknown,Unknown,Unknown,Paid,Unknown,Unknown,Unknown,Unknown,Included,Unknown,Unknown,Yes,,,2026-07-28T05:48:37+00:00,success,0
UA,HKG,YYZ,HKG,HK,YTO,CA,2027-04-18,2027-04-21,Summer,Economy,2,Eco-3,PREMECO,Economy Basic,+965.46 USD,2953.93,USD,Ubfly,PREMECO-PREMECO-PREMECO,1 personal item,Included,Included,Included,Unknown,Unknown,Included,Unknown,Unknown,Unknown,Unknown,Unknown,Unknown,Unknown,Included,Unknown,Unknown,Yes,,,2026-07-28T05:48:37+00:00,success,0
UA,HKG,YYZ,HKG,HK,YTO,CA,2027-04-18,2027-04-21,Summer,Economy,3,Eco-4,PREMECOPRF,Economy — PREMECOPRF,"+1,045.88 USD",3034.35,USD,Ubfly,PREMECOPRF-PREMECOPRF-PREMECOPRF,1 personal item,Included,Included,Included,Unknown,Unknown,Included,Unknown,Unknown,Unknown,Unknown,Unknown,Unknown,Unknown,Included,Unknown,Unknown,Yes,,,2026-07-28T05:48:37+00:00,success,0
UA,HKG,YYZ,HKG,HK,YTO,CA,2027-04-18,2027-04-21,Summer,Economy,4,Eco-5,ECONOMY FULLY REFUNDABLE,Economy Premium,"+1,123.75 USD",3112.22,USD,Ubfly,ECOREF-ECOREF-ECOREF,Uninterrupted return (up to the last 12 hours); Change with Penalty; 1 personal item,Included,Included,Included,Unknown,Unknown,Unknown,Unknown,Included,Included,Unknown,Unknown,Unknown,Unknown,Included,Unknown,Unknown,Yes,,,2026-07-28T05:48:37+00:00,success,0
UA,HKG,YYZ,HKG,HK,YTO,CA,2027-04-18,2027-04-21,Summer,Economy,5,Eco-6,PREMECOREF,Economy — PREMECOREF,"+2,086.23 USD",4074.7,USD,Ubfly,PREMECOREF-PREMECOREF-PREMECOREF,Uninterrupted return (up to the last 12 hours); Change with Penalty; 1 personal item,Included,Included,Included,Unknown,Unknown,Included,Unknown,Unknown,Unknown,Unknown,Unknown,Unknown,Unknown,Included,Unknown,Unknown,Yes,,,2026-07-28T05:48:37+00:00,success,0
UA,HKG,YYZ,HKG,HK,YTO,CA,2027-04-18,2027-04-21,Summer,Business,0,Bus-1,Business Partially Refundable,Business — Business Partially Refundable,0 USD,8079.99,USD,Enuygun,bff_0,,Included,Included,Included,Unknown,Included,Included,Unknown,Unknown,Paid,Unknown,Unknown,Unknown,Unknown,Included,Unknown,Unknown,Yes,,,2026-07-28T05:48:37+00:00,success,0
UA,HKG,YYZ,HKG,HK,YTO,CA,2027-04-18,2027-04-21,Summer,Business,1,Bus-2,Business Fully Refundable,Business Premium,+89.86 USD,8169.85,USD,Enuygun,bff_1,,Included,Included,Included,Unknown,Included,Included,Unknown,Included,Included,Unknown,Unknown,Unknown,Unknown,Included,Unknown,Unknown,Yes,,,2026-07-28T05:48:37+00:00,success,0
UA,HKG,YYZ,HKG,HK,YTO,CA,2026-12-25,2026-12-28,Winter,Economy,0,Eco-1,ECONOMY,Economy — ECONOMY,0.00 USD,1393.78,USD,Ubfly,ECONOMY-ECONOMY,1 personal item,Included,Included,Included,Unknown,Unknown,Unknown,Unknown,Unknown,Paid,Unknown,Unknown,Unknown,Unknown,Included,Unknown,Unknown,Yes,,,2026-07-28T05:48:37+00:00,success,0
UA,HKG,YYZ,HKG,HK,YTO,CA,2026-12-25,2026-12-28,Winter,Economy,1,Eco-2,ECONOMY PARTIALLY REFUNDABLE,Economy — ECONOMY PARTIALLY REFUNDABLE,+60.42 USD,1454.2,USD,Ubfly,ECOPARTREF-ECOPARTREF,1 personal item,Included,Included,Included,Unknown,Unknown,Unknown,Unknown,Unknown,Paid,Unknown,Unknown,Unknown,Unknown,Included,Unknown,Unknown,Yes,,,2026-07-28T05:48:37+00:00,success,0
UA,HKG,YYZ,HKG,HK,YTO,CA,2026-12-25,2026-12-28,Winter,Economy,2,Eco-3,PREMECO,Economy Basic,"+1,432.66 USD",2826.44,USD,Ubfly,PREMECO-PREMECO,1 personal item,Included,Included,Included,Unknown,Unknown,Included,Unknown,Unknown,Unknown,Unknown,Unknown,Unknown,Unknown,Included,Unknown,Unknown,Yes,,,2026-07-28T05:48:37+00:00,success,0
UA,HKG,YYZ,HKG,HK,YTO,CA,2026-12-25,2026-12-28,Winter,Economy,3,Eco-4,PREMECOPRF,Economy — PREMECOPRF,"+1,509.25 USD",2903.03,USD,Ubfly,PREMECOPRF-PREMECOPRF,1 personal item,Included,Included,Included,Unknown,Unknown,Included,Unknown,Unknown,Unknown,Unknown,Unknown,Unknown,Unknown,Included,Unknown,Unknown,Yes,,,2026-07-28T05:48:37+00:00,success,0
UA,HKG,YYZ,HKG,HK,YTO,CA,2026-12-25,2026-12-28,Winter,Economy,4,Eco-5,ECONOMY FULLY REFUNDABLE,Economy Premium,"+1,583.30 USD",2977.08,USD,Ubfly,ECOREF-ECOREF,Uninterrupted return (up to the last 12 hours); Change with Penalty; 1 personal item,Included,Included,Included,Unknown,Unknown,Unknown,Unknown,Included,Included,Unknown,Unknown,Unknown,Unknown,Included,Unknown,Unknown,Yes,,,2026-07-28T05:48:37+00:00,success,0
UA,HKG,YYZ,HKG,HK,YTO,CA,2026-12-25,2026-12-28,Winter,Economy,5,Eco-6,PREMECOREF,Economy — PREMECOREF,"+2,499.82 USD",3893.6,USD,Ubfly,PREMECOREF-PREMECOREF,Uninterrupted return (up to the last 12 hours); Change with Penalty; 1 personal item,Included,Included,Included,Unknown,Unknown,Included,Unknown,Unknown,Unknown,Unknown,Unknown,Unknown,Unknown,Included,Unknown,Unknown,Yes,,,2026-07-28T05:48:37+00:00,success,0
UA,HKG,YYZ,HKG,HK,YTO,CA,2026-12-25,2026-12-28,Winter,Business,0,Bus-1,BUSREF,Business — BUSREF,0.00 USD,8055.98,USD,Ubfly,BUSREF-BUSREF,Change with Penalty; Uninterrupted return (up to the last 12 hours); 1 personal item,Included,Included,Included,Unknown,Included,Included,Unknown,Unknown,Paid,Unknown,Unknown,Unknown,Unknown,Included,Unknown,Unknown,Yes,,,2026-07-28T05:48:37+00:00,success,0
UA,HKG,YYZ,HKG,HK,YTO,CA,2026-12-25,2026-12-28,Winter,Business,1,Bus-2,BUSPARTREF,Business — BUSPARTREF,+638.25 USD,8694.23,USD,Ubfly,BUSPARTREF-BUSPARTREF,1 personal item,Included,Included,Included,Unknown,Included,Included,Unknown,Included,Included,Unknown,Unknown,Unknown,Unknown,Included,Unknown,Unknown,Yes,,,2026-07-28T05:48:37+00:00,success,0
BR,TPE,JFK,TPE,TW,NYC,US,2027-04-30,2027-05-03,Summer,Economy,0,Eco-1,Economy Basic,Economy Basic,0 USD,903.76,USD,Enuygun,bff_0,entertainment: Uçak İçi Eğlence,Included,Included,Unknown,Included,Unknown,Unknown,Unknown,Paid,Paid,Unknown,Unknown,Unknown,Unknown,Unknown,Unknown,Unknown,,,,2026-07-28T05:48:37+00:00,partial,0
BR,TPE,JFK,TPE,TW,NYC,US,2027-04-30,2027-05-03,Summer,Economy,1,Eco-2,Economy Standard,Economy Standard,+236.32 USD,1140.08,USD,Enuygun,bff_1,entertainment: Uçak İçi Eğlence,Included,Included,Unknown,Included,Unknown,Unknown,Unknown,Paid,Paid,Unknown,Unknown,Unknown,Unknown,Unknown,Unknown,Unknown,,,,2026-07-28T05:48:37+00:00,partial,0
BR,TPE,JFK,TPE,TW,NYC,US,2027-04-30,2027-05-03,Summer,Economy,2,Eco-3,Economy Up,Economy — Economy Up,+622.84 USD,1526.6,USD,Enuygun,bff_2,entertainment: Uçak İçi Eğlence,Included,Included,Unknown,Included,Unknown,Unknown,Unknown,Paid,Included,Unknown,Unknown,Unknown,Unknown,Unknown,Unknown,Unknown,,,,2026-07-28T05:48:37+00:00,partial,0
BR,TPE,JFK,TPE,TW,NYC,US,2027-04-30,2027-05-03,Summer,Business,0,Bus-1,Business Basic,Business Basic,0 USD,4050.14,USD,Enuygun,bff_0,entertainment: Uçak İçi Eğlence,Included,Included,Unknown,Included,Unknown,Unknown,Unknown,Paid,Paid,Unknown,Unknown,Unknown,Unknown,Unknown,Unknown,Unknown,,,,2026-07-28T05:48:37+00:00,partial,0
BR,TPE,JFK,TPE,TW,NYC,US,2027-04-30,2027-05-03,Summer,Business,1,Bus-2,Business Standard,Business Standard,+452.79 USD,4502.93,USD,Enuygun,bff_1,entertainment: Uçak İçi Eğlence,Included,Included,Unknown,Included,Unknown,Unknown,Unknown,Paid,Paid,Unknown,Unknown,Unknown,Unknown,Unknown,Unknown,Unknown,,,,2026-07-28T05:48:37+00:00,partial,0
BR,TPE,JFK,TPE,TW,NYC,US,2027-04-30,2027-05-03,Summer,Business,2,Bus-3,Business Up,Business — Business Up,+2418.54 USD,6468.68,USD,Enuygun,bff_2,entertainment: Uçak İçi Eğlence,Included,Included,Unknown,Included,Unknown,Unknown,Unknown,Paid,Included,Unknown,Unknown,Unknown,Unknown,Unknown,Unknown,Unknown,,,,2026-07-28T05:48:37+00:00,partial,0
BR,TPE,JFK,TPE,TW,NYC,US,2027-01-07,2027-01-10,Winter,Economy,0,Eco-1,Economy Standard,Economy Standard,0 USD,1308.59,USD,Enuygun,bff_0,entertainment: Uçak İçi Eğlence,Included,Included,Unknown,Included,Unknown,Unknown,Unknown,Paid,Paid,Unknown,Unknown,Unknown,Unknown,Unknown,Unknown,Unknown,,,,2026-07-28T05:48:37+00:00,partial,0
BR,TPE,JFK,TPE,TW,NYC,US,2027-01-07,2027-01-10,Winter,Economy,1,Eco-2,Economy Up,Economy — Economy Up,+386.5 USD,1695.09,USD,Enuygun,bff_1,entertainment: Uçak İçi Eğlence,Included,Included,Unknown,Included,Unknown,Unknown,Unknown,Paid,Included,Unknown,Unknown,Unknown,Unknown,Unknown,Unknown,Unknown,,,,2026-07-28T05:48:37+00:00,partial,0
BR,TPE,JFK,TPE,TW,NYC,US,2027-01-07,2027-01-10,Winter,Business,0,Bus-1,BUSINESS STANDARD,Business Standard,0 USD,4873.2,USD,Enuygun,bff_0,,Unknown,Included,Unknown,Unknown,Unknown,Unknown,Unknown,Paid,Paid,Unknown,Unknown,Unknown,Unknown,Unknown,Unknown,Unknown,,,,2026-07-28T05:48:37+00:00,partial,0
BR,TPE,JFK,TPE,TW,NYC,US,2027-01-07,2027-01-10,Winter,Business,1,Bus-2,BUSINESS UP,Business — BUSINESS UP,+2391.64 USD,7264.84,USD,Enuygun,bff_1,,Unknown,Included,Unknown,Unknown,Unknown,Unknown,Unknown,Paid,Included,Unknown,Unknown,Unknown,Unknown,Unknown,Unknown,Unknown,,,,2026-07-28T05:48:37+00:00,partial,0
CI,TPE,JFK,TPE,TW,NYC,US,2027-04-30,2027-05-03,Summer,Economy,0,Eco-1,Economy Basic,Economy Basic,0 USD,963.81,USD,Enuygun,bff_0,entertainment: Uçak İçi Eğlence,Included,Included,Unknown,Included,Unknown,Unknown,Unknown,Paid,Paid,Unknown,Unknown,Unknown,Unknown,Unknown,Unknown,Unknown,,,,2026-07-28T05:48:37+00:00,partial,0
CI,TPE,JFK,TPE,TW,NYC,US,2027-04-30,2027-05-03,Summer,Economy,1,Eco-2,Economy Standard,Economy Standard,+370 USD,1333.81,USD,Enuygun,bff_1,entertainment: Uçak İçi Eğlence,Included,Included,Unknown,Included,Unknown,Unknown,Unknown,Paid,Paid,Unknown,Unknown,Unknown,Unknown,Unknown,Unknown,Unknown,,,,2026-07-28T05:48:37+00:00,partial,0
CI,TPE,JFK,TPE,TW,NYC,US,2027-04-30,2027-05-03,Summer,Economy,2,Eco-3,Economy Flex,Economy Flex,+736.09 USD,1699.9,USD,Enuygun,bff_2,entertainment: Uçak İçi Eğlence,Included,Included,Unknown,Included,Unknown,Unknown,Unknown,Paid,Included,Unknown,Unknown,Unknown,Unknown,Unknown,Unknown,Unknown,,,,2026-07-28T05:48:37+00:00,partial,0
CI,TPE,JFK,TPE,TW,NYC,US,2027-04-30,2027-05-03,Summer,Business,0,Bus-1,MINT,Business — MINT,0 USD,9653.64,USD,Enuygun,bff_0,,Included,Included,Unknown,Unknown,Unknown,Unknown,Unknown,Unknown,Paid,Unknown,Unknown,Unknown,Unknown,Unknown,Unknown,Unknown,,,,2026-07-28T05:48:37+00:00,partial,0
CI,TPE,JFK,TPE,TW,NYC,US,2027-04-30,2027-05-03,Summer,Business,1,Bus-2,MINT REFUNDABLE,Business — MINT REFUNDABLE,+233.34 USD,9886.97,USD,Enuygun,bff_1,,Included,Included,Unknown,Unknown,Unknown,Unknown,Unknown,Paid,Included,Unknown,Unknown,Unknown,Unknown,Unknown,Unknown,Unknown,,,,2026-07-28T05:48:37+00:00,partial,0
CI,TPE,JFK,TPE,TW,NYC,US,2027-01-07,2027-01-10,Winter,Economy,0,Eco-1,Economy Basic,Economy Basic,0 USD,1127.21,USD,Enuygun,bff_0,entertainment: Uçak İçi Eğlence,Included,Included,Unknown,Included,Unknown,Unknown,Unknown,Paid,Paid,Unknown,Unknown,Unknown,Unknown,Unknown,Unknown,Unknown,,,,2026-07-28T05:48:37+00:00,partial,0
CI,TPE,JFK,TPE,TW,NYC,US,2027-01-07,2027-01-10,Winter,Economy,1,Eco-2,Economy Standard,Economy Standard,+258.43 USD,1385.63,USD,Enuygun,bff_1,entertainment: Uçak İçi Eğlence,Included,Included,Unknown,Included,Unknown,Unknown,Unknown,Paid,Paid,Unknown,Unknown,Unknown,Unknown,Unknown,Unknown,Unknown,,,,2026-07-28T05:48:37+00:00,partial,0
CI,TPE,JFK,TPE,TW,NYC,US,2027-01-07,2027-01-10,Winter,Economy,2,Eco-3,Economy Flex,Economy Flex,+657.64 USD,1784.85,USD,Enuygun,bff_2,entertainment: Uçak İçi Eğlence,Included,Included,Unknown,Included,Unknown,Unknown,Unknown,Paid,Included,Unknown,Unknown,Unknown,Unknown,Unknown,Unknown,Unknown,,,,2026-07-28T05:48:37+00:00,partial,0
CI,TPE,JFK,TPE,TW,NYC,US,2027-01-07,2027-01-10,Winter,Business,0,Bus-1,Business Basic,Business Basic,0 USD,4579.47,USD,Enuygun,bff_0,priority_check_in: Öncelikli Check-in; entertainment: Uçak İçi Eğlence,Included,Included,Unknown,Included,Included,Unknown,Unknown,Paid,Paid,Unknown,Unknown,Unknown,Unknown,Unknown,Unknown,Unknown,,,,2026-07-28T05:48:37+00:00,partial,0
CI,TPE,JFK,TPE,TW,NYC,US,2027-01-07,2027-01-10,Winter,Business,1,Bus-2,Business Standard,Business Standard,+463.82 USD,5043.28,USD,Enuygun,bff_1,priority_check_in: Öncelikli Check-in; entertainment: Uçak İçi Eğlence,Included,Included,Unknown,Included,Included,Unknown,Unknown,Paid,Paid,Unknown,Unknown,Unknown,Unknown,Unknown,Unknown,Unknown,,,,2026-07-28T05:48:37+00:00,partial,0
CI,TPE,JFK,TPE,TW,NYC,US,2027-01-07,2027-01-10,Winter,Business,2,Bus-3,Business Flex,Business Flex,+2782.96 USD,7362.42,USD,Enuygun,bff_2,priority_check_in: Öncelikli Check-in; entertainment: Uçak İçi Eğlence,Included,Included,Unknown,Included,Included,Unknown,Unknown,Paid,Included,Unknown,Unknown,Unknown,Unknown,Unknown,Unknown,Unknown,,,,2026-07-28T05:48:37+00:00,partial,0
DL,TPE,JFK,TPE,TW,NYC,US,2027-04-30,2027-05-03,Summer,Economy,0,Eco-1,MAINEXTRA,Economy Standard,0.00 USD,1187.22,USD,Ubfly,MAINEXTRA-MAINEXTRA,In-flight entertainment; Change with Penalty; Uninterrupted return (up to the last 12 hours); Standard boarding; Alcoholic drink; Snack,Included,Included,Included,Included,Unknown,Unknown,Unknown,Included,Included,Unknown,Unknown,Unknown,Unknown,Unknown,Unknown,Unknown,Yes,,,2026-07-28T05:48:37+00:00,success,0
DL,TPE,JFK,TPE,TW,NYC,US,2027-04-30,2027-05-03,Summer,Economy,1,Eco-2,COMFTEXTRA,Economy — COMFTEXTRA,+277.74 USD,1464.96,USD,Ubfly,COMFTEXTRA-COMFTEXTRA,Change with Penalty; Uninterrupted return (up to the last 12 hours); Extra legroom; Alcoholic drink; Snack; In-flight entertainment,Included,Included,Included,Included,Unknown,Included,Unknown,Included,Included,Unknown,Unknown,Unknown,Unknown,Unknown,Unknown,Unknown,Yes,,,2026-07-28T05:48:37+00:00,success,0
DL,TPE,JFK,TPE,TW,NYC,US,2027-01-07,2027-01-10,Winter,Economy,0,Eco-1,MAINEXTRA,Economy Standard,0.00 USD,1401.46,USD,Ubfly,MAINEXTRA-MAINEXTRA,Change with Penalty; Uninterrupted return (up to the last 12 hours); In-flight entertainment; Standard boarding; Snack; Alcoholic drink,Included,Included,Included,Included,Unknown,Unknown,Unknown,Included,Included,Unknown,Unknown,Unknown,Unknown,Unknown,Unknown,Unknown,Yes,,,2026-07-28T05:48:37+00:00,success,0
DL,TPE,JFK,TPE,TW,NYC,US,2027-01-07,2027-01-10,Winter,Economy,1,Eco-2,COMFTEXTRA,Economy — COMFTEXTRA,+277.69 USD,1679.15,USD,Ubfly,COMFTEXTRA-COMFTEXTRA,Change with Penalty; Uninterrupted return (up to the last 12 hours); Extra legroom; Alcoholic drink; Snack; In-flight entertainment,Included,Included,Included,Unknown,Unknown,Included,Unknown,Unknown,Unknown,Unknown,Unknown,Unknown,Unknown,Unknown,Unknown,Unknown,Yes,,,2026-07-28T05:48:37+00:00,success,0
DL,TPE,JFK,TPE,TW,NYC,US,2027-01-07,2027-01-10,Winter,Economy,2,Eco-3,DPSEXTRA,Economy — DPSEXTRA,+774.29 USD,2175.75,USD,Ubfly,DPSEXTRA-DPSEXTRA,Change with Penalty; Uninterrupted return (up to the last 12 hours); Extra legroom; Privileged check-in; Alcoholic drink; Snack; In-flight entertainment,Included,Included,Included,Unknown,Unknown,Included,Unknown,Unknown,Unknown,Unknown,Unknown,Unknown,Unknown,Unknown,Unknown,Unknown,Yes,,,2026-07-28T05:48:37+00:00,success,0
CX,TPE,JFK,TPE,TW,NYC,US,2027-04-30,2027-05-03,Summer,Economy,0,Eco-1,ECONOMY LIGHT,Economy Lite,0 USD,871.49,USD,Enuygun,bff_0,,Unknown,Included,Unknown,Included,Unknown,Unknown,Unknown,Paid,Paid,Unknown,Unknown,Unknown,Unknown,Unknown,Unknown,Unknown,,,,2026-07-28T05:48:37+00:00,partial,0
CX,TPE,JFK,TPE,TW,NYC,US,2027-04-30,2027-05-03,Summer,Economy,1,Eco-2,ECONOMY ESSENTIAL,Economy — ECONOMY ESSENTIAL,+128.77 USD,1000.26,USD,Enuygun,bff_1,,Unknown,Included,Unknown,Included,Unknown,Unknown,Unknown,Paid,Paid,Unknown,Unknown,Unknown,Unknown,Unknown,Unknown,Unknown,,,,2026-07-28T05:48:37+00:00,partial,0
CX,TPE,JFK,TPE,TW,NYC,US,2027-04-30,2027-05-03,Summer,Economy,2,Eco-3,ECONOMY FLEX,Economy Flex,+280.61 USD,1152.1,USD,Enuygun,bff_2,,Unknown,Included,Unknown,Included,Unknown,Unknown,Unknown,Paid,Included,Unknown,Unknown,Unknown,Unknown,Unknown,Unknown,Unknown,,,,2026-07-28T05:48:37+00:00,partial,0
CX,TPE,JFK,TPE,TW,NYC,US,2027-04-30,2027-05-03,Summer,Business,0,Bus-1,Business Essential,Business — Business Essential,0 USD,3530.71,USD,Enuygun,bff_0,priority_check_in: Öncelikli Check-in,Included,Included,Unknown,Included,Included,Unknown,Unknown,Paid,Paid,Unknown,Unknown,Unknown,Unknown,Unknown,Unknown,Unknown,,,,2026-07-28T05:48:37+00:00,partial,0
CX,TPE,JFK,TPE,TW,NYC,US,2027-04-30,2027-05-03,Summer,Business,1,Bus-2,Business Flex,Business Flex,+1547.35 USD,5078.06,USD,Enuygun,bff_1,priority_check_in: Öncelikli Check-in,Included,Included,Unknown,Included,Included,Unknown,Unknown,Paid,Included,Unknown,Unknown,Unknown,Unknown,Unknown,Unknown,Unknown,,,,2026-07-28T05:48:37+00:00,partial,0
CX,TPE,JFK,TPE,TW,NYC,US,2027-01-07,2027-01-10,Winter,Economy,0,Eco-1,Economy Light,Economy Lite,0 USD,1304.12,USD,Enuygun,bff_0,,Included,Included,Unknown,Included,Unknown,Unknown,Unknown,Paid,Paid,Unknown,Unknown,Unknown,Unknown,Unknown,Unknown,Unknown,,,,2026-07-28T05:48:37+00:00,partial,0
CX,TPE,JFK,TPE,TW,NYC,US,2027-01-07,2027-01-10,Winter,Economy,1,Eco-2,Economy Essential,Economy — Economy Essential,+47.58 USD,1351.69,USD,Enuygun,bff_1,,Included,Included,Unknown,Included,Unknown,Unknown,Unknown,Paid,Paid,Unknown,Unknown,Unknown,Unknown,Unknown,Unknown,Unknown,,,,2026-07-28T05:48:37+00:00,partial,0
CX,TPE,JFK,TPE,TW,NYC,US,2027-01-07,2027-01-10,Winter,Economy,2,Eco-3,Economy Flex,Economy Flex,+182.8 USD,1486.92,USD,Enuygun,bff_2,,Included,Included,Unknown,Included,Unknown,Unknown,Unknown,Paid,Included,Unknown,Unknown,Unknown,Unknown,Unknown,Unknown,Unknown,,,,2026-07-28T05:48:37+00:00,partial,0
CX,TPE,JFK,TPE,TW,NYC,US,2027-01-07,2027-01-10,Winter,Business,0,Bus-1,Business Essential,Business — Business Essential,0 USD,3668.38,USD,Enuygun,bff_0,priority_check_in: Öncelikli Check-in,Included,Included,Unknown,Included,Included,Unknown,Unknown,Paid,Paid,Unknown,Unknown,Unknown,Unknown,Unknown,Unknown,Unknown,,,,2026-07-28T05:48:37+00:00,partial,0
CX,TPE,JFK,TPE,TW,NYC,US,2027-01-07,2027-01-10,Winter,Business,1,Bus-2,Business Flex,Business Flex,+1601.34 USD,5269.72,USD,Enuygun,bff_1,priority_check_in: Öncelikli Check-in,Included,Included,Unknown,Included,Included,Unknown,Unknown,Paid,Included,Unknown,Unknown,Unknown,Unknown,Unknown,Unknown,Unknown,,,,2026-07-28T05:48:37+00:00,partial,0
CX,JFK,HKG,NYC,US,HKG,HK,2026-10-15,2026-10-18,Summer,Economy,0,Eco-1,Economy Light,Economy Lite,0 USD,4719.47,USD,Enuygun,bff_0,,Included,Included,Unknown,Included,Unknown,Unknown,Unknown,Paid,Paid,Unknown,Unknown,Unknown,Unknown,Unknown,Unknown,Unknown,,,,2026-07-28T05:48:37+00:00,partial,0
CX,JFK,HKG,NYC,US,HKG,HK,2026-10-15,2026-10-18,Summer,Economy,1,Eco-2,Economy Essential,Economy — Economy Essential,+51.57 USD,4771.04,USD,Enuygun,bff_1,,Included,Included,Unknown,Included,Unknown,Unknown,Unknown,Paid,Paid,Unknown,Unknown,Unknown,Unknown,Unknown,Unknown,Unknown,,,,2026-07-28T05:48:37+00:00,partial,0
CX,JFK,HKG,NYC,US,HKG,HK,2026-10-15,2026-10-18,Summer,Economy,2,Eco-3,Economy Flex,Economy Flex,+194.2 USD,4913.68,USD,Enuygun,bff_2,,Included,Included,Unknown,Included,Unknown,Unknown,Unknown,Paid,Included,Unknown,Unknown,Unknown,Unknown,Unknown,Unknown,Unknown,,,,2026-07-28T05:48:37+00:00,partial,0
CX,JFK,HKG,NYC,US,HKG,HK,2026-10-15,2026-10-18,Summer,Business,0,Bus-1,Business Light,Business Lite,0 USD,4887.94,USD,Enuygun,bff_0,priority_check_in: Öncelikli Check-in,Included,Included,Unknown,Included,Included,Unknown,Unknown,Paid,Paid,Unknown,Unknown,Unknown,Unknown,Unknown,Unknown,Unknown,,,,2026-07-28T05:48:37+00:00,partial,0
CX,JFK,HKG,NYC,US,HKG,HK,2026-10-15,2026-10-18,Summer,Business,1,Bus-2,Business Essential,Business — Business Essential,+977.49 USD,5865.43,USD,Enuygun,bff_1,priority_check_in: Öncelikli Check-in,Included,Included,Unknown,Included,Included,Unknown,Unknown,Paid,Paid,Unknown,Unknown,Unknown,Unknown,Unknown,Unknown,Unknown,,,,2026-07-28T05:48:37+00:00,partial,0
CX,JFK,HKG,NYC,US,HKG,HK,2026-10-15,2026-10-18,Summer,Business,2,Bus-3,Business Flex,Business Flex,+6287.37 USD,11175.31,USD,Enuygun,bff_2,priority_check_in: Öncelikli Check-in,Included,Included,Unknown,Included,Included,Unknown,Unknown,Included,Included,Unknown,Unknown,Unknown,Unknown,Unknown,Unknown,Unknown,,,,2026-07-28T05:48:37+00:00,partial,0
CX,JFK,HKG,NYC,US,HKG,HK,2027-01-21,2027-01-24,Winter,Economy,0,Eco-1,Economy Light,Economy Lite,0 USD,4719.47,USD,Enuygun,bff_0,,Included,Included,Unknown,Included,Unknown,Unknown,Unknown,Paid,Paid,Unknown,Unknown,Unknown,Unknown,Unknown,Unknown,Unknown,,,,2026-07-28T05:48:37+00:00,partial,0
CX,JFK,HKG,NYC,US,HKG,HK,2027-01-21,2027-01-24,Winter,Economy,1,Eco-2,Economy Essential,Economy — Economy Essential,+51.57 USD,4771.04,USD,Enuygun,bff_1,,Included,Included,Unknown,Included,Unknown,Unknown,Unknown,Paid,Paid,Unknown,Unknown,Unknown,Unknown,Unknown,Unknown,Unknown,,,,2026-07-28T05:48:37+00:00,partial,0
CX,JFK,HKG,NYC,US,HKG,HK,2027-01-21,2027-01-24,Winter,Economy,2,Eco-3,Economy Flex,Economy Flex,+194.2 USD,4913.68,USD,Enuygun,bff_2,,Included,Included,Unknown,Included,Unknown,Unknown,Unknown,Paid,Included,Unknown,Unknown,Unknown,Unknown,Unknown,Unknown,Unknown,,,,2026-07-28T05:48:37+00:00,partial,0
CX,JFK,HKG,NYC,US,HKG,HK,2027-01-21,2027-01-24,Winter,Business,0,Bus-1,Business Light,Business Lite,0 USD,4887.94,USD,Enuygun,bff_0,priority_check_in: Öncelikli Check-in,Included,Included,Unknown,Included,Included,Unknown,Unknown,Paid,Paid,Unknown,Unknown,Unknown,Unknown,Unknown,Unknown,Unknown,,,,2026-07-28T05:48:37+00:00,partial,0
CX,JFK,HKG,NYC,US,HKG,HK,2027-01-21,2027-01-24,Winter,Business,1,Bus-2,Business Essential,Business — Business Essential,+977.49 USD,5865.43,USD,Enuygun,bff_1,priority_check_in: Öncelikli Check-in,Included,Included,Unknown,Included,Included,Unknown,Unknown,Paid,Paid,Unknown,Unknown,Unknown,Unknown,Unknown,Unknown,Unknown,,,,2026-07-28T05:48:37+00:00,partial,0
CX,JFK,HKG,NYC,US,HKG,HK,2027-01-21,2027-01-24,Winter,Business,2,Bus-3,Business Flex,Business Flex,+6287.37 USD,11175.31,USD,Enuygun,bff_2,priority_check_in: Öncelikli Check-in,Included,Included,Unknown,Included,Included,Unknown,Unknown,Included,Included,Unknown,Unknown,Unknown,Unknown,Unknown,Unknown,Unknown,,,,2026-07-28T05:48:37+00:00,partial,0
BR,JFK,HKG,NYC,US,HKG,HK,2026-10-15,2026-10-18,Summer,Economy,0,Eco-1,Economy Basic,Economy Basic,0 USD,872.45,USD,Enuygun,bff_0,entertainment: Uçak İçi Eğlence,Included,Included,Unknown,Included,Unknown,Unknown,Unknown,Paid,Paid,Unknown,Unknown,Unknown,Unknown,Unknown,Unknown,Unknown,,,,2026-07-28T05:48:37+00:00,partial,0
BR,JFK,HKG,NYC,US,HKG,HK,2026-10-15,2026-10-18,Summer,Economy,1,Eco-2,Economy Standard,Economy Standard,+114.1 USD,986.55,USD,Enuygun,bff_1,entertainment: Uçak İçi Eğlence,Included,Included,Unknown,Included,Unknown,Unknown,Unknown,Paid,Paid,Unknown,Unknown,Unknown,Unknown,Unknown,Unknown,Unknown,,,,2026-07-28T05:48:37+00:00,partial,0
BR,JFK,HKG,NYC,US,HKG,HK,2026-10-15,2026-10-18,Summer,Economy,2,Eco-3,Economy Up,Economy — Economy Up,+691.18 USD,1563.63,USD,Enuygun,bff_2,entertainment: Uçak İçi Eğlence,Included,Included,Unknown,Included,Unknown,Unknown,Unknown,Paid,Included,Unknown,Unknown,Unknown,Unknown,Unknown,Unknown,Unknown,,,,2026-07-28T05:48:37+00:00,partial,0
BR,JFK,HKG,NYC,US,HKG,HK,2027-01-21,2027-01-24,Winter,Economy,0,Eco-1,Economy Basic,Economy Basic,0 USD,872.45,USD,Enuygun,bff_0,entertainment: Uçak İçi Eğlence,Included,Included,Unknown,Included,Unknown,Unknown,Unknown,Paid,Paid,Unknown,Unknown,Unknown,Unknown,Unknown,Unknown,Unknown,,,,2026-07-28T05:48:37+00:00,partial,0
BR,JFK,HKG,NYC,US,HKG,HK,2027-01-21,2027-01-24,Winter,Economy,1,Eco-2,Economy Standard,Economy Standard,+114.1 USD,986.55,USD,Enuygun,bff_1,entertainment: Uçak İçi Eğlence,Included,Included,Unknown,Included,Unknown,Unknown,Unknown,Paid,Paid,Unknown,Unknown,Unknown,Unknown,Unknown,Unknown,Unknown,,,,2026-07-28T05:48:37+00:00,partial,0
BR,JFK,HKG,NYC,US,HKG,HK,2027-01-21,2027-01-24,Winter,Economy,2,Eco-3,Economy Up,Economy — Economy Up,+691.18 USD,1563.63,USD,Enuygun,bff_2,entertainment: Uçak İçi Eğlence,Included,Included,Unknown,Included,Unknown,Unknown,Unknown,Paid,Included,Unknown,Unknown,Unknown,Unknown,Unknown,Unknown,Unknown,,,,2026-07-28T05:48:37+00:00,partial,0
BR,JFK,HKG,NYC,US,HKG,HK,2027-01-21,2027-01-24,Winter,Business,0,Bus-1,Business Basic,Business Basic,0 USD,3957.58,USD,Enuygun,bff_0,entertainment: Uçak İçi Eğlence,Included,Included,Unknown,Included,Unknown,Unknown,Unknown,Paid,Paid,Unknown,Unknown,Unknown,Unknown,Unknown,Unknown,Unknown,,,,2026-07-28T05:48:37+00:00,partial,0
BR,JFK,HKG,NYC,US,HKG,HK,2027-01-21,2027-01-24,Winter,Business,1,Bus-2,Business Standard,Business Standard,+1496.77 USD,5454.35,USD,Enuygun,bff_1,entertainment: Uçak İçi Eğlence,Included,Included,Unknown,Included,Unknown,Unknown,Unknown,Paid,Paid,Unknown,Unknown,Unknown,Unknown,Unknown,Unknown,Unknown,,,,2026-07-28T05:48:37+00:00,partial,0
BR,JFK,HKG,NYC,US,HKG,HK,2027-01-21,2027-01-24,Winter,Business,2,Bus-3,Business Up,Business — Business Up,+3861.37 USD,7818.95,USD,Enuygun,bff_2,entertainment: Uçak İçi Eğlence,Included,Included,Unknown,Included,Unknown,Unknown,Unknown,Paid,Included,Unknown,Unknown,Unknown,Unknown,Unknown,Unknown,Unknown,,,,2026-07-28T05:48:37+00:00,partial,0
KE,JFK,HKG,NYC,US,HKG,HK,2026-10-15,2026-10-18,Summer,Economy,0,Eco-1,ECONOMY SAVER,Economy Basic,0 USD,962.52,USD,Enuygun,bff_0,,Unknown,Included,Unknown,Included,Unknown,Unknown,Unknown,Paid,Paid,Unknown,Unknown,Unknown,Unknown,Unknown,Unknown,Unknown,,,,2026-07-28T05:48:37+00:00,partial,0
KE,JFK,HKG,NYC,US,HKG,HK,2026-10-15,2026-10-18,Summer,Economy,1,Eco-2,ECONOMY STANDARD,Economy Standard,+82.29 USD,1044.81,USD,Enuygun,bff_1,,Unknown,Included,Unknown,Included,Unknown,Unknown,Unknown,Paid,Paid,Unknown,Unknown,Unknown,Unknown,Unknown,Unknown,Unknown,,,,2026-07-28T05:48:37+00:00,partial,0
KE,JFK,HKG,NYC,US,HKG,HK,2026-10-15,2026-10-18,Summer,Economy,2,Eco-3,ECONOMY FLEX,Economy Flex,+1179.35 USD,2141.88,USD,Enuygun,bff_2,,Unknown,Included,Unknown,Included,Unknown,Unknown,Unknown,Paid,Paid,Unknown,Unknown,Unknown,Unknown,Unknown,Unknown,Unknown,,,,2026-07-28T05:48:37+00:00,partial,0
KE,JFK,HKG,NYC,US,HKG,HK,2026-10-15,2026-10-18,Summer,Business,0,Bus-1,PRESTIGE STANDARD,Business Standard,0 USD,4864.15,USD,Enuygun,bff_0,priority_check_in: Öncelikli Check-in,Unknown,Included,Unknown,Included,Included,Unknown,Unknown,Paid,Paid,Unknown,Unknown,Unknown,Unknown,Unknown,Unknown,Unknown,,,,2026-07-28T05:48:37+00:00,partial,0
KE,JFK,HKG,NYC,US,HKG,HK,2026-10-15,2026-10-18,Summer,Business,1,Bus-2,PRESTIGE PLUS,Business Comfort,+7715.77 USD,12579.92,USD,Enuygun,bff_1,priority_check_in: Öncelikli Check-in,Unknown,Included,Unknown,Included,Included,Unknown,Unknown,Paid,Paid,Unknown,Unknown,Unknown,Unknown,Unknown,Unknown,Unknown,,,,2026-07-28T05:48:37+00:00,partial,0
KE,JFK,HKG,NYC,US,HKG,HK,2026-10-15,2026-10-18,Summer,Business,2,Bus-3,PRESTIGE FLEX,Business Flex,+10540.8 USD,15404.9,USD,Enuygun,bff_2,priority_check_in: Öncelikli Check-in,Unknown,Included,Unknown,Included,Included,Unknown,Unknown,Included,Included,Unknown,Unknown,Unknown,Unknown,Unknown,Unknown,Unknown,,,,2026-07-28T05:48:37+00:00,partial,0
KE,JFK,HKG,NYC,US,HKG,HK,2027-01-21,2027-01-24,Winter,Economy,0,Eco-1,MAINBASIC,Economy Basic,0.00 USD,610.36,USD,Ubfly,MAINBASIC-MAINBASIC,In-flight entertainment; Snack; Last Group on Boarding; Limited overhead space; Alcoholic drink,Included,Included,Unknown,Included,Unknown,Unknown,Unknown,Paid,Paid,Unknown,Unknown,Unknown,Unknown,Unknown,Unknown,Unknown,,,,2026-07-28T05:48:37+00:00,success,0
KE,JFK,HKG,NYC,US,HKG,HK,2027-01-21,2027-01-24,Winter,Economy,1,Eco-2,MAINCLASC,Economy Standard,+140.00 USD,750.36,USD,Ubfly,MAINCLASC-MAINCLASC,Change with Penalty; Standard boarding; Alcoholic drink; Snack; In-flight entertainment,Included,Included,Included,Included,Unknown,Unknown,Unknown,Paid,Paid,Unknown,Unknown,Unknown,Unknown,Unknown,Unknown,Unknown,Yes,,,2026-07-28T05:48:37+00:00,success,0
KE,JFK,HKG,NYC,US,HKG,HK,2027-01-21,2027-01-24,Winter,Economy,2,Eco-3,MAINEXTRA,Economy Standard,+270.01 USD,880.37,USD,Ubfly,MAINEXTRA-MAINEXTRA,Change with Penalty; Uninterrupted return (up to the last 12 hours); Standard boarding; Alcoholic drink; Snack; In-flight entertainment,Included,Included,Included,Included,Unknown,Unknown,Unknown,Paid,Paid,Unknown,Unknown,Unknown,Unknown,Unknown,Unknown,Unknown,Yes,,,2026-07-28T05:48:37+00:00,success,0
KE,JFK,HKG,NYC,US,HKG,HK,2027-01-21,2027-01-24,Winter,Business,0,Bus-1,PRESTIGE STANDARD,Business Standard,0 USD,4376.45,USD,Enuygun,bff_0,priority_check_in: Öncelikli Check-in,Unknown,Included,Unknown,Included,Included,Unknown,Unknown,Paid,Paid,Unknown,Unknown,Unknown,Unknown,Unknown,Unknown,Unknown,,,,2026-07-28T05:48:37+00:00,success,0
KE,JFK,HKG,NYC,US,HKG,HK,2027-01-21,2027-01-24,Winter,Business,1,Bus-2,PRESTIGE PLUS,Business Comfort,+8252.24 USD,12628.69,USD,Enuygun,bff_1,priority_check_in: Öncelikli Check-in,Unknown,Included,Unknown,Included,Included,Unknown,Unknown,Paid,Paid,Unknown,Unknown,Unknown,Unknown,Unknown,Unknown,Unknown,,,,2026-07-28T05:48:37+00:00,success,0
KE,JFK,HKG,NYC,US,HKG,HK,2027-01-21,2027-01-24,Winter,Business,2,Bus-3,PRESTIGE FLEX,Business Flex,+11077.2 USD,15453.67,USD,Enuygun,bff_2,priority_check_in: Öncelikli Check-in,Unknown,Included,Unknown,Included,Included,Unknown,Unknown,Included,Included,Unknown,Unknown,Unknown,Unknown,Unknown,Unknown,Unknown,,,,2026-07-28T05:48:37+00:00,success,0
CX,YYZ,HKG,YTO,CA,HKG,HK,2027-05-05,2027-05-08,Summer,Economy,0,Eco-1,ECONOMY LIGHT,Economy Lite,0 USD,1690.26,USD,Enuygun,bff_0,,Unknown,Included,Unknown,Included,Unknown,Unknown,Unknown,Paid,Paid,Unknown,Unknown,Unknown,Unknown,Unknown,Unknown,Unknown,,,,2026-07-28T05:48:37+00:00,partial,0
CX,YYZ,HKG,YTO,CA,HKG,HK,2027-05-05,2027-05-08,Summer,Economy,1,Eco-2,ECONOMY ESSENTIAL,Economy — ECONOMY ESSENTIAL,+144.98 USD,1835.24,USD,Enuygun,bff_1,,Unknown,Included,Unknown,Included,Unknown,Unknown,Unknown,Paid,Paid,Unknown,Unknown,Unknown,Unknown,Unknown,Unknown,Unknown,,,,2026-07-28T05:48:37+00:00,partial,0
CX,YYZ,HKG,YTO,CA,HKG,HK,2027-05-05,2027-05-08,Summer,Economy,2,Eco-3,ECONOMY FLEX,Economy Flex,+312.57 USD,2002.84,USD,Enuygun,bff_2,,Unknown,Included,Unknown,Included,Unknown,Unknown,Unknown,Paid,Included,Unknown,Unknown,Unknown,Unknown,Unknown,Unknown,Unknown,,,,2026-07-28T05:48:37+00:00,partial,0
CX,YYZ,HKG,YTO,CA,HKG,HK,2027-05-05,2027-05-08,Summer,Business,0,Bus-1,BUSINESS ESSENTIAL,Business — BUSINESS ESSENTIAL,0 USD,6571.76,USD,Enuygun,bff_0,,Unknown,Included,Unknown,Included,Unknown,Unknown,Unknown,Paid,Paid,Unknown,Unknown,Unknown,Unknown,Unknown,Unknown,Unknown,,,,2026-07-28T05:48:37+00:00,partial,0
CX,YYZ,HKG,YTO,CA,HKG,HK,2027-05-05,2027-05-08,Summer,Business,1,Bus-2,BUSINESS FLEX,Business Flex,+2160.72 USD,8732.48,USD,Enuygun,bff_1,,Unknown,Included,Unknown,Included,Unknown,Unknown,Unknown,Included,Included,Unknown,Unknown,Unknown,Unknown,Unknown,Unknown,Unknown,,,,2026-07-28T05:48:37+00:00,partial,0
CX,YYZ,HKG,YTO,CA,HKG,HK,2026-11-14,2026-11-17,Winter,Economy,0,Eco-1,ECONOMY LIGHT,Economy Lite,0 USD,1722.86,USD,Enuygun,bff_0,,Unknown,Included,Unknown,Included,Unknown,Unknown,Unknown,Paid,Paid,Unknown,Unknown,Unknown,Unknown,Unknown,Unknown,Unknown,,,,2026-07-28T05:48:37+00:00,partial,0
CX,YYZ,HKG,YTO,CA,HKG,HK,2026-11-14,2026-11-17,Winter,Economy,1,Eco-2,ECONOMY ESSENTIAL,Economy — ECONOMY ESSENTIAL,+144.98 USD,1867.83,USD,Enuygun,bff_1,,Unknown,Included,Unknown,Included,Unknown,Unknown,Unknown,Paid,Paid,Unknown,Unknown,Unknown,Unknown,Unknown,Unknown,Unknown,,,,2026-07-28T05:48:37+00:00,partial,0
CX,YYZ,HKG,YTO,CA,HKG,HK,2026-11-14,2026-11-17,Winter,Economy,2,Eco-3,ECONOMY FLEX,Economy Flex,+311.78 USD,2034.64,USD,Enuygun,bff_2,,Unknown,Included,Unknown,Included,Unknown,Unknown,Unknown,Paid,Included,Unknown,Unknown,Unknown,Unknown,Unknown,Unknown,Unknown,,,,2026-07-28T05:48:37+00:00,partial,0
CX,YYZ,HKG,YTO,CA,HKG,HK,2026-11-14,2026-11-17,Winter,Business,0,Bus-1,BUSINESS ESSENTIAL,Business — BUSINESS ESSENTIAL,0 USD,6098.4,USD,Enuygun,bff_0,,Unknown,Included,Unknown,Included,Unknown,Unknown,Unknown,Paid,Paid,Unknown,Unknown,Unknown,Unknown,Unknown,Unknown,Unknown,,,,2026-07-28T05:48:37+00:00,partial,0
CX,YYZ,HKG,YTO,CA,HKG,HK,2026-11-14,2026-11-17,Winter,Business,1,Bus-2,BUSINESS FLEX,Business Flex,+2681.42 USD,8779.82,USD,Enuygun,bff_1,,Unknown,Included,Unknown,Included,Unknown,Unknown,Unknown,Included,Included,Unknown,Unknown,Unknown,Unknown,Unknown,Unknown,Unknown,,,,2026-07-28T05:48:37+00:00,partial,0
AC,YYZ,HKG,YTO,CA,HKG,HK,2027-05-05,2027-05-08,Summer,Economy,0,Eco-1,Standard,Economy Standard,0 USD,1989.3,USD,Enuygun,bff_0,,Included,Included,Unknown,Included,Unknown,Unknown,Unknown,Unknown,Paid,Unknown,Unknown,Unknown,Unknown,Unknown,Unknown,Unknown,,,,2026-07-28T05:48:37+00:00,success,0
AC,YYZ,HKG,YTO,CA,HKG,HK,2027-05-05,2027-05-08,Summer,Economy,1,Eco-2,Flex,Economy Flex,+35.06 USD,2024.36,USD,Enuygun,bff_1,,Included,Included,Included,Included,Unknown,Unknown,Unknown,Paid,Paid,Unknown,Unknown,Unknown,Unknown,Unknown,Unknown,Unknown,,,,2026-07-28T05:48:37+00:00,success,0
AC,YYZ,HKG,YTO,CA,HKG,HK,2027-05-05,2027-05-08,Summer,Economy,2,Eco-3,Comfort,Economy Comfort,+163.69 USD,2152.99,USD,Enuygun,bff_2,,Included,Included,Included,Included,Unknown,Unknown,Unknown,Included,Included,Unknown,Unknown,Included,Unknown,Unknown,Unknown,Unknown,,,,2026-07-28T05:48:37+00:00,success,0
AC,YYZ,HKG,YTO,CA,HKG,HK,2027-05-05,2027-05-08,Summer,Economy,3,Eco-4,Latitude,Economy — Latitude,+1440.94 USD,3430.23,USD,Enuygun,bff_3,priority_check_in: Öncelikli Check-in,Included,Included,Included,Included,Unknown,Unknown,Unknown,Included,Included,Unknown,Unknown,Included,Unknown,Unknown,Unknown,Unknown,,,,2026-07-28T05:48:37+00:00,success,0
AC,YYZ,HKG,YTO,CA,HKG,HK,2027-05-05,2027-05-08,Summer,Business,0,Bus-1,BUSCMFT,Business — BUSCMFT,0.00 USD,10918.02,USD,Ubfly,BUSCMFT-BUSCMFT,In-flight entertainment; Privileged check-in; Snack; 1 personal item; Journal & Newspaper,Included,Included,Included,Included,Included,Included,Included,Unknown,Unknown,Unknown,Unknown,Unknown,Unknown,Unknown,Unknown,Unknown,Yes,,,2026-07-28T05:48:37+00:00,success,0
AC,YYZ,HKG,YTO,CA,HKG,HK,2027-05-05,2027-05-08,Summer,Business,1,Bus-2,BUSCMFTPLS,Business — BUSCMFTPLS,+124.34 USD,11042.36,USD,Ubfly,BUSCMFTPLS-BUSCMFTPLS,1 personal item; Snack; Journal & Newspaper; Privileged check-in; In-flight entertainment,Included,Included,Included,Included,Included,Included,Included,Unknown,Unknown,Unknown,Unknown,Unknown,Unknown,Unknown,Unknown,Unknown,Yes,,,2026-07-28T05:48:37+00:00,success,0
AC,YYZ,HKG,YTO,CA,HKG,HK,2027-05-05,2027-05-08,Summer,Business,2,Bus-3,BUSINESS FLEXIBLE,Business Flex,+248.68 USD,11166.7,USD,Ubfly,BUSFLEX-BUSFLEX,1 personal item; Business class seat with private partition; Snack; Journal & Newspaper; Privileged check-in; In-flight entertainment,Included,Included,Included,Included,Included,Included,Included,Unknown,Unknown,Unknown,Unknown,Unknown,Unknown,Unknown,Unknown,Unknown,Yes,,,2026-07-28T05:48:37+00:00,success,0
AC,YYZ,HKG,YTO,CA,HKG,HK,2027-05-05,2027-05-08,Summer,Premium Economy,0,PEco-1,PL,Premium Economy — PL,+897.36 USD,1989.74,USD,Ubfly,PL-PL-PL,Privileged check-in; POINT ACCRUAL(F),Included,Included,Included,Included,Unknown,Unknown,Unknown,Unknown,Unknown,Unknown,Unknown,Unknown,Unknown,Unknown,Unknown,Unknown,,,,2026-07-28T05:48:37+00:00,success,0
AC,YYZ,HKG,YTO,CA,HKG,HK,2027-05-05,2027-05-08,Summer,Premium Economy,1,PEco-2,PRIME FLY,Premium Economy Premium,"+1,288.14 USD",2380.52,USD,Ubfly,PF-PF-PF,Change with Penalty; Uninterrupted return (up to the last 12 hours); Privileged check-in; POINT ACCRUAL(F),Included,Included,Included,Included,Unknown,Unknown,Unknown,Unknown,Unknown,Unknown,Unknown,Included,Unknown,Unknown,Unknown,Unknown,,,,2026-07-28T05:48:37+00:00,success,0
AC,YYZ,HKG,YTO,CA,HKG,HK,2026-11-14,2026-11-17,Winter,Economy,0,Eco-1,Standard,Economy Standard,0.00 USD,1019.89,USD,Ubfly,TG-TG-TG,POINT ACCRUAL(F),Included,Included,Unknown,Unknown,Unknown,Unknown,Unknown,Not Included,Paid,Unknown,Unknown,Unknown,Unknown,Unknown,Unknown,Unknown,,,,2026-07-28T05:48:37+00:00,success,0
AC,YYZ,HKG,YTO,CA,HKG,HK,2026-11-14,2026-11-17,Winter,Economy,1,Eco-2,Flexible,Economy Flex,+63.10 USD,1082.99,USD,Ubfly,FL-FL-FL,Change with Penalty; POINT ACCRUAL(F),Included,Included,Included,Unknown,Unknown,Unknown,Unknown,Paid,Included,Unknown,Unknown,Unknown,Unknown,Unknown,Unknown,Unknown,,,,2026-07-28T05:48:37+00:00,success,0
AC,YYZ,HKG,YTO,CA,HKG,HK,2026-11-14,2026-11-17,Winter,Economy,2,Eco-3,Comfort,Economy Comfort,+247.98 USD,1267.87,USD,Ubfly,CO-CO-CO,Change with Penalty; Uninterrupted return (up to the last 12 hours); POINT ACCRUAL(F),Included,Included,Included,Unknown,Unknown,Unknown,Unknown,Included,Included,Unknown,Unknown,Included,Unknown,Unknown,Unknown,Unknown,,,,2026-07-28T05:48:37+00:00,success,0
AC,YYZ,HKG,YTO,CA,HKG,HK,2026-11-14,2026-11-17,Winter,Economy,3,Eco-4,Latitude,Economy — Latitude,"+2,167.76 USD",3187.65,USD,Ubfly,LT-LT-LT,Change with Penalty; Uninterrupted return (up to the last 12 hours); Privileged check-in; POINT ACCRUAL(F),Included,Included,Included,Included,Unknown,Unknown,Unknown,Included,Included,Unknown,Unknown,Included,Unknown,Unknown,Unknown,Unknown,,,,2026-07-28T05:48:37+00:00,success,0
AC,YYZ,HKG,YTO,CA,HKG,HK,2026-11-14,2026-11-17,Winter,Business,0,Bus-1,BUSCMFT,Business — BUSCMFT,0.00 USD,5522.45,USD,Ubfly,BUSCMFT-BUSCMFT,In-flight entertainment; Privileged check-in; Snack; Business class seat with private partition; BUSINESS EXTRA LONG BED(F); MAGAZINES AND NEWSPAPERS(F),Included,Included,Included,Included,Included,Included,Included,Unknown,Unknown,Unknown,Unknown,Unknown,Unknown,Unknown,Unknown,Unknown,Yes,,,2026-07-28T05:48:37+00:00,success,0
AC,YYZ,HKG,YTO,CA,HKG,HK,2026-11-14,2026-11-17,Winter,Business,1,Bus-2,BUSCMFTPLS,Business — BUSCMFTPLS,+124.34 USD,5646.79,USD,Ubfly,BUSCMFTPLS-BUSCMFTPLS,Business class seat with private partition; BUSINESS EXTRA LONG BED(F); Snack; MAGAZINES AND NEWSPAPERS(F); Privileged check-in; In-flight entertainment,Included,Included,Included,Included,Included,Included,Included,Unknown,Unknown,Unknown,Unknown,Unknown,Unknown,Unknown,Unknown,Unknown,Yes,,,2026-07-28T05:48:37+00:00,success,0
AC,YYZ,HKG,YTO,CA,HKG,HK,2026-11-14,2026-11-17,Winter,Business,2,Bus-3,BUSINESS FLEXIBLE,Business Flex,+248.68 USD,5771.13,USD,Ubfly,BUSFLEX-BUSFLEX,Business class seat with private partition; BUSINESS EXTRA LONG BED(F); Snack; MAGAZINES AND NEWSPAPERS(F); Privileged check-in; In-flight entertainment,Included,Included,Included,Included,Included,Included,Included,Unknown,Unknown,Unknown,Unknown,Unknown,Unknown,Unknown,Unknown,Unknown,Yes,,,2026-07-28T05:48:37+00:00,success,0
AC,YYZ,HKG,YTO,CA,HKG,HK,2026-11-14,2026-11-17,Winter,Premium Economy,0,PEco-1,PL,Premium Economy — PL,+979.79 USD,1999.68,USD,Ubfly,PL-PL-PL,Privileged check-in; POINT ACCRUAL(F),Included,Included,Included,Included,Unknown,Unknown,Unknown,Unknown,Unknown,Unknown,Unknown,Unknown,Unknown,Unknown,Unknown,Unknown,,,,2026-07-28T05:48:37+00:00,success,0
AC,YYZ,HKG,YTO,CA,HKG,HK,2026-11-14,2026-11-17,Winter,Premium Economy,1,PEco-2,PRIME FLY,Premium Economy Premium,"+1,406.80 USD",2426.69,USD,Ubfly,PF-PF-PF,Change with Penalty; Uninterrupted return (up to the last 12 hours); Privileged check-in; POINT ACCRUAL(F),Included,Included,Included,Included,Unknown,Unknown,Unknown,Unknown,Unknown,Unknown,Unknown,Included,Unknown,Unknown,Unknown,Unknown,,,,2026-07-28T05:48:37+00:00,success,0
UA,YYZ,HKG,YTO,CA,HKG,HK,2027-05-05,2027-05-08,Summer,Economy,0,Eco-1,ECONOMY,Economy — ECONOMY,0.00 USD,850.69,USD,Ubfly,ECONOMY-ECONOMY,Change with Penalty; 1 personal item,Included,Included,Included,Unknown,Unknown,Unknown,Unknown,Unknown,Included,Unknown,Unknown,Unknown,Unknown,Included,Unknown,Unknown,Yes,,,2026-07-28T05:48:37+00:00,success,0
UA,YYZ,HKG,YTO,CA,HKG,HK,2027-05-05,2027-05-08,Summer,Economy,1,Eco-2,PREMECO,Economy Basic,+838.54 USD,1689.23,USD,Ubfly,PREMECO-PREMECO,Change with Penalty; 1 personal item,Included,Included,Included,Unknown,Unknown,Included,Unknown,Unknown,Unknown,Unknown,Unknown,Unknown,Unknown,Included,Unknown,Unknown,Yes,,,2026-07-28T05:48:37+00:00,success,0
UA,YYZ,HKG,YTO,CA,HKG,HK,2027-05-05,2027-05-08,Summer,Economy,2,Eco-3,ECONOMY FULLY REFUNDABLE,Economy Premium,"+4,747.01 USD",5597.7,USD,Ubfly,ECOREF-ECOREF,Uninterrupted return (up to the last 12 hours); Change with Penalty; 1 personal item,Included,Included,Included,Unknown,Unknown,Unknown,Unknown,Included,Included,Unknown,Unknown,Unknown,Unknown,Included,Unknown,Unknown,Yes,,,2026-07-28T05:48:37+00:00,success,0
UA,YYZ,HKG,YTO,CA,HKG,HK,2027-05-05,2027-05-08,Summer,Economy,3,Eco-4,PREMECOREF,Economy — PREMECOREF,"+5,888.07 USD",6738.76,USD,Ubfly,PREMECOREF-PREMECOREF,Uninterrupted return (up to the last 12 hours); Change with Penalty; 1 personal item,Included,Included,Included,Unknown,Unknown,Included,Unknown,Unknown,Unknown,Unknown,Unknown,Unknown,Unknown,Included,Unknown,Unknown,Yes,,,2026-07-28T05:48:37+00:00,success,0
UA,YYZ,HKG,YTO,CA,HKG,HK,2027-05-05,2027-05-08,Summer,Business,0,Bus-1,Business,Business — Business,0 USD,4963.15,USD,Enuygun,bff_0,,Included,Included,Unknown,Unknown,Included,Unknown,Unknown,Unknown,Included,Unknown,Unknown,Unknown,Unknown,Unknown,Unknown,Unknown,,,,2026-07-28T05:48:37+00:00,success,0
UA,YYZ,HKG,YTO,CA,HKG,HK,2027-05-05,2027-05-08,Summer,Business,1,Bus-2,Business Fully Refundable,Business Premium,+473.24 USD,5436.38,USD,Enuygun,bff_1,,Included,Included,Unknown,Unknown,Included,Unknown,Unknown,Included,Included,Unknown,Unknown,Unknown,Unknown,Unknown,Unknown,Unknown,,,,2026-07-28T05:48:37+00:00,success,0
UA,YYZ,HKG,YTO,CA,HKG,HK,2026-11-14,2026-11-17,Winter,Economy,0,Eco-1,ECONOMY,Economy — ECONOMY,0.00 USD,921.74,USD,Ubfly,ECONOMY-ECONOMY,Change with Penalty; 1 personal item,Included,Included,Included,Unknown,Unknown,Unknown,Unknown,Unknown,Included,Unknown,Unknown,Unknown,Unknown,Included,Unknown,Unknown,Yes,,,2026-07-28T05:48:37+00:00,success,0
UA,YYZ,HKG,YTO,CA,HKG,HK,2026-11-14,2026-11-17,Winter,Economy,1,Eco-2,PREMECO,Economy Basic,+817.22 USD,1738.96,USD,Ubfly,PREMECO-PREMECO,Change with Penalty; 1 personal item,Included,Included,Included,Unknown,Unknown,Included,Unknown,Unknown,Unknown,Unknown,Unknown,Unknown,Unknown,Included,Unknown,Unknown,Yes,,,2026-07-28T05:48:37+00:00,success,0
UA,YYZ,HKG,YTO,CA,HKG,HK,2026-11-14,2026-11-17,Winter,Economy,2,Eco-3,ECONOMY FULLY REFUNDABLE,Economy Premium,"+4,675.96 USD",5597.7,USD,Ubfly,ECOREF-ECOREF,Uninterrupted return (up to the last 12 hours); Change with Penalty; 1 personal item,Included,Included,Included,Unknown,Unknown,Unknown,Unknown,Included,Included,Unknown,Unknown,Unknown,Unknown,Included,Unknown,Unknown,Yes,,,2026-07-28T05:48:37+00:00,success,0
UA,YYZ,HKG,YTO,CA,HKG,HK,2026-11-14,2026-11-17,Winter,Economy,3,Eco-4,PREMECOREF,Economy — PREMECOREF,"+5,817.02 USD",6738.76,USD,Ubfly,PREMECOREF-PREMECOREF,Uninterrupted return (up to the last 12 hours); Change with Penalty; 1 personal item,Included,Included,Included,Unknown,Unknown,Included,Unknown,Unknown,Unknown,Unknown,Unknown,Unknown,Unknown,Included,Unknown,Unknown,Yes,,,2026-07-28T05:48:37+00:00,success,0
UA,YYZ,HKG,YTO,CA,HKG,HK,2026-11-14,2026-11-17,Winter,Business,0,Bus-1,BUSINESS,Business — BUSINESS,0 USD,4337.65,USD,Enuygun,bff_0,,Unknown,Included,Unknown,Unknown,Unknown,Unknown,Unknown,Unknown,Included,Unknown,Unknown,Unknown,Unknown,Unknown,Unknown,Unknown,,,,2026-07-28T05:48:37+00:00,success,0
UA,YYZ,HKG,YTO,CA,HKG,HK,2026-11-14,2026-11-17,Winter,Business,1,Bus-2,BUSINESS FULLY REFUNDABLE,Business Premium,+624.75 USD,4962.41,USD,Enuygun,bff_1,,Unknown,Included,Unknown,Unknown,Unknown,Unknown,Unknown,Included,Included,Unknown,Unknown,Unknown,Unknown,Unknown,Unknown,Unknown,,,,2026-07-28T05:48:37+00:00,success,0
BR,YYZ,HKG,YTO,CA,HKG,HK,2027-05-05,2027-05-08,Summer,Economy,0,Eco-1,Economy Basic,Economy Basic,0 USD,916.74,USD,Enuygun,bff_0,entertainment: Uçak İçi Eğlence,Included,Included,Unknown,Included,Unknown,Unknown,Unknown,Paid,Paid,Unknown,Unknown,Unknown,Unknown,Unknown,Unknown,Unknown,,,,2026-07-28T05:48:37+00:00,partial,0
BR,YYZ,HKG,YTO,CA,HKG,HK,2027-05-05,2027-05-08,Summer,Economy,1,Eco-2,Economy Standard,Economy Standard,+157.47 USD,1074.21,USD,Enuygun,bff_1,entertainment: Uçak İçi Eğlence,Included,Included,Unknown,Included,Unknown,Unknown,Unknown,Paid,Paid,Unknown,Unknown,Unknown,Unknown,Unknown,Unknown,Unknown,,,,2026-07-28T05:48:37+00:00,partial,0
BR,YYZ,HKG,YTO,CA,HKG,HK,2027-05-05,2027-05-08,Summer,Economy,2,Eco-3,Economy Up,Economy — Economy Up,+816.12 USD,1732.85,USD,Enuygun,bff_2,entertainment: Uçak İçi Eğlence,Included,Included,Unknown,Included,Unknown,Unknown,Unknown,Paid,Included,Unknown,Unknown,Unknown,Unknown,Unknown,Unknown,Unknown,,,,2026-07-28T05:48:37+00:00,partial,0
BR,YYZ,HKG,YTO,CA,HKG,HK,2027-05-05,2027-05-08,Summer,Business,0,Bus-1,Business Basic,Business Basic,0 USD,3901.45,USD,Enuygun,bff_0,entertainment: Uçak İçi Eğlence,Included,Included,Unknown,Included,Unknown,Unknown,Unknown,Paid,Paid,Unknown,Unknown,Unknown,Unknown,Unknown,Unknown,Unknown,,,,2026-07-28T05:48:37+00:00,partial,0
BR,YYZ,HKG,YTO,CA,HKG,HK,2027-05-05,2027-05-08,Summer,Business,1,Bus-2,Business Standard,Business Standard,+1215.99 USD,5117.44,USD,Enuygun,bff_1,entertainment: Uçak İçi Eğlence,Included,Included,Unknown,Included,Unknown,Unknown,Unknown,Paid,Paid,Unknown,Unknown,Unknown,Unknown,Unknown,Unknown,Unknown,,,,2026-07-28T05:48:37+00:00,partial,0
BR,YYZ,HKG,YTO,CA,HKG,HK,2027-05-05,2027-05-08,Summer,Business,2,Bus-3,Business Up,Business — Business Up,+4372.87 USD,8274.32,USD,Enuygun,bff_2,entertainment: Uçak İçi Eğlence,Included,Included,Unknown,Included,Unknown,Unknown,Unknown,Paid,Included,Unknown,Unknown,Unknown,Unknown,Unknown,Unknown,Unknown,,,,2026-07-28T05:48:37+00:00,partial,0
BR,YYZ,HKG,YTO,CA,HKG,HK,2026-11-14,2026-11-17,Winter,Economy,0,Eco-1,Economy Basic,Economy Basic,0 USD,945.08,USD,Enuygun,bff_0,entertainment: Uçak İçi Eğlence,Included,Included,Unknown,Included,Unknown,Unknown,Unknown,Paid,Paid,Unknown,Unknown,Unknown,Unknown,Unknown,Unknown,Unknown,,,,2026-07-28T05:48:37+00:00,partial,0
BR,YYZ,HKG,YTO,CA,HKG,HK,2026-11-14,2026-11-17,Winter,Economy,1,Eco-2,Economy Standard,Economy Standard,+157.47 USD,1102.55,USD,Enuygun,bff_1,entertainment: Uçak İçi Eğlence,Included,Included,Unknown,Included,Unknown,Unknown,Unknown,Paid,Paid,Unknown,Unknown,Unknown,Unknown,Unknown,Unknown,Unknown,,,,2026-07-28T05:48:37+00:00,partial,0
BR,YYZ,HKG,YTO,CA,HKG,HK,2026-11-14,2026-11-17,Winter,Economy,2,Eco-3,Economy Up,Economy — Economy Up,+816.12 USD,1761.2,USD,Enuygun,bff_2,entertainment: Uçak İçi Eğlence,Included,Included,Unknown,Included,Unknown,Unknown,Unknown,Paid,Included,Unknown,Unknown,Unknown,Unknown,Unknown,Unknown,Unknown,,,,2026-07-28T05:48:37+00:00,partial,0
BR,YYZ,HKG,YTO,CA,HKG,HK,2026-11-14,2026-11-17,Winter,Business,0,Bus-1,BUSINESS STANDARD,Business Standard,0 USD,5185.83,USD,Enuygun,bff_0,,Unknown,Included,Unknown,Unknown,Unknown,Unknown,Unknown,Paid,Paid,Unknown,Unknown,Unknown,Unknown,Unknown,Unknown,Unknown,,,,2026-07-28T05:48:37+00:00,partial,0
BR,YYZ,HKG,YTO,CA,HKG,HK,2026-11-14,2026-11-17,Winter,Business,1,Bus-2,BUSINESS UP,Business — BUSINESS UP,+3256.29 USD,8442.12,USD,Enuygun,bff_1,,Unknown,Included,Unknown,Unknown,Unknown,Unknown,Unknown,Paid,Unknown,Unknown,Unknown,Unknown,Unknown,Unknown,Unknown,Unknown,,,,2026-07-28T05:48:37+00:00,partial,0
BR,JFK,TPE,NYC,US,TPE,TW,2026-10-02,2026-10-05,Summer,Economy,0,Eco-1,Economy Basic,Economy Basic,0 USD,758.28,USD,Enuygun,bff_0,entertainment: Uçak İçi Eğlence,Included,Included,Unknown,Included,Unknown,Unknown,Unknown,Paid,Paid,Unknown,Unknown,Unknown,Unknown,Unknown,Unknown,Unknown,,,,2026-07-28T05:48:37+00:00,partial,0
BR,JFK,TPE,NYC,US,TPE,TW,2026-10-02,2026-10-05,Summer,Economy,1,Eco-2,Economy Standard,Economy Standard,+234.79 USD,993.07,USD,Enuygun,bff_1,entertainment: Uçak İçi Eğlence,Included,Included,Unknown,Included,Unknown,Unknown,Unknown,Paid,Paid,Unknown,Unknown,Unknown,Unknown,Unknown,Unknown,Unknown,,,,2026-07-28T05:48:37+00:00,partial,0
BR,JFK,TPE,NYC,US,TPE,TW,2026-10-02,2026-10-05,Summer,Economy,2,Eco-3,Economy Up,Economy — Economy Up,+855.73 USD,1614.01,USD,Enuygun,bff_2,entertainment: Uçak İçi Eğlence,Included,Included,Unknown,Included,Unknown,Unknown,Unknown,Paid,Included,Unknown,Unknown,Unknown,Unknown,Unknown,Unknown,Unknown,,,,2026-07-28T05:48:37+00:00,partial,0
BR,JFK,TPE,NYC,US,TPE,TW,2026-10-02,2026-10-05,Summer,Business,0,Bus-1,BUSINESS STANDARD,Business Standard,0 USD,5474.99,USD,Enuygun,bff_0,,Unknown,Included,Unknown,Unknown,Unknown,Unknown,Unknown,Paid,Paid,Unknown,Unknown,Unknown,Unknown,Unknown,Unknown,Unknown,,,,2026-07-28T05:48:37+00:00,partial,0
BR,JFK,TPE,NYC,US,TPE,TW,2026-10-02,2026-10-05,Summer,Business,1,Bus-2,BUSINESS UP,Business — BUSINESS UP,+2291.13 USD,7766.12,USD,Enuygun,bff_1,,Unknown,Included,Unknown,Unknown,Unknown,Unknown,Unknown,Paid,Unknown,Unknown,Unknown,Unknown,Unknown,Unknown,Unknown,Unknown,,,,2026-07-28T05:48:37+00:00,partial,0
BR,JFK,TPE,NYC,US,TPE,TW,2026-12-30,2027-01-02,Winter,Economy,0,Eco-1,ECONOMY STANDARD,Economy Standard,0 USD,1049.24,USD,Enuygun,bff_0,,Unknown,Included,Unknown,Unknown,Unknown,Unknown,Unknown,Paid,Paid,Unknown,Unknown,Unknown,Unknown,Unknown,Unknown,Unknown,,,,2026-07-28T05:48:37+00:00,partial,0
BR,JFK,TPE,NYC,US,TPE,TW,2026-12-30,2027-01-02,Winter,Economy,1,Eco-2,ECONOMY UP,Economy — ECONOMY UP,+663.63 USD,1712.86,USD,Enuygun,bff_1,,Unknown,Included,Unknown,Unknown,Unknown,Unknown,Unknown,Paid,Unknown,Unknown,Unknown,Unknown,Unknown,Unknown,Unknown,Unknown,,,,2026-07-28T05:48:37+00:00,partial,0
BR,JFK,TPE,NYC,US,TPE,TW,2026-12-30,2027-01-02,Winter,Business,0,Bus-1,Business Basic,Business Basic,0 USD,3894.95,USD,Enuygun,bff_0,entertainment: Uçak İçi Eğlence,Included,Included,Unknown,Included,Unknown,Unknown,Unknown,Paid,Paid,Unknown,Unknown,Unknown,Unknown,Unknown,Unknown,Unknown,,,,2026-07-28T05:48:37+00:00,partial,0
BR,JFK,TPE,NYC,US,TPE,TW,2026-12-30,2027-01-02,Winter,Business,1,Bus-2,Business Standard,Business Standard,+1760.82 USD,5655.77,USD,Enuygun,bff_1,entertainment: Uçak İçi Eğlence,Included,Included,Unknown,Included,Unknown,Unknown,Unknown,Paid,Paid,Unknown,Unknown,Unknown,Unknown,Unknown,Unknown,Unknown,,,,2026-07-28T05:48:37+00:00,partial,0
BR,JFK,TPE,NYC,US,TPE,TW,2026-12-30,2027-01-02,Winter,Business,2,Bus-3,Business Up,Business — Business Up,+3857.34 USD,7752.29,USD,Enuygun,bff_2,entertainment: Uçak İçi Eğlence,Included,Included,Unknown,Included,Unknown,Unknown,Unknown,Paid,Included,Unknown,Unknown,Unknown,Unknown,Unknown,Unknown,Unknown,,,,2026-07-28T05:48:37+00:00,partial,0
CI,JFK,TPE,NYC,US,TPE,TW,2026-10-02,2026-10-05,Summer,Economy,0,Eco-1,Economy Basic,Economy Basic,0 USD,762.89,USD,Enuygun,bff_0,entertainment: Uçak İçi Eğlence,Included,Included,Unknown,Included,Unknown,Unknown,Unknown,Paid,Paid,Unknown,Unknown,Unknown,Unknown,Unknown,Unknown,Unknown,,,,2026-07-28T05:48:37+00:00,partial,0
CI,JFK,TPE,NYC,US,TPE,TW,2026-10-02,2026-10-05,Summer,Economy,1,Eco-2,Economy Standard,Economy Standard,+280.49 USD,1043.37,USD,Enuygun,bff_1,entertainment: Uçak İçi Eğlence,Included,Included,Unknown,Included,Unknown,Unknown,Unknown,Paid,Paid,Unknown,Unknown,Unknown,Unknown,Unknown,Unknown,Unknown,,,,2026-07-28T05:48:37+00:00,partial,0
CI,JFK,TPE,NYC,US,TPE,TW,2026-10-02,2026-10-05,Summer,Economy,2,Eco-3,Economy Flex,Economy Flex,+810.53 USD,1573.42,USD,Enuygun,bff_2,entertainment: Uçak İçi Eğlence,Included,Included,Unknown,Included,Unknown,Unknown,Unknown,Paid,Included,Unknown,Unknown,Unknown,Unknown,Unknown,Unknown,Unknown,,,,2026-07-28T05:48:37+00:00,partial,0
CI,JFK,TPE,NYC,US,TPE,TW,2026-10-02,2026-10-05,Summer,Business,0,Bus-1,Business Standard,Business Standard,0 USD,5577.41,USD,Enuygun,bff_0,priority_check_in: Öncelikli Check-in; entertainment: Uçak İçi Eğlence,Included,Included,Unknown,Included,Included,Unknown,Unknown,Paid,Paid,Unknown,Unknown,Unknown,Unknown,Unknown,Unknown,Unknown,,,,2026-07-28T05:48:37+00:00,partial,0
CI,JFK,TPE,NYC,US,TPE,TW,2026-10-02,2026-10-05,Summer,Business,1,Bus-2,Business Flex,Business Flex,+2182.08 USD,7759.49,USD,Enuygun,bff_1,priority_check_in: Öncelikli Check-in; entertainment: Uçak İçi Eğlence,Included,Included,Unknown,Included,Included,Unknown,Unknown,Paid,Included,Unknown,Unknown,Unknown,Unknown,Unknown,Unknown,Unknown,,,,2026-07-28T05:48:37+00:00,partial,0
CI,JFK,TPE,NYC,US,TPE,TW,2026-12-31,2027-01-03,Winter,Economy,0,Eco-1,Economy Basic,Economy Basic,0 USD,872.6,USD,Enuygun,bff_0,entertainment: Uçak İçi Eğlence,Included,Included,Unknown,Included,Unknown,Unknown,Unknown,Paid,Paid,Unknown,Unknown,Unknown,Unknown,Unknown,Unknown,Unknown,,,,2026-07-28T05:48:37+00:00,partial,0
CI,JFK,TPE,NYC,US,TPE,TW,2026-12-31,2027-01-03,Winter,Economy,1,Eco-2,Economy Standard,Economy Standard,+194.9 USD,1067.51,USD,Enuygun,bff_1,entertainment: Uçak İçi Eğlence,Included,Included,Unknown,Included,Unknown,Unknown,Unknown,Paid,Paid,Unknown,Unknown,Unknown,Unknown,Unknown,Unknown,Unknown,,,,2026-07-28T05:48:37+00:00,partial,0
CI,JFK,TPE,NYC,US,TPE,TW,2026-12-31,2027-01-03,Winter,Economy,2,Eco-3,Economy Flex,Economy Flex,+745.8 USD,1618.41,USD,Enuygun,bff_2,entertainment: Uçak İçi Eğlence,Included,Included,Unknown,Included,Unknown,Unknown,Unknown,Paid,Included,Unknown,Unknown,Unknown,Unknown,Unknown,Unknown,Unknown,,,,2026-07-28T05:48:37+00:00,partial,0
CI,JFK,TPE,NYC,US,TPE,TW,2026-12-31,2027-01-03,Winter,Business,0,Bus-1,Business Basic,Business Basic,0 USD,4059.17,USD,Enuygun,bff_0,priority_check_in: Öncelikli Check-in; entertainment: Uçak İçi Eğlence,Included,Included,Unknown,Included,Included,Unknown,Unknown,Paid,Paid,Unknown,Unknown,Unknown,Unknown,Unknown,Unknown,Unknown,,,,2026-07-28T05:48:37+00:00,partial,0
CI,JFK,TPE,NYC,US,TPE,TW,2026-12-31,2027-01-03,Winter,Business,1,Bus-2,Business Standard,Business Standard,+1885.76 USD,5944.93,USD,Enuygun,bff_1,priority_check_in: Öncelikli Check-in; entertainment: Uçak İçi Eğlence,Included,Included,Unknown,Included,Included,Unknown,Unknown,Paid,Paid,Unknown,Unknown,Unknown,Unknown,Unknown,Unknown,Unknown,,,,2026-07-28T05:48:37+00:00,partial,0
CI,JFK,TPE,NYC,US,TPE,TW,2026-12-31,2027-01-03,Winter,Business,2,Bus-3,Business Flex,Business Flex,+3947.17 USD,8006.34,USD,Enuygun,bff_2,priority_check_in: Öncelikli Check-in; entertainment: Uçak İçi Eğlence,Included,Included,Unknown,Included,Included,Unknown,Unknown,Paid,Included,Unknown,Unknown,Unknown,Unknown,Unknown,Unknown,Unknown,,,,2026-07-28T05:48:37+00:00,partial,0
DL,JFK,TPE,NYC,US,TPE,TW,2026-10-02,2026-10-05,Summer,Economy,0,Eco-1,MAINBASIC,Economy Basic,0.00 USD,533.51,USD,Ubfly,MAINBASIC-MAINBASIC,In-flight entertainment; Snack; Last Group on Boarding; Limited overhead space; Alcoholic drink,Included,Included,Unknown,Unknown,Unknown,Unknown,Unknown,Unknown,Unknown,Unknown,Unknown,Unknown,Unknown,Unknown,Unknown,Unknown,,,,2026-07-28T05:48:37+00:00,success,0
DL,JFK,TPE,NYC,US,TPE,TW,2026-10-02,2026-10-05,Summer,Economy,1,Eco-2,MAINCLASC,Economy Standard,+95.01 USD,628.52,USD,Ubfly,MAINCLASC-MAINCLASC,Change with Penalty; Standard boarding; Alcoholic drink; Snack; In-flight entertainment,Included,Included,Included,Unknown,Unknown,Unknown,Unknown,Unknown,Unknown,Unknown,Unknown,Unknown,Unknown,Unknown,Unknown,Unknown,Yes,,,2026-07-28T05:48:37+00:00,success,0
DL,JFK,TPE,NYC,US,TPE,TW,2026-10-02,2026-10-05,Summer,Economy,2,Eco-3,COMFTCLASC,Economy — COMFTCLASC,+161.99 USD,695.5,USD,Ubfly,COMFTCLASC-COMFTCLASC,Change with Penalty; Extra legroom; Alcoholic drink; Snack; In-flight entertainment,Included,Included,Included,Unknown,Unknown,Included,Unknown,Unknown,Unknown,Unknown,Unknown,Unknown,Unknown,Unknown,Unknown,Unknown,Yes,,,2026-07-28T05:48:37+00:00,success,0
DL,JFK,TPE,NYC,US,TPE,TW,2026-10-02,2026-10-05,Summer,Economy,3,Eco-4,MAINEXTRA,Economy Standard,+225.00 USD,758.51,USD,Ubfly,MAINEXTRA-MAINEXTRA,Change with Penalty; Uninterrupted return (up to the last 12 hours); Standard boarding; Alcoholic drink; Snack; In-flight entertainment,Included,Included,Included,Included,Unknown,Unknown,Unknown,Included,Included,Unknown,Unknown,Unknown,Unknown,Unknown,Unknown,Unknown,Yes,,,2026-07-28T05:48:37+00:00,success,0
DL,JFK,TPE,NYC,US,TPE,TW,2026-10-02,2026-10-05,Summer,Economy,4,Eco-5,COMFTEXTRA,Economy — COMFTEXTRA,+292.00 USD,825.51,USD,Ubfly,COMFTEXTRA-COMFTEXTRA,Change with Penalty; Uninterrupted return (up to the last 12 hours); Extra legroom; Alcoholic drink; Snack; In-flight entertainment,Included,Included,Included,Unknown,Unknown,Included,Unknown,Unknown,Unknown,Unknown,Unknown,Unknown,Unknown,Unknown,Unknown,Unknown,Yes,,,2026-07-28T05:48:37+00:00,success,0
DL,JFK,TPE,NYC,US,TPE,TW,2026-10-02,2026-10-05,Summer,Economy,5,Eco-6,DPSCLASC,Economy — DPSCLASC,+400.00 USD,933.51,USD,Ubfly,DPSCLASC-DPSCLASC,Change with Penalty; Extra legroom; Privileged check-in; Alcoholic drink; Snack; In-flight entertainment,Included,Included,Included,Unknown,Unknown,Included,Unknown,Unknown,Unknown,Unknown,Unknown,Unknown,Unknown,Unknown,Unknown,Unknown,Yes,,,2026-07-28T05:48:37+00:00,success,0
DL,JFK,TPE,NYC,US,TPE,TW,2026-10-02,2026-10-05,Summer,Economy,6,Eco-7,DPSEXTRA,Economy — DPSEXTRA,+529.99 USD,1063.5,USD,Ubfly,DPSEXTRA-DPSEXTRA,Change with Penalty; Uninterrupted return (up to the last 12 hours); Extra legroom; Privileged check-in; Alcoholic drink; Snack; In-flight entertainment,Included,Included,Included,Unknown,Unknown,Included,Unknown,Unknown,Unknown,Unknown,Unknown,Unknown,Unknown,Unknown,Unknown,Unknown,Yes,,,2026-07-28T05:48:37+00:00,success,0
DL,JFK,TPE,NYC,US,TPE,TW,2026-10-02,2026-10-05,Summer,Business,0,Bus-1,Delta One Classic,Business Standard,0 USD,7679.76,USD,Enuygun,bff_0,priority_check_in: Öncelikli Check-in; entertainment: Uçak İçi Eğlence,Included,Included,Unknown,Included,Included,Unknown,Unknown,Not Included,Included,Unknown,Unknown,Unknown,Unknown,Unknown,Unknown,Unknown,,,,2026-07-28T05:48:37+00:00,success,0
DL,JFK,TPE,NYC,US,TPE,TW,2026-10-02,2026-10-05,Summer,Business,1,Bus-2,Delta One Extra,Business — Delta One Extra,+274.26 USD,7954.02,USD,Enuygun,bff_1,priority_check_in: Öncelikli Check-in; entertainment: Uçak İçi Eğlence,Included,Included,Unknown,Included,Included,Unknown,Unknown,Included,Included,Unknown,Unknown,Unknown,Unknown,Unknown,Unknown,Unknown,,,,2026-07-28T05:48:37+00:00,success,0
DL,JFK,TPE,NYC,US,TPE,TW,2026-12-30,2027-01-02,Winter,Economy,0,Eco-1,MAINBASIC,Economy Basic,0.00 USD,576.52,USD,Ubfly,MAINBASIC-MAINBASIC,In-flight entertainment; Snack; Last Group on Boarding; Limited overhead space; Alcoholic drink,Included,Included,Unknown,Unknown,Unknown,Unknown,Unknown,Unknown,Unknown,Unknown,Unknown,Unknown,Unknown,Unknown,Unknown,Unknown,,,,2026-07-28T05:48:37+00:00,success,0
DL,JFK,TPE,NYC,US,TPE,TW,2026-12-30,2027-01-02,Winter,Economy,1,Eco-2,MAINCLASC,Economy Standard,+94.98 USD,671.5,USD,Ubfly,MAINCLASC-MAINCLASC,Change with Penalty; Standard boarding; Alcoholic drink; Snack; In-flight entertainment,Included,Included,Included,Unknown,Unknown,Unknown,Unknown,Unknown,Unknown,Unknown,Unknown,Unknown,Unknown,Unknown,Unknown,Unknown,Yes,,,2026-07-28T05:48:37+00:00,success,0
DL,JFK,TPE,NYC,US,TPE,TW,2026-12-30,2027-01-02,Winter,Economy,2,Eco-3,COMFTCLASC,Economy — COMFTCLASC,+134.98 USD,711.5,USD,Ubfly,COMFTCLASC-COMFTCLASC,Change with Penalty; Extra legroom; Alcoholic drink; Snack; In-flight entertainment,Included,Included,Included,Unknown,Unknown,Included,Unknown,Unknown,Unknown,Unknown,Unknown,Unknown,Unknown,Unknown,Unknown,Unknown,Yes,,,2026-07-28T05:48:37+00:00,success,0
DL,JFK,TPE,NYC,US,TPE,TW,2026-12-30,2027-01-02,Winter,Economy,3,Eco-4,MAINEXTRA,Economy Standard,+225.00 USD,801.52,USD,Ubfly,MAINEXTRA-MAINEXTRA,Change with Penalty; Uninterrupted return (up to the last 12 hours); Standard boarding; Alcoholic drink; Snack; In-flight entertainment,Included,Included,Included,Included,Unknown,Unknown,Unknown,Included,Included,Unknown,Unknown,Unknown,Unknown,Unknown,Unknown,Unknown,Yes,,,2026-07-28T05:48:37+00:00,success,0
DL,JFK,TPE,NYC,US,TPE,TW,2026-12-30,2027-01-02,Winter,Economy,4,Eco-5,COMFTEXTRA,Economy — COMFTEXTRA,+265.00 USD,841.52,USD,Ubfly,COMFTEXTRA-COMFTEXTRA,Change with Penalty; Uninterrupted return (up to the last 12 hours); Extra legroom; Alcoholic drink; Snack; In-flight entertainment,Included,Included,Included,Unknown,Unknown,Included,Unknown,Unknown,Unknown,Unknown,Unknown,Unknown,Unknown,Unknown,Unknown,Unknown,Yes,,,2026-07-28T05:48:37+00:00,success,0
DL,JFK,TPE,NYC,US,TPE,TW,2026-12-30,2027-01-02,Winter,Economy,5,Eco-6,DPSCLASC,Economy — DPSCLASC,+405.00 USD,981.52,USD,Ubfly,DPSCLASC-DPSCLASC,Change with Penalty; Extra legroom; Privileged check-in; Alcoholic drink; Snack; In-flight entertainment,Included,Included,Included,Unknown,Unknown,Included,Unknown,Unknown,Unknown,Unknown,Unknown,Unknown,Unknown,Unknown,Unknown,Unknown,Yes,,,2026-07-28T05:48:37+00:00,success,0
DL,JFK,TPE,NYC,US,TPE,TW,2026-12-30,2027-01-02,Winter,Economy,6,Eco-7,DPSEXTRA,Economy — DPSEXTRA,+534.99 USD,1111.51,USD,Ubfly,DPSEXTRA-DPSEXTRA,Change with Penalty; Uninterrupted return (up to the last 12 hours); Extra legroom; Privileged check-in; Alcoholic drink; Snack; In-flight entertainment,Included,Included,Included,Unknown,Unknown,Included,Unknown,Unknown,Unknown,Unknown,Unknown,Unknown,Unknown,Unknown,Unknown,Unknown,Yes,,,2026-07-28T05:48:37+00:00,success,0
DL,JFK,TPE,NYC,US,TPE,TW,2026-12-30,2027-01-02,Winter,Business,0,Bus-1,Delta One Classic,Business Standard,0 USD,5741.79,USD,Enuygun,bff_0,priority_check_in: Öncelikli Check-in; entertainment: Uçak İçi Eğlence,Included,Included,Included,Included,Included,Included,Unknown,Not Included,Included,Unknown,Unknown,Unknown,Unknown,Unknown,Unknown,Unknown,Yes,,,2026-07-28T05:48:37+00:00,success,0
DL,JFK,TPE,NYC,US,TPE,TW,2026-12-30,2027-01-02,Winter,Business,1,Bus-2,Delta One Extra,Business — Delta One Extra,+274.26 USD,6016.05,USD,Enuygun,bff_1,priority_check_in: Öncelikli Check-in; entertainment: Uçak İçi Eğlence,Included,Included,Included,Included,Included,Included,Unknown,Included,Included,Unknown,Unknown,Unknown,Unknown,Unknown,Unknown,Unknown,Yes,,,2026-07-28T05:48:37+00:00,success,0
CX,JFK,TPE,NYC,US,TPE,TW,2026-10-02,2026-10-05,Summer,Economy,0,Eco-1,Economy Light,Economy Lite,0 USD,911.84,USD,Enuygun,bff_0,,Included,Included,Unknown,Included,Unknown,Unknown,Unknown,Paid,Paid,Unknown,Unknown,Unknown,Unknown,Unknown,Unknown,Unknown,,,,2026-07-28T05:48:37+00:00,partial,0
CX,JFK,TPE,NYC,US,TPE,TW,2026-10-02,2026-10-05,Summer,Economy,1,Eco-2,Economy Essential,Economy — Economy Essential,+127.26 USD,1039.11,USD,Enuygun,bff_1,,Included,Included,Unknown,Included,Unknown,Unknown,Unknown,Paid,Paid,Unknown,Unknown,Unknown,Unknown,Unknown,Unknown,Unknown,,,,2026-07-28T05:48:37+00:00,partial,0
CX,JFK,TPE,NYC,US,TPE,TW,2026-10-02,2026-10-05,Summer,Economy,2,Eco-3,Economy Flex,Economy Flex,+286.48 USD,1198.33,USD,Enuygun,bff_2,,Included,Included,Unknown,Included,Unknown,Unknown,Unknown,Paid,Included,Unknown,Unknown,Unknown,Unknown,Unknown,Unknown,Unknown,,,,2026-07-28T05:48:37+00:00,partial,0
CX,JFK,TPE,NYC,US,TPE,TW,2026-10-02,2026-10-05,Summer,Business,0,Bus-1,Business Light,Business Lite,0 USD,4901.51,USD,Enuygun,bff_0,priority_check_in: Öncelikli Check-in,Included,Included,Unknown,Included,Included,Unknown,Unknown,Paid,Paid,Unknown,Unknown,Unknown,Unknown,Unknown,Unknown,Unknown,,,,2026-07-28T05:48:37+00:00,partial,0
CX,JFK,TPE,NYC,US,TPE,TW,2026-10-02,2026-10-05,Summer,Business,1,Bus-2,Business Essential,Business — Business Essential,+1353.8 USD,6255.3,USD,Enuygun,bff_1,priority_check_in: Öncelikli Check-in,Included,Included,Unknown,Included,Included,Unknown,Unknown,Paid,Paid,Unknown,Unknown,Unknown,Unknown,Unknown,Unknown,Unknown,,,,2026-07-28T05:48:37+00:00,partial,0
CX,JFK,TPE,NYC,US,TPE,TW,2026-10-02,2026-10-05,Summer,Business,2,Bus-3,Business Flex,Business Flex,+5263.79 USD,10165.3,USD,Enuygun,bff_2,priority_check_in: Öncelikli Check-in,Included,Included,Unknown,Included,Included,Unknown,Unknown,Included,Included,Unknown,Unknown,Unknown,Unknown,Unknown,Unknown,Unknown,,,,2026-07-28T05:48:37+00:00,partial,0
CX,JFK,TPE,NYC,US,TPE,TW,2026-12-30,2027-01-02,Winter,Economy,0,Eco-1,Economy Light,Economy Lite,0 USD,971.69,USD,Enuygun,bff_0,,Included,Included,Unknown,Included,Unknown,Unknown,Unknown,Paid,Paid,Unknown,Unknown,Unknown,Unknown,Unknown,Unknown,Unknown,,,,2026-07-28T05:48:37+00:00,partial,0
CX,JFK,TPE,NYC,US,TPE,TW,2026-12-30,2027-01-02,Winter,Economy,1,Eco-2,Economy Essential,Economy — Economy Essential,+143.87 USD,1115.56,USD,Enuygun,bff_1,,Included,Included,Unknown,Included,Unknown,Unknown,Unknown,Paid,Paid,Unknown,Unknown,Unknown,Unknown,Unknown,Unknown,Unknown,,,,2026-07-28T05:48:37+00:00,partial,0
CX,JFK,TPE,NYC,US,TPE,TW,2026-12-30,2027-01-02,Winter,Economy,2,Eco-3,Economy Flex,Economy Flex,+286.48 USD,1258.17,USD,Enuygun,bff_2,,Included,Included,Unknown,Included,Unknown,Unknown,Unknown,Paid,Included,Unknown,Unknown,Unknown,Unknown,Unknown,Unknown,Unknown,,,,2026-07-28T05:48:37+00:00,partial,0
CX,JFK,TPE,NYC,US,TPE,TW,2026-12-30,2027-01-02,Winter,Business,0,Bus-1,Business Light,Business Lite,0 USD,4602.3,USD,Enuygun,bff_0,priority_check_in: Öncelikli Check-in,Included,Included,Unknown,Included,Included,Unknown,Unknown,Paid,Paid,Unknown,Unknown,Unknown,Unknown,Unknown,Unknown,Unknown,,,,2026-07-28T05:48:37+00:00,partial,0
CX,JFK,TPE,NYC,US,TPE,TW,2026-12-30,2027-01-02,Winter,Business,1,Bus-2,Business Essential,Business — Business Essential,+1353.8 USD,5956.1,USD,Enuygun,bff_1,priority_check_in: Öncelikli Check-in,Included,Included,Unknown,Included,Included,Unknown,Unknown,Paid,Paid,Unknown,Unknown,Unknown,Unknown,Unknown,Unknown,Unknown,,,,2026-07-28T05:48:37+00:00,partial,0
CX,JFK,TPE,NYC,US,TPE,TW,2026-12-30,2027-01-02,Winter,Business,2,Bus-3,Business Flex,Business Flex,+5263.79 USD,9866.1,USD,Enuygun,bff_2,priority_check_in: Öncelikli Check-in,Included,Included,Unknown,Included,Included,Unknown,Unknown,Included,Included,Unknown,Unknown,Unknown,Unknown,Unknown,Unknown,Unknown,,,,2026-07-28T05:48:37+00:00,partial,0
SV,LHE,LHR,LHE,PK,LON,GB,2026-08-29,2026-09-01,Summer,Economy,0,Eco-1,Basic Eco,Economy Basic,0.00 USD,2301.73,USD,Ubfly,NBASICE-NBASICE,1 Free bag: 23 kg,Included,Included,Unknown,Unknown,Unknown,Unknown,Unknown,Paid,Paid,Unknown,Unknown,Unknown,Unknown,Unknown,Unknown,Unknown,Yes,35.0,,2026-07-28T05:48:37+00:00,success,0
SV,LHE,LHR,LHE,PK,LON,GB,2026-08-29,2026-09-01,Summer,Economy,1,Eco-2,Flex Eco,Economy Basic,+261.41 USD,2563.14,USD,Ubfly,NFLEXE-NFLEXE,Change without penalty; Uninterrupted return (up to the last 12 hours); 2 Free bags: 23 kg,Included,Included,Included,Unknown,Unknown,Unknown,Unknown,Included,Included,Unknown,Unknown,Unknown,Unknown,Unknown,Unknown,Unknown,Yes,,,2026-07-28T05:48:37+00:00,success,0
SV,LHE,LHR,LHE,PK,LON,GB,2026-08-29,2026-09-01,Summer,Business,0,Bus-1,BASIC BUS,Business Basic,0.00 USD,3696.23,USD,Ubfly,NBASICB-NBASICB,Priority Services; Business/First Class: 2 free bags,Included,Included,Included,Unknown,Unknown,Unknown,Unknown,Paid,Paid,Unknown,Unknown,Unknown,Unknown,Unknown,Unknown,Unknown,Yes,175.0,,2026-07-28T05:48:37+00:00,success,0
SV,LHE,LHR,LHE,PK,LON,GB,2026-08-29,2026-09-01,Summer,Business,1,Bus-2,FLEX BUS,Business Flex,+121.99 USD,3818.22,USD,Ubfly,NFLEXB-NFLEXB,Priority Services; Change without penalty; Uninterrupted return (up to the last 12 hours); Business/First Class: 2 free bags,Included,Included,Included,Unknown,Unknown,Unknown,Unknown,Included,Included,Unknown,Unknown,Unknown,Unknown,Unknown,Unknown,Unknown,Yes,,,2026-07-28T05:48:37+00:00,success,0
SV,LHE,LHR,LHE,PK,LON,GB,2026-11-28,2026-12-01,Winter,Economy,0,Eco-1,Basic Eco,Economy Basic,0.00 USD,495.73,USD,Ubfly,NBASICE-NBASICE,1 Free bag: 23 kg,Included,Included,Unknown,Included,Unknown,Unknown,Unknown,Paid,Paid,Unknown,Unknown,Unknown,Unknown,Unknown,Unknown,Unknown,Yes,35.0,,2026-07-28T05:48:37+00:00,success,0
SV,LHE,LHR,LHE,PK,LON,GB,2026-11-28,2026-12-01,Winter,Economy,1,Eco-2,Flex Eco,Economy Basic,+260.41 USD,756.14,USD,Ubfly,NFLEXE-NFLEXE,Change without penalty; Uninterrupted return (up to the last 12 hours); 2 Free bags: 23 kg,Included,Included,Included,Included,Unknown,Unknown,Unknown,Included,Included,Unknown,Unknown,Unknown,Unknown,Unknown,Unknown,Unknown,Yes,,,2026-07-28T05:48:37+00:00,success,0
SV,LHE,LHR,LHE,PK,LON,GB,2026-11-28,2026-12-01,Winter,Business,0,Bus-1,BASIC BUS,Business Basic,0.00 USD,2497.74,USD,Ubfly,NBASICB-NBASICB,Priority Services; Business/First Class: 2 free bags,Included,Included,Included,Included,Unknown,Unknown,Unknown,Paid,Paid,Unknown,Unknown,Unknown,Unknown,Unknown,Unknown,Unknown,Yes,175.0,,2026-07-28T05:48:37+00:00,success,0
SV,LHE,LHR,LHE,PK,LON,GB,2026-11-28,2026-12-01,Winter,Business,1,Bus-2,FLEX BUS,Business Flex,+122.01 USD,2619.75,USD,Ubfly,NFLEXB-NFLEXB,Priority Services; Change without penalty; Uninterrupted return (up to the last 12 hours); Business/First Class: 2 free bags,Included,Included,Included,Included,Unknown,Unknown,Unknown,Included,Included,Unknown,Unknown,Unknown,Unknown,Unknown,Unknown,Unknown,Yes,,,2026-07-28T05:48:37+00:00,success,0
QR,LHE,LHR,LHE,PK,LON,GB,2026-08-29,2026-09-01,Summer,Economy,0,Eco-1,ECONOMY CLASSIC,Economy Standard,0.00 USD,754.58,USD,Ubfly,ECLASSIC-ECLASSIC-ECLASSIC,,Included,Included,Unknown,Included,Unknown,Unknown,Unknown,Paid,Paid,Unknown,Unknown,Unknown,Unknown,Unknown,Unknown,Unknown,Yes,50.0,,2026-07-28T05:48:37+00:00,success,0
QR,LHE,LHR,LHE,PK,LON,GB,2026-08-29,2026-09-01,Summer,Economy,1,Eco-2,ECONOMY CONVENIENCE,Economy — ECONOMY CONVENIENCE,+216.41 USD,970.99,USD,Ubfly,ECONVENIEN-ECONVENIEN-ECONVENIEN,,Included,Included,Included,Included,Unknown,Unknown,Unknown,Paid,Paid,Unknown,Unknown,Unknown,Unknown,Unknown,Unknown,Unknown,Yes,75.0,,2026-07-28T05:48:37+00:00,success,0
QR,LHE,LHR,LHE,PK,LON,GB,2026-08-29,2026-09-01,Summer,Economy,2,Eco-3,ECONOMY COMFORT,Economy Comfort,+739.01 USD,1493.59,USD,Ubfly,ECOMFORT-ECOMFORT-ECOMFORT,Uninterrupted return (up to the last 12 hours); Change with Penalty,Included,Included,Included,Included,Unknown,Unknown,Unknown,Included,Included,Unknown,Unknown,Unknown,Unknown,Unknown,Unknown,Unknown,Yes,100.0,,2026-07-28T05:48:37+00:00,success,0
QR,LHE,LHR,LHE,PK,LON,GB,2026-08-29,2026-09-01,Summer,Business,0,Bus-1,BCLASSIC,Business Standard,0.00 USD,2160.37,USD,Ubfly,BCLASSIC-BCLASSIC,125 PCT QMILES ACCUMULATION(F),Included,Included,Unknown,Included,Included,Unknown,Unknown,Paid,Paid,Unknown,Unknown,Unknown,Unknown,Unknown,Unknown,Unknown,,,,2026-07-28T05:48:37+00:00,success,0
QR,LHE,LHR,LHE,PK,LON,GB,2026-08-29,2026-09-01,Summer,Business,1,Bus-2,BUSINESS COMFORT,Business Comfort,"+1,050.00 USD",3210.37,USD,Ubfly,BCOMFORT-BCOMFORT,175 PCT QMILES ACCUMULATION(F),Included,Included,Included,Included,Included,Unknown,Unknown,Paid,Paid,Unknown,Unknown,Unknown,Unknown,Unknown,Unknown,Unknown,,,,2026-07-28T05:48:37+00:00,success,0
QR,LHE,LHR,LHE,PK,LON,GB,2026-08-29,2026-09-01,Summer,Business,2,Bus-3,BUSINESS ELITE,Business Lite,"+1,823.00 USD",3983.37,USD,Ubfly,BELITE-BELITE,200 PCT QMILES ACCUMULATION(F); Uninterrupted return (up to the last 12 hours); Change with Penalty,Included,Included,Included,Included,Included,Unknown,Unknown,Paid,Paid,Unknown,Unknown,Unknown,Unknown,Unknown,Unknown,Unknown,,,,2026-07-28T05:48:37+00:00,success,0
QR,LHE,LHR,LHE,PK,LON,GB,2026-11-28,2026-12-01,Winter,Economy,0,Eco-1,ECONOMY CLASSIC,Economy Standard,0.00 USD,724.34,USD,Ubfly,ECLASSIC-ECLASSIC-ECLASSIC,,Included,Included,Unknown,Included,Unknown,Unknown,Unknown,Paid,Paid,Unknown,Unknown,Unknown,Unknown,Unknown,Unknown,Unknown,Yes,50.0,,2026-07-28T05:48:37+00:00,success,0
QR,LHE,LHR,LHE,PK,LON,GB,2026-11-28,2026-12-01,Winter,Economy,1,Eco-2,ECONOMY CONVENIENCE,Economy — ECONOMY CONVENIENCE,+254.42 USD,978.76,USD,Ubfly,ECONVENIEN-ECONVENIEN-ECONVENIEN,,Included,Included,Included,Included,Unknown,Unknown,Unknown,Paid,Paid,Unknown,Unknown,Unknown,Unknown,Unknown,Unknown,Unknown,Yes,75.0,,2026-07-28T05:48:37+00:00,success,0
QR,LHE,LHR,LHE,PK,LON,GB,2026-11-28,2026-12-01,Winter,Economy,2,Eco-3,ECONOMY COMFORT,Economy Comfort,+769.99 USD,1494.33,USD,Ubfly,ECOMFORT-ECOMFORT-ECOMFORT,Uninterrupted return (up to the last 12 hours); Change with Penalty,Included,Included,Included,Included,Unknown,Unknown,Unknown,Included,Included,Unknown,Unknown,Unknown,Unknown,Unknown,Unknown,Unknown,Yes,100.0,,2026-07-28T05:48:37+00:00,success,0
QR,LHE,LHR,LHE,PK,LON,GB,2026-11-28,2026-12-01,Winter,Business,0,Bus-1,BCLASSIC,Business Standard,0.00 USD,2444.36,USD,Ubfly,BCLASSIC-BCLASSIC-BCLASSIC,125 PCT QMILES ACCUMULATION(F),Included,Included,Unknown,Included,Included,Unknown,Unknown,Paid,Paid,Unknown,Unknown,Unknown,Unknown,Unknown,Unknown,Unknown,,,,2026-07-28T05:48:37+00:00,success,0
QR,LHE,LHR,LHE,PK,LON,GB,2026-11-28,2026-12-01,Winter,Business,1,Bus-2,BUSINESS COMFORT,Business Comfort,"+1,050.00 USD",3494.36,USD,Ubfly,BCOMFORT-BCOMFORT-BCOMFORT,175 PCT QMILES ACCUMULATION(F),Included,Included,Included,Included,Included,Unknown,Unknown,Paid,Paid,Unknown,Unknown,Unknown,Unknown,Unknown,Unknown,Unknown,,,,2026-07-28T05:48:37+00:00,success,0
QR,LHE,LHR,LHE,PK,LON,GB,2026-11-28,2026-12-01,Winter,Business,2,Bus-3,BUSINESS ELITE,Business Lite,"+1,823.00 USD",4267.36,USD,Ubfly,BELITE-BELITE-BELITE,200 PCT QMILES ACCUMULATION(F); Uninterrupted return (up to the last 12 hours); Change with Penalty,Included,Included,Included,Included,Included,Unknown,Unknown,Included,Included,Unknown,Unknown,Unknown,Unknown,Unknown,Unknown,Unknown,,,,2026-07-28T05:48:37+00:00,success,0
EK,LHE,LHR,LHE,PK,LON,GB,2026-08-29,2026-09-01,Summer,Economy,0,Eco-1,Economy Flex,Economy Flex,0.00 USD,953.77,USD,Ubfly,YS-d391dda08dd54d53834f73201454e84b,Non-exchangeable.; • Hot and cold refreshments; • ICE entertainment; Economy Cabin,Included,Included,Included,Included,Unknown,Unknown,Unknown,Included,Paid,Unknown,Unknown,Unknown,Included,Unknown,Unknown,Unknown,Yes,2813.0,,2026-07-28T05:48:37+00:00,success,0
EK,LHE,LHR,LHE,PK,LON,GB,2026-08-29,2026-09-01,Summer,Economy,1,Eco-2,Economy Flex Plus,Economy Comfort,+169.99 USD,1123.76,USD,Ubfly,YF-6f319d592c7d4a3dbac338d593ca2032,Non-exchangeable.; • Hot and cold refreshments; • ICE entertainment; Economy Cabin,Included,Included,Included,Included,Unknown,Unknown,Unknown,Included,Included,Unknown,Unknown,Unknown,Included,Unknown,Unknown,Unknown,Yes,3750.0,,2026-07-28T05:48:37+00:00,success,0
EK,LHE,LHR,LHE,PK,LON,GB,2026-08-29,2026-09-01,Summer,Business,0,Bus-1,BSSAVER,Business Basic,0.00 USD,2560.56,USD,Ubfly,BSSAVER-BSSAVER,Premium check-in; Soft drink; In-flight entertainment; Chauffeur Drive; Internet Access,Included,Included,Included,Included,Included,Included,Included,Not Included,Paid,Unknown,Unknown,Unknown,Unknown,Unknown,Unknown,Unknown,Yes,,,2026-07-28T05:48:37+00:00,success,0
EK,LHE,LHR,LHE,PK,LON,GB,2026-08-29,2026-09-01,Summer,Business,1,Bus-2,BSFLEX,Business Flex,+468.00 USD,3028.56,USD,Ubfly,BSFLEX-BSFLEX,Premium check-in; Soft drink; In-flight entertainment; Chauffeur Drive; Internet Access,Included,Included,Included,Included,Included,Included,Included,Paid,Paid,Unknown,Unknown,Unknown,Unknown,Unknown,Unknown,Unknown,Yes,175.0,,2026-07-28T05:48:37+00:00,success,0
EK,LHE,LHR,LHE,PK,LON,GB,2026-08-29,2026-09-01,Summer,Business,2,Bus-3,BSFLXPLUS,Business Comfort,"+1,138.00 USD",3698.56,USD,Ubfly,BSFLXPLUS-BSFLXPLUS,Premium check-in; Soft drink; In-flight entertainment; Chauffeur Drive; Internet Access; Uninterrupted return (up to the last 12 hours); Change with Penalty,Included,Included,Included,Included,Included,Included,Included,Included,Included,Unknown,Unknown,Unknown,Unknown,Unknown,Unknown,Unknown,Yes,190.0,,2026-07-28T05:48:37+00:00,success,0
EK,LHE,LHR,LHE,PK,LON,GB,2026-08-29,2026-09-01,Summer,Premium Economy,0,PEco-1,Premium Economy FlexPlus,Premium Economy Comfort,+301.99 USD,1255.76,USD,Ubfly,WF-1d16a9d60fdf416281254409fe0a3154,Non-exchangeable.; • Hot and cold refreshments; • ICE entertainment; • Exclusive Premium Economy Class dining; Premium Economy Cabin,Included,Included,Included,Unknown,Unknown,Unknown,Unknown,Included,Unknown,Unknown,Unknown,Unknown,Included,Unknown,Unknown,Unknown,Yes,4125.0,,2026-07-28T05:48:37+00:00,success,0
EK,LHE,LHR,LHE,PK,LON,GB,2026-11-28,2026-12-01,Winter,Economy,0,Eco-1,Economy Saver,Economy Basic,0.00 USD,545.77,USD,Ubfly,YP-9786e42ec8c5462bacbc1a700d0ae6ad,Non-exchangeable.; • Hot and cold refreshments; • ICE entertainment; Economy Cabin,Included,Included,Paid,Included,Unknown,Unknown,Unknown,Included,Paid,Unknown,Unknown,Unknown,Included,Unknown,Unknown,Unknown,Yes,1125.0,,2026-07-28T05:48:37+00:00,success,0
EK,LHE,LHR,LHE,PK,LON,GB,2026-11-28,2026-12-01,Winter,Economy,1,Eco-2,Economy Flex,Economy Flex,+130.98 USD,676.75,USD,Ubfly,YS-183e40009094484b88adda004d03b879,Non-exchangeable.; • Hot and cold refreshments; • ICE entertainment; Economy Cabin,Included,Included,Included,Included,Unknown,Unknown,Unknown,Included,Paid,Unknown,Unknown,Unknown,Included,Unknown,Unknown,Unknown,Yes,2813.0,,2026-07-28T05:48:37+00:00,success,0
EK,LHE,LHR,LHE,PK,LON,GB,2026-11-28,2026-12-01,Winter,Economy,2,Eco-3,Economy Flex Plus,Economy Comfort,+548.00 USD,1093.77,USD,Ubfly,YF-57d2632314c34287a1994f2767291f18,Non-exchangeable.; • Hot and cold refreshments; • ICE entertainment; Economy Cabin,Included,Included,Included,Included,Unknown,Unknown,Unknown,Included,Included,Unknown,Unknown,Unknown,Included,Unknown,Unknown,Unknown,Yes,3750.0,,2026-07-28T05:48:37+00:00,success,0
EK,LHE,LHR,LHE,PK,LON,GB,2026-11-28,2026-12-01,Winter,Business,0,Bus-1,BSSAVER,Business Basic,0.00 USD,2560.56,USD,Ubfly,BSSAVER-BSSAVER,Premium check-in; Soft drink; In-flight entertainment; Chauffeur Drive; Internet Access,Included,Included,Included,Included,Included,Included,Included,Not Included,Paid,Unknown,Unknown,Unknown,Unknown,Unknown,Unknown,Unknown,Yes,,,2026-07-28T05:48:37+00:00,success,0
EK,LHE,LHR,LHE,PK,LON,GB,2026-11-28,2026-12-01,Winter,Business,1,Bus-2,BSFLEX,Business Flex,+468.00 USD,3028.56,USD,Ubfly,BSFLEX-BSFLEX,Premium check-in; Soft drink; In-flight entertainment; Chauffeur Drive; Internet Access,Included,Included,Included,Included,Included,Included,Included,Paid,Paid,Unknown,Unknown,Unknown,Unknown,Unknown,Unknown,Unknown,Yes,175.0,,2026-07-28T05:48:37+00:00,success,0
EK,LHE,LHR,LHE,PK,LON,GB,2026-11-28,2026-12-01,Winter,Business,2,Bus-3,BSFLXPLUS,Business Comfort,"+1,138.00 USD",3698.56,USD,Ubfly,BSFLXPLUS-BSFLXPLUS,Uninterrupted return (up to the last 12 hours); Change with Penalty; Premium check-in; Soft drink; In-flight entertainment; Chauffeur Drive; Internet Access,Included,Included,Included,Included,Included,Included,Included,Included,Included,Unknown,Unknown,Unknown,Unknown,Unknown,Unknown,Unknown,Yes,190.0,,2026-07-28T05:48:37+00:00,success,0
EK,LHE,LHR,LHE,PK,LON,GB,2026-11-28,2026-12-01,Winter,Premium Economy,0,PEco-1,Premium Economy FlexPlus,Premium Economy Comfort,+680.00 USD,1225.77,USD,Ubfly,WF-071169f5da73446d9022faff89ec5fab,Non-exchangeable.; • Hot and cold refreshments; • ICE entertainment; • Exclusive Premium Economy Class dining; Premium Economy Cabin,Included,Included,Included,Unknown,Unknown,Unknown,Unknown,Included,Unknown,Unknown,Unknown,Unknown,Included,Unknown,Unknown,Unknown,Yes,4125.0,,2026-07-28T05:48:37+00:00,success,0
TK,LHE,LHR,LHE,PK,LON,GB,2026-08-29,2026-09-01,Summer,Economy,0,Eco-1,ECOFLY,Economy Basic,0.00 USD,1299.72,USD,Ubfly,CL-9e0c59abaf4e43c9b6c34b5c2fd76e54,Online Message Verification,Included,Included,Unknown,Included,Unknown,Unknown,Unknown,Included,Paid,Unknown,Unknown,Unknown,Unknown,Unknown,Unknown,Unknown,,,,2026-07-28T05:48:37+00:00,success,0
TK,LHE,LHR,LHE,PK,LON,GB,2026-08-29,2026-09-01,Summer,Economy,1,Eco-2,EXTRAFLY,Economy Standard,+53.59 USD,1353.31,USD,Ubfly,LG-895d70c3bfb24877baed25822a7105e4,Online Message Verification,Included,Included,Unknown,Included,Unknown,Unknown,Unknown,Paid,Paid,Unknown,Unknown,Unknown,Unknown,Unknown,Unknown,Unknown,,,,2026-07-28T05:48:37+00:00,success,0
TK,LHE,LHR,LHE,PK,LON,GB,2026-08-29,2026-09-01,Summer,Economy,2,Eco-3,FLEXFLY,Economy Flex,+147.64 USD,1447.36,USD,Ubfly,GN-cddfa076c319471c883cd53ee812f4a9,Online Message Verification,Included,Included,Included,Included,Unknown,Unknown,Unknown,Paid,Included,Unknown,Unknown,Unknown,Unknown,Unknown,Unknown,Unknown,Yes,15.0,,2026-07-28T05:48:37+00:00,success,0
TK,LHE,LHR,LHE,PK,LON,GB,2026-08-29,2026-09-01,Summer,Economy,3,Eco-4,Flexible,Economy Flex,+280.19 USD,1579.91,USD,Ubfly,FL-382685f126db4c46a5e3eddb19188a64,Online Message Verification,Included,Included,Included,Included,Unknown,Unknown,Included,Included,Included,Unknown,Unknown,Paid,Unknown,Unknown,Unknown,Unknown,Yes,30.0,,2026-07-28T05:48:37+00:00,success,0
TK,LHE,LHR,LHE,PK,LON,GB,2026-08-29,2026-09-01,Summer,Business,0,Bus-1,BUSINESS FLY,Business — BUSINESS FLY,0.00 USD,2842.89,USD,Ubfly,BF-62459cd449af4bdb858bf8023c794aa5,Internet Package; Priority Check-In,Included,Included,Included,Unknown,Included,Included,Included,Paid,Paid,Unknown,Unknown,Unknown,Unknown,Unknown,Unknown,Unknown,,,,2026-07-28T05:48:37+00:00,success,0
TK,LHE,LHR,LHE,PK,LON,GB,2026-08-29,2026-09-01,Summer,Business,1,Bus-2,BUSINESS PRIME,Business Premium,+325.00 USD,3167.89,USD,Ubfly,BL-93761203f9f54b8d8208b4b1845b9798,Internet Package; Priority Check-In,Included,Included,Included,Unknown,Included,Included,Included,Included,Included,Unknown,Unknown,Paid,Unknown,Unknown,Unknown,Unknown,Yes,30.0,,2026-07-28T05:48:37+00:00,success,0
TK,LHE,LHR,LHE,PK,LON,GB,2026-11-28,2026-12-01,Winter,Economy,0,Eco-1,ECOFLY,Economy Basic,0.00 USD,674.41,USD,Ubfly,CL-3a3ae17fd41441b694fa2b6d14a85a45,Online Message Verification,Included,Included,Unknown,Included,Unknown,Unknown,Unknown,Included,Paid,Unknown,Unknown,Unknown,Unknown,Unknown,Unknown,Unknown,,,,2026-07-28T05:48:37+00:00,success,0
TK,LHE,LHR,LHE,PK,LON,GB,2026-11-28,2026-12-01,Winter,Economy,1,Eco-2,EXTRAFLY,Economy Standard,+40.57 USD,714.98,USD,Ubfly,LG-62d76cf5fe984a8b883bb0190363451f,Online Message Verification,Included,Included,Unknown,Included,Unknown,Unknown,Unknown,Paid,Paid,Unknown,Unknown,Unknown,Unknown,Unknown,Unknown,Unknown,,,,2026-07-28T05:48:37+00:00,success,0
TK,LHE,LHR,LHE,PK,LON,GB,2026-11-28,2026-12-01,Winter,Economy,2,Eco-3,FLEXFLY,Economy Flex,+108.64 USD,783.05,USD,Ubfly,GN-a76d8497fb7d4dedaa5f5d23c47753f3,Online Message Verification,Included,Included,Included,Included,Unknown,Unknown,Unknown,Paid,Included,Unknown,Unknown,Unknown,Unknown,Unknown,Unknown,Unknown,Yes,15.0,,2026-07-28T05:48:37+00:00,success,0
TK,LHE,LHR,LHE,PK,LON,GB,2026-11-28,2026-12-01,Winter,Economy,3,Eco-4,Flexible,Economy Flex,+215.18 USD,889.59,USD,Ubfly,FL-b7e824966e52456e985eb87934efbfc8,Online Message Verification,Included,Included,Included,Included,Unknown,Unknown,Included,Included,Included,Unknown,Unknown,Paid,Unknown,Unknown,Unknown,Unknown,Yes,30.0,,2026-07-28T05:48:37+00:00,success,0
TK,LHE,LHR,LHE,PK,LON,GB,2026-11-28,2026-12-01,Winter,Business,0,Bus-1,BUSINESS FLY,Business — BUSINESS FLY,0.00 USD,2842.89,USD,Ubfly,BF-8a49898a0b5b46019940a485af77296d,Internet Package; Priority Check-In,Included,Included,Included,Unknown,Included,Included,Included,Paid,Paid,Unknown,Unknown,Unknown,Unknown,Unknown,Unknown,Unknown,,,,2026-07-28T05:48:37+00:00,success,0
TK,LHE,LHR,LHE,PK,LON,GB,2026-11-28,2026-12-01,Winter,Business,1,Bus-2,BUSINESS PRIME,Business Premium,+325.00 USD,3167.89,USD,Ubfly,BL-62f8b8542fdb4318b754fe0abcdbfb03,Internet Package; Priority Check-In,Included,Included,Included,Unknown,Included,Included,Included,Included,Included,Unknown,Unknown,Paid,Unknown,Unknown,Unknown,Unknown,Yes,30.0,,2026-07-28T05:48:37+00:00,success,0
QR,ISB,LHR,ISB,PK,LON,GB,2027-05-08,2027-05-11,Summer,Economy,0,Eco-1,ECONOMY CLASSIC,Economy Standard,0.00 USD,754.34,USD,Ubfly,ECLASSIC-ECLASSIC,,Included,Included,Unknown,Included,Unknown,Unknown,Unknown,Paid,Paid,Unknown,Unknown,Unknown,Unknown,Unknown,Unknown,Unknown,Yes,50.0,,2026-07-28T05:48:37+00:00,success,0
QR,ISB,LHR,ISB,PK,LON,GB,2027-05-08,2027-05-11,Summer,Economy,1,Eco-2,ECONOMY CONVENIENCE,Economy — ECONOMY CONVENIENCE,+68.41 USD,822.75,USD,Ubfly,ECONVENIEN-ECONVENIEN,,Included,Included,Included,Included,Unknown,Unknown,Unknown,Paid,Paid,Unknown,Unknown,Unknown,Unknown,Unknown,Unknown,Unknown,Yes,75.0,,2026-07-28T05:48:37+00:00,success,0
QR,ISB,LHR,ISB,PK,LON,GB,2027-05-08,2027-05-11,Summer,Economy,2,Eco-3,ECONOMY COMFORT,Economy Comfort,+528.00 USD,1282.34,USD,Ubfly,ECOMFORT-ECOMFORT,Uninterrupted return (up to the last 12 hours); Change with Penalty,Included,Included,Included,Included,Unknown,Unknown,Unknown,Paid,Paid,Unknown,Unknown,Unknown,Unknown,Unknown,Unknown,Unknown,Yes,100.0,,2026-07-28T05:48:37+00:00,success,0
QR,ISB,LHR,ISB,PK,LON,GB,2027-05-08,2027-05-11,Summer,Business,0,Bus-1,BLITE,Business Lite,0.00 USD,2126.76,USD,Ubfly,BLITE-BLITE,,Included,Included,Unknown,Included,Unknown,Unknown,Unknown,Paid,Paid,Unknown,Unknown,Unknown,Unknown,Unknown,Unknown,Unknown,Yes,75.0,,2026-07-28T05:48:37+00:00,success,0
QR,ISB,LHR,ISB,PK,LON,GB,2027-05-08,2027-05-11,Summer,Business,1,Bus-2,BCLASSIC,Business Standard,+305.00 USD,2431.76,USD,Ubfly,BCLASSIC-BCLASSIC,125 PCT QMILES ACCUMULATION(F),Included,Included,Unknown,Included,Included,Unknown,Unknown,Paid,Paid,Unknown,Unknown,Unknown,Unknown,Unknown,Unknown,Unknown,,,,2026-07-28T05:48:37+00:00,success,0
QR,ISB,LHR,ISB,PK,LON,GB,2027-05-08,2027-05-11,Summer,Business,2,Bus-3,BUSINESS COMFORT,Business Comfort,+970.99 USD,3097.75,USD,Ubfly,BCOMFORT-BCOMFORT,175 PCT QMILES ACCUMULATION(F),Included,Included,Included,Included,Included,Unknown,Unknown,Paid,Paid,Unknown,Unknown,Unknown,Unknown,Unknown,Unknown,Unknown,,,,2026-07-28T05:48:37+00:00,success,0
QR,ISB,LHR,ISB,PK,LON,GB,2027-05-08,2027-05-11,Summer,Business,3,Bus-4,BUSINESS ELITE,Business Lite,"+1,746.00 USD",3872.76,USD,Ubfly,BELITE-BELITE,200 PCT QMILES ACCUMULATION(F); Uninterrupted return (up to the last 12 hours); Change with Penalty,Included,Included,Included,Included,Included,Unknown,Unknown,Paid,Paid,Unknown,Unknown,Unknown,Unknown,Unknown,Unknown,Unknown,,,,2026-07-28T05:48:37+00:00,success,0
QR,ISB,LHR,ISB,PK,LON,GB,2027-03-07,2027-03-10,Winter,Economy,0,Eco-1,ECONOMY CLASSIC,Economy Standard,0.00 USD,537.34,USD,Ubfly,ECLASSIC-ECLASSIC,,Included,Included,Unknown,Included,Unknown,Unknown,Unknown,Paid,Paid,Unknown,Unknown,Unknown,Unknown,Unknown,Unknown,Unknown,Yes,50.0,,2026-07-28T05:48:37+00:00,success,0
QR,ISB,LHR,ISB,PK,LON,GB,2027-03-07,2027-03-10,Winter,Economy,1,Eco-2,ECONOMY CONVENIENCE,Economy — ECONOMY CONVENIENCE,+285.41 USD,822.75,USD,Ubfly,ECONVENIEN-ECONVENIEN,,Included,Included,Included,Included,Unknown,Unknown,Unknown,Paid,Paid,Unknown,Unknown,Unknown,Unknown,Unknown,Unknown,Unknown,Yes,75.0,,2026-07-28T05:48:37+00:00,success,0
QR,ISB,LHR,ISB,PK,LON,GB,2027-03-07,2027-03-10,Winter,Economy,2,Eco-3,ECONOMY COMFORT,Economy Comfort,+745.00 USD,1282.34,USD,Ubfly,ECOMFORT-ECOMFORT,Uninterrupted return (up to the last 12 hours); Change with Penalty,Included,Included,Included,Included,Unknown,Unknown,Unknown,Paid,Paid,Unknown,Unknown,Unknown,Unknown,Unknown,Unknown,Unknown,Yes,100.0,,2026-07-28T05:48:37+00:00,success,0
QR,ISB,LHR,ISB,PK,LON,GB,2027-03-07,2027-03-10,Winter,Business,0,Bus-1,BLITE,Business Lite,0.00 USD,2126.76,USD,Ubfly,BLITE-BLITE,,Included,Included,Unknown,Included,Unknown,Unknown,Unknown,Paid,Paid,Unknown,Unknown,Unknown,Unknown,Unknown,Unknown,Unknown,Yes,75.0,,2026-07-28T05:48:37+00:00,success,0
QR,ISB,LHR,ISB,PK,LON,GB,2027-03-07,2027-03-10,Winter,Business,1,Bus-2,BCLASSIC,Business Standard,+305.00 USD,2431.76,USD,Ubfly,BCLASSIC-BCLASSIC,125 PCT QMILES ACCUMULATION(F),Included,Included,Unknown,Included,Included,Unknown,Unknown,Paid,Paid,Unknown,Unknown,Unknown,Unknown,Unknown,Unknown,Unknown,,,,2026-07-28T05:48:37+00:00,success,0
QR,ISB,LHR,ISB,PK,LON,GB,2027-03-07,2027-03-10,Winter,Business,2,Bus-3,BUSINESS COMFORT,Business Comfort,+970.99 USD,3097.75,USD,Ubfly,BCOMFORT-BCOMFORT,175 PCT QMILES ACCUMULATION(F),Included,Included,Included,Included,Included,Unknown,Unknown,Paid,Paid,Unknown,Unknown,Unknown,Unknown,Unknown,Unknown,Unknown,,,,2026-07-28T05:48:37+00:00,success,0
QR,ISB,LHR,ISB,PK,LON,GB,2027-03-07,2027-03-10,Winter,Business,3,Bus-4,BUSINESS ELITE,Business Lite,"+1,746.00 USD",3872.76,USD,Ubfly,BELITE-BELITE,200 PCT QMILES ACCUMULATION(F); Uninterrupted return (up to the last 12 hours); Change with Penalty,Included,Included,Included,Included,Included,Unknown,Unknown,Paid,Paid,Unknown,Unknown,Unknown,Unknown,Unknown,Unknown,Unknown,,,,2026-07-28T05:48:37+00:00,success,0
SV,ISB,LHR,ISB,PK,LON,GB,2027-03-07,2027-03-10,Winter,Economy,0,Eco-1,Basic Eco,Economy Basic,0 USD,598.14,USD,Enuygun,bff_0,,Included,Included,Unknown,Unknown,Unknown,Unknown,Unknown,Paid,Paid,Unknown,Unknown,Unknown,Unknown,Unknown,Unknown,Unknown,Yes,35.0,,2026-07-28T05:48:37+00:00,success,0
SV,ISB,LHR,ISB,PK,LON,GB,2027-03-07,2027-03-10,Winter,Economy,1,Eco-2,Flex Eco,Economy Basic,+236.62 USD,834.76,USD,Enuygun,bff_1,,Included,Included,Included,Unknown,Unknown,Unknown,Unknown,Included,Included,Unknown,Unknown,Unknown,Unknown,Unknown,Unknown,Unknown,Yes,,,2026-07-28T05:48:37+00:00,success,0
EY,ISB,LHR,ISB,PK,LON,GB,2027-05-08,2027-05-11,Summer,Economy,0,Eco-1,YBASIC,Economy Basic,0.00 USD,542.54,USD,Ubfly,YBASIC-YBASIC,,Included,Not Included,Unknown,Included,Unknown,Unknown,Unknown,Not Included,Included,Unknown,Unknown,Unknown,Unknown,Unknown,Unknown,Unknown,Yes,5.0,,2026-07-28T05:48:37+00:00,success,0
EY,ISB,LHR,ISB,PK,LON,GB,2027-05-08,2027-05-11,Summer,Economy,1,Eco-2,YVALUE,Economy Basic,+19.54 USD,562.08,USD,Ubfly,YVALUE-YVALUE,,Included,Included,Unknown,Included,Unknown,Unknown,Unknown,Not Included,Paid,Unknown,Unknown,Unknown,Unknown,Unknown,Unknown,Unknown,Yes,35.0,,2026-07-28T05:48:37+00:00,success,0
EY,ISB,LHR,ISB,PK,LON,GB,2027-05-08,2027-05-11,Summer,Economy,2,Eco-3,YCOMFORT,Economy Comfort,+62.54 USD,605.08,USD,Ubfly,YCOMFORT-YCOMFORT,,Included,Included,Included,Included,Unknown,Unknown,Unknown,Paid,Paid,Unknown,Unknown,Unknown,Unknown,Unknown,Unknown,Unknown,Yes,75.0,,2026-07-28T05:48:37+00:00,success,0
EY,ISB,LHR,ISB,PK,LON,GB,2027-05-08,2027-05-11,Summer,Economy,3,Eco-4,YDELUXE,Economy — YDELUXE,+179.54 USD,722.08,USD,Ubfly,YDELUXE-YDELUXE,Uninterrupted return (up to the last 12 hours); Priority Access; Change with Penalty,Included,Included,Included,Included,Unknown,Unknown,Unknown,Included,Included,Unknown,Unknown,Unknown,Unknown,Unknown,Unknown,Unknown,Yes,,,2026-07-28T05:48:37+00:00,success,0
EY,ISB,LHR,ISB,PK,LON,GB,2027-05-08,2027-05-11,Summer,Business,0,Bus-1,JVALUE,Business Basic,0.00 USD,1784.55,USD,Ubfly,JVALUE-JVALUE,Priority Access,Included,Included,Unknown,Included,Unknown,Unknown,Unknown,Not Included,Paid,Unknown,Unknown,Unknown,Unknown,Unknown,Unknown,Unknown,Yes,100.0,,2026-07-28T05:48:37+00:00,success,0
EY,ISB,LHR,ISB,PK,LON,GB,2027-05-08,2027-05-11,Summer,Business,1,Bus-2,JCOMFORT,Business Comfort,+129.00 USD,1913.55,USD,Ubfly,JCOMFORT-JCOMFORT,Priority Access; ETIHAD UAE CHAUFFEUR(F),Included,Included,Included,Included,Included,Unknown,Unknown,Paid,Paid,Unknown,Unknown,Unknown,Unknown,Unknown,Unknown,Unknown,Yes,,,2026-07-28T05:48:37+00:00,success,0
EY,ISB,LHR,ISB,PK,LON,GB,2027-05-08,2027-05-11,Summer,Business,2,Bus-3,JDELUXE,Business — JDELUXE,"+1,182.00 USD",2966.55,USD,Ubfly,JDELUXE-JDELUXE,Change with Penalty; Uninterrupted return (up to the last 12 hours); Priority Access; ETIHAD UAE CHAUFFEUR(F); ETIHAD GLOBAL CHAUFFEUR(F),Included,Included,Included,Included,Included,Unknown,Unknown,Included,Included,Unknown,Unknown,Unknown,Unknown,Unknown,Unknown,Unknown,Yes,,,2026-07-28T05:48:37+00:00,success,0
EY,ISB,LHR,ISB,PK,LON,GB,2027-03-07,2027-03-10,Winter,Economy,0,Eco-1,YBASIC,Economy Basic,0.00 USD,623.54,USD,Ubfly,YBASIC-YBASIC,,Included,Not Included,Unknown,Included,Unknown,Unknown,Unknown,Not Included,Included,Unknown,Unknown,Unknown,Unknown,Unknown,Unknown,Unknown,Yes,5.0,,2026-07-28T05:48:37+00:00,success,0
EY,ISB,LHR,ISB,PK,LON,GB,2027-03-07,2027-03-10,Winter,Economy,1,Eco-2,YVALUE,Economy Basic,+19.54 USD,643.08,USD,Ubfly,YVALUE-YVALUE,,Included,Included,Unknown,Included,Unknown,Unknown,Unknown,Not Included,Paid,Unknown,Unknown,Unknown,Unknown,Unknown,Unknown,Unknown,Yes,35.0,,2026-07-28T05:48:37+00:00,success,0
EY,ISB,LHR,ISB,PK,LON,GB,2027-03-07,2027-03-10,Winter,Economy,2,Eco-3,YCOMFORT,Economy Comfort,+62.54 USD,686.08,USD,Ubfly,YCOMFORT-YCOMFORT,,Included,Included,Included,Included,Unknown,Unknown,Unknown,Paid,Paid,Unknown,Unknown,Unknown,Unknown,Unknown,Unknown,Unknown,Yes,75.0,,2026-07-28T05:48:37+00:00,success,0
EY,ISB,LHR,ISB,PK,LON,GB,2027-03-07,2027-03-10,Winter,Economy,3,Eco-4,YDELUXE,Economy — YDELUXE,+179.54 USD,803.08,USD,Ubfly,YDELUXE-YDELUXE,Change with Penalty; Uninterrupted return (up to the last 12 hours); Priority Access,Included,Included,Included,Included,Unknown,Unknown,Unknown,Included,Included,Unknown,Unknown,Unknown,Unknown,Unknown,Unknown,Unknown,Yes,,,2026-07-28T05:48:37+00:00,success,0
EY,ISB,LHR,ISB,PK,LON,GB,2027-03-07,2027-03-10,Winter,Business,0,Bus-1,Business Value,Business Basic,0 USD,5511.81,USD,Enuygun,bff_0,priority_check_in: Öncelikli Check-in,Included,Included,Unknown,Included,Unknown,Unknown,Unknown,Not Included,Paid,Unknown,Unknown,Unknown,Unknown,Unknown,Unknown,Unknown,Yes,100.0,,2026-07-28T05:48:37+00:00,success,0
EY,ISB,LHR,ISB,PK,LON,GB,2027-03-07,2027-03-10,Winter,Business,1,Bus-2,Business Comfort,Business Comfort,+212.66 USD,5724.46,USD,Enuygun,bff_1,priority_check_in: Öncelikli Check-in,Included,Included,Included,Included,Included,Unknown,Unknown,Paid,Paid,Unknown,Unknown,Unknown,Unknown,Unknown,Unknown,Unknown,Yes,,,2026-07-28T05:48:37+00:00,success,0
EY,ISB,LHR,ISB,PK,LON,GB,2027-03-07,2027-03-10,Winter,Business,2,Bus-3,Business Deluxe,Business — Business Deluxe,+515.17 USD,6026.97,USD,Enuygun,bff_2,priority_check_in: Öncelikli Check-in,Included,Included,Included,Included,Included,Unknown,Unknown,Included,Included,Unknown,Unknown,Unknown,Unknown,Unknown,Unknown,Unknown,Yes,,,2026-07-28T05:48:37+00:00,success,0
EK,ISB,LHR,ISB,PK,LON,GB,2027-05-08,2027-05-11,Summer,Economy,0,Eco-1,Economy Saver,Economy Basic,0.00 USD,632.76,USD,Ubfly,YP-c3aa5039f729491ebffd312847bfa522,Non-exchangeable.; • Hot and cold refreshments; • ICE entertainment; Economy Cabin,Included,Included,Paid,Included,Unknown,Unknown,Unknown,Included,Paid,Unknown,Unknown,Unknown,Included,Unknown,Unknown,Unknown,Yes,1125.0,,2026-07-28T05:48:37+00:00,success,0
EK,ISB,LHR,ISB,PK,LON,GB,2027-05-08,2027-05-11,Summer,Economy,1,Eco-2,Economy Flex,Economy Flex,+56.00 USD,688.76,USD,Ubfly,YS-b84fe11061ca4d2cb1ef848ec0f73131,Non-exchangeable.; • Hot and cold refreshments; • ICE entertainment; Economy Cabin,Included,Included,Included,Included,Unknown,Unknown,Unknown,Included,Paid,Unknown,Unknown,Unknown,Included,Unknown,Unknown,Unknown,Yes,2813.0,,2026-07-28T05:48:37+00:00,success,0
EK,ISB,LHR,ISB,PK,LON,GB,2027-05-08,2027-05-11,Summer,Economy,2,Eco-3,Economy Flex Plus,Economy Comfort,+481.02 USD,1113.78,USD,Ubfly,YF-7429a9e2c99e481e85dc7cd404796018,Non-exchangeable.; • Hot and cold refreshments; • ICE entertainment; Economy Cabin,Included,Included,Included,Included,Unknown,Unknown,Unknown,Included,Included,Unknown,Unknown,Unknown,Included,Unknown,Unknown,Unknown,Yes,3750.0,,2026-07-28T05:48:37+00:00,success,0
EK,ISB,LHR,ISB,PK,LON,GB,2027-05-08,2027-05-11,Summer,Business,0,Bus-1,BSSAVER,Business Basic,0.00 USD,2454.57,USD,Ubfly,BSSAVER-BSSAVER,Premium check-in; Soft drink; In-flight entertainment; Chauffeur Drive; Internet Access,Included,Included,Included,Included,Included,Included,Included,Not Included,Paid,Unknown,Unknown,Unknown,Unknown,Unknown,Unknown,Unknown,Yes,,,2026-07-28T05:48:37+00:00,success,0
EK,ISB,LHR,ISB,PK,LON,GB,2027-05-08,2027-05-11,Summer,Business,1,Bus-2,BSFLEX,Business Flex,+470.99 USD,2925.56,USD,Ubfly,BSFLEX-BSFLEX,Premium check-in; Soft drink; In-flight entertainment; Chauffeur Drive; Internet Access,Included,Included,Included,Included,Included,Included,Included,Paid,Paid,Unknown,Unknown,Unknown,Unknown,Unknown,Unknown,Unknown,Yes,175.0,,2026-07-28T05:48:37+00:00,success,0
EK,ISB,LHR,ISB,PK,LON,GB,2027-05-08,2027-05-11,Summer,Business,2,Bus-3,BSFLXPLUS,Business Comfort,"+1,138.99 USD",3593.56,USD,Ubfly,BSFLXPLUS-BSFLXPLUS,Premium check-in; Soft drink; In-flight entertainment; Chauffeur Drive; Internet Access; Uninterrupted return (up to the last 12 hours); Change with Penalty,Included,Included,Included,Included,Included,Included,Included,Included,Included,Unknown,Unknown,Unknown,Unknown,Unknown,Unknown,Unknown,Yes,190.0,,2026-07-28T05:48:37+00:00,success,0
EK,ISB,LHR,ISB,PK,LON,GB,2027-05-08,2027-05-11,Summer,Premium Economy,0,PEco-1,Premium Economy FlexPlus,Premium Economy Comfort,"+1,033.00 USD",1665.76,USD,Ubfly,WF-557296248ccd4e4b9065c5d4d95de4ab,Non-exchangeable.; • Hot and cold refreshments; • ICE entertainment; • Exclusive Premium Economy Class dining; Premium Economy Cabin,Included,Included,Included,Unknown,Unknown,Unknown,Unknown,Included,Unknown,Unknown,Unknown,Unknown,Included,Unknown,Unknown,Unknown,Yes,4125.0,,2026-07-28T05:48:37+00:00,success,0
EK,ISB,LHR,ISB,PK,LON,GB,2027-03-07,2027-03-10,Winter,Economy,0,Eco-1,ECOSAVER,Economy Basic,0.00 USD,635.53,USD,Ubfly,ECOSAVER-ECOSAVER,Soft drink; In-flight entertainment,Included,Included,Unknown,Included,Unknown,Unknown,Unknown,Not Included,Paid,Unknown,Unknown,Unknown,Unknown,Unknown,Unknown,Unknown,Yes,30.0,,2026-07-28T05:48:37+00:00,success,0
EK,ISB,LHR,ISB,PK,LON,GB,2027-03-07,2027-03-10,Winter,Economy,1,Eco-2,ECOFLEX,Economy Flex,+56.00 USD,691.53,USD,Ubfly,ECOFLEX-ECOFLEX,Soft drink; In-flight entertainment,Included,Included,Unknown,Included,Unknown,Unknown,Unknown,Paid,Paid,Unknown,Unknown,Unknown,Unknown,Unknown,Unknown,Unknown,Yes,70.0,,2026-07-28T05:48:37+00:00,success,0
EK,ISB,LHR,ISB,PK,LON,GB,2027-03-07,2027-03-10,Winter,Economy,2,Eco-3,ECOFLXPLUS,Economy Comfort,+481.00 USD,1116.53,USD,Ubfly,ECOFLXPLUS-ECOFLXPLUS,Soft drink; In-flight entertainment; Uninterrupted return (up to the last 12 hours); Change with Penalty,Included,Included,Unknown,Included,Unknown,Unknown,Unknown,Included,Included,Unknown,Unknown,Unknown,Unknown,Unknown,Unknown,Unknown,Yes,100.0,,2026-07-28T05:48:37+00:00,success,0
EK,ISB,LHR,ISB,PK,LON,GB,2027-03-07,2027-03-10,Winter,Business,0,Bus-1,BUSINESS FLEX,Business Flex,0 USD,3025.49,USD,Enuygun,bff_0,priority_baggage: Öncelikli Bagaj Alımı; entertainment: Uçak İçi Eğlence,Unknown,Included,Unknown,Included,Unknown,Unknown,Unknown,Paid,Paid,Unknown,Unknown,Unknown,Unknown,Unknown,Unknown,Unknown,,,,2026-07-28T05:48:37+00:00,success,0
EK,ISB,LHR,ISB,PK,LON,GB,2027-03-07,2027-03-10,Winter,Business,1,Bus-2,BUSINESS FLEXPLUS,Business Comfort,+779.21 USD,3804.7,USD,Enuygun,bff_1,priority_baggage: Öncelikli Bagaj Alımı; entertainment: Uçak İçi Eğlence,Unknown,Included,Unknown,Included,Unknown,Unknown,Unknown,Included,Included,Unknown,Unknown,Unknown,Unknown,Unknown,Unknown,Unknown,,,,2026-07-28T05:48:37+00:00,success,0
BA,ISB,LGW,ISB,PK,LON,GB,2026-10-24,2026-10-27,Summer,Business,0,Bus-1,BUSINESS,Business — BUSINESS,0.00 USD,1678.55,USD,Ubfly,BUSINESS,Personal Item: 40 x 30 x 15 cm; Dedicated check-in area,Included,Included,Unknown,Included,Included,Unknown,Included,Not Included,Paid,Unknown,Unknown,Unknown,Unknown,Unknown,Unknown,Unknown,,,,2026-07-28T05:48:37+00:00,partial,0
BA,ISB,LGW,ISB,PK,LON,GB,2026-10-24,2026-10-27,Summer,Business,1,Bus-2,BUSINESS PLUS SELECT,Business Comfort,+514.01 USD,2192.56,USD,Ubfly,BIZSEL,Personal Item: 40 x 30 x 15 cm; Dedicated check-in area; Change without penalty before flight,Included,Included,Included,Included,Included,Unknown,Included,Unknown,Included,Unknown,Unknown,Unknown,Unknown,Unknown,Unknown,Unknown,,,,2026-07-28T05:48:37+00:00,partial,0
BA,ISB,LGW,ISB,PK,LON,GB,2026-10-24,2026-10-27,Summer,Business,2,Bus-3,BIZPRO,Business — BIZPRO,+767.01 USD,2445.56,USD,Ubfly,BIZPRO,Personal Item: 40 x 30 x 15 cm; Dedicated check-in area; Change without penalty before flight,Included,Included,Included,Included,Included,Unknown,Included,Included,Included,Unknown,Unknown,Unknown,Unknown,Unknown,Unknown,Unknown,,,,2026-07-28T05:48:37+00:00,partial,0
BA,ISB,LGW,ISB,PK,LON,GB,2026-10-24,2026-10-27,Summer,Business,3,Bus-4,BUSINESS FLEX,Business Flex,"+1,722.00 USD",3400.55,USD,Ubfly,BIZFLEX,Personal Item: 40 x 30 x 15 cm; Dedicated check-in area; Change without penalty before flight,Included,Included,Included,Included,Included,Unknown,Included,Included,Included,Unknown,Unknown,Unknown,Unknown,Unknown,Unknown,Unknown,,,,2026-07-28T05:48:37+00:00,partial,0
BA,ISB,LGW,ISB,PK,LON,GB,2026-10-24,2026-10-27,Summer,Economy,0,Eco-1,BASIC,Economy Basic,0.00 USD,462.54,USD,Ubfly,NOBAG,Personal Item: 40 x 30 x 15 cm,Included,Not Included,Unknown,Included,Unknown,Unknown,Unknown,Unknown,Unknown,Unknown,Unknown,Unknown,Unknown,Unknown,Unknown,Unknown,,,,2026-07-28T05:48:37+00:00,partial,0
BA,ISB,LGW,ISB,PK,LON,GB,2026-10-24,2026-10-27,Summer,Economy,1,Eco-2,ECONOMY BASIC,Economy Basic,+52.41 USD,514.95,USD,Ubfly,BAG,Personal Item: 40 x 30 x 15 cm; 1 Piece Luggage (23 Kg); 2ND BAG MAX 23KG 51LB 208LCM(F),Included,Included,Unknown,Included,Unknown,Unknown,Unknown,Unknown,Unknown,Unknown,Unknown,Unknown,Unknown,Unknown,Unknown,Unknown,,,,2026-07-28T05:48:37+00:00,partial,0
BA,ISB,LGW,ISB,PK,LON,GB,2026-10-24,2026-10-27,Summer,Economy,2,Eco-3,PLUS SELECT,Economy Comfort,+222.01 USD,684.55,USD,Ubfly,ECONSEL,Personal Item: 40 x 30 x 15 cm; 1 Piece Luggage (23 Kg); 2ND BAG MAX 23KG 51LB 208LCM(F); Change without penalty before flight,Included,Included,Unknown,Included,Unknown,Unknown,Unknown,Unknown,Included,Unknown,Unknown,Unknown,Unknown,Unknown,Unknown,Unknown,,,,2026-07-28T05:48:37+00:00,partial,0
BA,ISB,LGW,ISB,PK,LON,GB,2026-10-24,2026-10-27,Summer,Economy,3,Eco-4,ECONPRO,Economy — ECONPRO,+305.99 USD,768.53,USD,Ubfly,ECONPRO,Personal Item: 40 x 30 x 15 cm; 1 Piece Luggage (23 Kg); 2ND BAG MAX 23KG 51LB 208LCM(F); Change without penalty before flight,Included,Included,Included,Included,Unknown,Unknown,Unknown,Included,Included,Unknown,Unknown,Unknown,Unknown,Unknown,Unknown,Unknown,,,,2026-07-28T05:48:37+00:00,partial,0
BA,ISB,LGW,ISB,PK,LON,GB,2026-10-24,2026-10-27,Summer,Economy,4,Eco-5,PLUS FLEX,Economy Comfort,"+1,969.01 USD",2431.55,USD,Ubfly,ECONFLEX,Personal Item: 40 x 30 x 15 cm; 1 Piece Luggage (23 Kg); 2ND BAG MAX 23KG 51LB 208LCM(F); Change without penalty before flight,Included,Included,Included,Included,Unknown,Unknown,Unknown,Included,Included,Unknown,Unknown,Unknown,Unknown,Unknown,Unknown,Unknown,,,,2026-07-28T05:48:37+00:00,partial,0
BA,ISB,LGW,ISB,PK,LON,GB,2026-10-24,2026-10-27,Summer,Premium Economy,0,PEco-1,PREMECON,Premium Economy — PREMECON,+331.00 USD,793.54,USD,Ubfly,PREMECON,Personal Item: 40 x 30 x 15 cm,Included,Included,Unknown,Included,Unknown,Unknown,Unknown,Unknown,Unknown,Unknown,Unknown,Unknown,Unknown,Unknown,Unknown,Unknown,,,,2026-07-28T05:48:37+00:00,partial,0
BA,ISB,LGW,ISB,PK,LON,GB,2026-10-24,2026-10-27,Summer,Premium Economy,1,PEco-2,PESEL,Premium Economy — PESEL,+588.00 USD,1050.54,USD,Ubfly,PESEL,Personal Item: 40 x 30 x 15 cm; Change without penalty before flight,Included,Included,Unknown,Included,Unknown,Unknown,Unknown,Unknown,Included,Unknown,Unknown,Unknown,Unknown,Unknown,Unknown,Unknown,,,,2026-07-28T05:48:37+00:00,partial,0
BA,ISB,LGW,ISB,PK,LON,GB,2026-10-24,2026-10-27,Summer,Premium Economy,2,PEco-3,PEPRO,Premium Economy — PEPRO,+718.01 USD,1180.55,USD,Ubfly,PEPRO,Personal Item: 40 x 30 x 15 cm; Change without penalty before flight,Included,Included,Included,Included,Unknown,Unknown,Unknown,Included,Included,Unknown,Unknown,Unknown,Unknown,Unknown,Unknown,Unknown,,,,2026-07-28T05:48:37+00:00,partial,0
BA,ISB,LGW,ISB,PK,LON,GB,2026-10-24,2026-10-27,Summer,Premium Economy,3,PEco-4,PEFLEX,Premium Economy Flex,"+2,208.01 USD",2670.55,USD,Ubfly,PEFLEX,Personal Item: 40 x 30 x 15 cm; Change without penalty before flight,Included,Included,Included,Included,Unknown,Unknown,Unknown,Included,Included,Unknown,Unknown,Unknown,Unknown,Unknown,Unknown,Unknown,,,,2026-07-28T05:48:37+00:00,partial,0
BA,ISB,LGW,ISB,PK,LON,GB,2027-01-06,2027-01-09,Winter,Economy,0,Eco-1,BASIC,Economy Basic,0.00 USD,797.55,USD,Ubfly,NOBAG,Personal Item: 40 x 30 x 15 cm,Included,Not Included,Unknown,Included,Unknown,Unknown,Unknown,Unknown,Unknown,Unknown,Unknown,Unknown,Unknown,Unknown,Unknown,Unknown,,,,2026-07-28T05:48:37+00:00,partial,0
BA,ISB,LGW,ISB,PK,LON,GB,2027-01-06,2027-01-09,Winter,Economy,1,Eco-2,ECONOMY BASIC,Economy Basic,+52.41 USD,849.96,USD,Ubfly,BAG,Personal Item: 40 x 30 x 15 cm; 1 Piece Luggage (23 Kg); 2ND BAG MAX 23KG 51LB 208LCM(F),Included,Included,Unknown,Included,Unknown,Unknown,Unknown,Unknown,Unknown,Unknown,Unknown,Unknown,Unknown,Unknown,Unknown,Unknown,,,,2026-07-28T05:48:37+00:00,partial,0
BA,ISB,LGW,ISB,PK,LON,GB,2027-01-06,2027-01-09,Winter,Economy,2,Eco-3,PLUS SELECT,Economy Comfort,+221.99 USD,1019.54,USD,Ubfly,ECONSEL,Personal Item: 40 x 30 x 15 cm; 1 Piece Luggage (23 Kg); 2ND BAG MAX 23KG 51LB 208LCM(F); Change without penalty before flight,Included,Included,Unknown,Included,Unknown,Unknown,Unknown,Unknown,Included,Unknown,Unknown,Unknown,Unknown,Unknown,Unknown,Unknown,,,,2026-07-28T05:48:37+00:00,partial,0
BA,ISB,LGW,ISB,PK,LON,GB,2027-01-06,2027-01-09,Winter,Economy,3,Eco-4,ECONPRO,Economy — ECONPRO,+305.99 USD,1103.54,USD,Ubfly,ECONPRO,Personal Item: 40 x 30 x 15 cm; 1 Piece Luggage (23 Kg); 2ND BAG MAX 23KG 51LB 208LCM(F); Change without penalty before flight,Included,Included,Included,Included,Unknown,Unknown,Unknown,Included,Included,Unknown,Unknown,Unknown,Unknown,Unknown,Unknown,Unknown,,,,2026-07-28T05:48:37+00:00,partial,0
BA,ISB,LGW,ISB,PK,LON,GB,2027-01-06,2027-01-09,Winter,Economy,4,Eco-5,PLUS FLEX,Economy Comfort,"+1,638.00 USD",2435.55,USD,Ubfly,ECONFLEX,Personal Item: 40 x 30 x 15 cm; 1 Piece Luggage (23 Kg); 2ND BAG MAX 23KG 51LB 208LCM(F); Change without penalty before flight,Included,Included,Included,Included,Unknown,Unknown,Unknown,Included,Included,Unknown,Unknown,Unknown,Unknown,Unknown,Unknown,Unknown,,,,2026-07-28T05:48:37+00:00,partial,0
BA,ISB,LGW,ISB,PK,LON,GB,2027-01-06,2027-01-09,Winter,Business,0,Bus-1,BUSINESS,Business — BUSINESS,0.00 USD,1678.55,USD,Ubfly,BUSINESS,Personal Item: 40 x 30 x 15 cm; Dedicated check-in area,Included,Included,Unknown,Included,Included,Unknown,Included,Not Included,Paid,Unknown,Unknown,Unknown,Unknown,Unknown,Unknown,Unknown,,,,2026-07-28T05:48:37+00:00,partial,0
BA,ISB,LGW,ISB,PK,LON,GB,2027-01-06,2027-01-09,Winter,Business,1,Bus-2,BUSINESS PLUS SELECT,Business Comfort,+514.01 USD,2192.56,USD,Ubfly,BIZSEL,Personal Item: 40 x 30 x 15 cm; Dedicated check-in area; Change without penalty before flight,Included,Included,Included,Included,Included,Unknown,Included,Unknown,Included,Unknown,Unknown,Unknown,Unknown,Unknown,Unknown,Unknown,,,,2026-07-28T05:48:37+00:00,partial,0
BA,ISB,LGW,ISB,PK,LON,GB,2027-01-06,2027-01-09,Winter,Business,2,Bus-3,BIZPRO,Business — BIZPRO,+767.01 USD,2445.56,USD,Ubfly,BIZPRO,Personal Item: 40 x 30 x 15 cm; Dedicated check-in area; Change without penalty before flight,Included,Included,Included,Included,Included,Unknown,Included,Included,Included,Unknown,Unknown,Unknown,Unknown,Unknown,Unknown,Unknown,,,,2026-07-28T05:48:37+00:00,partial,0
BA,ISB,LGW,ISB,PK,LON,GB,2027-01-06,2027-01-09,Winter,Business,3,Bus-4,BUSINESS FLEX,Business Flex,"+1,722.00 USD",3400.55,USD,Ubfly,BIZFLEX,Personal Item: 40 x 30 x 15 cm; Dedicated check-in area; Change without penalty before flight,Included,Included,Included,Included,Included,Unknown,Included,Included,Included,Unknown,Unknown,Unknown,Unknown,Unknown,Unknown,Unknown,,,,2026-07-28T05:48:37+00:00,partial,0
BA,ISB,LGW,ISB,PK,LON,GB,2027-01-06,2027-01-09,Winter,Premium Economy,0,PEco-1,PREMECON,Premium Economy — PREMECON,+276.99 USD,1074.54,USD,Ubfly,PREMECON,Personal Item: 40 x 30 x 15 cm,Included,Included,Unknown,Included,Unknown,Unknown,Unknown,Unknown,Unknown,Unknown,Unknown,Unknown,Unknown,Unknown,Unknown,Unknown,,,,2026-07-28T05:48:37+00:00,partial,0
BA,ISB,LGW,ISB,PK,LON,GB,2027-01-06,2027-01-09,Winter,Premium Economy,1,PEco-2,PESEL,Premium Economy — PESEL,+533.99 USD,1331.54,USD,Ubfly,PESEL,Personal Item: 40 x 30 x 15 cm; Change without penalty before flight,Included,Included,Unknown,Included,Unknown,Unknown,Unknown,Unknown,Included,Unknown,Unknown,Unknown,Unknown,Unknown,Unknown,Unknown,,,,2026-07-28T05:48:37+00:00,partial,0
BA,ISB,LGW,ISB,PK,LON,GB,2027-01-06,2027-01-09,Winter,Premium Economy,2,PEco-3,PEPRO,Premium Economy — PEPRO,+664.00 USD,1461.55,USD,Ubfly,PEPRO,Personal Item: 40 x 30 x 15 cm; Change without penalty before flight,Included,Included,Included,Included,Unknown,Unknown,Unknown,Included,Included,Unknown,Unknown,Unknown,Unknown,Unknown,Unknown,Unknown,,,,2026-07-28T05:48:37+00:00,partial,0
BA,ISB,LGW,ISB,PK,LON,GB,2027-01-06,2027-01-09,Winter,Premium Economy,3,PEco-4,PEFLEX,Premium Economy Flex,"+1,877.00 USD",2674.55,USD,Ubfly,PEFLEX,Personal Item: 40 x 30 x 15 cm; Change without penalty before flight,Included,Included,Included,Included,Unknown,Unknown,Unknown,Included,Included,Unknown,Unknown,Unknown,Unknown,Unknown,Unknown,Unknown,,,,2026-07-28T05:48:37+00:00,partial,0
EK,ISB,LGW,ISB,PK,LON,GB,2026-10-24,2026-10-27,Summer,Economy,0,Eco-1,ECOSAVER,Economy Basic,0.00 USD,588.95,USD,Ubfly,ECOSAVER-ECOSAVER,Soft drink; In-flight entertainment,Included,Included,Unknown,Included,Unknown,Unknown,Unknown,Not Included,Paid,Unknown,Unknown,Unknown,Unknown,Unknown,Unknown,Unknown,Yes,30.0,,2026-07-28T05:48:37+00:00,success,0
EK,ISB,LGW,ISB,PK,LON,GB,2026-10-24,2026-10-27,Summer,Economy,1,Eco-2,ECOFLEX,Economy Flex,+103.01 USD,691.96,USD,Ubfly,ECOFLEX-ECOFLEX,Soft drink; In-flight entertainment,Included,Included,Unknown,Included,Unknown,Unknown,Unknown,Paid,Paid,Unknown,Unknown,Unknown,Unknown,Unknown,Unknown,Unknown,Yes,70.0,,2026-07-28T05:48:37+00:00,success,0
EK,ISB,LGW,ISB,PK,LON,GB,2026-10-24,2026-10-27,Summer,Economy,2,Eco-3,ECOFLXPLUS,Economy Comfort,+528.00 USD,1116.95,USD,Ubfly,ECOFLXPLUS-ECOFLXPLUS,Soft drink; In-flight entertainment; Uninterrupted return (up to the last 12 hours); Change with Penalty,Included,Included,Unknown,Included,Unknown,Unknown,Unknown,Included,Included,Unknown,Unknown,Unknown,Unknown,Unknown,Unknown,Unknown,Yes,100.0,,2026-07-28T05:48:37+00:00,success,0
EK,ISB,LGW,ISB,PK,LON,GB,2026-10-24,2026-10-27,Summer,Business,0,Bus-1,BSSAVER,Business Basic,0.00 USD,2451.66,USD,Ubfly,BSSAVER-BSSAVER,Premium check-in; Soft drink; In-flight entertainment; Chauffeur Drive; Internet Access,Included,Included,Included,Included,Included,Included,Included,Not Included,Paid,Unknown,Unknown,Unknown,Unknown,Unknown,Unknown,Unknown,Yes,,,2026-07-28T05:48:37+00:00,success,0
EK,ISB,LGW,ISB,PK,LON,GB,2026-10-24,2026-10-27,Summer,Business,1,Bus-2,BSFLEX,Business Flex,+470.99 USD,2922.65,USD,Ubfly,BSFLEX-BSFLEX,Premium check-in; Soft drink; In-flight entertainment; Chauffeur Drive; Internet Access,Included,Included,Included,Included,Included,Included,Included,Paid,Paid,Unknown,Unknown,Unknown,Unknown,Unknown,Unknown,Unknown,Yes,175.0,,2026-07-28T05:48:37+00:00,success,0
EK,ISB,LGW,ISB,PK,LON,GB,2026-10-24,2026-10-27,Summer,Business,2,Bus-3,BSFLXPLUS,Business Comfort,"+1,138.99 USD",3590.65,USD,Ubfly,BSFLXPLUS-BSFLXPLUS,Premium check-in; Soft drink; In-flight entertainment; Chauffeur Drive; Internet Access; Uninterrupted return (up to the last 12 hours); Change with Penalty,Included,Included,Included,Included,Included,Included,Included,Included,Included,Unknown,Unknown,Unknown,Unknown,Unknown,Unknown,Unknown,Yes,190.0,,2026-07-28T05:48:37+00:00,success,0
EK,ISB,LGW,ISB,PK,LON,GB,2027-01-06,2027-01-09,Winter,Economy,0,Eco-1,Economy Flex,Economy Flex,0.00 USD,752.19,USD,Ubfly,YS-224b12dd596f4d2abcda299723bc6156,Non-exchangeable.; • Hot and cold refreshments; • ICE entertainment; Economy Cabin,Included,Included,Included,Included,Unknown,Unknown,Unknown,Included,Paid,Unknown,Unknown,Unknown,Included,Unknown,Unknown,Unknown,Yes,2813.0,,2026-07-28T05:48:37+00:00,success,0
EK,ISB,LGW,ISB,PK,LON,GB,2027-01-06,2027-01-09,Winter,Economy,1,Eco-2,Economy Flex Plus,Economy Comfort,+362.01 USD,1114.2,USD,Ubfly,YF-534e1ff0c97e4b468678b8439bbd4755,Non-exchangeable.; • Hot and cold refreshments; • ICE entertainment; Economy Cabin,Included,Included,Included,Included,Unknown,Unknown,Unknown,Included,Included,Unknown,Unknown,Unknown,Included,Unknown,Unknown,Unknown,Yes,3750.0,,2026-07-28T05:48:37+00:00,success,0
EK,ISB,LGW,ISB,PK,LON,GB,2027-01-06,2027-01-09,Winter,Business,0,Bus-1,BSFLEX,Business Flex,0.00 USD,2922.65,USD,Ubfly,BSFLEX-BSFLEX,Premium check-in; Soft drink; In-flight entertainment; Chauffeur Drive; Internet Access,Included,Included,Included,Included,Included,Included,Included,Paid,Paid,Unknown,Unknown,Unknown,Unknown,Unknown,Unknown,Unknown,Yes,175.0,,2026-07-28T05:48:37+00:00,success,0
EK,ISB,LGW,ISB,PK,LON,GB,2027-01-06,2027-01-09,Winter,Business,1,Bus-2,BSFLXPLUS,Business Comfort,+668.00 USD,3590.65,USD,Ubfly,BSFLXPLUS-BSFLXPLUS,Premium check-in; Soft drink; In-flight entertainment; Chauffeur Drive; Internet Access; Uninterrupted return (up to the last 12 hours); Change with Penalty,Included,Included,Included,Included,Included,Included,Included,Included,Included,Unknown,Unknown,Unknown,Unknown,Unknown,Unknown,Unknown,Yes,190.0,,2026-07-28T05:48:37+00:00,success,0
EK,ISB,LGW,ISB,PK,LON,GB,2027-01-06,2027-01-09,Winter,Premium Economy,0,PEco-1,Premium Economy FlexPlus,Premium Economy Comfort,+375.01 USD,1127.2,USD,Ubfly,WF-2b75814bebb14476ace301233bf749f2,Non-exchangeable.; • Hot and cold refreshments; • ICE entertainment; • Exclusive Premium Economy Class dining; Premium Economy Cabin,Included,Included,Included,Unknown,Unknown,Unknown,Unknown,Included,Unknown,Unknown,Unknown,Unknown,Included,Unknown,Unknown,Unknown,Yes,4125.0,,2026-07-28T05:48:37+00:00,success,0
TK,ISB,LGW,ISB,PK,LON,GB,2026-10-24,2026-10-27,Summer,Economy,0,Eco-1,ECOFLY,Economy Basic,0 USD,1101.54,USD,Enuygun,bff_0,,Included,Included,Unknown,Included,Unknown,Unknown,Unknown,Not Included,Paid,Unknown,Unknown,Unknown,Unknown,Unknown,Unknown,Unknown,,,,2026-07-28T05:48:37+00:00,success,0
TK,ISB,LGW,ISB,PK,LON,GB,2026-10-24,2026-10-27,Summer,Economy,1,Eco-2,EXTRAFLY,Economy Standard,+46.88 USD,1148.42,USD,Enuygun,bff_1,,Included,Included,Unknown,Included,Unknown,Unknown,Unknown,Paid,Paid,Unknown,Unknown,Unknown,Unknown,Unknown,Unknown,Unknown,,,,2026-07-28T05:48:37+00:00,success,0
TK,ISB,LGW,ISB,PK,LON,GB,2026-10-24,2026-10-27,Summer,Economy,2,Eco-3,FLEXFLY,Economy Flex,+111.7 USD,1213.25,USD,Enuygun,bff_2,,Included,Included,Included,Included,Unknown,Unknown,Unknown,Paid,Included,Unknown,Unknown,Unknown,Unknown,Unknown,Unknown,Unknown,Yes,15.0,,2026-07-28T05:48:37+00:00,success,0
TK,ISB,LGW,ISB,PK,LON,GB,2026-10-24,2026-10-27,Summer,Economy,3,Eco-4,PRIMEFLY,Economy Premium,+215.43 USD,1316.97,USD,Enuygun,bff_3,,Included,Included,Included,Included,Unknown,Unknown,Included,Included,Included,Unknown,Unknown,Paid,Unknown,Unknown,Unknown,Unknown,Yes,30.0,,2026-07-28T05:48:37+00:00,success,0
TK,ISB,LGW,ISB,PK,LON,GB,2026-10-24,2026-10-27,Summer,Business,0,Bus-1,BUSINESS FLY,Business — BUSINESS FLY,0 USD,3521.81,USD,Enuygun,bff_0,priority_check_in: Öncelikli Check-in,Included,Included,Included,Included,Included,Included,Included,Paid,Paid,Unknown,Unknown,Unknown,Unknown,Unknown,Unknown,Unknown,,,,2026-07-28T05:48:37+00:00,success,0
TK,ISB,LGW,ISB,PK,LON,GB,2026-10-24,2026-10-27,Summer,Business,1,Bus-2,BUSINESS PRIME,Business Premium,+324.13 USD,3845.94,USD,Enuygun,bff_1,priority_check_in: Öncelikli Check-in,Included,Included,Included,Included,Included,Included,Included,Included,Included,Unknown,Unknown,Paid,Unknown,Unknown,Unknown,Unknown,Yes,30.0,,2026-07-28T05:48:37+00:00,success,0
TK,ISB,LGW,ISB,PK,LON,GB,2026-10-24,2026-10-27,Summer,Business,2,Bus-3,BUSINESS FLEX,Business Flex,+3883.66 USD,7405.47,USD,Enuygun,bff_2,priority_check_in: Öncelikli Check-in,Unknown,Included,Unknown,Included,Unknown,Unknown,Unknown,Included,Included,Unknown,Unknown,Unknown,Unknown,Unknown,Unknown,Unknown,,,,2026-07-28T05:48:37+00:00,success,0
TK,ISB,LGW,ISB,PK,LON,GB,2027-01-06,2027-01-09,Winter,Economy,0,Eco-1,ECOFLY,Economy Basic,0.00 USD,619.77,USD,Ubfly,CL-84c9aa15b23c4371b53196a184811ccd,Online Message Verification,Included,Included,Unknown,Included,Unknown,Unknown,Unknown,Included,Paid,Unknown,Unknown,Unknown,Unknown,Unknown,Unknown,Unknown,,,,2026-07-28T05:48:37+00:00,success,0
TK,ISB,LGW,ISB,PK,LON,GB,2027-01-06,2027-01-09,Winter,Economy,1,Eco-2,EXTRAFLY,Economy Standard,+40.59 USD,660.36,USD,Ubfly,LG-96b13e24dc4545e2b5178a5c4caf8ee2,Online Message Verification,Included,Included,Unknown,Included,Unknown,Unknown,Unknown,Paid,Paid,Unknown,Unknown,Unknown,Unknown,Unknown,Unknown,Unknown,,,,2026-07-28T05:48:37+00:00,success,0
TK,ISB,LGW,ISB,PK,LON,GB,2027-01-06,2027-01-09,Winter,Economy,2,Eco-3,FLEXFLY,Economy Flex,+108.66 USD,728.43,USD,Ubfly,GN-7e0b486e9d954ed9a4bee546d649fd92,Online Message Verification,Included,Included,Included,Included,Unknown,Unknown,Unknown,Paid,Included,Unknown,Unknown,Unknown,Unknown,Unknown,Unknown,Unknown,Yes,15.0,,2026-07-28T05:48:37+00:00,success,0
TK,ISB,LGW,ISB,PK,LON,GB,2027-01-06,2027-01-09,Winter,Economy,3,Eco-4,Flexible,Economy Flex,+215.20 USD,834.97,USD,Ubfly,FL-627fb6bf68fa4d11802503e2b1bde09a,Online Message Verification,Included,Included,Included,Included,Unknown,Unknown,Included,Included,Included,Unknown,Unknown,Paid,Unknown,Unknown,Unknown,Unknown,Yes,30.0,,2026-07-28T05:48:37+00:00,success,0
TK,ISB,LGW,ISB,PK,LON,GB,2027-01-06,2027-01-09,Winter,Business,0,Bus-1,BUSINESS FLY,Business — BUSINESS FLY,0.00 USD,2705.44,USD,Ubfly,BF-7e86615a6ea7462ba3ad58d4d59d395f,Internet Package; Priority Check-In,Included,Included,Included,Unknown,Included,Included,Included,Paid,Paid,Unknown,Unknown,Unknown,Unknown,Unknown,Unknown,Unknown,,,,2026-07-28T05:48:37+00:00,success,0
TK,ISB,LGW,ISB,PK,LON,GB,2027-01-06,2027-01-09,Winter,Business,1,Bus-2,BUSINESS PRIME,Business Premium,+325.00 USD,3030.44,USD,Ubfly,BL-e898806963b44b149a0082fac185406d,Internet Package; Priority Check-In,Included,Included,Included,Unknown,Included,Included,Included,Included,Included,Unknown,Unknown,Paid,Unknown,Unknown,Unknown,Unknown,Yes,30.0,,2026-07-28T05:48:37+00:00,success,0
GF,ISB,LGW,ISB,PK,LON,GB,2026-10-24,2026-10-27,Summer,Economy,0,Eco-1,ECOFLY,Economy Basic,0.00 USD,1034.95,USD,Ubfly,CL-dacf4cabf67b4c919fc270cce9f4be47,Online Message Verification,Included,Included,Unknown,Included,Unknown,Unknown,Unknown,Included,Unknown,Unknown,Unknown,Unknown,Unknown,Unknown,Unknown,Unknown,,,,2026-07-28T05:48:37+00:00,success,0
GF,ISB,LGW,ISB,PK,LON,GB,2026-10-24,2026-10-27,Summer,Economy,1,Eco-2,EXTRAFLY,Economy Standard,+40.59 USD,1075.54,USD,Ubfly,LG-e6231c10fcb542e3a90f5dd29c5a0703,Online Message Verification,Included,Included,Unknown,Included,Unknown,Unknown,Unknown,Unknown,Unknown,Unknown,Unknown,Unknown,Unknown,Unknown,Unknown,Unknown,,,,2026-07-28T05:48:37+00:00,success,0
GF,ISB,LGW,ISB,PK,LON,GB,2026-10-24,2026-10-27,Summer,Economy,2,Eco-3,FLEXFLY,Economy Flex,+108.66 USD,1143.61,USD,Ubfly,GN-7c2d48728371433a9e9975a91483e57f,Online Message Verification,Included,Included,Included,Included,Unknown,Unknown,Unknown,Unknown,Unknown,Unknown,Unknown,Unknown,Unknown,Unknown,Unknown,Unknown,Yes,15.0,,2026-07-28T05:48:37+00:00,success,0
GF,ISB,LGW,ISB,PK,LON,GB,2026-10-24,2026-10-27,Summer,Economy,3,Eco-4,Flexible,Economy Flex,+215.20 USD,1250.15,USD,Ubfly,FL-d6fe926e9ebf4dbb85c3f2b1cbbca8f3,Online Message Verification,Included,Included,Included,Included,Unknown,Unknown,Included,Unknown,Unknown,Unknown,Unknown,Paid,Unknown,Unknown,Unknown,Unknown,Yes,30.0,,2026-07-28T05:48:37+00:00,success,0
GF,ISB,LGW,ISB,PK,LON,GB,2026-10-24,2026-10-27,Summer,Business,0,Bus-1,BIZSMART,Business Standard,0.00 USD,2750.85,USD,Ubfly,BIZSMART-BIZSMART,Privileged check-in,Included,Included,Included,Included,Included,Unknown,Unknown,Paid,Paid,Unknown,Unknown,Unknown,Unknown,Unknown,Unknown,Unknown,Yes,,,2026-07-28T05:48:37+00:00,success,0
GF,ISB,LGW,ISB,PK,LON,GB,2026-10-24,2026-10-27,Summer,Business,1,Bus-2,BUSINESS FLEX,Business Flex,+144.00 USD,2894.85,USD,Ubfly,BIZFLEX-BIZFLEX,Change with Penalty; Uninterrupted return (up to the last 12 hours); Privileged check-in,Included,Included,Included,Included,Included,Unknown,Unknown,Included,Unknown,Unknown,Unknown,Unknown,Unknown,Unknown,Unknown,Unknown,Yes,,,2026-07-28T05:48:37+00:00,success,0
GF,ISB,LGW,ISB,PK,LON,GB,2027-01-07,2027-01-10,Winter,Economy,0,Eco-1,ECOFLY,Economy Basic,0.00 USD,1014.75,USD,Ubfly,CL-66e90c0b00194d9b9bf47f5c008f8a4d,Online Message Verification,Included,Included,Unknown,Included,Unknown,Unknown,Unknown,Included,Unknown,Unknown,Unknown,Unknown,Unknown,Unknown,Unknown,Unknown,,,,2026-07-28T05:48:37+00:00,success,0
GF,ISB,LGW,ISB,PK,LON,GB,2027-01-07,2027-01-10,Winter,Economy,1,Eco-2,EXTRAFLY,Economy Standard,+40.59 USD,1055.34,USD,Ubfly,LG-ecb586bbbf6f445ba808dec085131399,Online Message Verification,Included,Included,Unknown,Included,Unknown,Unknown,Unknown,Unknown,Unknown,Unknown,Unknown,Unknown,Unknown,Unknown,Unknown,Unknown,,,,2026-07-28T05:48:37+00:00,success,0
GF,ISB,LGW,ISB,PK,LON,GB,2027-01-07,2027-01-10,Winter,Economy,2,Eco-3,FLEXFLY,Economy Flex,+108.66 USD,1123.41,USD,Ubfly,GN-3a06dd5ac0d6416981e1308174749ab1,Online Message Verification,Included,Included,Included,Included,Unknown,Unknown,Unknown,Unknown,Unknown,Unknown,Unknown,Unknown,Unknown,Unknown,Unknown,Unknown,Yes,15.0,,2026-07-28T05:48:37+00:00,success,0
GF,ISB,LGW,ISB,PK,LON,GB,2027-01-07,2027-01-10,Winter,Economy,3,Eco-4,Flexible,Economy Flex,+215.20 USD,1229.95,USD,Ubfly,FL-10cd67cc4ce040e6bcc0536ddd8700e6,Online Message Verification,Included,Included,Included,Included,Unknown,Unknown,Included,Unknown,Unknown,Unknown,Unknown,Paid,Unknown,Unknown,Unknown,Unknown,Yes,30.0,,2026-07-28T05:48:37+00:00,success,0
GF,ISB,LGW,ISB,PK,LON,GB,2027-01-07,2027-01-10,Winter,Business,0,Bus-1,BIZSMART,Business Standard,0.00 USD,2745.84,USD,Ubfly,BIZSMART-BIZSMART,Privileged check-in,Included,Included,Included,Included,Included,Unknown,Unknown,Paid,Paid,Unknown,Unknown,Unknown,Unknown,Unknown,Unknown,Unknown,Yes,,,2026-07-28T05:48:37+00:00,success,0
GF,ISB,LGW,ISB,PK,LON,GB,2027-01-07,2027-01-10,Winter,Business,1,Bus-2,BUSINESS FLEX,Business Flex,+144.00 USD,2889.84,USD,Ubfly,BIZFLEX-BIZFLEX,Change with Penalty; Uninterrupted return (up to the last 12 hours); Privileged check-in,Included,Included,Included,Included,Included,Unknown,Unknown,Included,Unknown,Unknown,Unknown,Unknown,Unknown,Unknown,Unknown,Unknown,Yes,,,2026-07-28T05:48:37+00:00,success,0
QR,LHR,ISB,LON,GB,ISB,PK,2026-10-06,2026-10-09,Summer,Economy,0,Eco-1,ECONOMY BASIC,Economy Basic,0.00 USD,787.55,USD,Ubfly,BAG-BAG,Personal Item: 40 x 30 x 15 cm; 1 Piece Luggage (23 Kg); 2ND BAG MAX 23KG 51LB 208LCM(F),Included,Included,Unknown,Included,Unknown,Unknown,Unknown,Unknown,Unknown,Unknown,Unknown,Unknown,Unknown,Unknown,Unknown,Unknown,,,,2026-07-28T05:48:37+00:00,partial,0
QR,LHR,ISB,LON,GB,ISB,PK,2026-10-06,2026-10-09,Summer,Economy,1,Eco-2,PLUS SELECT,Economy Comfort,+180.73 USD,968.28,USD,Ubfly,ECONSEL-ECONSEL,Personal Item: 40 x 30 x 15 cm; 1 Piece Luggage (23 Kg); 2ND BAG MAX 23KG 51LB 208LCM(F); Change without penalty before flight,Included,Included,Unknown,Included,Unknown,Unknown,Unknown,Unknown,Included,Unknown,Unknown,Unknown,Unknown,Unknown,Unknown,Unknown,,,,2026-07-28T05:48:37+00:00,partial,0
QR,LHR,ISB,LON,GB,ISB,PK,2026-10-06,2026-10-09,Summer,Economy,2,Eco-3,ECONPRO,Economy — ECONPRO,+311.53 USD,1099.08,USD,Ubfly,ECONPRO-ECONPRO,Personal Item: 40 x 30 x 15 cm; 1 Piece Luggage (23 Kg); 2ND BAG MAX 23KG 51LB 208LCM(F); Change without penalty before flight,Included,Included,Included,Included,Unknown,Unknown,Unknown,Included,Included,Unknown,Unknown,Unknown,Unknown,Unknown,Unknown,Unknown,,,,2026-07-28T05:48:37+00:00,partial,0
QR,LHR,ISB,LON,GB,ISB,PK,2026-10-06,2026-10-09,Summer,Economy,3,Eco-4,PLUS FLEX,Economy Comfort,"+1,632.62 USD",2420.17,USD,Ubfly,ECONFLEX-ECONFLEX,Personal Item: 40 x 30 x 15 cm; 1 Piece Luggage (23 Kg); 2ND BAG MAX 23KG 51LB 208LCM(F); Change without penalty before flight,Included,Included,Included,Included,Unknown,Unknown,Unknown,Included,Included,Unknown,Unknown,Unknown,Unknown,Unknown,Unknown,Unknown,,,,2026-07-28T05:48:37+00:00,partial,0
QR,LHR,ISB,LON,GB,ISB,PK,2026-10-06,2026-10-09,Summer,Business,0,Bus-1,BIZPROMO,Business Basic,0.00 USD,3155.51,USD,Ubfly,BIZPROMO-BIZPROMO,Personal Item: 40 x 30 x 15 cm; Dedicated check-in area,Included,Included,Unknown,Included,Included,Unknown,Included,Unknown,Unknown,Unknown,Unknown,Unknown,Unknown,Unknown,Unknown,Unknown,,,,2026-07-28T05:48:37+00:00,partial,0
QR,LHR,ISB,LON,GB,ISB,PK,2026-10-06,2026-10-09,Summer,Business,1,Bus-2,BUSINESS PLUS SELECT,Business Comfort,+607.18 USD,3762.69,USD,Ubfly,BIZSEL-BIZSEL,Personal Item: 40 x 30 x 15 cm; Dedicated check-in area,Included,Included,Included,Included,Included,Unknown,Included,Unknown,Unknown,Unknown,Unknown,Unknown,Unknown,Unknown,Unknown,Unknown,,,,2026-07-28T05:48:37+00:00,partial,0
QR,LHR,ISB,LON,GB,ISB,PK,2026-10-06,2026-10-09,Summer,Business,2,Bus-3,BIZPRO,Business — BIZPRO,"+1,084.90 USD",4240.41,USD,Ubfly,BIZPRO-BIZPRO,Personal Item: 40 x 30 x 15 cm; Dedicated check-in area; Change without penalty before flight,Included,Included,Included,Included,Included,Unknown,Included,Included,Included,Unknown,Unknown,Unknown,Unknown,Unknown,Unknown,Unknown,,,,2026-07-28T05:48:37+00:00,partial,0
QR,LHR,ISB,LON,GB,ISB,PK,2026-10-06,2026-10-09,Summer,Business,3,Bus-4,BUSINESS FLEX,Business Flex,"+3,209.33 USD",6364.84,USD,Ubfly,BIZFLEX-BIZFLEX,Personal Item: 40 x 30 x 15 cm; Dedicated check-in area; Change without penalty before flight,Included,Included,Included,Included,Included,Unknown,Included,Included,Included,Unknown,Unknown,Unknown,Unknown,Unknown,Unknown,Unknown,,,,2026-07-28T05:48:37+00:00,partial,0
QR,LHR,ISB,LON,GB,ISB,PK,2027-01-02,2027-01-05,Winter,Economy,0,Eco-1,PLUS SELECT,Economy Comfort,0.00 USD,1315.25,USD,Ubfly,ECONSEL-ECONSEL,Personal Item: 40 x 30 x 15 cm; 1 Piece Luggage (23 Kg); Change without penalty before flight; 2ND BAG MAX 23KG 51LB 208LCM(F),Included,Included,Unknown,Included,Unknown,Unknown,Unknown,Unknown,Included,Unknown,Unknown,Unknown,Unknown,Unknown,Unknown,Unknown,,,,2026-07-28T05:48:37+00:00,partial,0
QR,LHR,ISB,LON,GB,ISB,PK,2027-01-02,2027-01-05,Winter,Economy,1,Eco-2,ECONOMY BASIC,Economy Basic,+79.48 USD,1394.73,USD,Ubfly,BAG-BAG,Personal Item: 40 x 30 x 15 cm; 1 Piece Luggage (23 Kg); 2ND BAG MAX 23KG 51LB 208LCM(F),Included,Included,Unknown,Included,Unknown,Unknown,Unknown,Unknown,Unknown,Unknown,Unknown,Unknown,Unknown,Unknown,Unknown,Unknown,,,,2026-07-28T05:48:37+00:00,partial,0
QR,LHR,ISB,LON,GB,ISB,PK,2027-01-02,2027-01-05,Winter,Economy,2,Eco-3,ECONPRO,Economy — ECONPRO,+130.77 USD,1446.02,USD,Ubfly,ECONPRO-ECONPRO,Personal Item: 40 x 30 x 15 cm; 1 Piece Luggage (23 Kg); 2ND BAG MAX 23KG 51LB 208LCM(F); Change without penalty before flight,Included,Included,Included,Included,Unknown,Unknown,Unknown,Included,Included,Unknown,Unknown,Unknown,Unknown,Unknown,Unknown,Unknown,,,,2026-07-28T05:48:37+00:00,partial,0
QR,LHR,ISB,LON,GB,ISB,PK,2027-01-02,2027-01-05,Winter,Economy,3,Eco-4,PLUS FLEX,Economy Comfort,"+1,139.61 USD",2454.86,USD,Ubfly,ECONFLEX-ECONFLEX,Personal Item: 40 x 30 x 15 cm; 1 Piece Luggage (23 Kg); 2ND BAG MAX 23KG 51LB 208LCM(F); Change without penalty before flight,Included,Included,Included,Included,Unknown,Unknown,Unknown,Included,Included,Unknown,Unknown,Unknown,Unknown,Unknown,Unknown,Unknown,,,,2026-07-28T05:48:37+00:00,partial,0
QR,LHR,ISB,LON,GB,ISB,PK,2027-01-02,2027-01-05,Winter,Business,0,Bus-1,BIZPROMO,Business Basic,0.00 USD,4461.34,USD,Ubfly,BIZPROMO-BIZPROMO,Personal Item: 40 x 30 x 15 cm; Dedicated check-in area,Included,Included,Unknown,Included,Included,Unknown,Included,Unknown,Unknown,Unknown,Unknown,Unknown,Unknown,Unknown,Unknown,Unknown,,,,2026-07-28T05:48:37+00:00,partial,0
QR,LHR,ISB,LON,GB,ISB,PK,2027-01-02,2027-01-05,Winter,Business,1,Bus-2,BUSINESS PLUS SELECT,Business Comfort,+607.16 USD,5068.5,USD,Ubfly,BIZSEL-BIZSEL,Personal Item: 40 x 30 x 15 cm; Dedicated check-in area,Included,Included,Included,Included,Included,Unknown,Included,Unknown,Unknown,Unknown,Unknown,Unknown,Unknown,Unknown,Unknown,Unknown,,,,2026-07-28T05:48:37+00:00,partial,0
QR,LHR,ISB,LON,GB,ISB,PK,2027-01-02,2027-01-05,Winter,Business,2,Bus-3,BIZPRO,Business — BIZPRO,"+1,084.90 USD",5546.24,USD,Ubfly,BIZPRO-BIZPRO,Personal Item: 40 x 30 x 15 cm; Dedicated check-in area; Change without penalty before flight,Included,Included,Included,Included,Included,Unknown,Included,Included,Included,Unknown,Unknown,Unknown,Unknown,Unknown,Unknown,Unknown,,,,2026-07-28T05:48:37+00:00,partial,0
QR,LHR,ISB,LON,GB,ISB,PK,2027-01-02,2027-01-05,Winter,Business,3,Bus-4,BUSINESS FLEX,Business Flex,"+2,091.06 USD",6552.4,USD,Ubfly,BIZFLEX-BIZFLEX,Personal Item: 40 x 30 x 15 cm; Dedicated check-in area; Change without penalty before flight,Included,Included,Included,Included,Included,Unknown,Included,Included,Included,Unknown,Unknown,Unknown,Unknown,Unknown,Unknown,Unknown,,,,2026-07-28T05:48:37+00:00,partial,0
SV,LHR,ISB,LON,GB,ISB,PK,2026-10-06,2026-10-09,Summer,Economy,0,Eco-1,Basic Eco,Economy Basic,0 USD,871.78,USD,Enuygun,bff_0,,Included,Included,Unknown,Unknown,Unknown,Unknown,Unknown,Paid,Paid,Unknown,Unknown,Unknown,Unknown,Unknown,Unknown,Unknown,Yes,35.0,,2026-07-28T05:48:37+00:00,success,0
SV,LHR,ISB,LON,GB,ISB,PK,2026-10-06,2026-10-09,Summer,Economy,1,Eco-2,Semi Flex Eco,Economy Basic,+44.93 USD,916.71,USD,Enuygun,bff_1,,Included,Included,Unknown,Unknown,Unknown,Unknown,Unknown,Paid,Paid,Unknown,Unknown,Unknown,Unknown,Unknown,Unknown,Unknown,Yes,,,2026-07-28T05:48:37+00:00,success,0
SV,LHR,ISB,LON,GB,ISB,PK,2026-10-06,2026-10-09,Summer,Economy,2,Eco-3,Flex Eco,Economy Basic,+86.86 USD,958.64,USD,Enuygun,bff_2,,Included,Included,Included,Unknown,Unknown,Unknown,Unknown,Included,Included,Unknown,Unknown,Unknown,Unknown,Unknown,Unknown,Unknown,Yes,,,2026-07-28T05:48:37+00:00,success,0
SV,LHR,ISB,LON,GB,ISB,PK,2026-10-06,2026-10-09,Summer,Business,0,Bus-1,Basic Bus,Business Basic,0 USD,3019.94,USD,Enuygun,bff_0,,Included,Included,Included,Unknown,Unknown,Unknown,Unknown,Paid,Paid,Unknown,Unknown,Unknown,Unknown,Unknown,Unknown,Unknown,Yes,175.0,,2026-07-28T05:48:37+00:00,success,0
SV,LHR,ISB,LON,GB,ISB,PK,2026-10-06,2026-10-09,Summer,Business,1,Bus-2,Semi Flex Bus,Business Flex,+23.96 USD,3043.9,USD,Enuygun,bff_1,,Included,Included,Included,Unknown,Unknown,Unknown,Unknown,Paid,Paid,Unknown,Unknown,Unknown,Unknown,Unknown,Unknown,Unknown,Yes,225.0,,2026-07-28T05:48:37+00:00,success,0
SV,LHR,ISB,LON,GB,ISB,PK,2026-10-06,2026-10-09,Summer,Business,2,Bus-3,Flex Bus,Business Flex,+44.93 USD,3064.87,USD,Enuygun,bff_2,,Included,Included,Included,Unknown,Unknown,Unknown,Unknown,Included,Included,Unknown,Unknown,Unknown,Unknown,Unknown,Unknown,Unknown,Yes,,,2026-07-28T05:48:37+00:00,success,0
SV,LHR,ISB,LON,GB,ISB,PK,2027-01-02,2027-01-05,Winter,Economy,0,Eco-1,Basic Eco,Economy Basic,0.00 USD,824.91,USD,Ubfly,NBASICE-NBASICE,1 Free bag: 23 kg,Included,Included,Unknown,Unknown,Unknown,Unknown,Unknown,Paid,Paid,Unknown,Unknown,Unknown,Unknown,Unknown,Unknown,Unknown,Yes,35.0,,2026-07-28T05:48:37+00:00,success,0
SV,LHR,ISB,LON,GB,ISB,PK,2027-01-02,2027-01-05,Winter,Economy,1,Eco-2,Semi Flex Eco,Economy Basic,+62.12 USD,887.03,USD,Ubfly,NSEMIFLEXE-NSEMIFLEXE,1 Free bag: 23 kg,Included,Included,Unknown,Unknown,Unknown,Unknown,Unknown,Paid,Paid,Unknown,Unknown,Unknown,Unknown,Unknown,Unknown,Unknown,Yes,,,2026-07-28T05:48:37+00:00,success,0
SV,LHR,ISB,LON,GB,ISB,PK,2027-01-02,2027-01-05,Winter,Economy,2,Eco-3,Flex Eco,Economy Basic,+122.19 USD,947.1,USD,Ubfly,NFLEXE-NFLEXE,Change without penalty; Uninterrupted return (up to the last 12 hours); 2 Free bags: 23 kg,Included,Included,Included,Unknown,Unknown,Unknown,Unknown,Included,Included,Unknown,Unknown,Unknown,Unknown,Unknown,Unknown,Unknown,Yes,,,2026-07-28T05:48:37+00:00,success,0
SV,LHR,ISB,LON,GB,ISB,PK,2027-01-02,2027-01-05,Winter,Business,0,Bus-1,Basic Bus,Business Basic,0 USD,3019.94,USD,Enuygun,bff_0,,Included,Included,Included,Unknown,Unknown,Unknown,Unknown,Paid,Paid,Unknown,Unknown,Unknown,Unknown,Unknown,Unknown,Unknown,Yes,175.0,,2026-07-28T05:48:37+00:00,success,0
SV,LHR,ISB,LON,GB,ISB,PK,2027-01-02,2027-01-05,Winter,Business,1,Bus-2,Semi Flex Bus,Business Flex,+23.96 USD,3043.9,USD,Enuygun,bff_1,,Included,Included,Included,Unknown,Unknown,Unknown,Unknown,Paid,Paid,Unknown,Unknown,Unknown,Unknown,Unknown,Unknown,Unknown,Yes,225.0,,2026-07-28T05:48:37+00:00,success,0
SV,LHR,ISB,LON,GB,ISB,PK,2027-01-02,2027-01-05,Winter,Business,2,Bus-3,Flex Bus,Business Flex,+44.93 USD,3064.87,USD,Enuygun,bff_2,,Included,Included,Included,Unknown,Unknown,Unknown,Unknown,Included,Included,Unknown,Unknown,Unknown,Unknown,Unknown,Unknown,Unknown,Yes,,,2026-07-28T05:48:37+00:00,success,0
GF,LHR,ISB,LON,GB,ISB,PK,2026-10-07,2026-10-10,Summer,Economy,0,Eco-1,ECOLITE,Economy Lite,0.00 USD,465.4,USD,Ubfly,ECOLITE-ECOLITE,,Included,Included,Unknown,Included,Unknown,Unknown,Unknown,Paid,Paid,Unknown,Unknown,Unknown,Unknown,Unknown,Unknown,Unknown,Yes,,,2026-07-28T05:48:37+00:00,success,0
GF,LHR,ISB,LON,GB,ISB,PK,2026-10-07,2026-10-10,Summer,Economy,1,Eco-2,ECOSMART,Economy Standard,+36.96 USD,502.36,USD,Ubfly,ECOSMART-ECOSMART,,Included,Included,Included,Included,Unknown,Unknown,Unknown,Paid,Paid,Unknown,Unknown,Unknown,Unknown,Unknown,Unknown,Unknown,Yes,75.0,,2026-07-28T05:48:37+00:00,success,0
GF,LHR,ISB,LON,GB,ISB,PK,2026-10-07,2026-10-10,Summer,Economy,2,Eco-3,ECOFLEX,Economy Flex,+98.34 USD,563.74,USD,Ubfly,ECOFLEX-ECOFLEX,,Included,Included,Included,Included,Unknown,Unknown,Unknown,Included,Included,Unknown,Unknown,Unknown,Unknown,Unknown,Unknown,Unknown,Yes,,,2026-07-28T05:48:37+00:00,success,0
GF,LHR,ISB,LON,GB,ISB,PK,2026-10-07,2026-10-10,Summer,Business,0,Bus-1,BIZSMART,Business Standard,0.00 USD,2784.64,USD,Ubfly,BIZSMART-BIZSMART,Privileged check-in,Included,Included,Included,Included,Included,Unknown,Unknown,Paid,Paid,Unknown,Unknown,Unknown,Unknown,Unknown,Unknown,Unknown,Yes,,,2026-07-28T05:48:37+00:00,success,0
GF,LHR,ISB,LON,GB,ISB,PK,2026-10-07,2026-10-10,Summer,Business,1,Bus-2,BUSINESS FLEX,Business Flex,+150.79 USD,2935.43,USD,Ubfly,BIZFLEX-BIZFLEX,Change with Penalty; Uninterrupted return (up to the last 12 hours); Privileged check-in,Included,Included,Included,Included,Included,Unknown,Unknown,Included,Unknown,Unknown,Unknown,Unknown,Unknown,Unknown,Unknown,Unknown,Yes,,,2026-07-28T05:48:37+00:00,success,0
GF,LHR,ISB,LON,GB,ISB,PK,2027-01-03,2027-01-06,Winter,Economy,0,Eco-1,ECOLITE,Economy Lite,0.00 USD,742.94,USD,Ubfly,ECOLITE-ECOLITE,,Included,Included,Unknown,Included,Unknown,Unknown,Unknown,Paid,Paid,Unknown,Unknown,Unknown,Unknown,Unknown,Unknown,Unknown,Yes,,,2026-07-28T05:48:37+00:00,success,0
GF,LHR,ISB,LON,GB,ISB,PK,2027-01-03,2027-01-06,Winter,Economy,1,Eco-2,ECOSMART,Economy Standard,+36.99 USD,779.93,USD,Ubfly,ECOSMART-ECOSMART,,Included,Included,Included,Included,Unknown,Unknown,Unknown,Paid,Paid,Unknown,Unknown,Unknown,Unknown,Unknown,Unknown,Unknown,Yes,75.0,,2026-07-28T05:48:37+00:00,success,0
GF,LHR,ISB,LON,GB,ISB,PK,2027-01-03,2027-01-06,Winter,Economy,2,Eco-3,ECOFLEX,Economy Flex,+98.36 USD,841.3,USD,Ubfly,ECOFLEX-ECOFLEX,,Included,Included,Included,Included,Unknown,Unknown,Unknown,Included,Included,Unknown,Unknown,Unknown,Unknown,Unknown,Unknown,Unknown,Yes,,,2026-07-28T05:48:37+00:00,success,0
GF,LHR,ISB,LON,GB,ISB,PK,2027-01-03,2027-01-06,Winter,Business,0,Bus-1,BIZSMART,Business Standard,0.00 USD,2784.64,USD,Ubfly,BIZSMART-BIZSMART,Privileged check-in,Included,Included,Included,Included,Included,Unknown,Unknown,Paid,Paid,Unknown,Unknown,Unknown,Unknown,Unknown,Unknown,Unknown,Yes,,,2026-07-28T05:48:37+00:00,success,0
GF,LHR,ISB,LON,GB,ISB,PK,2027-01-03,2027-01-06,Winter,Business,1,Bus-2,BUSINESS FLEX,Business Flex,+150.79 USD,2935.43,USD,Ubfly,BIZFLEX-BIZFLEX,Change with Penalty; Uninterrupted return (up to the last 12 hours); Privileged check-in,Included,Included,Included,Included,Included,Unknown,Unknown,Included,Unknown,Unknown,Unknown,Unknown,Unknown,Unknown,Unknown,Unknown,Yes,,,2026-07-28T05:48:37+00:00,success,0
EY,LHR,ISB,LON,GB,ISB,PK,2026-10-06,2026-10-09,Summer,Economy,0,Eco-1,YBASIC,Economy Basic,0.00 USD,602.07,USD,Ubfly,YBASIC-YBASIC,,Included,Not Included,Unknown,Included,Unknown,Unknown,Unknown,Not Included,Included,Unknown,Unknown,Unknown,Unknown,Unknown,Unknown,Unknown,Yes,5.0,,2026-07-28T05:48:37+00:00,success,0
EY,LHR,ISB,LON,GB,ISB,PK,2026-10-06,2026-10-09,Summer,Economy,1,Eco-2,YVALUE,Economy Basic,+24.58 USD,626.65,USD,Ubfly,YVALUE-YVALUE,,Included,Included,Unknown,Included,Unknown,Unknown,Unknown,Not Included,Paid,Unknown,Unknown,Unknown,Unknown,Unknown,Unknown,Unknown,Yes,35.0,,2026-07-28T05:48:37+00:00,success,0
EY,LHR,ISB,LON,GB,ISB,PK,2026-10-06,2026-10-09,Summer,Economy,2,Eco-3,YCOMFORT,Economy Comfort,+51.26 USD,653.33,USD,Ubfly,YCOMFORT-YCOMFORT,,Included,Included,Included,Included,Unknown,Unknown,Unknown,Paid,Paid,Unknown,Unknown,Unknown,Unknown,Unknown,Unknown,Unknown,Yes,75.0,,2026-07-28T05:48:37+00:00,success,0
EY,LHR,ISB,LON,GB,ISB,PK,2026-10-06,2026-10-09,Summer,Economy,3,Eco-4,YDELUXE,Economy — YDELUXE,+135.33 USD,737.4,USD,Ubfly,YDELUXE-YDELUXE,Change with Penalty; Uninterrupted return (up to the last 12 hours); Priority Access,Included,Included,Included,Included,Unknown,Unknown,Unknown,Included,Included,Unknown,Unknown,Unknown,Unknown,Unknown,Unknown,Unknown,Yes,,,2026-07-28T05:48:37+00:00,success,0
EY,LHR,ISB,LON,GB,ISB,PK,2026-10-06,2026-10-09,Summer,Business,0,Bus-1,JVALUE,Business Basic,0.00 USD,2255.23,USD,Ubfly,JVALUE-JVALUE,Priority Access,Included,Included,Unknown,Included,Unknown,Unknown,Unknown,Not Included,Paid,Unknown,Unknown,Unknown,Unknown,Unknown,Unknown,Unknown,Yes,100.0,,2026-07-28T05:48:37+00:00,success,0
EY,LHR,ISB,LON,GB,ISB,PK,2026-10-06,2026-10-09,Summer,Business,1,Bus-2,JCOMFORT,Business Comfort,+210.84 USD,2466.07,USD,Ubfly,JCOMFORT-JCOMFORT,Priority Access; ETIHAD UAE CHAUFFEUR(F),Included,Included,Included,Included,Included,Unknown,Unknown,Paid,Paid,Unknown,Unknown,Unknown,Unknown,Unknown,Unknown,Unknown,Yes,,,2026-07-28T05:48:37+00:00,success,0
EY,LHR,ISB,LON,GB,ISB,PK,2026-10-06,2026-10-09,Summer,Business,2,Bus-3,JDELUXE,Business — JDELUXE,+664.55 USD,2919.78,USD,Ubfly,JDELUXE-JDELUXE,Change with Penalty; Uninterrupted return (up to the last 12 hours); Priority Access; ETIHAD UAE CHAUFFEUR(F); ETIHAD GLOBAL CHAUFFEUR(F),Included,Included,Included,Included,Included,Unknown,Unknown,Included,Included,Unknown,Unknown,Unknown,Unknown,Unknown,Unknown,Unknown,Yes,,,2026-07-28T05:48:37+00:00,success,0
EY,LHR,ISB,LON,GB,ISB,PK,2027-01-02,2027-01-05,Winter,Economy,0,Eco-1,YBASIC,Economy Basic,0.00 USD,1166.54,USD,Ubfly,YBASIC-YBASIC,,Included,Not Included,Unknown,Included,Unknown,Unknown,Unknown,Not Included,Included,Unknown,Unknown,Unknown,Unknown,Unknown,Unknown,Unknown,Yes,5.0,,2026-07-28T05:48:37+00:00,success,0
EY,LHR,ISB,LON,GB,ISB,PK,2027-01-02,2027-01-05,Winter,Economy,1,Eco-2,YVALUE,Economy Basic,+29.91 USD,1196.45,USD,Ubfly,YVALUE-YVALUE,,Included,Included,Unknown,Included,Unknown,Unknown,Unknown,Not Included,Paid,Unknown,Unknown,Unknown,Unknown,Unknown,Unknown,Unknown,Yes,35.0,,2026-07-28T05:48:37+00:00,success,0
EY,LHR,ISB,LON,GB,ISB,PK,2027-01-02,2027-01-05,Winter,Economy,2,Eco-3,YCOMFORT,Economy Comfort,+64.62 USD,1231.16,USD,Ubfly,YCOMFORT-YCOMFORT,,Included,Included,Included,Included,Unknown,Unknown,Unknown,Paid,Paid,Unknown,Unknown,Unknown,Unknown,Unknown,Unknown,Unknown,Yes,75.0,,2026-07-28T05:48:37+00:00,success,0
EY,LHR,ISB,LON,GB,ISB,PK,2027-01-02,2027-01-05,Winter,Economy,3,Eco-4,YDELUXE,Economy — YDELUXE,+182.04 USD,1348.58,USD,Ubfly,YDELUXE-YDELUXE,Change with Penalty; Uninterrupted return (up to the last 12 hours); Priority Access,Included,Included,Included,Included,Unknown,Unknown,Unknown,Included,Included,Unknown,Unknown,Unknown,Unknown,Unknown,Unknown,Unknown,Yes,,,2026-07-28T05:48:37+00:00,success,0
EY,LHR,ISB,LON,GB,ISB,PK,2027-01-02,2027-01-05,Winter,Business,0,Bus-1,JVALUE,Business Basic,0.00 USD,4415.52,USD,Ubfly,JVALUE-JVALUE,Priority Access,Included,Included,Unknown,Included,Unknown,Unknown,Unknown,Not Included,Paid,Unknown,Unknown,Unknown,Unknown,Unknown,Unknown,Unknown,Yes,100.0,,2026-07-28T05:48:37+00:00,success,0
EY,LHR,ISB,LON,GB,ISB,PK,2027-01-02,2027-01-05,Winter,Business,1,Bus-2,JCOMFORT,Business Comfort,+285.59 USD,4701.11,USD,Ubfly,JCOMFORT-JCOMFORT,Priority Access; ETIHAD UAE CHAUFFEUR(F),Included,Included,Included,Included,Included,Unknown,Unknown,Paid,Paid,Unknown,Unknown,Unknown,Unknown,Unknown,Unknown,Unknown,Yes,,,2026-07-28T05:48:37+00:00,success,0
EY,LHR,ISB,LON,GB,ISB,PK,2027-01-02,2027-01-05,Winter,Business,2,Bus-3,JDELUXE,Business — JDELUXE,+580.49 USD,4996.01,USD,Ubfly,JDELUXE-JDELUXE,Priority Access; ETIHAD UAE CHAUFFEUR(F); ETIHAD GLOBAL CHAUFFEUR(F); Change with Penalty; Uninterrupted return (up to the last 12 hours),Included,Included,Included,Included,Included,Unknown,Unknown,Included,Included,Unknown,Unknown,Unknown,Unknown,Unknown,Unknown,Unknown,Yes,,,2026-07-28T05:48:37+00:00,success,0
QR,LHR,LHE,LON,GB,LHE,PK,2027-05-10,2027-05-13,Summer,Economy,0,Eco-1,ECONOMY CONVENIENCE,Economy — ECONOMY CONVENIENCE,0 USD,810.36,USD,Enuygun,bff_0,,Included,Included,Included,Included,Unknown,Unknown,Unknown,Paid,Paid,Unknown,Unknown,Unknown,Unknown,Unknown,Unknown,Unknown,Yes,75.0,,2026-07-28T05:48:37+00:00,success,0
QR,LHR,LHE,LON,GB,LHE,PK,2027-05-10,2027-05-13,Summer,Economy,1,Eco-2,ECONOMY COMFORT,Economy Comfort,+335.26 USD,1145.61,USD,Enuygun,bff_1,,Included,Included,Included,Included,Unknown,Unknown,Unknown,Paid,Paid,Unknown,Unknown,Unknown,Unknown,Unknown,Unknown,Unknown,Yes,100.0,,2026-07-28T05:48:37+00:00,success,0
QR,LHR,LHE,LON,GB,LHE,PK,2027-05-10,2027-05-13,Summer,Business,0,Bus-1,Business Comfort,Business Comfort,0 USD,4401.34,USD,Enuygun,bff_0,,Included,Included,Included,Included,Included,Unknown,Unknown,Paid,Paid,Unknown,Unknown,Unknown,Unknown,Unknown,Unknown,Unknown,,,,2026-07-28T05:48:37+00:00,success,0
QR,LHR,LHE,LON,GB,LHE,PK,2027-05-10,2027-05-13,Summer,Business,1,Bus-2,Business Elite,Business Lite,+740.77 USD,5142.12,USD,Enuygun,bff_1,,Included,Included,Included,Included,Included,Unknown,Unknown,Included,Included,Unknown,Unknown,Unknown,Unknown,Unknown,Unknown,Unknown,,,,2026-07-28T05:48:37+00:00,success,0
QR,LHR,LHE,LON,GB,LHE,PK,2026-11-15,2026-11-18,Winter,Economy,0,Eco-1,Economy Classic,Economy Standard,0 USD,759.59,USD,Enuygun,bff_0,,Included,Included,Unknown,Included,Unknown,Unknown,Unknown,Paid,Paid,Unknown,Unknown,Unknown,Unknown,Unknown,Unknown,Unknown,Yes,50.0,,2026-07-28T05:48:37+00:00,success,0
QR,LHR,LHE,LON,GB,LHE,PK,2026-11-15,2026-11-18,Winter,Economy,1,Eco-2,Economy Convenience,Economy — Economy Convenience,+128.79 USD,888.38,USD,Enuygun,bff_1,,Included,Included,Included,Included,Unknown,Unknown,Unknown,Paid,Paid,Unknown,Unknown,Unknown,Unknown,Unknown,Unknown,Unknown,Yes,75.0,,2026-07-28T05:48:37+00:00,success,0
QR,LHR,LHE,LON,GB,LHE,PK,2026-11-15,2026-11-18,Winter,Economy,2,Eco-3,Economy Comfort,Economy Comfort,+661.93 USD,1421.52,USD,Enuygun,bff_2,,Included,Included,Included,Included,Unknown,Unknown,Unknown,Included,Included,Unknown,Unknown,Unknown,Unknown,Unknown,Unknown,Unknown,Yes,100.0,,2026-07-28T05:48:37+00:00,success,0
QR,LHR,LHE,LON,GB,LHE,PK,2026-11-15,2026-11-18,Winter,Business,0,Bus-1,BUSINESS COMFORT,Business Comfort,0.00 USD,3666.8,USD,Ubfly,BCOMFORT-BCOMFORT,175 PCT QMILES ACCUMULATION(F),Included,Included,Included,Included,Included,Unknown,Unknown,Paid,Paid,Unknown,Unknown,Unknown,Unknown,Unknown,Unknown,Unknown,,,,2026-07-28T05:48:37+00:00,success,0
QR,LHR,LHE,LON,GB,LHE,PK,2026-11-15,2026-11-18,Winter,Business,1,Bus-2,BUSINESS ELITE,Business Lite,+675.22 USD,4342.02,USD,Ubfly,BELITE-BELITE,200 PCT QMILES ACCUMULATION(F); Uninterrupted return (up to the last 12 hours); Change with Penalty,Included,Included,Included,Included,Included,Unknown,Unknown,Included,Included,Unknown,Unknown,Unknown,Unknown,Unknown,Unknown,Unknown,,,,2026-07-28T05:48:37+00:00,success,0
SV,LHR,LHE,LON,GB,LHE,PK,2027-05-10,2027-05-13,Summer,Economy,0,Eco-1,Basic Eco,Economy Basic,0 USD,992.2,USD,Enuygun,bff_0,,Included,Included,Unknown,Unknown,Unknown,Unknown,Unknown,Paid,Paid,Unknown,Unknown,Unknown,Unknown,Unknown,Unknown,Unknown,Yes,35.0,,2026-07-28T05:48:37+00:00,success,0
SV,LHR,LHE,LON,GB,LHE,PK,2027-05-10,2027-05-13,Summer,Economy,1,Eco-2,Semi Flex Eco,Economy Basic,+41.93 USD,1034.13,USD,Enuygun,bff_1,,Included,Included,Unknown,Unknown,Unknown,Unknown,Unknown,Paid,Paid,Unknown,Unknown,Unknown,Unknown,Unknown,Unknown,Unknown,Yes,,,2026-07-28T05:48:37+00:00,success,0
SV,LHR,LHE,LON,GB,LHE,PK,2027-05-10,2027-05-13,Summer,Economy,2,Eco-3,Flex Eco,Economy Basic,+80.87 USD,1073.07,USD,Enuygun,bff_2,,Included,Included,Included,Unknown,Unknown,Unknown,Unknown,Included,Included,Unknown,Unknown,Unknown,Unknown,Unknown,Unknown,Unknown,Yes,,,2026-07-28T05:48:37+00:00,success,0
SV,LHR,LHE,LON,GB,LHE,PK,2027-05-10,2027-05-13,Summer,Business,0,Bus-1,BASIC BUS,Business Basic,0.00 USD,4343.52,USD,Ubfly,NBASICB-NBASICB,Priority Services; Business/First Class: 2 free bags,Included,Included,Included,Unknown,Unknown,Unknown,Unknown,Unknown,Unknown,Unknown,Unknown,Unknown,Unknown,Unknown,Unknown,Unknown,Yes,175.0,,2026-07-28T05:48:37+00:00,success,0
SV,LHR,LHE,LON,GB,LHE,PK,2027-05-10,2027-05-13,Summer,Business,1,Bus-2,SEMI FLEX BUS,Business Flex,+78.73 USD,4422.25,USD,Ubfly,NSEMIFLEXB-NSEMIFLEXB,Priority Services; Business/First Class: 2 free bags,Included,Included,Included,Unknown,Unknown,Unknown,Unknown,Unknown,Unknown,Unknown,Unknown,Unknown,Unknown,Unknown,Unknown,Unknown,Yes,225.0,,2026-07-28T05:48:37+00:00,success,0
SV,LHR,LHE,LON,GB,LHE,PK,2027-05-10,2027-05-13,Summer,Business,2,Bus-3,FLEX BUS,Business Flex,+156.13 USD,4499.65,USD,Ubfly,NFLEXB-NFLEXB,Priority Services; Change without penalty; Uninterrupted return (up to the last 12 hours); Business/First Class: 2 free bags,Included,Included,Included,Unknown,Unknown,Unknown,Unknown,Unknown,Unknown,Unknown,Unknown,Unknown,Unknown,Unknown,Unknown,Unknown,Yes,,,2026-07-28T05:48:37+00:00,success,0
SV,LHR,LHE,LON,GB,LHE,PK,2026-11-15,2026-11-18,Winter,Economy,0,Eco-1,Basic Eco,Economy Basic,0 USD,871.78,USD,Enuygun,bff_0,,Included,Included,Unknown,Unknown,Unknown,Unknown,Unknown,Paid,Paid,Unknown,Unknown,Unknown,Unknown,Unknown,Unknown,Unknown,Yes,35.0,,2026-07-28T05:48:37+00:00,success,0
SV,LHR,LHE,LON,GB,LHE,PK,2026-11-15,2026-11-18,Winter,Economy,1,Eco-2,Semi Flex Eco,Economy Basic,+44.93 USD,916.71,USD,Enuygun,bff_1,,Included,Included,Unknown,Unknown,Unknown,Unknown,Unknown,Paid,Paid,Unknown,Unknown,Unknown,Unknown,Unknown,Unknown,Unknown,Yes,,,2026-07-28T05:48:37+00:00,success,0
SV,LHR,LHE,LON,GB,LHE,PK,2026-11-15,2026-11-18,Winter,Economy,2,Eco-3,Flex Eco,Economy Basic,+83.86 USD,955.65,USD,Enuygun,bff_2,,Included,Included,Included,Unknown,Unknown,Unknown,Unknown,Included,Included,Unknown,Unknown,Unknown,Unknown,Unknown,Unknown,Unknown,Yes,,,2026-07-28T05:48:37+00:00,success,0
SV,LHR,LHE,LON,GB,LHE,PK,2026-11-15,2026-11-18,Winter,Business,0,Bus-1,Basic Bus,Business Basic,0 USD,3014.45,USD,Enuygun,bff_0,,Included,Included,Included,Unknown,Unknown,Unknown,Unknown,Paid,Paid,Unknown,Unknown,Unknown,Unknown,Unknown,Unknown,Unknown,Yes,175.0,,2026-07-28T05:48:37+00:00,success,0
SV,LHR,LHE,LON,GB,LHE,PK,2026-11-15,2026-11-18,Winter,Business,1,Bus-2,Semi Flex Bus,Business Flex,+23.96 USD,3038.42,USD,Enuygun,bff_1,,Included,Included,Included,Unknown,Unknown,Unknown,Unknown,Paid,Paid,Unknown,Unknown,Unknown,Unknown,Unknown,Unknown,Unknown,Yes,225.0,,2026-07-28T05:48:37+00:00,success,0
SV,LHR,LHE,LON,GB,LHE,PK,2026-11-15,2026-11-18,Winter,Business,2,Bus-3,Flex Bus,Business Flex,+44.93 USD,3059.38,USD,Enuygun,bff_2,,Included,Included,Included,Unknown,Unknown,Unknown,Unknown,Included,Included,Unknown,Unknown,Unknown,Unknown,Unknown,Unknown,Unknown,Yes,,,2026-07-28T05:48:37+00:00,success,0
EK,LHR,LHE,LON,GB,LHE,PK,2027-05-10,2027-05-13,Summer,Economy,0,Eco-1,Economy Flex,Economy Flex,0.00 USD,906.11,USD,Ubfly,YS-4feb16c1a582417387502bbdd9eff6e2,Non-exchangeable.; • Hot and cold refreshments; • ICE entertainment; Economy Cabin,Included,Included,Included,Included,Unknown,Unknown,Unknown,Included,Paid,Unknown,Unknown,Unknown,Included,Unknown,Unknown,Unknown,Yes,2813.0,,2026-07-28T05:48:37+00:00,success,0
EK,LHR,LHE,LON,GB,LHE,PK,2027-05-10,2027-05-13,Summer,Economy,1,Eco-2,Economy Flex Plus,Economy Comfort,+457.70 USD,1363.81,USD,Ubfly,YF-6873c77bffeb4034b9d8fa57cb58d57b,Non-exchangeable.; • Hot and cold refreshments; • ICE entertainment; Economy Cabin,Included,Included,Included,Included,Unknown,Unknown,Unknown,Included,Included,Unknown,Unknown,Unknown,Included,Unknown,Unknown,Unknown,Yes,3750.0,,2026-07-28T05:48:37+00:00,success,0
EK,LHR,LHE,LON,GB,LHE,PK,2027-05-10,2027-05-13,Summer,Business,0,Bus-1,BSSAVER,Business Basic,0.00 USD,2689.53,USD,Ubfly,BSSAVER-BSSAVER,Premium check-in; Soft drink; In-flight entertainment; Chauffeur Drive; Internet Access,Included,Included,Included,Included,Included,Included,Included,Paid,Paid,Unknown,Unknown,Unknown,Unknown,Unknown,Unknown,Unknown,Yes,,,2026-07-28T05:48:37+00:00,success,0
EK,LHR,LHE,LON,GB,LHE,PK,2027-05-10,2027-05-13,Summer,Business,1,Bus-2,BSFLEX,Business Flex,+548.45 USD,3237.98,USD,Ubfly,BSFLEX-BSFLEX,Premium check-in; Soft drink; In-flight entertainment; Chauffeur Drive; Internet Access,Included,Included,Included,Included,Included,Included,Included,Paid,Paid,Unknown,Unknown,Unknown,Unknown,Unknown,Unknown,Unknown,Yes,175.0,,2026-07-28T05:48:37+00:00,success,0
EK,LHR,LHE,LON,GB,LHE,PK,2027-05-10,2027-05-13,Summer,Business,2,Bus-3,BSFLXPLUS,Business Comfort,"+1,644.01 USD",4333.54,USD,Ubfly,BSFLXPLUS-BSFLXPLUS,Premium check-in; Soft drink; In-flight entertainment; Chauffeur Drive; Internet Access; Uninterrupted return (up to the last 12 hours); Change with Penalty,Included,Included,Included,Included,Included,Included,Included,Included,Included,Unknown,Unknown,Unknown,Unknown,Unknown,Unknown,Unknown,Yes,190.0,,2026-07-28T05:48:37+00:00,success,0
EK,LHR,LHE,LON,GB,LHE,PK,2027-05-10,2027-05-13,Summer,Premium Economy,0,PEco-1,Premium Economy FlexPlus,Premium Economy Comfort,+864.21 USD,1770.32,USD,Ubfly,WF-8aac009b25544ba6a44dfc6f5f960a3f,Non-exchangeable.; • Hot and cold refreshments; • ICE entertainment; • Exclusive Premium Economy Class dining; Premium Economy Cabin,Included,Included,Included,Unknown,Unknown,Unknown,Unknown,Included,Unknown,Unknown,Unknown,Unknown,Included,Unknown,Unknown,Unknown,Yes,4125.0,,2026-07-28T05:48:37+00:00,success,0
EK,LHR,LHE,LON,GB,LHE,PK,2026-11-15,2026-11-18,Winter,Economy,0,Eco-1,ECOFLEX,Economy Flex,0.00 USD,893.44,USD,Ubfly,ECOFLEX-ECOFLEX,Soft drink; In-flight entertainment,Included,Included,Unknown,Included,Unknown,Unknown,Unknown,Unknown,Unknown,Unknown,Unknown,Unknown,Unknown,Unknown,Unknown,Unknown,Yes,70.0,,2026-07-28T05:48:37+00:00,success,0
EK,LHR,LHE,LON,GB,LHE,PK,2026-11-15,2026-11-18,Winter,Economy,1,Eco-2,ECOFLXPLUS,Economy Comfort,+457.70 USD,1351.14,USD,Ubfly,ECOFLXPLUS-ECOFLXPLUS,Soft drink; In-flight entertainment; Uninterrupted return (up to the last 12 hours); Change with Penalty,Included,Included,Unknown,Included,Unknown,Unknown,Unknown,Unknown,Unknown,Unknown,Unknown,Unknown,Unknown,Unknown,Unknown,Unknown,Yes,100.0,,2026-07-28T05:48:37+00:00,success,0
EK,LHR,LHE,LON,GB,LHE,PK,2026-11-15,2026-11-18,Winter,Economy,2,Eco-3,PYFLXPLUS,Economy Comfort,+858.04 USD,1751.48,USD,Ubfly,PYFLXPLUS-PYFLXPLUS,Soft drink; In-flight entertainment; Uninterrupted return (up to the last 12 hours); Change with Penalty,Included,Included,Included,Included,Unknown,Unknown,Unknown,Unknown,Unknown,Unknown,Unknown,Unknown,Unknown,Unknown,Unknown,Unknown,Yes,,,2026-07-28T05:48:37+00:00,success,0
EK,LHR,LHE,LON,GB,LHE,PK,2026-11-15,2026-11-18,Winter,Business,0,Bus-1,BSSAVER,Business Basic,0.00 USD,2678.92,USD,Ubfly,BSSAVER-BSSAVER,Premium check-in; Soft drink; In-flight entertainment; Chauffeur Drive; Internet Access,Included,Included,Included,Included,Included,Included,Included,Not Included,Paid,Unknown,Unknown,Unknown,Unknown,Unknown,Unknown,Unknown,Yes,,,2026-07-28T05:48:37+00:00,success,0
EK,LHR,LHE,LON,GB,LHE,PK,2026-11-15,2026-11-18,Winter,Business,1,Bus-2,BSFLEX,Business Flex,+548.45 USD,3227.37,USD,Ubfly,BSFLEX-BSFLEX,Premium check-in; Soft drink; In-flight entertainment; Chauffeur Drive; Internet Access,Included,Included,Included,Included,Included,Included,Included,Paid,Paid,Unknown,Unknown,Unknown,Unknown,Unknown,Unknown,Unknown,Yes,175.0,,2026-07-28T05:48:37+00:00,success,0
EK,LHR,LHE,LON,GB,LHE,PK,2026-11-15,2026-11-18,Winter,Business,2,Bus-3,BSFLXPLUS,Business Comfort,"+1,644.01 USD",4322.93,USD,Ubfly,BSFLXPLUS-BSFLXPLUS,Premium check-in; Soft drink; In-flight entertainment; Chauffeur Drive; Internet Access; Uninterrupted return (up to the last 12 hours); Change with Penalty,Included,Included,Included,Included,Included,Included,Included,Included,Included,Unknown,Unknown,Unknown,Unknown,Unknown,Unknown,Unknown,Yes,190.0,,2026-07-28T05:48:37+00:00,success,0
TK,LHR,LHE,LON,GB,LHE,PK,2027-05-10,2027-05-13,Summer,Economy,0,Eco-1,ECOFLY,Economy Basic,0.00 USD,753.86,USD,Ubfly,CL-2357006fea4141279615487c20f0718c,Online Message Verification,Included,Included,Unknown,Included,Unknown,Unknown,Unknown,Included,Paid,Unknown,Unknown,Unknown,Unknown,Unknown,Unknown,Unknown,,,,2026-07-28T05:48:37+00:00,success,0
TK,LHR,LHE,LON,GB,LHE,PK,2027-05-10,2027-05-13,Summer,Economy,1,Eco-2,EXTRAFLY,Economy Standard,+28.28 USD,782.14,USD,Ubfly,LG-9c92809a21dc479898c0a84a3e5e142d,Online Message Verification,Included,Included,Unknown,Included,Unknown,Unknown,Unknown,Paid,Paid,Unknown,Unknown,Unknown,Unknown,Unknown,Unknown,Unknown,,,,2026-07-28T05:48:37+00:00,success,0
TK,LHR,LHE,LON,GB,LHE,PK,2027-05-10,2027-05-13,Summer,Economy,2,Eco-3,FLEXFLY,Economy Flex,+58.03 USD,811.89,USD,Ubfly,GN-f11c14e796ca402fa12b4624ac0d2885,Online Message Verification,Included,Included,Included,Included,Unknown,Unknown,Unknown,Paid,Included,Unknown,Unknown,Unknown,Unknown,Unknown,Unknown,Unknown,Yes,15.0,,2026-07-28T05:48:37+00:00,success,0
TK,LHR,LHE,LON,GB,LHE,PK,2027-05-10,2027-05-13,Summer,Economy,3,Eco-4,Flexible,Economy Flex,+127.30 USD,881.16,USD,Ubfly,FL-b9073d99966b4e7ab97bbdf8279585e6,Online Message Verification,Included,Included,Included,Included,Unknown,Unknown,Included,Included,Included,Unknown,Unknown,Paid,Unknown,Unknown,Unknown,Unknown,Yes,30.0,,2026-07-28T05:48:37+00:00,success,0
TK,LHR,LHE,LON,GB,LHE,PK,2027-05-10,2027-05-13,Summer,Business,0,Bus-1,Business Fly,Business — Business Fly,0 USD,3437.33,USD,Enuygun,bff_0,priority_check_in: Öncelikli Check-in,Included,Included,Included,Unknown,Included,Included,Included,Paid,Paid,Unknown,Unknown,Unknown,Unknown,Unknown,Unknown,Unknown,,,,2026-07-28T05:48:37+00:00,success,0
TK,LHR,LHE,LON,GB,LHE,PK,2027-05-10,2027-05-13,Summer,Business,1,Bus-2,Business Prime,Business Premium,+219.6 USD,3656.94,USD,Enuygun,bff_1,priority_check_in: Öncelikli Check-in,Included,Included,Included,Unknown,Included,Included,Included,Included,Included,Unknown,Unknown,Paid,Unknown,Unknown,Unknown,Unknown,Yes,30.0,,2026-07-28T05:48:37+00:00,success,0
TK,LHR,LHE,LON,GB,LHE,PK,2026-11-15,2026-11-18,Winter,Economy,0,Eco-1,Eco Fly,Economy Basic,0 USD,1287.23,USD,Enuygun,bff_0,,Included,Included,Unknown,Included,Unknown,Unknown,Unknown,Included,Paid,Unknown,Unknown,Unknown,Unknown,Unknown,Unknown,Unknown,,,,2026-07-28T05:48:37+00:00,success,0
TK,LHR,LHE,LON,GB,LHE,PK,2026-11-15,2026-11-18,Winter,Economy,1,Eco-2,Extra Fly,Economy — Extra Fly,+29.28 USD,1316.51,USD,Enuygun,bff_1,,Included,Included,Unknown,Included,Unknown,Unknown,Unknown,Paid,Paid,Unknown,Unknown,Unknown,Unknown,Unknown,Unknown,Unknown,,,,2026-07-28T05:48:37+00:00,success,0
TK,LHR,LHE,LON,GB,LHE,PK,2026-11-15,2026-11-18,Winter,Economy,2,Eco-3,Flex Fly,Economy Flex,+69.2 USD,1356.43,USD,Enuygun,bff_2,,Included,Included,Included,Included,Unknown,Unknown,Unknown,Paid,Included,Unknown,Unknown,Unknown,Unknown,Unknown,Unknown,Unknown,Yes,15.0,,2026-07-28T05:48:37+00:00,success,0
TK,LHR,LHE,LON,GB,LHE,PK,2026-11-15,2026-11-18,Winter,Economy,3,Eco-4,Prime Fly,Economy Premium,+142.38 USD,1429.61,USD,Enuygun,bff_3,,Included,Included,Included,Included,Unknown,Unknown,Included,Included,Included,Unknown,Unknown,Paid,Unknown,Unknown,Unknown,Unknown,Yes,30.0,,2026-07-28T05:48:37+00:00,success,0
TK,LHR,LHE,LON,GB,LHE,PK,2026-11-15,2026-11-18,Winter,Business,0,Bus-1,BUSINESS FLY,Business — BUSINESS FLY,0.00 USD,4164.48,USD,Ubfly,BF-0ece386905ef4a63ae82d81ef99ae14d,Internet Package; Priority Check-In,Included,Included,Included,Unknown,Included,Included,Included,Paid,Paid,Unknown,Unknown,Unknown,Unknown,Unknown,Unknown,Unknown,,,,2026-07-28T05:48:37+00:00,success,0
TK,LHR,LHE,LON,GB,LHE,PK,2026-11-15,2026-11-18,Winter,Business,1,Bus-2,BUSINESS PRIME,Business Premium,+200.17 USD,4364.65,USD,Ubfly,BL-c524e9f8fc444221a0789f5466d0e98f,Internet Package; Priority Check-In,Included,Included,Included,Unknown,Included,Included,Included,Included,Included,Unknown,Unknown,Paid,Unknown,Unknown,Unknown,Unknown,Yes,30.0,,2026-07-28T05:48:37+00:00,success,0
BA,LGW,ISB,LON,GB,ISB,PK,2027-05-02,2027-05-05,Summer,Business,0,Bus-1,Business Promo,Business Basic,0 USD,3169.11,USD,Enuygun,bff_0,priority_check_in: Öncelikli Check-in,Included,Included,Unknown,Included,Included,Unknown,Unknown,Not Included,Paid,Unknown,Unknown,Unknown,Unknown,Unknown,Unknown,Unknown,,,,2026-07-28T05:48:37+00:00,success,0
BA,LGW,ISB,LON,GB,ISB,PK,2027-05-02,2027-05-05,Summer,Business,1,Bus-2,Business Select,Business — Business Select,+660.36 USD,3829.47,USD,Enuygun,bff_1,priority_check_in: Öncelikli Check-in,Included,Included,Unknown,Included,Included,Unknown,Unknown,Not Included,Paid,Unknown,Unknown,Unknown,Unknown,Unknown,Unknown,Unknown,,,,2026-07-28T05:48:37+00:00,success,0
BA,LGW,ISB,LON,GB,ISB,PK,2027-05-02,2027-05-05,Summer,Business,2,Bus-3,Business Select Pro,Business — Business Select Pro,+1142.58 USD,4311.7,USD,Enuygun,bff_2,priority_check_in: Öncelikli Check-in,Included,Included,Unknown,Included,Included,Unknown,Unknown,Not Included,Included,Unknown,Unknown,Unknown,Unknown,Unknown,Unknown,Unknown,,,,2026-07-28T05:48:37+00:00,success,0
BA,LGW,ISB,LON,GB,ISB,PK,2027-05-02,2027-05-05,Summer,Business,3,Bus-4,Business Fully Flex,Business Flex,+3451 USD,6620.11,USD,Enuygun,bff_3,priority_check_in: Öncelikli Check-in,Included,Included,Unknown,Included,Included,Unknown,Unknown,Included,Included,Unknown,Unknown,Unknown,Unknown,Unknown,Unknown,Unknown,,,,2026-07-28T05:48:37+00:00,success,0
BA,LGW,ISB,LON,GB,ISB,PK,2027-05-02,2027-05-05,Summer,Economy,0,Eco-1,ECONOMY CONVENIENCE,Economy — ECONOMY CONVENIENCE,0.00 USD,1025.12,USD,Ubfly,ECONVENIEN-ECONVENIEN-ECONVENIEN,,Included,Included,Included,Included,Unknown,Unknown,Unknown,Unknown,Unknown,Unknown,Unknown,Unknown,Unknown,Unknown,Unknown,Unknown,Yes,75.0,,2026-07-28T05:48:37+00:00,success,0
BA,LGW,ISB,LON,GB,ISB,PK,2027-05-02,2027-05-05,Summer,Economy,1,Eco-2,ECONOMY COMFORT,Economy Comfort,+419.59 USD,1444.71,USD,Ubfly,ECOMFORT-ECOMFORT-ECOMFORT,Uninterrupted return (up to the last 12 hours); Change with Penalty,Included,Included,Included,Included,Unknown,Unknown,Unknown,Unknown,Unknown,Unknown,Unknown,Unknown,Unknown,Unknown,Unknown,Unknown,Yes,100.0,,2026-07-28T05:48:37+00:00,success,0
BA,LGW,ISB,LON,GB,ISB,PK,2027-03-15,2027-03-18,Winter,Business,0,Bus-1,Business Promo,Business Basic,0 USD,3155.41,USD,Enuygun,bff_0,priority_check_in: Öncelikli Check-in,Included,Included,Unknown,Included,Included,Unknown,Unknown,Not Included,Paid,Unknown,Unknown,Unknown,Unknown,Unknown,Unknown,Unknown,,,,2026-07-28T05:48:37+00:00,success,0
BA,LGW,ISB,LON,GB,ISB,PK,2027-03-15,2027-03-18,Winter,Business,1,Bus-2,Business Select,Business — Business Select,+660.36 USD,3815.78,USD,Enuygun,bff_1,priority_check_in: Öncelikli Check-in,Included,Included,Unknown,Included,Included,Unknown,Unknown,Not Included,Paid,Unknown,Unknown,Unknown,Unknown,Unknown,Unknown,Unknown,,,,2026-07-28T05:48:37+00:00,success,0
BA,LGW,ISB,LON,GB,ISB,PK,2027-03-15,2027-03-18,Winter,Business,2,Bus-3,Business Select Pro,Business — Business Select Pro,+1142.58 USD,4298.0,USD,Enuygun,bff_2,priority_check_in: Öncelikli Check-in,Included,Included,Unknown,Included,Included,Unknown,Unknown,Not Included,Included,Unknown,Unknown,Unknown,Unknown,Unknown,Unknown,Unknown,,,,2026-07-28T05:48:37+00:00,success,0
BA,LGW,ISB,LON,GB,ISB,PK,2027-03-15,2027-03-18,Winter,Business,3,Bus-4,Business Fully Flex,Business Flex,+3343.17 USD,6498.59,USD,Enuygun,bff_3,priority_check_in: Öncelikli Check-in,Included,Included,Unknown,Included,Included,Unknown,Unknown,Included,Included,Unknown,Unknown,Unknown,Unknown,Unknown,Unknown,Unknown,,,,2026-07-28T05:48:37+00:00,success,0
BA,LGW,ISB,LON,GB,ISB,PK,2027-03-15,2027-03-18,Winter,Economy,0,Eco-1,ECONOMY CLASSIC,Economy Standard,0.00 USD,846.44,USD,Ubfly,ECLASSIC-ECLASSIC-ECLASSIC,,Included,Included,Unknown,Included,Unknown,Unknown,Unknown,Unknown,Unknown,Unknown,Unknown,Unknown,Unknown,Unknown,Unknown,Unknown,Yes,50.0,,2026-07-28T05:48:37+00:00,success,0
BA,LGW,ISB,LON,GB,ISB,PK,2027-03-15,2027-03-18,Winter,Economy,1,Eco-2,ECONOMY CONVENIENCE,Economy — ECONOMY CONVENIENCE,+52.79 USD,899.23,USD,Ubfly,ECONVENIEN-ECONVENIEN-ECONVENIEN,,Included,Included,Included,Included,Unknown,Unknown,Unknown,Unknown,Unknown,Unknown,Unknown,Unknown,Unknown,Unknown,Unknown,Unknown,Yes,75.0,,2026-07-28T05:48:37+00:00,success,0
BA,LGW,ISB,LON,GB,ISB,PK,2027-03-15,2027-03-18,Winter,Economy,2,Eco-3,ECONOMY COMFORT,Economy Comfort,+559.14 USD,1405.58,USD,Ubfly,ECOMFORT-ECOMFORT-ECOMFORT,Uninterrupted return (up to the last 12 hours); Change with Penalty,Included,Included,Included,Included,Unknown,Unknown,Unknown,Unknown,Unknown,Unknown,Unknown,Unknown,Unknown,Unknown,Unknown,Unknown,Yes,100.0,,2026-07-28T05:48:37+00:00,success,0
TK,LGW,ISB,LON,GB,ISB,PK,2027-05-02,2027-05-05,Summer,Economy,0,Eco-1,Eco Fly,Economy Basic,0 USD,732.98,USD,Enuygun,bff_0,,Included,Included,Unknown,Included,Unknown,Unknown,Unknown,Included,Paid,Unknown,Unknown,Unknown,Unknown,Unknown,Unknown,Unknown,,,,2026-07-28T05:48:37+00:00,success,0
TK,LGW,ISB,LON,GB,ISB,PK,2027-05-02,2027-05-05,Summer,Economy,1,Eco-2,Extra Fly,Economy — Extra Fly,+29.28 USD,762.25,USD,Enuygun,bff_1,,Included,Included,Unknown,Included,Unknown,Unknown,Unknown,Paid,Paid,Unknown,Unknown,Unknown,Unknown,Unknown,Unknown,Unknown,,,,2026-07-28T05:48:37+00:00,success,0
TK,LGW,ISB,LON,GB,ISB,PK,2027-05-02,2027-05-05,Summer,Economy,2,Eco-3,Flex Fly,Economy Flex,+63.88 USD,796.85,USD,Enuygun,bff_2,,Included,Included,Included,Included,Unknown,Unknown,Unknown,Paid,Included,Unknown,Unknown,Unknown,Unknown,Unknown,Unknown,Unknown,Yes,15.0,,2026-07-28T05:48:37+00:00,success,0
TK,LGW,ISB,LON,GB,ISB,PK,2027-05-02,2027-05-05,Summer,Economy,3,Eco-4,Prime Fly,Economy Premium,+137.06 USD,870.04,USD,Enuygun,bff_3,,Included,Included,Included,Included,Unknown,Unknown,Included,Included,Included,Unknown,Unknown,Paid,Unknown,Unknown,Unknown,Unknown,Yes,30.0,,2026-07-28T05:48:37+00:00,success,0
TK,LGW,ISB,LON,GB,ISB,PK,2027-05-02,2027-05-05,Summer,Business,0,Bus-1,BUSINESS FLY,Business — BUSINESS FLY,0.00 USD,3171.21,USD,Ubfly,BF-7cfe55c556e2478d8b2bfd692b86aa2e,Internet Package; Priority Check-In,Included,Included,Included,Unknown,Included,Included,Included,Paid,Paid,Unknown,Unknown,Unknown,Unknown,Unknown,Unknown,Unknown,,,,2026-07-28T05:48:37+00:00,success,0
TK,LGW,ISB,LON,GB,ISB,PK,2027-05-02,2027-05-05,Summer,Business,1,Bus-2,BUSINESS PRIME,Business Premium,+200.17 USD,3371.38,USD,Ubfly,BL-0d37c9470e3548d9a0bfdbf0a0a440a8,Internet Package; Priority Check-In,Included,Included,Included,Unknown,Included,Included,Included,Included,Included,Unknown,Unknown,Paid,Unknown,Unknown,Unknown,Unknown,Yes,30.0,,2026-07-28T05:48:37+00:00,success,0
TK,LGW,ISB,LON,GB,ISB,PK,2027-03-15,2027-03-18,Winter,Economy,0,Eco-1,ECOFLY,Economy Basic,0.00 USD,1202.0,USD,Ubfly,CL-e2325f51610f4edfb692bd9368197fea,Online Message Verification,Included,Included,Unknown,Included,Unknown,Unknown,Unknown,Included,Paid,Unknown,Unknown,Unknown,Unknown,Unknown,Unknown,Unknown,,,,2026-07-28T05:48:37+00:00,success,0
TK,LGW,ISB,LON,GB,ISB,PK,2027-03-15,2027-03-18,Winter,Economy,1,Eco-2,EXTRAFLY,Economy Standard,+28.28 USD,1230.28,USD,Ubfly,LG-3ba72659b63e46a1812672785405e31b,Online Message Verification,Included,Included,Unknown,Included,Unknown,Unknown,Unknown,Paid,Paid,Unknown,Unknown,Unknown,Unknown,Unknown,Unknown,Unknown,,,,2026-07-28T05:48:37+00:00,success,0
TK,LGW,ISB,LON,GB,ISB,PK,2027-03-15,2027-03-18,Winter,Economy,2,Eco-3,FLEXFLY,Economy Flex,+58.03 USD,1260.03,USD,Ubfly,GN-cc3d3164137e4fb48565792792fda7ec,Online Message Verification,Included,Included,Included,Included,Unknown,Unknown,Unknown,Paid,Included,Unknown,Unknown,Unknown,Unknown,Unknown,Unknown,Unknown,Yes,15.0,,2026-07-28T05:48:37+00:00,success,0
TK,LGW,ISB,LON,GB,ISB,PK,2027-03-15,2027-03-18,Winter,Economy,3,Eco-4,Flexible,Economy Flex,+127.30 USD,1329.3,USD,Ubfly,FL-09acd29323954f0db910b20db76ebdf2,Online Message Verification,Included,Included,Included,Included,Unknown,Unknown,Included,Included,Included,Unknown,Unknown,Paid,Unknown,Unknown,Unknown,Unknown,Yes,30.0,,2026-07-28T05:48:37+00:00,success,0
TK,LGW,ISB,LON,GB,ISB,PK,2027-03-15,2027-03-18,Winter,Business,0,Bus-1,Business Fly,Business — Business Fly,0 USD,4095.29,USD,Enuygun,bff_0,priority_check_in: Öncelikli Check-in,Included,Included,Included,Unknown,Included,Included,Included,Paid,Paid,Unknown,Unknown,Unknown,Unknown,Unknown,Unknown,Unknown,,,,2026-07-28T05:48:37+00:00,success,0
TK,LGW,ISB,LON,GB,ISB,PK,2027-03-15,2027-03-18,Winter,Business,1,Bus-2,Business Prime,Business Premium,+219.6 USD,4314.89,USD,Enuygun,bff_1,priority_check_in: Öncelikli Check-in,Included,Included,Included,Unknown,Included,Included,Included,Included,Included,Unknown,Unknown,Paid,Unknown,Unknown,Unknown,Unknown,Yes,30.0,,2026-07-28T05:48:37+00:00,success,0
QR,LGW,ISB,LON,GB,ISB,PK,2027-05-02,2027-05-05,Summer,Economy,0,Eco-1,ECONOMY BASIC,Economy Basic,0.00 USD,723.42,USD,Ubfly,BAG-BAG,Personal Item: 40 x 30 x 15 cm; 1 Piece Luggage (23 Kg); 2ND BAG MAX 23KG 51LB 208LCM(F),Included,Included,Unknown,Included,Unknown,Unknown,Unknown,Unknown,Unknown,Unknown,Unknown,Unknown,Unknown,Unknown,Unknown,Unknown,,,,2026-07-28T05:48:37+00:00,partial,0
QR,LGW,ISB,LON,GB,ISB,PK,2027-05-02,2027-05-05,Summer,Economy,1,Eco-2,PLUS SELECT,Economy Comfort,+179.40 USD,902.82,USD,Ubfly,ECONSEL-ECONSEL,Personal Item: 40 x 30 x 15 cm; 1 Piece Luggage (23 Kg); 2ND BAG MAX 23KG 51LB 208LCM(F); Change without penalty before flight,Included,Included,Unknown,Included,Unknown,Unknown,Unknown,Unknown,Included,Unknown,Unknown,Unknown,Unknown,Unknown,Unknown,Unknown,,,,2026-07-28T05:48:37+00:00,partial,0
QR,LGW,ISB,LON,GB,ISB,PK,2027-05-02,2027-05-05,Summer,Economy,2,Eco-3,ECONPRO,Economy — ECONPRO,+310.17 USD,1033.59,USD,Ubfly,ECONPRO-ECONPRO,Personal Item: 40 x 30 x 15 cm; 1 Piece Luggage (23 Kg); 2ND BAG MAX 23KG 51LB 208LCM(F); Change without penalty before flight,Included,Included,Included,Included,Unknown,Unknown,Unknown,Included,Included,Unknown,Unknown,Unknown,Unknown,Unknown,Unknown,Unknown,,,,2026-07-28T05:48:37+00:00,partial,0
QR,LGW,ISB,LON,GB,ISB,PK,2027-05-02,2027-05-05,Summer,Economy,3,Eco-4,PLUS FLEX,Economy Comfort,"+1,697.99 USD",2421.41,USD,Ubfly,ECONFLEX-ECONFLEX,Personal Item: 40 x 30 x 15 cm; 1 Piece Luggage (23 Kg); 2ND BAG MAX 23KG 51LB 208LCM(F); Change without penalty before flight,Included,Included,Included,Included,Unknown,Unknown,Unknown,Included,Included,Unknown,Unknown,Unknown,Unknown,Unknown,Unknown,Unknown,,,,2026-07-28T05:48:37+00:00,partial,0
QR,LGW,ISB,LON,GB,ISB,PK,2027-05-02,2027-05-05,Summer,Business,0,Bus-1,BIZPROMO,Business Basic,0.00 USD,3261.51,USD,Ubfly,BIZPROMO-BIZPROMO,Personal Item: 40 x 30 x 15 cm; Dedicated check-in area,Included,Included,Unknown,Included,Included,Unknown,Included,Unknown,Unknown,Unknown,Unknown,Unknown,Unknown,Unknown,Unknown,Unknown,,,,2026-07-28T05:48:37+00:00,partial,0
QR,LGW,ISB,LON,GB,ISB,PK,2027-05-02,2027-05-05,Summer,Business,1,Bus-2,BUSINESS PLUS SELECT,Business Comfort,+607.16 USD,3868.67,USD,Ubfly,BIZSEL-BIZSEL,Personal Item: 40 x 30 x 15 cm; Dedicated check-in area,Included,Included,Included,Included,Included,Unknown,Included,Unknown,Unknown,Unknown,Unknown,Unknown,Unknown,Unknown,Unknown,Unknown,,,,2026-07-28T05:48:37+00:00,partial,0
QR,LGW,ISB,LON,GB,ISB,PK,2027-05-02,2027-05-05,Summer,Business,2,Bus-3,BIZPRO,Business — BIZPRO,"+1,084.90 USD",4346.41,USD,Ubfly,BIZPRO-BIZPRO,Personal Item: 40 x 30 x 15 cm; Dedicated check-in area; Change without penalty before flight,Included,Included,Included,Included,Included,Unknown,Included,Included,Included,Unknown,Unknown,Unknown,Unknown,Unknown,Unknown,Unknown,,,,2026-07-28T05:48:37+00:00,partial,0
QR,LGW,ISB,LON,GB,ISB,PK,2027-05-02,2027-05-05,Summer,Business,3,Bus-4,BUSINESS FLEX,Business Flex,"+3,242.69 USD",6504.2,USD,Ubfly,BIZFLEX-BIZFLEX,Personal Item: 40 x 30 x 15 cm; Dedicated check-in area; Change without penalty before flight,Included,Included,Included,Included,Included,Unknown,Included,Included,Included,Unknown,Unknown,Unknown,Unknown,Unknown,Unknown,Unknown,,,,2026-07-28T05:48:37+00:00,partial,0
QR,LGW,ISB,LON,GB,ISB,PK,2027-03-15,2027-03-18,Winter,Economy,0,Eco-1,ECONOMY BASIC,Economy Basic,0.00 USD,476.19,USD,Ubfly,BAG-BAG,Personal Item: 40 x 30 x 15 cm; 1 Piece Luggage (23 Kg); 2ND BAG MAX 23KG 51LB 208LCM(F),Included,Included,Unknown,Included,Unknown,Unknown,Unknown,Unknown,Unknown,Unknown,Unknown,Unknown,Unknown,Unknown,Unknown,Unknown,,,,2026-07-28T05:48:37+00:00,partial,0
QR,LGW,ISB,LON,GB,ISB,PK,2027-03-15,2027-03-18,Winter,Economy,1,Eco-2,PLUS SELECT,Economy Comfort,+274.15 USD,750.34,USD,Ubfly,ECONSEL-ECONSEL,Personal Item: 40 x 30 x 15 cm; 1 Piece Luggage (23 Kg); 2ND BAG MAX 23KG 51LB 208LCM(F); Change without penalty before flight,Included,Included,Unknown,Included,Unknown,Unknown,Unknown,Unknown,Included,Unknown,Unknown,Unknown,Unknown,Unknown,Unknown,Unknown,,,,2026-07-28T05:48:37+00:00,partial,0
QR,LGW,ISB,LON,GB,ISB,PK,2027-03-15,2027-03-18,Winter,Economy,2,Eco-3,ECONPRO,Economy — ECONPRO,+404.93 USD,881.12,USD,Ubfly,ECONPRO-ECONPRO,Personal Item: 40 x 30 x 15 cm; 1 Piece Luggage (23 Kg); 2ND BAG MAX 23KG 51LB 208LCM(F); Change without penalty before flight,Included,Included,Included,Included,Unknown,Unknown,Unknown,Included,Included,Unknown,Unknown,Unknown,Unknown,Unknown,Unknown,Unknown,,,,2026-07-28T05:48:37+00:00,partial,0
QR,LGW,ISB,LON,GB,ISB,PK,2027-03-15,2027-03-18,Winter,Economy,3,Eco-4,PLUS FLEX,Economy Comfort,"+1,899.50 USD",2375.69,USD,Ubfly,ECONFLEX-ECONFLEX,Personal Item: 40 x 30 x 15 cm; 1 Piece Luggage (23 Kg); 2ND BAG MAX 23KG 51LB 208LCM(F); Change without penalty before flight,Included,Included,Included,Included,Unknown,Unknown,Unknown,Included,Included,Unknown,Unknown,Unknown,Unknown,Unknown,Unknown,Unknown,,,,2026-07-28T05:48:37+00:00,partial,0
QR,LGW,ISB,LON,GB,ISB,PK,2027-03-15,2027-03-18,Winter,Business,0,Bus-1,BIZPROMO,Business Basic,0.00 USD,3248.04,USD,Ubfly,BIZPROMO-BIZPROMO,Personal Item: 40 x 30 x 15 cm; Dedicated check-in area,Included,Included,Unknown,Included,Included,Unknown,Included,Unknown,Unknown,Unknown,Unknown,Unknown,Unknown,Unknown,Unknown,Unknown,,,,2026-07-28T05:48:37+00:00,partial,0
QR,LGW,ISB,LON,GB,ISB,PK,2027-03-15,2027-03-18,Winter,Business,1,Bus-2,BUSINESS PLUS SELECT,Business Comfort,+607.16 USD,3855.2,USD,Ubfly,BIZSEL-BIZSEL,Personal Item: 40 x 30 x 15 cm; Dedicated check-in area,Included,Included,Included,Included,Included,Unknown,Included,Unknown,Unknown,Unknown,Unknown,Unknown,Unknown,Unknown,Unknown,Unknown,,,,2026-07-28T05:48:37+00:00,partial,0
QR,LGW,ISB,LON,GB,ISB,PK,2027-03-15,2027-03-18,Winter,Business,2,Bus-3,BIZPRO,Business — BIZPRO,"+1,084.90 USD",4332.94,USD,Ubfly,BIZPRO-BIZPRO,Personal Item: 40 x 30 x 15 cm; Dedicated check-in area; Change without penalty before flight,Included,Included,Included,Included,Included,Unknown,Included,Included,Included,Unknown,Unknown,Unknown,Unknown,Unknown,Unknown,Unknown,,,,2026-07-28T05:48:37+00:00,partial,0
QR,LGW,ISB,LON,GB,ISB,PK,2027-03-15,2027-03-18,Winter,Business,3,Bus-4,BUSINESS FLEX,Business Flex,"+3,142.60 USD",6390.64,USD,Ubfly,BIZFLEX-BIZFLEX,Personal Item: 40 x 30 x 15 cm; Dedicated check-in area; Change without penalty before flight,Included,Included,Included,Included,Included,Unknown,Included,Included,Included,Unknown,Unknown,Unknown,Unknown,Unknown,Unknown,Unknown,,,,2026-07-28T05:48:37+00:00,partial,0
EK,LGW,ISB,LON,GB,ISB,PK,2027-05-02,2027-05-05,Summer,Economy,0,Eco-1,ECOFLEX,Economy Flex,0.00 USD,852.71,USD,Ubfly,ECOFLEX-ECOFLEX,Soft drink; In-flight entertainment,Included,Included,Unknown,Included,Unknown,Unknown,Unknown,Unknown,Unknown,Unknown,Unknown,Unknown,Unknown,Unknown,Unknown,Unknown,Yes,70.0,,2026-07-28T05:48:37+00:00,success,0
EK,LGW,ISB,LON,GB,ISB,PK,2027-05-02,2027-05-05,Summer,Economy,1,Eco-2,ECOFLXPLUS,Economy Comfort,+456.38 USD,1309.09,USD,Ubfly,ECOFLXPLUS-ECOFLXPLUS,Soft drink; In-flight entertainment; Uninterrupted return (up to the last 12 hours); Change with Penalty,Included,Included,Unknown,Included,Unknown,Unknown,Unknown,Unknown,Unknown,Unknown,Unknown,Unknown,Unknown,Unknown,Unknown,Unknown,Yes,100.0,,2026-07-28T05:48:37+00:00,success,0
EK,LGW,ISB,LON,GB,ISB,PK,2027-05-02,2027-05-05,Summer,Economy,2,Eco-3,PYFLXPLUS,Economy Comfort,+864.21 USD,1716.92,USD,Ubfly,PYFLXPLUS-PYFLXPLUS,Soft drink; In-flight entertainment; Uninterrupted return (up to the last 12 hours); Change with Penalty,Included,Included,Included,Included,Unknown,Unknown,Unknown,Unknown,Unknown,Unknown,Unknown,Unknown,Unknown,Unknown,Unknown,Unknown,Yes,,,2026-07-28T05:48:37+00:00,success,0
EK,LGW,ISB,LON,GB,ISB,PK,2027-05-02,2027-05-05,Summer,Business,0,Bus-1,BSSAVER,Business Basic,0.00 USD,2656.71,USD,Ubfly,BSSAVER-BSSAVER,Premium check-in; Soft drink; In-flight entertainment; Chauffeur Drive; Internet Access,Included,Included,Included,Included,Included,Included,Included,Not Included,Paid,Unknown,Unknown,Unknown,Unknown,Unknown,Unknown,Unknown,Yes,,,2026-07-28T05:48:37+00:00,success,0
EK,LGW,ISB,LON,GB,ISB,PK,2027-05-02,2027-05-05,Summer,Business,1,Bus-2,BSFLEX,Business Flex,+548.45 USD,3205.16,USD,Ubfly,BSFLEX-BSFLEX,Premium check-in; Soft drink; In-flight entertainment; Chauffeur Drive; Internet Access,Included,Included,Included,Included,Included,Included,Included,Paid,Paid,Unknown,Unknown,Unknown,Unknown,Unknown,Unknown,Unknown,Yes,175.0,,2026-07-28T05:48:37+00:00,success,0
EK,LGW,ISB,LON,GB,ISB,PK,2027-05-02,2027-05-05,Summer,Business,2,Bus-3,BSFLXPLUS,Business Comfort,"+1,644.01 USD",4300.72,USD,Ubfly,BSFLXPLUS-BSFLXPLUS,Premium check-in; Soft drink; In-flight entertainment; Chauffeur Drive; Internet Access; Uninterrupted return (up to the last 12 hours); Change with Penalty,Included,Included,Included,Included,Included,Included,Included,Included,Included,Unknown,Unknown,Unknown,Unknown,Unknown,Unknown,Unknown,Yes,190.0,,2026-07-28T05:48:37+00:00,success,0
EK,LGW,ISB,LON,GB,ISB,PK,2027-03-15,2027-03-18,Winter,Economy,0,Eco-1,ECOFLEX,Economy Flex,0.00 USD,848.27,USD,Ubfly,ECOFLEX-ECOFLEX,Soft drink; In-flight entertainment,Included,Included,Unknown,Included,Unknown,Unknown,Unknown,Unknown,Unknown,Unknown,Unknown,Unknown,Unknown,Unknown,Unknown,Unknown,Yes,70.0,,2026-07-28T05:48:37+00:00,success,0
EK,LGW,ISB,LON,GB,ISB,PK,2027-03-15,2027-03-18,Winter,Economy,1,Eco-2,ECOFLXPLUS,Economy Comfort,+456.38 USD,1304.65,USD,Ubfly,ECOFLXPLUS-ECOFLXPLUS,Soft drink; In-flight entertainment; Uninterrupted return (up to the last 12 hours); Change with Penalty,Included,Included,Unknown,Included,Unknown,Unknown,Unknown,Unknown,Unknown,Unknown,Unknown,Unknown,Unknown,Unknown,Unknown,Unknown,Yes,100.0,,2026-07-28T05:48:37+00:00,success,0
EK,LGW,ISB,LON,GB,ISB,PK,2027-03-15,2027-03-18,Winter,Economy,2,Eco-3,PYFLXPLUS,Economy Comfort,+858.04 USD,1706.31,USD,Ubfly,PYFLXPLUS-PYFLXPLUS,Soft drink; In-flight entertainment; Uninterrupted return (up to the last 12 hours); Change with Penalty,Included,Included,Included,Included,Unknown,Unknown,Unknown,Unknown,Unknown,Unknown,Unknown,Unknown,Unknown,Unknown,Unknown,Unknown,Yes,,,2026-07-28T05:48:37+00:00,success,0
EK,LGW,ISB,LON,GB,ISB,PK,2027-03-15,2027-03-18,Winter,Business,0,Bus-1,BSSAVER,Business Basic,0.00 USD,2646.1,USD,Ubfly,BSSAVER-BSSAVER,Premium check-in; Soft drink; In-flight entertainment; Chauffeur Drive; Internet Access,Included,Included,Included,Included,Included,Included,Included,Not Included,Paid,Unknown,Unknown,Unknown,Unknown,Unknown,Unknown,Unknown,Yes,,,2026-07-28T05:48:37+00:00,success,0
EK,LGW,ISB,LON,GB,ISB,PK,2027-03-15,2027-03-18,Winter,Business,1,Bus-2,BSFLEX,Business Flex,+548.45 USD,3194.55,USD,Ubfly,BSFLEX-BSFLEX,Premium check-in; Soft drink; In-flight entertainment; Chauffeur Drive; Internet Access,Included,Included,Included,Included,Included,Included,Included,Paid,Paid,Unknown,Unknown,Unknown,Unknown,Unknown,Unknown,Unknown,Yes,175.0,,2026-07-28T05:48:37+00:00,success,0
EK,LGW,ISB,LON,GB,ISB,PK,2027-03-15,2027-03-18,Winter,Business,2,Bus-3,BSFLXPLUS,Business Comfort,"+1,644.01 USD",4290.11,USD,Ubfly,BSFLXPLUS-BSFLXPLUS,Premium check-in; Soft drink; In-flight entertainment; Chauffeur Drive; Internet Access; Uninterrupted return (up to the last 12 hours); Change with Penalty,Included,Included,Included,Included,Included,Included,Included,Included,Included,Unknown,Unknown,Unknown,Unknown,Unknown,Unknown,Unknown,Yes,190.0,,2026-07-28T05:48:37+00:00,success,0
EK,HAN,PRG,HAN,VN,PRG,CZ,2026-08-25,2026-08-28,Summer,Business,0,Bus-1,BSSAVER,Business Basic,0.00 USD,2455.99,USD,Ubfly,BSSAVER-BSSAVER,Soft drink; Internet Access; Premium check-in; In-flight entertainment; Chauffeur Drive,Included,Included,Included,Included,Included,Included,Included,Not Included,Paid,Unknown,Unknown,Unknown,Unknown,Unknown,Unknown,Unknown,Yes,,,2026-07-28T05:48:37+00:00,success,0
EK,HAN,PRG,HAN,VN,PRG,CZ,2026-08-25,2026-08-28,Summer,Business,1,Bus-2,BSFLEX,Business Flex,+420.00 USD,2875.99,USD,Ubfly,BSFLEX-BSFLEX,Premium check-in; Soft drink; In-flight entertainment; Chauffeur Drive; Internet Access,Included,Included,Included,Included,Included,Included,Included,Paid,Paid,Unknown,Unknown,Unknown,Unknown,Unknown,Unknown,Unknown,Yes,175.0,,2026-07-28T05:48:37+00:00,success,0
EK,HAN,PRG,HAN,VN,PRG,CZ,2026-08-25,2026-08-28,Summer,Business,2,Bus-3,BSFLXPLUS,Business Comfort,"+1,051.01 USD",3507.0,USD,Ubfly,BSFLXPLUS-BSFLXPLUS,Premium check-in; Soft drink; In-flight entertainment; Chauffeur Drive; Internet Access; Uninterrupted return (up to the last 12 hours); Change with Penalty,Included,Included,Included,Included,Included,Included,Included,Included,Included,Unknown,Unknown,Unknown,Unknown,Unknown,Unknown,Unknown,Yes,190.0,,2026-07-28T05:48:37+00:00,success,0
EK,HAN,PRG,HAN,VN,PRG,CZ,2026-08-25,2026-08-28,Summer,Economy,0,Eco-1,Basic,Economy Basic,0.00 USD,1187.99,USD,Ubfly,ECOFLXPLUS-ECOFLXPLUS,,Included,Included,Unknown,Unknown,Unknown,Unknown,Unknown,Unknown,Unknown,Unknown,Unknown,Unknown,Unknown,Unknown,Unknown,Unknown,,,,2026-07-28T05:48:37+00:00,success,0
EK,HAN,PRG,HAN,VN,PRG,CZ,2027-03-15,2027-03-18,Winter,Economy,0,Eco-1,Economy Flex,Economy Flex,0.00 USD,817.24,USD,Ubfly,YS-d4e1926d956d48f58099533dcdef704d,Non-exchangeable.; • Hot and cold refreshments; • ICE entertainment; Economy Cabin,Included,Included,Included,Included,Unknown,Unknown,Unknown,Included,Paid,Unknown,Unknown,Unknown,Included,Unknown,Unknown,Unknown,Yes,4500.0,,2026-07-28T05:48:37+00:00,success,0
EK,HAN,PRG,HAN,VN,PRG,CZ,2027-03-15,2027-03-18,Winter,Economy,1,Eco-2,Economy Flex Plus,Economy Comfort,+358.99 USD,1176.23,USD,Ubfly,YF-d7bda54f29b84d1aa04438502416fbc0,Non-exchangeable.; • Hot and cold refreshments; • ICE entertainment; Economy Cabin,Included,Included,Included,Included,Unknown,Unknown,Unknown,Included,Included,Unknown,Unknown,Unknown,Included,Unknown,Unknown,Unknown,Yes,6000.0,,2026-07-28T05:48:37+00:00,success,0
EK,HAN,PRG,HAN,VN,PRG,CZ,2027-03-15,2027-03-18,Winter,Business,0,Bus-1,BSSAVER,Business Basic,0.00 USD,2455.99,USD,Ubfly,BSSAVER-BSSAVER,Soft drink; Premium check-in; In-flight entertainment; Chauffeur Drive; Internet Access,Included,Included,Included,Included,Included,Included,Included,Not Included,Paid,Unknown,Unknown,Unknown,Unknown,Unknown,Unknown,Unknown,Yes,,,2026-07-28T05:48:37+00:00,success,0
EK,HAN,PRG,HAN,VN,PRG,CZ,2027-03-15,2027-03-18,Winter,Business,1,Bus-2,BSFLEX,Business Flex,+420.00 USD,2875.99,USD,Ubfly,BSFLEX-BSFLEX,Premium check-in; Soft drink; In-flight entertainment; Chauffeur Drive; Internet Access,Included,Included,Included,Included,Included,Included,Included,Paid,Paid,Unknown,Unknown,Unknown,Unknown,Unknown,Unknown,Unknown,Yes,175.0,,2026-07-28T05:48:37+00:00,success,0
EK,HAN,PRG,HAN,VN,PRG,CZ,2027-03-15,2027-03-18,Winter,Business,2,Bus-3,BSFLXPLUS,Business Comfort,"+1,051.01 USD",3507.0,USD,Ubfly,BSFLXPLUS-BSFLXPLUS,Premium check-in; Soft drink; In-flight entertainment; Chauffeur Drive; Internet Access; Uninterrupted return (up to the last 12 hours); Change with Penalty,Included,Included,Included,Included,Included,Included,Included,Included,Included,Unknown,Unknown,Unknown,Unknown,Unknown,Unknown,Unknown,Yes,190.0,,2026-07-28T05:48:37+00:00,success,0
EK,HAN,PRG,HAN,VN,PRG,CZ,2027-03-15,2027-03-18,Winter,Premium Economy,0,PEco-1,Premium Economy FlexPlus,Premium Economy Comfort,+388.00 USD,1205.24,USD,Ubfly,WF-9d2840d14667444a92427e2dbf040f87,Non-exchangeable.; • Hot and cold refreshments; • ICE entertainment; • Exclusive Premium Economy Class dining; Premium Economy Cabin,Included,Included,Included,Unknown,Unknown,Unknown,Unknown,Included,Unknown,Unknown,Unknown,Unknown,Included,Unknown,Unknown,Unknown,Yes,6600.0,,2026-07-28T05:48:37+00:00,success,0
QR,HAN,PRG,HAN,VN,PRG,CZ,2026-08-25,2026-08-28,Summer,Economy,0,Eco-1,ECONOMY CLASSIC,Economy Standard,0 USD,742.81,USD,Enuygun,bff_0,,Included,Included,Unknown,Unknown,Unknown,Unknown,Unknown,Paid,Paid,Unknown,Unknown,Unknown,Unknown,Unknown,Unknown,Unknown,,,,2026-07-28T05:48:37+00:00,success,0
QR,HAN,PRG,HAN,VN,PRG,CZ,2026-08-25,2026-08-28,Summer,Economy,1,Eco-2,ECONOMY CONVENIENCE,Economy — ECONOMY CONVENIENCE,+62.53 USD,805.34,USD,Enuygun,bff_1,,Included,Included,Included,Included,Unknown,Unknown,Unknown,Paid,Paid,Unknown,Unknown,Unknown,Unknown,Unknown,Unknown,Unknown,Yes,75.0,,2026-07-28T05:48:37+00:00,success,0
QR,HAN,PRG,HAN,VN,PRG,CZ,2026-08-25,2026-08-28,Summer,Economy,2,Eco-3,ECONOMY COMFORT,Economy Comfort,+677.99 USD,1420.8,USD,Enuygun,bff_2,,Included,Included,Included,Included,Unknown,Unknown,Unknown,Paid,Paid,Unknown,Unknown,Unknown,Unknown,Unknown,Unknown,Unknown,Yes,100.0,,2026-07-28T05:48:37+00:00,success,0
QR,HAN,PRG,HAN,VN,PRG,CZ,2026-08-25,2026-08-28,Summer,Business,0,Bus-1,BCLASSIC,Business Standard,0.00 USD,2272.82,USD,Ubfly,BCLASSIC-BCLASSIC,125 PCT QMILES ACCUMULATION(F),Included,Included,Unknown,Included,Included,Unknown,Unknown,Paid,Paid,Unknown,Unknown,Unknown,Unknown,Unknown,Unknown,Unknown,,,,2026-07-28T05:48:37+00:00,success,0
QR,HAN,PRG,HAN,VN,PRG,CZ,2026-08-25,2026-08-28,Summer,Business,1,Bus-2,BUSINESS COMFORT,Business Comfort,+550.99 USD,2823.81,USD,Ubfly,BCOMFORT-BCOMFORT,175 PCT QMILES ACCUMULATION(F),Included,Included,Included,Included,Included,Unknown,Unknown,Paid,Paid,Unknown,Unknown,Unknown,Unknown,Unknown,Unknown,Unknown,,,,2026-07-28T05:48:37+00:00,success,0
QR,HAN,PRG,HAN,VN,PRG,CZ,2026-08-25,2026-08-28,Summer,Business,2,Bus-3,BUSINESS ELITE,Business Lite,"+1,119.99 USD",3392.81,USD,Ubfly,BELITE-BELITE,200 PCT QMILES ACCUMULATION(F); Uninterrupted return (up to the last 12 hours); Change with Penalty,Included,Included,Included,Included,Included,Unknown,Unknown,Paid,Paid,Unknown,Unknown,Unknown,Unknown,Unknown,Unknown,Unknown,,,,2026-07-28T05:48:37+00:00,success,0
QR,HAN,PRG,HAN,VN,PRG,CZ,2027-03-15,2027-03-18,Winter,Economy,0,Eco-1,ECONOMY CLASSIC,Economy Standard,0.00 USD,417.8,USD,Ubfly,ECLASSIC-ECLASSIC,,Included,Included,Unknown,Included,Unknown,Unknown,Unknown,Paid,Paid,Unknown,Unknown,Unknown,Unknown,Unknown,Unknown,Unknown,Yes,50.0,,2026-07-28T05:48:37+00:00,success,0
QR,HAN,PRG,HAN,VN,PRG,CZ,2027-03-15,2027-03-18,Winter,Economy,1,Eco-2,ECONOMY CONVENIENCE,Economy — ECONOMY CONVENIENCE,+242.42 USD,660.22,USD,Ubfly,ECONVENIEN-ECONVENIEN,,Included,Included,Included,Included,Unknown,Unknown,Unknown,Paid,Paid,Unknown,Unknown,Unknown,Unknown,Unknown,Unknown,Unknown,Yes,75.0,,2026-07-28T05:48:37+00:00,success,0
QR,HAN,PRG,HAN,VN,PRG,CZ,2027-03-15,2027-03-18,Winter,Economy,2,Eco-3,ECONOMY COMFORT,Economy Comfort,+700.00 USD,1117.8,USD,Ubfly,ECOMFORT-ECOMFORT,Uninterrupted return (up to the last 12 hours); Change with Penalty,Included,Included,Included,Included,Unknown,Unknown,Unknown,Included,Included,Unknown,Unknown,Unknown,Unknown,Unknown,Unknown,Unknown,Yes,100.0,,2026-07-28T05:48:37+00:00,success,0
QR,HAN,PRG,HAN,VN,PRG,CZ,2027-03-15,2027-03-18,Winter,Business,0,Bus-1,BCLASSIC,Business Standard,0.00 USD,2272.82,USD,Ubfly,BCLASSIC-BCLASSIC,125 PCT QMILES ACCUMULATION(F),Included,Included,Unknown,Included,Included,Unknown,Unknown,Paid,Paid,Unknown,Unknown,Unknown,Unknown,Unknown,Unknown,Unknown,,,,2026-07-28T05:48:37+00:00,success,0
QR,HAN,PRG,HAN,VN,PRG,CZ,2027-03-15,2027-03-18,Winter,Business,1,Bus-2,BUSINESS COMFORT,Business Comfort,+550.99 USD,2823.81,USD,Ubfly,BCOMFORT-BCOMFORT,175 PCT QMILES ACCUMULATION(F),Included,Included,Included,Included,Included,Unknown,Unknown,Paid,Paid,Unknown,Unknown,Unknown,Unknown,Unknown,Unknown,Unknown,,,,2026-07-28T05:48:37+00:00,success,0
QR,HAN,PRG,HAN,VN,PRG,CZ,2027-03-15,2027-03-18,Winter,Business,2,Bus-3,BUSINESS ELITE,Business Lite,"+1,119.99 USD",3392.81,USD,Ubfly,BELITE-BELITE,200 PCT QMILES ACCUMULATION(F); Uninterrupted return (up to the last 12 hours); Change with Penalty,Included,Included,Included,Included,Included,Unknown,Unknown,Included,Included,Unknown,Unknown,Unknown,Unknown,Unknown,Unknown,Unknown,,,,2026-07-28T05:48:37+00:00,success,0
EY,HAN,PRG,HAN,VN,PRG,CZ,2026-08-25,2026-08-28,Summer,Economy,0,Eco-1,YBASIC,Economy Basic,0.00 USD,1388.01,USD,Ubfly,YBASIC-YBASIC,,Included,Not Included,Unknown,Included,Unknown,Unknown,Unknown,Not Included,Included,Unknown,Unknown,Unknown,Unknown,Unknown,Unknown,Unknown,Yes,5.0,,2026-07-28T05:48:37+00:00,success,0
EY,HAN,PRG,HAN,VN,PRG,CZ,2026-08-25,2026-08-28,Summer,Economy,1,Eco-2,YVALUE,Economy Basic,+34.54 USD,1422.55,USD,Ubfly,YVALUE-YVALUE,,Included,Included,Unknown,Included,Unknown,Unknown,Unknown,Not Included,Paid,Unknown,Unknown,Unknown,Unknown,Unknown,Unknown,Unknown,Yes,35.0,,2026-07-28T05:48:37+00:00,success,0
EY,HAN,PRG,HAN,VN,PRG,CZ,2026-08-25,2026-08-28,Summer,Economy,2,Eco-3,YCOMFORT,Economy Comfort,+63.56 USD,1451.57,USD,Ubfly,YCOMFORT-YCOMFORT,,Included,Included,Included,Included,Unknown,Unknown,Unknown,Paid,Paid,Unknown,Unknown,Unknown,Unknown,Unknown,Unknown,Unknown,Yes,75.0,,2026-07-28T05:48:37+00:00,success,0
EY,HAN,PRG,HAN,VN,PRG,CZ,2026-08-25,2026-08-28,Summer,Economy,3,Eco-4,YDELUXE,Economy — YDELUXE,+335.54 USD,1723.55,USD,Ubfly,YDELUXE-YDELUXE,Change with Penalty; Uninterrupted return (up to the last 12 hours); Priority Access,Included,Included,Included,Included,Unknown,Unknown,Unknown,Included,Included,Unknown,Unknown,Unknown,Unknown,Unknown,Unknown,Unknown,Yes,,,2026-07-28T05:48:37+00:00,success,0
EY,HAN,PRG,HAN,VN,PRG,CZ,2026-08-25,2026-08-28,Summer,Business,0,Bus-1,JVALUE,Business Basic,0.00 USD,1940.01,USD,Ubfly,JVALUE-JVALUE,Priority Access,Included,Included,Unknown,Included,Unknown,Unknown,Unknown,Not Included,Paid,Unknown,Unknown,Unknown,Unknown,Unknown,Unknown,Unknown,Yes,100.0,,2026-07-28T05:48:37+00:00,success,0
EY,HAN,PRG,HAN,VN,PRG,CZ,2026-08-25,2026-08-28,Summer,Business,1,Bus-2,JCOMFORT,Business Comfort,+72.00 USD,2012.01,USD,Ubfly,JCOMFORT-JCOMFORT,Priority Access; ETIHAD UAE CHAUFFEUR(F),Included,Included,Included,Included,Included,Unknown,Unknown,Paid,Paid,Unknown,Unknown,Unknown,Unknown,Unknown,Unknown,Unknown,Yes,,,2026-07-28T05:48:37+00:00,success,0
EY,HAN,PRG,HAN,VN,PRG,CZ,2026-08-25,2026-08-28,Summer,Business,2,Bus-3,JDELUXE,Business — JDELUXE,+649.00 USD,2589.01,USD,Ubfly,JDELUXE-JDELUXE,Change with Penalty; Uninterrupted return (up to the last 12 hours); Priority Access; ETIHAD UAE CHAUFFEUR(F); ETIHAD GLOBAL CHAUFFEUR(F),Included,Included,Included,Included,Included,Unknown,Unknown,Included,Included,Unknown,Unknown,Unknown,Unknown,Unknown,Unknown,Unknown,Yes,,,2026-07-28T05:48:37+00:00,success,0
EY,HAN,PRG,HAN,VN,PRG,CZ,2027-03-15,2027-03-18,Winter,Economy,0,Eco-1,YBASIC,Economy Basic,0.00 USD,502.01,USD,Ubfly,YBASIC-YBASIC,,Included,Not Included,Unknown,Included,Unknown,Unknown,Unknown,Not Included,Included,Unknown,Unknown,Unknown,Unknown,Unknown,Unknown,Unknown,Yes,5.0,,2026-07-28T05:48:37+00:00,success,0
EY,HAN,PRG,HAN,VN,PRG,CZ,2027-03-15,2027-03-18,Winter,Economy,1,Eco-2,YVALUE,Economy Basic,+24.55 USD,526.56,USD,Ubfly,YVALUE-YVALUE,,Included,Included,Unknown,Included,Unknown,Unknown,Unknown,Not Included,Paid,Unknown,Unknown,Unknown,Unknown,Unknown,Unknown,Unknown,Yes,35.0,,2026-07-28T05:48:37+00:00,success,0
EY,HAN,PRG,HAN,VN,PRG,CZ,2027-03-15,2027-03-18,Winter,Economy,2,Eco-3,YCOMFORT,Economy Comfort,+46.54 USD,548.55,USD,Ubfly,YCOMFORT-YCOMFORT,,Included,Included,Included,Included,Unknown,Unknown,Unknown,Paid,Paid,Unknown,Unknown,Unknown,Unknown,Unknown,Unknown,Unknown,Yes,75.0,,2026-07-28T05:48:37+00:00,success,0
EY,HAN,PRG,HAN,VN,PRG,CZ,2027-03-15,2027-03-18,Winter,Economy,3,Eco-4,YDELUXE,Economy — YDELUXE,+157.55 USD,659.56,USD,Ubfly,YDELUXE-YDELUXE,Change with Penalty; Uninterrupted return (up to the last 12 hours); Priority Access,Included,Included,Included,Included,Unknown,Unknown,Unknown,Included,Included,Unknown,Unknown,Unknown,Unknown,Unknown,Unknown,Unknown,Yes,,,2026-07-28T05:48:37+00:00,success,0
EY,HAN,PRG,HAN,VN,PRG,CZ,2027-03-15,2027-03-18,Winter,Business,0,Bus-1,JVALUE,Business Basic,0.00 USD,1940.01,USD,Ubfly,JVALUE-JVALUE,Priority Access,Included,Included,Unknown,Included,Unknown,Unknown,Unknown,Not Included,Paid,Unknown,Unknown,Unknown,Unknown,Unknown,Unknown,Unknown,Yes,100.0,,2026-07-28T05:48:37+00:00,success,0
EY,HAN,PRG,HAN,VN,PRG,CZ,2027-03-15,2027-03-18,Winter,Business,1,Bus-2,JCOMFORT,Business Comfort,+72.00 USD,2012.01,USD,Ubfly,JCOMFORT-JCOMFORT,Priority Access; ETIHAD UAE CHAUFFEUR(F),Included,Included,Included,Included,Included,Unknown,Unknown,Paid,Paid,Unknown,Unknown,Unknown,Unknown,Unknown,Unknown,Unknown,Yes,,,2026-07-28T05:48:37+00:00,success,0
EY,HAN,PRG,HAN,VN,PRG,CZ,2027-03-15,2027-03-18,Winter,Business,2,Bus-3,JDELUXE,Business — JDELUXE,+649.00 USD,2589.01,USD,Ubfly,JDELUXE-JDELUXE,Priority Access; ETIHAD UAE CHAUFFEUR(F); ETIHAD GLOBAL CHAUFFEUR(F); Change with Penalty; Uninterrupted return (up to the last 12 hours),Included,Included,Included,Included,Included,Unknown,Unknown,Included,Included,Unknown,Unknown,Unknown,Unknown,Unknown,Unknown,Unknown,Yes,,,2026-07-28T05:48:37+00:00,success,0
TK,HAN,PRG,HAN,VN,PRG,CZ,2026-08-25,2026-08-28,Summer,Economy,0,Eco-1,ECOFLY,Economy Basic,0.00 USD,1195.12,USD,Ubfly,CL-8d94524876e548f69423099e66021be9,Online Message Verification,Included,Included,Unknown,Included,Unknown,Unknown,Unknown,Included,Paid,Unknown,Unknown,Unknown,Unknown,Unknown,Unknown,Unknown,,,,2026-07-28T05:48:37+00:00,success,0
TK,HAN,PRG,HAN,VN,PRG,CZ,2026-08-25,2026-08-28,Summer,Economy,1,Eco-2,EXTRAFLY,Economy Standard,+66.58 USD,1261.7,USD,Ubfly,LG-c3b6ed7eb2e841939b14fe35e5917026,Online Message Verification,Included,Included,Unknown,Included,Unknown,Unknown,Unknown,Paid,Paid,Unknown,Unknown,Unknown,Unknown,Unknown,Unknown,Unknown,,,,2026-07-28T05:48:37+00:00,success,0
TK,HAN,PRG,HAN,VN,PRG,CZ,2026-08-25,2026-08-28,Summer,Economy,2,Eco-3,FLEXFLY,Economy Flex,+199.64 USD,1394.76,USD,Ubfly,GN-f1aa00fd911e46d68b9a616934231826,Online Message Verification,Included,Included,Included,Included,Unknown,Unknown,Unknown,Paid,Included,Unknown,Unknown,Unknown,Unknown,Unknown,Unknown,Unknown,Yes,15.0,,2026-07-28T05:48:37+00:00,success,0
TK,HAN,PRG,HAN,VN,PRG,CZ,2026-08-25,2026-08-28,Summer,Economy,3,Eco-4,Flexible,Economy Flex,+397.19 USD,1592.31,USD,Ubfly,FL-ca87e29bb01d4113ae50ac89eed8792e,Online Message Verification,Included,Included,Included,Included,Unknown,Unknown,Included,Included,Included,Unknown,Unknown,Paid,Unknown,Unknown,Unknown,Unknown,Yes,30.0,,2026-07-28T05:48:37+00:00,success,0
TK,HAN,PRG,HAN,VN,PRG,CZ,2026-08-25,2026-08-28,Summer,Business,0,Bus-1,BUSINESS FLY,Business — BUSINESS FLY,0.00 USD,2791.61,USD,Ubfly,BF-886b47ac4e7c48cc93f134018085c8ec,Internet Package; Priority Check-In,Included,Included,Included,Unknown,Included,Included,Included,Paid,Paid,Unknown,Unknown,Unknown,Unknown,Unknown,Unknown,Unknown,,,,2026-07-28T05:48:37+00:00,success,0
TK,HAN,PRG,HAN,VN,PRG,CZ,2026-08-25,2026-08-28,Summer,Business,1,Bus-2,BUSINESS PRIME,Business Premium,+390.01 USD,3181.62,USD,Ubfly,BL-b00d6e6b3ed141978c761b221b432d7f,Internet Package; Priority Check-In,Included,Included,Included,Unknown,Included,Included,Included,Included,Included,Unknown,Unknown,Paid,Unknown,Unknown,Unknown,Unknown,Yes,30.0,,2026-07-28T05:48:37+00:00,success,0
TK,HAN,PRG,HAN,VN,PRG,CZ,2027-03-15,2027-03-18,Winter,Economy,0,Eco-1,ECOFLY,Economy Basic,0.00 USD,791.81,USD,Ubfly,CL-e59cb8f6ff8b42aa9e3c0dc022cb1c00,Online Message Verification,Included,Included,Unknown,Included,Unknown,Unknown,Unknown,Included,Paid,Unknown,Unknown,Unknown,Unknown,Unknown,Unknown,Unknown,,,,2026-07-28T05:48:37+00:00,success,0
TK,HAN,PRG,HAN,VN,PRG,CZ,2027-03-15,2027-03-18,Winter,Economy,1,Eco-2,EXTRAFLY,Economy Standard,+66.58 USD,858.39,USD,Ubfly,LG-7e8f87010d0d469082f13e32dbdfd23a,Online Message Verification,Included,Included,Unknown,Included,Unknown,Unknown,Unknown,Paid,Paid,Unknown,Unknown,Unknown,Unknown,Unknown,Unknown,Unknown,,,,2026-07-28T05:48:37+00:00,success,0
TK,HAN,PRG,HAN,VN,PRG,CZ,2027-03-15,2027-03-18,Winter,Economy,2,Eco-3,FLEXFLY,Economy Flex,+199.66 USD,991.47,USD,Ubfly,GN-041ae408ffb64b66ab7839d3d0a8ed0d,Online Message Verification,Included,Included,Included,Included,Unknown,Unknown,Unknown,Paid,Included,Unknown,Unknown,Unknown,Unknown,Unknown,Unknown,Unknown,Yes,15.0,,2026-07-28T05:48:37+00:00,success,0
TK,HAN,PRG,HAN,VN,PRG,CZ,2027-03-15,2027-03-18,Winter,Economy,3,Eco-4,Flexible,Economy Flex,+397.21 USD,1189.02,USD,Ubfly,FL-5a33d3f1e3e042e492929ef9790d314a,Online Message Verification,Included,Included,Included,Included,Unknown,Unknown,Included,Included,Included,Unknown,Unknown,Paid,Unknown,Unknown,Unknown,Unknown,Yes,30.0,,2026-07-28T05:48:37+00:00,success,0
TK,HAN,PRG,HAN,VN,PRG,CZ,2027-03-15,2027-03-18,Winter,Business,0,Bus-1,BUSINESS FLY,Business — BUSINESS FLY,0.00 USD,2791.61,USD,Ubfly,BF-bdedb977dc074e98b11cd050865409d6,Internet Package; Priority Check-In,Included,Included,Included,Unknown,Included,Included,Included,Paid,Paid,Unknown,Unknown,Unknown,Unknown,Unknown,Unknown,Unknown,,,,2026-07-28T05:48:37+00:00,success,0
TK,HAN,PRG,HAN,VN,PRG,CZ,2027-03-15,2027-03-18,Winter,Business,1,Bus-2,BUSINESS PRIME,Business Premium,+390.01 USD,3181.62,USD,Ubfly,BL-2faa1a913e4344639358b2bf72cd4232,Internet Package; Priority Check-In,Included,Included,Included,Unknown,Included,Included,Included,Included,Included,Unknown,Unknown,Paid,Unknown,Unknown,Unknown,Unknown,Yes,30.0,,2026-07-28T05:48:37+00:00,success,0
QR,BKK,WAW,BKK,TH,WAW,PL,2026-09-10,2026-09-13,Summer,Economy,0,Eco-1,ECONOMY CLASSIC,Economy Standard,0 USD,925.29,USD,Enuygun,bff_0,,Included,Included,Unknown,Included,Unknown,Unknown,Unknown,Paid,Paid,Unknown,Unknown,Unknown,Unknown,Unknown,Unknown,Unknown,Yes,50.0,,2026-07-28T05:48:37+00:00,success,0
QR,BKK,WAW,BKK,TH,WAW,PL,2026-09-10,2026-09-13,Summer,Economy,1,Eco-2,ECONOMY CONVENIENCE,Economy — ECONOMY CONVENIENCE,+66.24 USD,991.53,USD,Enuygun,bff_1,,Included,Included,Included,Included,Unknown,Unknown,Unknown,Paid,Paid,Unknown,Unknown,Unknown,Unknown,Unknown,Unknown,Unknown,Yes,75.0,,2026-07-28T05:48:37+00:00,success,0
QR,BKK,WAW,BKK,TH,WAW,PL,2026-09-10,2026-09-13,Summer,Economy,2,Eco-3,ECONOMY COMFORT,Economy Comfort,+601.41 USD,1526.7,USD,Enuygun,bff_2,,Included,Included,Included,Included,Unknown,Unknown,Unknown,Paid,Paid,Unknown,Unknown,Unknown,Unknown,Unknown,Unknown,Unknown,Yes,100.0,,2026-07-28T05:48:37+00:00,success,0
QR,BKK,WAW,BKK,TH,WAW,PL,2026-09-10,2026-09-13,Summer,Business,0,Bus-1,BUSINESS COMFORT,Business Comfort,0 USD,3686.87,USD,Enuygun,bff_0,,Included,Included,Included,Included,Included,Unknown,Unknown,Paid,Paid,Unknown,Unknown,Unknown,Unknown,Unknown,Unknown,Unknown,,,,2026-07-28T05:48:37+00:00,success,0
QR,BKK,WAW,BKK,TH,WAW,PL,2026-09-10,2026-09-13,Summer,Business,1,Bus-2,BUSINESS ELITE,Business Lite,+255.82 USD,3942.7,USD,Enuygun,bff_1,,Included,Included,Included,Included,Included,Unknown,Unknown,Included,Included,Unknown,Unknown,Unknown,Unknown,Unknown,Unknown,Unknown,,,,2026-07-28T05:48:37+00:00,success,0
QR,BKK,WAW,BKK,TH,WAW,PL,2026-11-18,2026-11-21,Winter,Economy,0,Eco-1,ECONOMY CLASSIC,Economy Standard,0 USD,925.29,USD,Enuygun,bff_0,,Included,Included,Unknown,Included,Unknown,Unknown,Unknown,Paid,Paid,Unknown,Unknown,Unknown,Unknown,Unknown,Unknown,Unknown,Yes,50.0,,2026-07-28T05:48:37+00:00,success,0
QR,BKK,WAW,BKK,TH,WAW,PL,2026-11-18,2026-11-21,Winter,Economy,1,Eco-2,ECONOMY CONVENIENCE,Economy — ECONOMY CONVENIENCE,+66.24 USD,991.53,USD,Enuygun,bff_1,,Included,Included,Included,Included,Unknown,Unknown,Unknown,Paid,Paid,Unknown,Unknown,Unknown,Unknown,Unknown,Unknown,Unknown,Yes,75.0,,2026-07-28T05:48:37+00:00,success,0
QR,BKK,WAW,BKK,TH,WAW,PL,2026-11-18,2026-11-21,Winter,Economy,2,Eco-3,ECONOMY COMFORT,Economy Comfort,+601.41 USD,1526.7,USD,Enuygun,bff_2,,Included,Included,Included,Included,Unknown,Unknown,Unknown,Paid,Paid,Unknown,Unknown,Unknown,Unknown,Unknown,Unknown,Unknown,Yes,100.0,,2026-07-28T05:48:37+00:00,success,0
QR,BKK,WAW,BKK,TH,WAW,PL,2026-11-18,2026-11-21,Winter,Business,0,Bus-1,BUSINESS COMFORT,Business Comfort,0 USD,3686.87,USD,Enuygun,bff_0,,Included,Included,Included,Included,Included,Unknown,Unknown,Paid,Paid,Unknown,Unknown,Unknown,Unknown,Unknown,Unknown,Unknown,,,,2026-07-28T05:48:37+00:00,success,0
QR,BKK,WAW,BKK,TH,WAW,PL,2026-11-18,2026-11-21,Winter,Business,1,Bus-2,BUSINESS ELITE,Business Lite,+255.82 USD,3942.7,USD,Enuygun,bff_1,,Included,Included,Included,Included,Included,Unknown,Unknown,Included,Included,Unknown,Unknown,Unknown,Unknown,Unknown,Unknown,Unknown,,,,2026-07-28T05:48:37+00:00,success,0
EY,BKK,WAW,BKK,TH,WAW,PL,2026-09-10,2026-09-13,Summer,Economy,0,Eco-1,YBASIC,Economy Basic,0.00 USD,483.26,USD,Ubfly,YBASIC-YBASIC,,Included,Not Included,Unknown,Included,Unknown,Unknown,Unknown,Not Included,Included,Unknown,Unknown,Unknown,Unknown,Unknown,Unknown,Unknown,Yes,5.0,,2026-07-28T05:48:37+00:00,success,0
EY,BKK,WAW,BKK,TH,WAW,PL,2026-09-10,2026-09-13,Summer,Economy,1,Eco-2,YVALUE,Economy Basic,+24.93 USD,508.19,USD,Ubfly,YVALUE-YVALUE,,Included,Included,Unknown,Included,Unknown,Unknown,Unknown,Not Included,Paid,Unknown,Unknown,Unknown,Unknown,Unknown,Unknown,Unknown,Yes,35.0,,2026-07-28T05:48:37+00:00,success,0
EY,BKK,WAW,BKK,TH,WAW,PL,2026-09-10,2026-09-13,Summer,Economy,2,Eco-3,YCOMFORT,Economy Comfort,+66.42 USD,549.68,USD,Ubfly,YCOMFORT-YCOMFORT,,Included,Included,Included,Included,Unknown,Unknown,Unknown,Paid,Paid,Unknown,Unknown,Unknown,Unknown,Unknown,Unknown,Unknown,Yes,75.0,,2026-07-28T05:48:37+00:00,success,0
EY,BKK,WAW,BKK,TH,WAW,PL,2026-09-10,2026-09-13,Summer,Economy,3,Eco-4,YDELUXE,Economy — YDELUXE,+167.54 USD,650.8,USD,Ubfly,YDELUXE-YDELUXE,Uninterrupted return (up to the last 12 hours); Priority Access; Change with Penalty,Included,Included,Included,Included,Unknown,Unknown,Unknown,Included,Included,Unknown,Unknown,Unknown,Unknown,Unknown,Unknown,Unknown,Yes,,,2026-07-28T05:48:37+00:00,success,0
EY,BKK,WAW,BKK,TH,WAW,PL,2026-09-10,2026-09-13,Summer,Business,0,Bus-1,JVALUE,Business Basic,0.00 USD,2191.73,USD,Ubfly,JVALUE-JVALUE,Priority Access,Included,Included,Unknown,Included,Unknown,Unknown,Unknown,Not Included,Paid,Unknown,Unknown,Unknown,Unknown,Unknown,Unknown,Unknown,Yes,100.0,,2026-07-28T05:48:37+00:00,success,0
EY,BKK,WAW,BKK,TH,WAW,PL,2026-09-10,2026-09-13,Summer,Business,1,Bus-2,JCOMFORT,Business Comfort,+114.67 USD,2306.4,USD,Ubfly,JCOMFORT-JCOMFORT,Priority Access; ETIHAD UAE CHAUFFEUR(F),Included,Included,Included,Included,Included,Unknown,Unknown,Paid,Paid,Unknown,Unknown,Unknown,Unknown,Unknown,Unknown,Unknown,Yes,,,2026-07-28T05:48:37+00:00,success,0
EY,BKK,WAW,BKK,TH,WAW,PL,2026-09-10,2026-09-13,Summer,Business,2,Bus-3,JDELUXE,Business — JDELUXE,+581.80 USD,2773.53,USD,Ubfly,JDELUXE-JDELUXE,Change with Penalty; Uninterrupted return (up to the last 12 hours); Priority Access; ETIHAD UAE CHAUFFEUR(F); ETIHAD GLOBAL CHAUFFEUR(F),Included,Included,Included,Included,Included,Unknown,Unknown,Included,Included,Unknown,Unknown,Unknown,Unknown,Unknown,Unknown,Unknown,Yes,,,2026-07-28T05:48:37+00:00,success,0
EY,BKK,WAW,BKK,TH,WAW,PL,2026-11-18,2026-11-21,Winter,Economy,0,Eco-1,YBASIC,Economy Basic,0.00 USD,498.44,USD,Ubfly,YBASIC-YBASIC,,Included,Not Included,Unknown,Included,Unknown,Unknown,Unknown,Not Included,Included,Unknown,Unknown,Unknown,Unknown,Unknown,Unknown,Unknown,Yes,5.0,,2026-07-28T05:48:37+00:00,success,0
EY,BKK,WAW,BKK,TH,WAW,PL,2026-11-18,2026-11-21,Winter,Economy,1,Eco-2,YVALUE,Economy Basic,+24.91 USD,523.35,USD,Ubfly,YVALUE-YVALUE,,Included,Included,Unknown,Included,Unknown,Unknown,Unknown,Not Included,Paid,Unknown,Unknown,Unknown,Unknown,Unknown,Unknown,Unknown,Yes,35.0,,2026-07-28T05:48:37+00:00,success,0
EY,BKK,WAW,BKK,TH,WAW,PL,2026-11-18,2026-11-21,Winter,Economy,2,Eco-3,YCOMFORT,Economy Comfort,+66.42 USD,564.86,USD,Ubfly,YCOMFORT-YCOMFORT,,Included,Included,Included,Included,Unknown,Unknown,Unknown,Paid,Paid,Unknown,Unknown,Unknown,Unknown,Unknown,Unknown,Unknown,Yes,75.0,,2026-07-28T05:48:37+00:00,success,0
EY,BKK,WAW,BKK,TH,WAW,PL,2026-11-18,2026-11-21,Winter,Economy,3,Eco-4,YDELUXE,Economy — YDELUXE,+167.54 USD,665.98,USD,Ubfly,YDELUXE-YDELUXE,Change with Penalty; Uninterrupted return (up to the last 12 hours); Priority Access,Included,Included,Included,Included,Unknown,Unknown,Unknown,Included,Included,Unknown,Unknown,Unknown,Unknown,Unknown,Unknown,Unknown,Yes,,,2026-07-28T05:48:37+00:00,success,0
EY,BKK,WAW,BKK,TH,WAW,PL,2026-11-18,2026-11-21,Winter,Business,0,Bus-1,Business Value,Business Basic,0 USD,2316.69,USD,Enuygun,bff_0,priority_check_in: Öncelikli Check-in,Included,Included,Unknown,Included,Unknown,Unknown,Unknown,Not Included,Paid,Unknown,Unknown,Unknown,Unknown,Unknown,Unknown,Unknown,Yes,100.0,,2026-07-28T05:48:37+00:00,success,0
EY,BKK,WAW,BKK,TH,WAW,PL,2026-11-18,2026-11-21,Winter,Business,1,Bus-2,Business Comfort,Business Comfort,+143.77 USD,2460.46,USD,Enuygun,bff_1,priority_check_in: Öncelikli Check-in,Included,Included,Included,Included,Included,Unknown,Unknown,Paid,Paid,Unknown,Unknown,Unknown,Unknown,Unknown,Unknown,Unknown,Yes,,,2026-07-28T05:48:37+00:00,success,0
EY,BKK,WAW,BKK,TH,WAW,PL,2026-11-18,2026-11-21,Winter,Business,2,Bus-3,Business Deluxe,Business — Business Deluxe,+401.35 USD,2718.04,USD,Enuygun,bff_2,priority_check_in: Öncelikli Check-in,Included,Included,Included,Included,Included,Unknown,Unknown,Included,Included,Unknown,Unknown,Unknown,Unknown,Unknown,Unknown,Unknown,Yes,,,2026-07-28T05:48:37+00:00,success,0
EK,BKK,WAW,BKK,TH,WAW,PL,2026-09-10,2026-09-13,Summer,Economy,0,Eco-1,ECOSAVER,Economy Basic,0.00 USD,848.3,USD,Ubfly,ECOSAVER-ECOSAVER,Soft drink; In-flight entertainment,Included,Included,Unknown,Included,Unknown,Unknown,Unknown,Unknown,Unknown,Unknown,Unknown,Unknown,Unknown,Unknown,Unknown,Unknown,Yes,30.0,,2026-07-28T05:48:37+00:00,success,0
EK,BKK,WAW,BKK,TH,WAW,PL,2026-09-10,2026-09-13,Summer,Economy,1,Eco-2,ECOFLEX,Economy Flex,+78.69 USD,926.99,USD,Ubfly,ECOFLEX-ECOFLEX,Soft drink; In-flight entertainment,Included,Included,Unknown,Included,Unknown,Unknown,Unknown,Unknown,Unknown,Unknown,Unknown,Unknown,Unknown,Unknown,Unknown,Unknown,Yes,70.0,,2026-07-28T05:48:37+00:00,success,0
EK,BKK,WAW,BKK,TH,WAW,PL,2026-09-10,2026-09-13,Summer,Economy,2,Eco-3,ECOFLXPLUS,Economy Comfort,+459.85 USD,1308.15,USD,Ubfly,ECOFLXPLUS-ECOFLXPLUS,Soft drink; In-flight entertainment; Uninterrupted return (up to the last 12 hours); Change with Penalty,Included,Included,Unknown,Included,Unknown,Unknown,Unknown,Unknown,Unknown,Unknown,Unknown,Unknown,Unknown,Unknown,Unknown,Unknown,Yes,100.0,,2026-07-28T05:48:37+00:00,success,0
EK,BKK,WAW,BKK,TH,WAW,PL,2026-09-10,2026-09-13,Summer,Economy,3,Eco-4,PYFLXPLUS,Economy Comfort,+508.19 USD,1356.49,USD,Ubfly,PYFLXPLUS-PYFLXPLUS,Soft drink; In-flight entertainment; Uninterrupted return (up to the last 12 hours); Change with Penalty,Included,Included,Included,Included,Unknown,Unknown,Unknown,Unknown,Unknown,Unknown,Unknown,Unknown,Unknown,Unknown,Unknown,Unknown,Yes,,,2026-07-28T05:48:37+00:00,success,0
EK,BKK,WAW,BKK,TH,WAW,PL,2026-09-10,2026-09-13,Summer,Business,0,Bus-1,Business Saver,Business Basic,0 USD,2964.51,USD,Enuygun,bff_0,priority_check_in: Öncelikli Check-in; entertainment: Uçak İçi Eğlence,Included,Included,Included,Included,Included,Included,Included,Not Included,Paid,Unknown,Unknown,Unknown,Unknown,Unknown,Unknown,Unknown,Yes,,,2026-07-28T05:48:37+00:00,success,0
EK,BKK,WAW,BKK,TH,WAW,PL,2026-09-10,2026-09-13,Summer,Business,1,Bus-2,Business Flex,Business Flex,+392.08 USD,3356.59,USD,Enuygun,bff_1,priority_check_in: Öncelikli Check-in; entertainment: Uçak İçi Eğlence,Included,Included,Included,Included,Included,Included,Included,Paid,Paid,Unknown,Unknown,Unknown,Unknown,Unknown,Unknown,Unknown,Yes,175.0,,2026-07-28T05:48:37+00:00,success,0
EK,BKK,WAW,BKK,TH,WAW,PL,2026-09-10,2026-09-13,Summer,Business,2,Bus-3,Business Flex Plus,Business Comfort,+910.66 USD,3875.18,USD,Enuygun,bff_2,priority_check_in: Öncelikli Check-in; entertainment: Uçak İçi Eğlence,Included,Included,Included,Included,Included,Included,Included,Included,Included,Unknown,Unknown,Unknown,Unknown,Unknown,Unknown,Unknown,Yes,190.0,,2026-07-28T05:48:37+00:00,success,0
EK,BKK,WAW,BKK,TH,WAW,PL,2026-11-18,2026-11-21,Winter,Economy,0,Eco-1,ECOSAVER,Economy Basic,0.00 USD,848.3,USD,Ubfly,ECOSAVER-ECOSAVER,Soft drink; In-flight entertainment,Included,Included,Unknown,Included,Unknown,Unknown,Unknown,Unknown,Unknown,Unknown,Unknown,Unknown,Unknown,Unknown,Unknown,Unknown,Yes,30.0,,2026-07-28T05:48:37+00:00,success,0
EK,BKK,WAW,BKK,TH,WAW,PL,2026-11-18,2026-11-21,Winter,Economy,1,Eco-2,ECOFLEX,Economy Flex,+78.69 USD,926.99,USD,Ubfly,ECOFLEX-ECOFLEX,Soft drink; In-flight entertainment,Included,Included,Unknown,Included,Unknown,Unknown,Unknown,Unknown,Unknown,Unknown,Unknown,Unknown,Unknown,Unknown,Unknown,Unknown,Yes,70.0,,2026-07-28T05:48:37+00:00,success,0
EK,BKK,WAW,BKK,TH,WAW,PL,2026-11-18,2026-11-21,Winter,Economy,2,Eco-3,ECOFLXPLUS,Economy Comfort,+459.85 USD,1308.15,USD,Ubfly,ECOFLXPLUS-ECOFLXPLUS,Soft drink; In-flight entertainment; Uninterrupted return (up to the last 12 hours); Change with Penalty,Included,Included,Unknown,Included,Unknown,Unknown,Unknown,Unknown,Unknown,Unknown,Unknown,Unknown,Unknown,Unknown,Unknown,Unknown,Yes,100.0,,2026-07-28T05:48:37+00:00,success,0
EK,BKK,WAW,BKK,TH,WAW,PL,2026-11-18,2026-11-21,Winter,Economy,3,Eco-4,PYFLXPLUS,Economy Comfort,+508.19 USD,1356.49,USD,Ubfly,PYFLXPLUS-PYFLXPLUS,Soft drink; In-flight entertainment; Uninterrupted return (up to the last 12 hours); Change with Penalty,Included,Included,Included,Included,Unknown,Unknown,Unknown,Unknown,Unknown,Unknown,Unknown,Unknown,Unknown,Unknown,Unknown,Unknown,Yes,,,2026-07-28T05:48:37+00:00,success,0
EK,BKK,WAW,BKK,TH,WAW,PL,2026-11-18,2026-11-21,Winter,Business,0,Bus-1,Business Saver,Business Basic,0 USD,2964.51,USD,Enuygun,bff_0,priority_check_in: Öncelikli Check-in; entertainment: Uçak İçi Eğlence,Included,Included,Included,Included,Included,Included,Included,Not Included,Paid,Unknown,Unknown,Unknown,Unknown,Unknown,Unknown,Unknown,Yes,,,2026-07-28T05:48:37+00:00,success,0
EK,BKK,WAW,BKK,TH,WAW,PL,2026-11-18,2026-11-21,Winter,Business,1,Bus-2,Business Flex,Business Flex,+392.08 USD,3356.59,USD,Enuygun,bff_1,priority_check_in: Öncelikli Check-in; entertainment: Uçak İçi Eğlence,Included,Included,Included,Included,Included,Included,Included,Paid,Paid,Unknown,Unknown,Unknown,Unknown,Unknown,Unknown,Unknown,Yes,175.0,,2026-07-28T05:48:37+00:00,success,0
EK,BKK,WAW,BKK,TH,WAW,PL,2026-11-18,2026-11-21,Winter,Business,2,Bus-3,Business Flex Plus,Business Comfort,+910.66 USD,3875.18,USD,Enuygun,bff_2,priority_check_in: Öncelikli Check-in; entertainment: Uçak İçi Eğlence,Included,Included,Included,Included,Included,Included,Included,Included,Included,Unknown,Unknown,Unknown,Unknown,Unknown,Unknown,Unknown,Yes,190.0,,2026-07-28T05:48:37+00:00,success,0
TK,BKK,WAW,BKK,TH,WAW,PL,2026-09-10,2026-09-13,Summer,Economy,0,Eco-1,ECOFLY,Economy Basic,0.00 USD,1643.72,USD,Ubfly,CL-79e6055537c0406896f56ec2bf03412f,Online Message Verification,Included,Included,Unknown,Included,Unknown,Unknown,Unknown,Included,Paid,Unknown,Unknown,Unknown,Unknown,Unknown,Unknown,Unknown,,,,2026-07-28T05:48:37+00:00,success,0
TK,BKK,WAW,BKK,TH,WAW,PL,2026-09-10,2026-09-13,Summer,Economy,1,Eco-2,EXTRAFLY,Economy Standard,+64.04 USD,1707.76,USD,Ubfly,LG-14c0cbd33472469ba66ad854f0390a9b,Online Message Verification,Included,Included,Unknown,Included,Unknown,Unknown,Unknown,Not Included,Paid,Unknown,Unknown,Unknown,Unknown,Unknown,Unknown,Unknown,,,,2026-07-28T05:48:37+00:00,success,0
TK,BKK,WAW,BKK,TH,WAW,PL,2026-09-10,2026-09-13,Summer,Economy,2,Eco-3,FLEXFLY,Economy Flex,+192.04 USD,1835.76,USD,Ubfly,GN-f43be31f845b4a8591258cae470ab05a,Online Message Verification,Included,Included,Included,Included,Unknown,Unknown,Unknown,Paid,Included,Unknown,Unknown,Unknown,Unknown,Unknown,Unknown,Unknown,Yes,15.0,,2026-07-28T05:48:37+00:00,success,0
TK,BKK,WAW,BKK,TH,WAW,PL,2026-09-10,2026-09-13,Summer,Economy,3,Eco-4,Flexible,Economy Flex,+384.95 USD,2028.67,USD,Ubfly,FL-a0acd0470d6e4324b5a22c804bc2d20b,Online Message Verification,Included,Included,Included,Included,Unknown,Unknown,Included,Included,Included,Unknown,Unknown,Paid,Unknown,Unknown,Unknown,Unknown,Yes,30.0,,2026-07-28T05:48:37+00:00,success,0
TK,BKK,WAW,BKK,TH,WAW,PL,2026-09-10,2026-09-13,Summer,Business,0,Bus-1,Business Fly,Business — Business Fly,0 USD,4793.54,USD,Enuygun,bff_0,priority_check_in: Öncelikli Check-in,Included,Included,Included,Included,Included,Included,Included,Paid,Paid,Unknown,Unknown,Unknown,Unknown,Unknown,Unknown,Unknown,,,,2026-07-28T05:48:37+00:00,success,0
TK,BKK,WAW,BKK,TH,WAW,PL,2026-09-10,2026-09-13,Summer,Business,1,Bus-2,Business Prime,Business Premium,+376.74 USD,5170.28,USD,Enuygun,bff_1,priority_check_in: Öncelikli Check-in,Included,Included,Included,Included,Included,Included,Included,Included,Included,Unknown,Unknown,Paid,Unknown,Unknown,Unknown,Unknown,Yes,30.0,,2026-07-28T05:48:37+00:00,success,0
TK,BKK,WAW,BKK,TH,WAW,PL,2026-11-18,2026-11-21,Winter,Economy,0,Eco-1,ECOFLY,Economy Basic,0.00 USD,1395.58,USD,Ubfly,CL-ffe1651625f24b22a9e60183ee6acc0f,Online Message Verification,Included,Included,Unknown,Included,Unknown,Unknown,Unknown,Included,Paid,Unknown,Unknown,Unknown,Unknown,Unknown,Unknown,Unknown,,,,2026-07-28T05:48:37+00:00,success,0
TK,BKK,WAW,BKK,TH,WAW,PL,2026-11-18,2026-11-21,Winter,Economy,1,Eco-2,EXTRAFLY,Economy Standard,+64.04 USD,1459.62,USD,Ubfly,LG-137b3ef6d9c74afd9e55b6b4b0eb3294,Online Message Verification,Included,Included,Unknown,Included,Unknown,Unknown,Unknown,Paid,Paid,Unknown,Unknown,Unknown,Unknown,Unknown,Unknown,Unknown,,,,2026-07-28T05:48:37+00:00,success,0
TK,BKK,WAW,BKK,TH,WAW,PL,2026-11-18,2026-11-21,Winter,Economy,2,Eco-3,FLEXFLY,Economy Flex,+192.04 USD,1587.62,USD,Ubfly,GN-f502c8f9933a41c5903148d14ba57e73,Online Message Verification,Included,Included,Included,Included,Unknown,Unknown,Unknown,Paid,Included,Unknown,Unknown,Unknown,Unknown,Unknown,Unknown,Unknown,Yes,15.0,,2026-07-28T05:48:37+00:00,success,0
TK,BKK,WAW,BKK,TH,WAW,PL,2026-11-18,2026-11-21,Winter,Economy,3,Eco-4,Flexible,Economy Flex,+384.93 USD,1780.51,USD,Ubfly,FL-08aa8bdc7803424caef10d1cf9fa2a7e,Online Message Verification,Included,Included,Included,Included,Unknown,Unknown,Included,Included,Included,Unknown,Unknown,Paid,Unknown,Unknown,Unknown,Unknown,Yes,30.0,,2026-07-28T05:48:37+00:00,success,0
TK,BKK,WAW,BKK,TH,WAW,PL,2026-11-18,2026-11-21,Winter,Business,0,Bus-1,Business Fly,Business — Business Fly,0 USD,4751.75,USD,Enuygun,bff_0,priority_check_in: Öncelikli Check-in,Included,Included,Included,Unknown,Included,Included,Included,Paid,Paid,Unknown,Unknown,Unknown,Unknown,Unknown,Unknown,Unknown,,,,2026-07-28T05:48:37+00:00,success,0
TK,BKK,WAW,BKK,TH,WAW,PL,2026-11-18,2026-11-21,Winter,Business,1,Bus-2,Business Prime,Business Premium,+414.43 USD,5166.18,USD,Enuygun,bff_1,priority_check_in: Öncelikli Check-in,Included,Included,Included,Unknown,Included,Included,Included,Included,Included,Unknown,Unknown,Paid,Unknown,Unknown,Unknown,Unknown,Yes,30.0,,2026-07-28T05:48:37+00:00,success,0
EK,BKK,PRG,BKK,TH,PRG,CZ,2027-05-16,2027-05-19,Summer,Economy,0,Eco-1,Economy Saver,Economy Basic,0.00 USD,747.81,USD,Ubfly,YP-cd0084f031e547d6bd7c4133eaac2e2f,Non-exchangeable.; • Hot and cold refreshments; • ICE entertainment; Economy Cabin,Included,Included,Paid,Included,Unknown,Unknown,Unknown,Included,Paid,Unknown,Unknown,Unknown,Included,Unknown,Unknown,Unknown,Yes,1800.0,,2026-07-28T05:48:37+00:00,success,0
EK,BKK,PRG,BKK,TH,PRG,CZ,2027-05-16,2027-05-19,Summer,Economy,1,Eco-2,Economy Flex,Economy Flex,+183.83 USD,931.64,USD,Ubfly,YS-2a777266e53a4d7bbd4a2ff41c69fbbd,Non-exchangeable.; • Hot and cold refreshments; • ICE entertainment; Economy Cabin,Included,Included,Included,Included,Unknown,Unknown,Unknown,Included,Paid,Unknown,Unknown,Unknown,Included,Unknown,Unknown,Unknown,Yes,4500.0,,2026-07-28T05:48:37+00:00,success,0
EK,BKK,PRG,BKK,TH,PRG,CZ,2027-05-16,2027-05-19,Summer,Economy,2,Eco-3,Economy Flex Plus,Economy Comfort,+565.00 USD,1312.81,USD,Ubfly,YF-a3b571ff411f472a985680375f530bf2,Non-exchangeable.; • Hot and cold refreshments; • ICE entertainment; Economy Cabin,Included,Included,Included,Included,Unknown,Unknown,Unknown,Included,Included,Unknown,Unknown,Unknown,Included,Unknown,Unknown,Unknown,Yes,6000.0,,2026-07-28T05:48:37+00:00,success,0
EK,BKK,PRG,BKK,TH,PRG,CZ,2027-05-16,2027-05-19,Summer,Business,0,Bus-1,Business Saver,Business Basic,0 USD,3010.11,USD,Enuygun,bff_0,priority_check_in: Öncelikli Check-in; entertainment: Uçak İçi Eğlence,Included,Included,Included,Included,Included,Included,Included,Not Included,Paid,Unknown,Unknown,Unknown,Unknown,Unknown,Unknown,Unknown,Yes,,,2026-07-28T05:48:37+00:00,success,0
EK,BKK,PRG,BKK,TH,PRG,CZ,2027-05-16,2027-05-19,Summer,Business,1,Bus-2,Business Flex,Business Flex,+392.08 USD,3402.18,USD,Enuygun,bff_1,priority_check_in: Öncelikli Check-in; entertainment: Uçak İçi Eğlence,Included,Included,Included,Included,Included,Included,Included,Paid,Paid,Unknown,Unknown,Unknown,Unknown,Unknown,Unknown,Unknown,Yes,175.0,,2026-07-28T05:48:37+00:00,success,0
EK,BKK,PRG,BKK,TH,PRG,CZ,2027-05-16,2027-05-19,Summer,Business,2,Bus-3,Business Flex Plus,Business Comfort,+910.96 USD,3921.06,USD,Enuygun,bff_2,priority_check_in: Öncelikli Check-in; entertainment: Uçak İçi Eğlence,Included,Included,Included,Included,Included,Included,Included,Included,Included,Unknown,Unknown,Unknown,Unknown,Unknown,Unknown,Unknown,Yes,190.0,,2026-07-28T05:48:37+00:00,success,0
EK,BKK,PRG,BKK,TH,PRG,CZ,2027-05-16,2027-05-19,Summer,Premium Economy,0,PEco-1,Premium Economy FlexPlus,Premium Economy Comfort,+597.27 USD,1345.08,USD,Ubfly,WF-fa0f2d420f3947c8ba45e71b41e6ac59,Non-exchangeable.; • Hot and cold refreshments; • ICE entertainment; • Exclusive Premium Economy Class dining; Premium Economy Cabin,Included,Included,Included,Unknown,Unknown,Unknown,Unknown,Included,Unknown,Unknown,Unknown,Unknown,Included,Unknown,Unknown,Unknown,Yes,6600.0,,2026-07-28T05:48:37+00:00,success,0
EK,BKK,PRG,BKK,TH,PRG,CZ,2027-01-16,2027-01-19,Winter,Economy,0,Eco-1,Economy Saver,Economy Basic,0.00 USD,800.32,USD,Ubfly,YP-3d9c341c03674046acafd7651606c59c,Non-exchangeable.; • Hot and cold refreshments; • ICE entertainment; Economy Cabin,Included,Included,Paid,Included,Unknown,Unknown,Unknown,Included,Paid,Unknown,Unknown,Unknown,Included,Unknown,Unknown,Unknown,Yes,1800.0,,2026-07-28T05:48:37+00:00,success,0
EK,BKK,PRG,BKK,TH,PRG,CZ,2027-01-16,2027-01-19,Winter,Economy,1,Eco-2,Economy Flex,Economy Flex,+131.32 USD,931.64,USD,Ubfly,YS-d964b6cf71e84ed18ea431a33318584a,Non-exchangeable.; • Hot and cold refreshments; • ICE entertainment; Economy Cabin,Included,Included,Included,Included,Unknown,Unknown,Unknown,Included,Paid,Unknown,Unknown,Unknown,Included,Unknown,Unknown,Unknown,Yes,4500.0,,2026-07-28T05:48:37+00:00,success,0
EK,BKK,PRG,BKK,TH,PRG,CZ,2027-01-16,2027-01-19,Winter,Economy,2,Eco-3,Economy Flex Plus,Economy Comfort,+512.49 USD,1312.81,USD,Ubfly,YF-507dd7e0fe5b4eea9eb64a2fb5f15d15,Non-exchangeable.; • Hot and cold refreshments; • ICE entertainment; Economy Cabin,Included,Included,Included,Included,Unknown,Unknown,Unknown,Included,Included,Unknown,Unknown,Unknown,Included,Unknown,Unknown,Unknown,Yes,6000.0,,2026-07-28T05:48:37+00:00,success,0
EK,BKK,PRG,BKK,TH,PRG,CZ,2027-01-16,2027-01-19,Winter,Business,0,Bus-1,Business Saver,Business Basic,0 USD,3010.11,USD,Enuygun,bff_0,priority_check_in: Öncelikli Check-in; entertainment: Uçak İçi Eğlence,Included,Included,Included,Included,Included,Included,Included,Not Included,Paid,Unknown,Unknown,Unknown,Unknown,Unknown,Unknown,Unknown,Yes,,,2026-07-28T05:48:37+00:00,success,0
EK,BKK,PRG,BKK,TH,PRG,CZ,2027-01-16,2027-01-19,Winter,Business,1,Bus-2,Business Flex,Business Flex,+392.08 USD,3402.18,USD,Enuygun,bff_1,priority_check_in: Öncelikli Check-in; entertainment: Uçak İçi Eğlence,Included,Included,Included,Included,Included,Included,Included,Paid,Paid,Unknown,Unknown,Unknown,Unknown,Unknown,Unknown,Unknown,Yes,175.0,,2026-07-28T05:48:37+00:00,success,0
EK,BKK,PRG,BKK,TH,PRG,CZ,2027-01-16,2027-01-19,Winter,Business,2,Bus-3,Business Flex Plus,Business Comfort,+910.96 USD,3921.06,USD,Enuygun,bff_2,priority_check_in: Öncelikli Check-in; entertainment: Uçak İçi Eğlence,Included,Included,Included,Included,Included,Included,Included,Included,Included,Unknown,Unknown,Unknown,Unknown,Unknown,Unknown,Unknown,Yes,190.0,,2026-07-28T05:48:37+00:00,success,0
EK,BKK,PRG,BKK,TH,PRG,CZ,2027-01-16,2027-01-19,Winter,Premium Economy,0,PEco-1,Premium Economy FlexPlus,Premium Economy Comfort,+544.77 USD,1345.09,USD,Ubfly,WF-ecbad5e7d8e448d8bfaf24d7a0989e93,Non-exchangeable.; • Hot and cold refreshments; • ICE entertainment; • Exclusive Premium Economy Class dining; Premium Economy Cabin,Included,Included,Included,Unknown,Unknown,Unknown,Unknown,Included,Unknown,Unknown,Unknown,Unknown,Included,Unknown,Unknown,Unknown,Yes,6600.0,,2026-07-28T05:48:37+00:00,success,0
QR,BKK,PRG,BKK,TH,PRG,CZ,2027-05-16,2027-05-19,Summer,Economy,0,Eco-1,ECONOMY CLASSIC,Economy Standard,0 USD,943.11,USD,Enuygun,bff_0,,Included,Included,Unknown,Included,Unknown,Unknown,Unknown,Paid,Paid,Unknown,Unknown,Unknown,Unknown,Unknown,Unknown,Unknown,Yes,50.0,,2026-07-28T05:48:37+00:00,success,0
QR,BKK,PRG,BKK,TH,PRG,CZ,2027-05-16,2027-05-19,Summer,Economy,1,Eco-2,ECONOMY CONVENIENCE,Economy — ECONOMY CONVENIENCE,+65.92 USD,1009.02,USD,Enuygun,bff_1,,Included,Included,Included,Included,Unknown,Unknown,Unknown,Paid,Paid,Unknown,Unknown,Unknown,Unknown,Unknown,Unknown,Unknown,Yes,75.0,,2026-07-28T05:48:37+00:00,success,0
QR,BKK,PRG,BKK,TH,PRG,CZ,2027-05-16,2027-05-19,Summer,Economy,2,Eco-3,ECONOMY COMFORT,Economy Comfort,+592.59 USD,1535.7,USD,Enuygun,bff_2,,Included,Included,Included,Included,Unknown,Unknown,Unknown,Paid,Paid,Unknown,Unknown,Unknown,Unknown,Unknown,Unknown,Unknown,Yes,100.0,,2026-07-28T05:48:37+00:00,success,0
QR,BKK,PRG,BKK,TH,PRG,CZ,2027-05-16,2027-05-19,Summer,Business,0,Bus-1,BCLASSIC,Business Standard,0.00 USD,2879.09,USD,Ubfly,BCLASSIC-BCLASSIC,125 PCT QMILES ACCUMULATION(F),Included,Included,Unknown,Included,Included,Unknown,Unknown,Paid,Paid,Unknown,Unknown,Unknown,Unknown,Unknown,Unknown,Unknown,,,,2026-07-28T05:48:37+00:00,success,0
QR,BKK,PRG,BKK,TH,PRG,CZ,2027-05-16,2027-05-19,Summer,Business,1,Bus-2,BUSINESS COMFORT,Business Comfort,+451.52 USD,3330.61,USD,Ubfly,BCOMFORT-BCOMFORT,175 PCT QMILES ACCUMULATION(F),Included,Included,Included,Included,Included,Unknown,Unknown,Paid,Paid,Unknown,Unknown,Unknown,Unknown,Unknown,Unknown,Unknown,,,,2026-07-28T05:48:37+00:00,success,0
QR,BKK,PRG,BKK,TH,PRG,CZ,2027-05-16,2027-05-19,Summer,Business,2,Bus-3,BUSINESS ELITE,Business Lite,+831.65 USD,3710.74,USD,Ubfly,BELITE-BELITE,200 PCT QMILES ACCUMULATION(F); Uninterrupted return (up to the last 12 hours); Change with Penalty,Included,Included,Included,Included,Included,Unknown,Unknown,Included,Included,Unknown,Unknown,Unknown,Unknown,Unknown,Unknown,Unknown,,,,2026-07-28T05:48:37+00:00,success,0
QR,BKK,PRG,BKK,TH,PRG,CZ,2027-01-16,2027-01-19,Winter,Economy,0,Eco-1,ECONOMY CLASSIC,Economy Standard,0 USD,961.49,USD,Enuygun,bff_0,,Included,Included,Unknown,Unknown,Unknown,Unknown,Unknown,Paid,Paid,Unknown,Unknown,Unknown,Unknown,Unknown,Unknown,Unknown,,,,2026-07-28T05:48:37+00:00,success,0
QR,BKK,PRG,BKK,TH,PRG,CZ,2027-01-16,2027-01-19,Winter,Economy,1,Eco-2,ECONOMY CONVENIENCE,Economy — ECONOMY CONVENIENCE,+65.92 USD,1027.41,USD,Enuygun,bff_1,,Included,Included,Included,Included,Unknown,Unknown,Unknown,Paid,Paid,Unknown,Unknown,Unknown,Unknown,Unknown,Unknown,Unknown,Yes,75.0,,2026-07-28T05:48:37+00:00,success,0
QR,BKK,PRG,BKK,TH,PRG,CZ,2027-01-16,2027-01-19,Winter,Economy,2,Eco-3,ECONOMY COMFORT,Economy Comfort,+592.59 USD,1554.08,USD,Enuygun,bff_2,,Included,Included,Included,Included,Unknown,Unknown,Unknown,Paid,Paid,Unknown,Unknown,Unknown,Unknown,Unknown,Unknown,Unknown,Yes,100.0,,2026-07-28T05:48:37+00:00,success,0
QR,BKK,PRG,BKK,TH,PRG,CZ,2027-01-16,2027-01-19,Winter,Business,0,Bus-1,BUSINESS COMFORT,Business Comfort,0.00 USD,3330.61,USD,Ubfly,BCOMFORT-BCOMFORT,175 PCT QMILES ACCUMULATION(F),Included,Included,Included,Included,Included,Unknown,Unknown,Paid,Paid,Unknown,Unknown,Unknown,Unknown,Unknown,Unknown,Unknown,,,,2026-07-28T05:48:37+00:00,success,0
QR,BKK,PRG,BKK,TH,PRG,CZ,2027-01-16,2027-01-19,Winter,Business,1,Bus-2,BUSINESS ELITE,Business Lite,+380.13 USD,3710.74,USD,Ubfly,BELITE-BELITE,200 PCT QMILES ACCUMULATION(F); Uninterrupted return (up to the last 12 hours); Change with Penalty,Included,Included,Included,Included,Included,Unknown,Unknown,Included,Included,Unknown,Unknown,Unknown,Unknown,Unknown,Unknown,Unknown,,,,2026-07-28T05:48:37+00:00,success,0
EY,BKK,PRG,BKK,TH,PRG,CZ,2027-05-16,2027-05-19,Summer,Economy,0,Eco-1,YBASIC,Economy Basic,0.00 USD,451.13,USD,Ubfly,YBASIC-YBASIC,,Included,Not Included,Unknown,Included,Unknown,Unknown,Unknown,Not Included,Included,Unknown,Unknown,Unknown,Unknown,Unknown,Unknown,Unknown,Yes,5.0,,2026-07-28T05:48:37+00:00,success,0
EY,BKK,PRG,BKK,TH,PRG,CZ,2027-05-16,2027-05-19,Summer,Economy,1,Eco-2,YVALUE,Economy Basic,+24.93 USD,476.06,USD,Ubfly,YVALUE-YVALUE,,Included,Included,Unknown,Included,Unknown,Unknown,Unknown,Not Included,Paid,Unknown,Unknown,Unknown,Unknown,Unknown,Unknown,Unknown,Yes,35.0,,2026-07-28T05:48:37+00:00,success,0
EY,BKK,PRG,BKK,TH,PRG,CZ,2027-05-16,2027-05-19,Summer,Economy,2,Eco-3,YCOMFORT,Economy Comfort,+66.42 USD,517.55,USD,Ubfly,YCOMFORT-YCOMFORT,,Included,Included,Included,Included,Unknown,Unknown,Unknown,Paid,Paid,Unknown,Unknown,Unknown,Unknown,Unknown,Unknown,Unknown,Yes,75.0,,2026-07-28T05:48:37+00:00,success,0
EY,BKK,PRG,BKK,TH,PRG,CZ,2027-05-16,2027-05-19,Summer,Economy,3,Eco-4,YDELUXE,Economy — YDELUXE,+170.38 USD,621.51,USD,Ubfly,YDELUXE-YDELUXE,Change with Penalty; Uninterrupted return (up to the last 12 hours); Priority Access,Included,Included,Included,Included,Unknown,Unknown,Unknown,Included,Included,Unknown,Unknown,Unknown,Unknown,Unknown,Unknown,Unknown,Yes,,,2026-07-28T05:48:37+00:00,success,0
EY,BKK,PRG,BKK,TH,PRG,CZ,2027-05-16,2027-05-19,Summer,Business,0,Bus-1,JVALUE,Business Basic,0.00 USD,2009.25,USD,Ubfly,JVALUE-JVALUE,Priority Access,Included,Included,Unknown,Included,Unknown,Unknown,Unknown,Not Included,Paid,Unknown,Unknown,Unknown,Unknown,Unknown,Unknown,Unknown,Yes,100.0,,2026-07-28T05:48:37+00:00,success,0
EY,BKK,PRG,BKK,TH,PRG,CZ,2027-05-16,2027-05-19,Summer,Business,1,Bus-2,JCOMFORT,Business Comfort,+114.67 USD,2123.92,USD,Ubfly,JCOMFORT-JCOMFORT,Priority Access; ETIHAD UAE CHAUFFEUR(F),Included,Included,Included,Included,Included,Unknown,Unknown,Paid,Paid,Unknown,Unknown,Unknown,Unknown,Unknown,Unknown,Unknown,Yes,,,2026-07-28T05:48:37+00:00,success,0
EY,BKK,PRG,BKK,TH,PRG,CZ,2027-05-16,2027-05-19,Summer,Business,2,Bus-3,JDELUXE,Business — JDELUXE,+601.13 USD,2610.38,USD,Ubfly,JDELUXE-JDELUXE,Uninterrupted return (up to the last 12 hours); Priority Access; ETIHAD UAE CHAUFFEUR(F); ETIHAD GLOBAL CHAUFFEUR(F); Change with Penalty,Included,Included,Included,Included,Included,Unknown,Unknown,Included,Included,Unknown,Unknown,Unknown,Unknown,Unknown,Unknown,Unknown,Yes,,,2026-07-28T05:48:37+00:00,success,0
EY,BKK,PRG,BKK,TH,PRG,CZ,2027-01-16,2027-01-19,Winter,Economy,0,Eco-1,YBASIC,Economy Basic,0.00 USD,621.7,USD,Ubfly,YBASIC-YBASIC,,Included,Not Included,Unknown,Included,Unknown,Unknown,Unknown,Not Included,Included,Unknown,Unknown,Unknown,Unknown,Unknown,Unknown,Unknown,Yes,5.0,,2026-07-28T05:48:37+00:00,success,0
EY,BKK,PRG,BKK,TH,PRG,CZ,2027-01-16,2027-01-19,Winter,Economy,1,Eco-2,YVALUE,Economy Basic,+24.93 USD,646.63,USD,Ubfly,YVALUE-YVALUE,,Included,Included,Unknown,Included,Unknown,Unknown,Unknown,Not Included,Paid,Unknown,Unknown,Unknown,Unknown,Unknown,Unknown,Unknown,Yes,35.0,,2026-07-28T05:48:37+00:00,success,0
EY,BKK,PRG,BKK,TH,PRG,CZ,2027-01-16,2027-01-19,Winter,Economy,2,Eco-3,YCOMFORT,Economy Comfort,+66.42 USD,688.12,USD,Ubfly,YCOMFORT-YCOMFORT,,Included,Included,Included,Included,Unknown,Unknown,Unknown,Paid,Paid,Unknown,Unknown,Unknown,Unknown,Unknown,Unknown,Unknown,Yes,75.0,,2026-07-28T05:48:37+00:00,success,0
EY,BKK,PRG,BKK,TH,PRG,CZ,2027-01-16,2027-01-19,Winter,Economy,3,Eco-4,YDELUXE,Economy — YDELUXE,+170.38 USD,792.08,USD,Ubfly,YDELUXE-YDELUXE,Change with Penalty; Uninterrupted return (up to the last 12 hours); Priority Access,Included,Included,Included,Included,Unknown,Unknown,Unknown,Included,Included,Unknown,Unknown,Unknown,Unknown,Unknown,Unknown,Unknown,Yes,,,2026-07-28T05:48:37+00:00,success,0
EY,BKK,PRG,BKK,TH,PRG,CZ,2027-01-16,2027-01-19,Winter,Business,0,Bus-1,Business Value,Business Basic,0 USD,3216.99,USD,Enuygun,bff_0,priority_check_in: Öncelikli Check-in,Included,Included,Unknown,Included,Unknown,Unknown,Unknown,Not Included,Paid,Unknown,Unknown,Unknown,Unknown,Unknown,Unknown,Unknown,Yes,100.0,,2026-07-28T05:48:37+00:00,success,0
EY,BKK,PRG,BKK,TH,PRG,CZ,2027-01-16,2027-01-19,Winter,Business,1,Bus-2,Business Comfort,Business Comfort,+226.06 USD,3443.05,USD,Enuygun,bff_1,priority_check_in: Öncelikli Check-in,Included,Included,Included,Included,Included,Unknown,Unknown,Paid,Paid,Unknown,Unknown,Unknown,Unknown,Unknown,Unknown,Unknown,Yes,,,2026-07-28T05:48:37+00:00,success,0
EY,BKK,PRG,BKK,TH,PRG,CZ,2027-01-16,2027-01-19,Winter,Business,2,Bus-3,Business Deluxe,Business — Business Deluxe,+513.6 USD,3730.58,USD,Enuygun,bff_2,priority_check_in: Öncelikli Check-in,Included,Included,Included,Included,Included,Unknown,Unknown,Included,Included,Unknown,Unknown,Unknown,Unknown,Unknown,Unknown,Unknown,Yes,,,2026-07-28T05:48:37+00:00,success,0
TK,BKK,PRG,BKK,TH,PRG,CZ,2027-05-16,2027-05-19,Summer,Economy,0,Eco-1,Ecofly,Economy Basic,0 USD,947.73,USD,Enuygun,bff_0,,Included,Included,Unknown,Included,Unknown,Unknown,Unknown,Included,Paid,Unknown,Unknown,Unknown,Unknown,Unknown,Unknown,Unknown,,,,2026-07-28T05:48:37+00:00,success,0
TK,BKK,PRG,BKK,TH,PRG,CZ,2027-05-16,2027-05-19,Summer,Economy,1,Eco-2,Extrafly,Economy Standard,+67.61 USD,1015.34,USD,Enuygun,bff_1,,Included,Included,Unknown,Included,Unknown,Unknown,Unknown,Not Included,Paid,Unknown,Unknown,Unknown,Unknown,Unknown,Unknown,Unknown,,,,2026-07-28T05:48:37+00:00,success,0
TK,BKK,PRG,BKK,TH,PRG,CZ,2027-05-16,2027-05-19,Summer,Economy,2,Eco-3,Flexfly,Economy Flex,+200.19 USD,1147.92,USD,Enuygun,bff_2,,Included,Included,Included,Included,Unknown,Unknown,Unknown,Paid,Included,Unknown,Unknown,Unknown,Unknown,Unknown,Unknown,Unknown,Yes,15.0,,2026-07-28T05:48:37+00:00,success,0
TK,BKK,PRG,BKK,TH,PRG,CZ,2027-05-16,2027-05-19,Summer,Economy,3,Eco-4,Primefly,Economy Premium,+400.67 USD,1348.4,USD,Enuygun,bff_3,,Included,Included,Included,Included,Unknown,Unknown,Included,Included,Included,Unknown,Unknown,Paid,Unknown,Unknown,Unknown,Unknown,Yes,30.0,,2026-07-28T05:48:37+00:00,success,0
TK,BKK,PRG,BKK,TH,PRG,CZ,2027-05-16,2027-05-19,Summer,Business,0,Bus-1,Business Fly,Business — Business Fly,0 USD,4241.15,USD,Enuygun,bff_0,priority_check_in: Öncelikli Check-in,Included,Included,Included,Included,Included,Included,Included,Paid,Paid,Unknown,Unknown,Unknown,Unknown,Unknown,Unknown,Unknown,,,,2026-07-28T05:48:37+00:00,success,0
TK,BKK,PRG,BKK,TH,PRG,CZ,2027-05-16,2027-05-19,Summer,Business,1,Bus-2,Business Prime,Business Premium,+416.63 USD,4657.78,USD,Enuygun,bff_1,priority_check_in: Öncelikli Check-in,Included,Included,Included,Included,Included,Included,Included,Included,Included,Unknown,Unknown,Paid,Unknown,Unknown,Unknown,Unknown,Yes,30.0,,2026-07-28T05:48:37+00:00,success,0
TK,BKK,PRG,BKK,TH,PRG,CZ,2027-01-16,2027-01-19,Winter,Economy,0,Eco-1,ECOFLY,Economy Basic,0.00 USD,1416.58,USD,Ubfly,CL-2e4ef14259344426abcf6dcd9bbde36a,Online Message Verification,Included,Included,Unknown,Included,Unknown,Unknown,Unknown,Included,Paid,Unknown,Unknown,Unknown,Unknown,Unknown,Unknown,Unknown,,,,2026-07-28T05:48:37+00:00,success,0
TK,BKK,PRG,BKK,TH,PRG,CZ,2027-01-16,2027-01-19,Winter,Economy,1,Eco-2,EXTRAFLY,Economy Standard,+64.04 USD,1480.62,USD,Ubfly,LG-63f2ae7cab53468680a34a461304800b,Online Message Verification,Included,Included,Unknown,Included,Unknown,Unknown,Unknown,Paid,Paid,Unknown,Unknown,Unknown,Unknown,Unknown,Unknown,Unknown,,,,2026-07-28T05:48:37+00:00,success,0
TK,BKK,PRG,BKK,TH,PRG,CZ,2027-01-16,2027-01-19,Winter,Economy,2,Eco-3,FLEXFLY,Economy Flex,+192.04 USD,1608.62,USD,Ubfly,GN-18051f75f30a4939addb3492e9b9caef,Online Message Verification,Included,Included,Included,Included,Unknown,Unknown,Unknown,Paid,Included,Unknown,Unknown,Unknown,Unknown,Unknown,Unknown,Unknown,Yes,15.0,,2026-07-28T05:48:37+00:00,success,0
TK,BKK,PRG,BKK,TH,PRG,CZ,2027-01-16,2027-01-19,Winter,Economy,3,Eco-4,Flexible,Economy Flex,+384.93 USD,1801.51,USD,Ubfly,FL-faf295431fac44bdbcae1353bbde14d1,Online Message Verification,Included,Included,Included,Included,Unknown,Unknown,Included,Included,Included,Unknown,Unknown,Paid,Unknown,Unknown,Unknown,Unknown,Yes,30.0,,2026-07-28T05:48:37+00:00,success,0
TK,BKK,PRG,BKK,TH,PRG,CZ,2027-01-16,2027-01-19,Winter,Business,0,Bus-1,Business Fly,Business — Business Fly,0 USD,6538.08,USD,Enuygun,bff_0,priority_check_in: Öncelikli Check-in,Included,Included,Included,Unknown,Included,Included,Included,Paid,Paid,Unknown,Unknown,Unknown,Unknown,Unknown,Unknown,Unknown,,,,2026-07-28T05:48:37+00:00,success,0
TK,BKK,PRG,BKK,TH,PRG,CZ,2027-01-16,2027-01-19,Winter,Business,1,Bus-2,Business Prime,Business Premium,+494.2 USD,7032.27,USD,Enuygun,bff_1,priority_check_in: Öncelikli Check-in,Included,Included,Included,Unknown,Included,Included,Included,Included,Included,Unknown,Unknown,Paid,Unknown,Unknown,Unknown,Unknown,Yes,30.0,,2026-07-28T05:48:37+00:00,success,0
EK,PRG,HAN,PRG,CZ,HAN,VN,2026-10-31,2026-11-03,Summer,Economy,0,Eco-1,Economy Flex,Economy Flex,0.00 USD,926.21,USD,Ubfly,YS-a5c5be02ca1f493a8075777b24c2b10a,Non-exchangeable.; • Hot and cold refreshments; • ICE entertainment; Economy Cabin,Included,Included,Included,Included,Unknown,Unknown,Unknown,Paid,Paid,Unknown,Unknown,Unknown,Included,Unknown,Unknown,Unknown,Yes,4500.0,,2026-07-28T05:48:37+00:00,success,0
EK,PRG,HAN,PRG,CZ,HAN,VN,2026-10-31,2026-11-03,Summer,Economy,1,Eco-2,Economy Flex Plus,Economy Comfort,+856.70 USD,1782.91,USD,Ubfly,YF-856dffdaf3f347398329f8c3bfaea440,Non-exchangeable.; • Hot and cold refreshments; • ICE entertainment; Economy Cabin,Included,Included,Included,Included,Unknown,Unknown,Unknown,Included,Included,Unknown,Unknown,Unknown,Included,Unknown,Unknown,Unknown,Yes,6000.0,,2026-07-28T05:48:37+00:00,success,0
EK,PRG,HAN,PRG,CZ,HAN,VN,2026-10-31,2026-11-03,Summer,Business,0,Bus-1,BSFLEX,Business Flex,0.00 USD,3751.81,USD,Ubfly,BSFLEX-BSFLEX,Soft drink; Premium check-in; In-flight entertainment; Chauffeur Drive; Internet Access,Included,Included,Included,Included,Included,Included,Included,Paid,Paid,Unknown,Unknown,Unknown,Unknown,Unknown,Unknown,Unknown,Yes,175.0,,2026-07-28T05:48:37+00:00,success,0
EK,PRG,HAN,PRG,CZ,HAN,VN,2026-10-31,2026-11-03,Summer,Business,1,Bus-2,BSFLXPLUS,Business Comfort,"+1,009.34 USD",4761.15,USD,Ubfly,BSFLXPLUS-BSFLXPLUS,Premium check-in; Soft drink; In-flight entertainment; Chauffeur Drive; Internet Access; Uninterrupted return (up to the last 12 hours); Change with Penalty,Included,Included,Included,Included,Included,Included,Included,Included,Included,Unknown,Unknown,Unknown,Unknown,Unknown,Unknown,Unknown,Yes,190.0,,2026-07-28T05:48:37+00:00,success,0
EK,PRG,HAN,PRG,CZ,HAN,VN,2026-10-31,2026-11-03,Summer,Premium Economy,0,PEco-1,Premium Economy FlexPlus,Premium Economy Comfort,+908.98 USD,1835.19,USD,Ubfly,WF-c0cebe9a68bc46c9941fcdfe4e41cb15,Non-exchangeable.; • Hot and cold refreshments; • ICE entertainment; • Exclusive Premium Economy Class dining; Premium Economy Cabin,Included,Included,Included,Unknown,Unknown,Unknown,Unknown,Included,Unknown,Unknown,Unknown,Unknown,Included,Unknown,Unknown,Unknown,Yes,6600.0,,2026-07-28T05:48:37+00:00,success,0
EK,PRG,HAN,PRG,CZ,HAN,VN,2026-12-18,2026-12-21,Winter,Economy,0,Eco-1,Economy Flex,Economy Flex,0.00 USD,999.1,USD,Ubfly,YS-dc30c7c026764a589e88c8a9bbd06838,Non-exchangeable.; • Hot and cold refreshments; • ICE entertainment; Economy Cabin,Included,Included,Included,Included,Unknown,Unknown,Unknown,Paid,Paid,Unknown,Unknown,Unknown,Included,Unknown,Unknown,Unknown,Yes,4500.0,,2026-07-28T05:48:37+00:00,success,0
EK,PRG,HAN,PRG,CZ,HAN,VN,2026-12-18,2026-12-21,Winter,Economy,1,Eco-2,Economy Flex Plus,Economy Comfort,+888.20 USD,1887.3,USD,Ubfly,YF-64b2dbd15cf643c9a7f0bbb403b1e62c,Non-exchangeable.; • Hot and cold refreshments; • ICE entertainment; Economy Cabin,Included,Included,Included,Included,Unknown,Unknown,Unknown,Included,Included,Unknown,Unknown,Unknown,Included,Unknown,Unknown,Unknown,Yes,6000.0,,2026-07-28T05:48:37+00:00,success,0
EK,PRG,HAN,PRG,CZ,HAN,VN,2026-12-18,2026-12-21,Winter,Business,0,Bus-1,BSFLEX,Business Flex,0.00 USD,3879.09,USD,Ubfly,BSFLEX-BSFLEX,Soft drink; Internet Access; Premium check-in; In-flight entertainment; Chauffeur Drive,Included,Included,Included,Included,Included,Included,Included,Paid,Paid,Unknown,Unknown,Unknown,Unknown,Unknown,Unknown,Unknown,Yes,175.0,,2026-07-28T05:48:37+00:00,success,0
EK,PRG,HAN,PRG,CZ,HAN,VN,2026-12-18,2026-12-21,Winter,Business,1,Bus-2,BSFLXPLUS,Business Comfort,"+1,055.69 USD",4934.78,USD,Ubfly,BSFLXPLUS-BSFLXPLUS,Premium check-in; Soft drink; In-flight entertainment; Chauffeur Drive; Internet Access; Uninterrupted return (up to the last 12 hours); Change with Penalty,Included,Included,Included,Included,Included,Included,Included,Included,Included,Unknown,Unknown,Unknown,Unknown,Unknown,Unknown,Unknown,Yes,190.0,,2026-07-28T05:48:37+00:00,success,0
EK,PRG,HAN,PRG,CZ,HAN,VN,2026-12-18,2026-12-21,Winter,Premium Economy,0,PEco-1,Premium Economy FlexPlus,Premium Economy Comfort,"+1,888.24 USD",2887.34,USD,Ubfly,WF-9507e9b4a1cd4aa18d36928e4ea153b2,Non-exchangeable.; • Hot and cold refreshments; • ICE entertainment; • Exclusive Premium Economy Class dining; Premium Economy Cabin,Included,Included,Included,Unknown,Unknown,Unknown,Unknown,Included,Unknown,Unknown,Unknown,Unknown,Included,Unknown,Unknown,Unknown,Yes,6600.0,,2026-07-28T05:48:37+00:00,success,0
QR,PRG,HAN,PRG,CZ,HAN,VN,2026-10-31,2026-11-03,Summer,Economy,0,Eco-1,Economy Convenience,Economy — Economy Convenience,0 USD,1063.84,USD,Enuygun,bff_0,,Included,Included,Included,Included,Unknown,Unknown,Unknown,Paid,Paid,Unknown,Unknown,Unknown,Unknown,Unknown,Unknown,Unknown,Yes,75.0,,2026-07-28T05:48:37+00:00,success,0
QR,PRG,HAN,PRG,CZ,HAN,VN,2026-10-31,2026-11-03,Summer,Economy,1,Eco-2,Economy Comfort,Economy Comfort,+150.11 USD,1213.95,USD,Enuygun,bff_1,,Included,Included,Included,Included,Unknown,Unknown,Unknown,Included,Included,Unknown,Unknown,Unknown,Unknown,Unknown,Unknown,Unknown,Yes,100.0,,2026-07-28T05:48:37+00:00,success,0
QR,PRG,HAN,PRG,CZ,HAN,VN,2026-10-31,2026-11-03,Summer,Business,0,Bus-1,BUSINESS COMFORT,Business Comfort,0.00 USD,3963.17,USD,Ubfly,BCOMFORT-BCOMFORT-BCOMFORT,175 PCT QMILES ACCUMULATION(F),Included,Included,Included,Included,Included,Unknown,Unknown,Paid,Paid,Unknown,Unknown,Unknown,Unknown,Unknown,Unknown,Unknown,,,,2026-07-28T05:48:37+00:00,success,0
QR,PRG,HAN,PRG,CZ,HAN,VN,2026-10-31,2026-11-03,Summer,Business,1,Bus-2,BUSINESS ELITE,Business Lite,"+1,062.99 USD",5026.16,USD,Ubfly,BELITE-BELITE-BELITE,200 PCT QMILES ACCUMULATION(F); Uninterrupted return (up to the last 12 hours); Change with Penalty,Included,Included,Included,Included,Included,Unknown,Unknown,Paid,Paid,Unknown,Unknown,Unknown,Unknown,Unknown,Unknown,Unknown,,,,2026-07-28T05:48:37+00:00,success,0
QR,PRG,HAN,PRG,CZ,HAN,VN,2026-12-18,2026-12-21,Winter,Economy,0,Eco-1,ECONOMY CONVENIENCE,Economy — ECONOMY CONVENIENCE,0.00 USD,1215.52,USD,Ubfly,ECONVENIEN-ECONVENIEN,,Included,Included,Included,Included,Unknown,Unknown,Unknown,Paid,Paid,Unknown,Unknown,Unknown,Unknown,Unknown,Unknown,Unknown,Yes,75.0,,2026-07-28T05:48:37+00:00,success,0
QR,PRG,HAN,PRG,CZ,HAN,VN,2026-12-18,2026-12-21,Winter,Economy,1,Eco-2,ECONOMY COMFORT,Economy Comfort,+332.06 USD,1547.58,USD,Ubfly,ECOMFORT-ECOMFORT,Uninterrupted return (up to the last 12 hours); Change with Penalty,Included,Included,Included,Included,Unknown,Unknown,Unknown,Included,Included,Unknown,Unknown,Unknown,Unknown,Unknown,Unknown,Unknown,Yes,100.0,,2026-07-28T05:48:37+00:00,success,0
QR,PRG,HAN,PRG,CZ,HAN,VN,2026-12-18,2026-12-21,Winter,Business,0,Bus-1,BUSINESS COMFORT,Business Comfort,0.00 USD,3672.5,USD,Ubfly,BCOMFORT-BCOMFORT,175 PCT QMILES ACCUMULATION(F),Included,Included,Included,Included,Included,Unknown,Unknown,Paid,Paid,Unknown,Unknown,Unknown,Unknown,Unknown,Unknown,Unknown,,,,2026-07-28T05:48:37+00:00,success,0
QR,PRG,HAN,PRG,CZ,HAN,VN,2026-12-18,2026-12-21,Winter,Business,1,Bus-2,BUSINESS ELITE,Business Lite,"+1,062.99 USD",4735.49,USD,Ubfly,BELITE-BELITE,200 PCT QMILES ACCUMULATION(F); Uninterrupted return (up to the last 12 hours); Change with Penalty,Included,Included,Included,Included,Included,Unknown,Unknown,Included,Included,Unknown,Unknown,Unknown,Unknown,Unknown,Unknown,Unknown,,,,2026-07-28T05:48:37+00:00,success,0
EY,PRG,HAN,PRG,CZ,HAN,VN,2026-10-31,2026-11-03,Summer,Economy,0,Eco-1,YVALUE,Economy Basic,0.00 USD,915.11,USD,Ubfly,YVALUE-YVALUE,,Included,Included,Unknown,Included,Unknown,Unknown,Unknown,Not Included,Paid,Unknown,Unknown,Unknown,Unknown,Unknown,Unknown,Unknown,Yes,35.0,,2026-07-28T05:48:37+00:00,success,0
EY,PRG,HAN,PRG,CZ,HAN,VN,2026-10-31,2026-11-03,Summer,Economy,1,Eco-2,YCOMFORT,Economy Comfort,+9.82 USD,924.93,USD,Ubfly,YCOMFORT-YCOMFORT,,Included,Included,Included,Included,Unknown,Unknown,Unknown,Paid,Paid,Unknown,Unknown,Unknown,Unknown,Unknown,Unknown,Unknown,Yes,75.0,,2026-07-28T05:48:37+00:00,success,0
EY,PRG,HAN,PRG,CZ,HAN,VN,2026-10-31,2026-11-03,Summer,Economy,2,Eco-3,YDELUXE,Economy — YDELUXE,+137.40 USD,1052.51,USD,Ubfly,YDELUXE-YDELUXE,Change with Penalty; Uninterrupted return (up to the last 12 hours); Priority Access,Included,Included,Included,Included,Unknown,Unknown,Unknown,Included,Included,Unknown,Unknown,Unknown,Unknown,Unknown,Unknown,Unknown,Yes,,,2026-07-28T05:48:37+00:00,success,0
EY,PRG,HAN,PRG,CZ,HAN,VN,2026-10-31,2026-11-03,Summer,Business,0,Bus-1,BUSINESS VALUE,Business Basic,0 USD,3193.51,USD,Enuygun,bff_0,,Included,Included,Unknown,Included,Unknown,Unknown,Unknown,Not Included,Paid,Unknown,Unknown,Unknown,Unknown,Unknown,Unknown,Unknown,Yes,100.0,,2026-07-28T05:48:37+00:00,success,0
EY,PRG,HAN,PRG,CZ,HAN,VN,2026-10-31,2026-11-03,Summer,Business,1,Bus-2,BUSINESS COMFORT,Business Comfort,+192.77 USD,3386.28,USD,Enuygun,bff_1,,Included,Included,Included,Included,Included,Unknown,Unknown,Paid,Paid,Unknown,Unknown,Unknown,Unknown,Unknown,Unknown,Unknown,Yes,,,2026-07-28T05:48:37+00:00,success,0
EY,PRG,HAN,PRG,CZ,HAN,VN,2026-10-31,2026-11-03,Summer,Business,2,Bus-3,BUSINESS DELUXE,Business — BUSINESS DELUXE,+403.81 USD,3597.32,USD,Enuygun,bff_2,,Included,Included,Included,Included,Included,Unknown,Unknown,Included,Included,Unknown,Unknown,Unknown,Unknown,Unknown,Unknown,Unknown,Yes,,,2026-07-28T05:48:37+00:00,success,0
EY,PRG,HAN,PRG,CZ,HAN,VN,2026-12-18,2026-12-21,Winter,Economy,0,Eco-1,YVALUE,Economy Basic,0.00 USD,1119.83,USD,Ubfly,YVALUE-YVALUE,,Included,Included,Unknown,Included,Unknown,Unknown,Unknown,Not Included,Paid,Unknown,Unknown,Unknown,Unknown,Unknown,Unknown,Unknown,Yes,35.0,,2026-07-28T05:48:37+00:00,success,0
EY,PRG,HAN,PRG,CZ,HAN,VN,2026-12-18,2026-12-21,Winter,Economy,1,Eco-2,YCOMFORT,Economy Comfort,+9.82 USD,1129.65,USD,Ubfly,YCOMFORT-YCOMFORT,,Included,Included,Included,Included,Unknown,Unknown,Unknown,Paid,Paid,Unknown,Unknown,Unknown,Unknown,Unknown,Unknown,Unknown,Yes,75.0,,2026-07-28T05:48:37+00:00,success,0
EY,PRG,HAN,PRG,CZ,HAN,VN,2026-12-18,2026-12-21,Winter,Economy,2,Eco-3,YDELUXE,Economy — YDELUXE,+137.40 USD,1257.23,USD,Ubfly,YDELUXE-YDELUXE,Change with Penalty; Uninterrupted return (up to the last 12 hours); Priority Access,Included,Included,Included,Included,Unknown,Unknown,Unknown,Included,Included,Unknown,Unknown,Unknown,Unknown,Unknown,Unknown,Unknown,Yes,,,2026-07-28T05:48:37+00:00,success,0
EY,PRG,HAN,PRG,CZ,HAN,VN,2026-12-18,2026-12-21,Winter,Business,0,Bus-1,BUSINESS VALUE,Business Basic,0 USD,3193.51,USD,Enuygun,bff_0,,Included,Included,Unknown,Included,Unknown,Unknown,Unknown,Not Included,Paid,Unknown,Unknown,Unknown,Unknown,Unknown,Unknown,Unknown,Yes,100.0,,2026-07-28T05:48:37+00:00,success,0
EY,PRG,HAN,PRG,CZ,HAN,VN,2026-12-18,2026-12-21,Winter,Business,1,Bus-2,BUSINESS COMFORT,Business Comfort,+192.77 USD,3386.28,USD,Enuygun,bff_1,,Included,Included,Included,Included,Included,Unknown,Unknown,Paid,Paid,Unknown,Unknown,Unknown,Unknown,Unknown,Unknown,Unknown,Yes,,,2026-07-28T05:48:37+00:00,success,0
EY,PRG,HAN,PRG,CZ,HAN,VN,2026-12-18,2026-12-21,Winter,Business,2,Bus-3,BUSINESS DELUXE,Business — BUSINESS DELUXE,+403.81 USD,3597.32,USD,Enuygun,bff_2,,Included,Included,Included,Included,Included,Unknown,Unknown,Included,Included,Unknown,Unknown,Unknown,Unknown,Unknown,Unknown,Unknown,Yes,,,2026-07-28T05:48:37+00:00,success,0
TK,PRG,HAN,PRG,CZ,HAN,VN,2026-10-31,2026-11-03,Summer,Economy,0,Eco-1,ECOFLY,Economy Basic,0.00 USD,1586.14,USD,Ubfly,CL-9795b92c1b2c4a00a2daf937cac0c4b6,Online Message Verification,Included,Included,Unknown,Included,Unknown,Unknown,Unknown,Included,Paid,Unknown,Unknown,Unknown,Unknown,Unknown,Unknown,Unknown,,,,2026-07-28T05:48:37+00:00,success,0
TK,PRG,HAN,PRG,CZ,HAN,VN,2026-10-31,2026-11-03,Summer,Economy,1,Eco-2,EXTRAFLY,Economy Standard,+48.76 USD,1634.9,USD,Ubfly,LG-48a54f8d05f34b93adbc6d6415ac587f,Online Message Verification,Included,Included,Unknown,Included,Unknown,Unknown,Unknown,Paid,Paid,Unknown,Unknown,Unknown,Unknown,Unknown,Unknown,Unknown,,,,2026-07-28T05:48:37+00:00,success,0
TK,PRG,HAN,PRG,CZ,HAN,VN,2026-10-31,2026-11-03,Summer,Economy,2,Eco-3,FLEXFLY,Economy Flex,+99.03 USD,1685.17,USD,Ubfly,GN-0e531cb7ed6d4ac594dc773d9cb34abe,Online Message Verification,Included,Included,Included,Included,Unknown,Unknown,Unknown,Paid,Included,Unknown,Unknown,Unknown,Unknown,Unknown,Unknown,Unknown,Yes,15.0,,2026-07-28T05:48:37+00:00,success,0
TK,PRG,HAN,PRG,CZ,HAN,VN,2026-10-31,2026-11-03,Summer,Economy,3,Eco-4,Flexible,Economy Flex,+195.92 USD,1782.06,USD,Ubfly,FL-7d6bd5def3bf4e0fa3aa8e1a80b02a63,Online Message Verification,Included,Included,Included,Included,Unknown,Unknown,Included,Included,Included,Unknown,Unknown,Paid,Unknown,Unknown,Unknown,Unknown,Yes,30.0,,2026-07-28T05:48:37+00:00,success,0
TK,PRG,HAN,PRG,CZ,HAN,VN,2026-10-31,2026-11-03,Summer,Business,0,Bus-1,BUSINESS FLY,Business — BUSINESS FLY,0.00 USD,3992.23,USD,Ubfly,BF-6c1cc29fe0464ffd8421fa0effdcf8e4,Internet Package; Priority Check-In,Included,Included,Included,Unknown,Included,Included,Included,Paid,Paid,Unknown,Unknown,Unknown,Unknown,Unknown,Unknown,Unknown,,,,2026-07-28T05:48:37+00:00,success,0
TK,PRG,HAN,PRG,CZ,HAN,VN,2026-10-31,2026-11-03,Summer,Business,1,Bus-2,BUSINESS PRIME,Business Premium,+176.93 USD,4169.16,USD,Ubfly,BL-ec2e859d363844a7816741db922d9d74,Internet Package; Priority Check-In,Included,Included,Included,Unknown,Included,Included,Included,Included,Included,Unknown,Unknown,Paid,Unknown,Unknown,Unknown,Unknown,Yes,30.0,,2026-07-28T05:48:37+00:00,success,0
TK,PRG,HAN,PRG,CZ,HAN,VN,2026-12-18,2026-12-21,Winter,Economy,0,Eco-1,ECOFLY,Economy Basic,0.00 USD,2321.12,USD,Ubfly,CL-213ba8eead2c4c989e60d1b16e638a34,Online Message Verification,Included,Included,Unknown,Included,Unknown,Unknown,Unknown,Included,Paid,Unknown,Unknown,Unknown,Unknown,Unknown,Unknown,Unknown,,,,2026-07-28T05:48:37+00:00,success,0
TK,PRG,HAN,PRG,CZ,HAN,VN,2026-12-18,2026-12-21,Winter,Economy,1,Eco-2,EXTRAFLY,Economy Standard,+48.76 USD,2369.88,USD,Ubfly,LG-2d044d7c6c4f495d86b4ea2d5bc1bc5c,Online Message Verification,Included,Included,Unknown,Included,Unknown,Unknown,Unknown,Paid,Paid,Unknown,Unknown,Unknown,Unknown,Unknown,Unknown,Unknown,,,,2026-07-28T05:48:37+00:00,success,0
TK,PRG,HAN,PRG,CZ,HAN,VN,2026-12-18,2026-12-21,Winter,Economy,2,Eco-3,FLEXFLY,Economy Flex,+99.03 USD,2420.15,USD,Ubfly,GN-bef35257de7e43c0a1a240c0978050a3,Online Message Verification,Included,Included,Included,Included,Unknown,Unknown,Unknown,Paid,Included,Unknown,Unknown,Unknown,Unknown,Unknown,Unknown,Unknown,Yes,15.0,,2026-07-28T05:48:37+00:00,success,0
TK,PRG,HAN,PRG,CZ,HAN,VN,2026-12-18,2026-12-21,Winter,Economy,3,Eco-4,Flexible,Economy Flex,+195.92 USD,2517.04,USD,Ubfly,FL-1268f0468206493e9776dfb654b7fdc5,Online Message Verification,Included,Included,Included,Included,Unknown,Unknown,Included,Included,Included,Unknown,Unknown,Paid,Unknown,Unknown,Unknown,Unknown,Yes,30.0,,2026-07-28T05:48:37+00:00,success,0
TK,PRG,HAN,PRG,CZ,HAN,VN,2026-12-18,2026-12-21,Winter,Business,0,Bus-1,BUSINESS FLY,Business — BUSINESS FLY,0.00 USD,4993.03,USD,Ubfly,BF-1050c15a5c4e4ec5ab4b8db9bcc91bd6,Internet Package; Priority Check-In,Included,Included,Included,Unknown,Included,Included,Included,Paid,Paid,Unknown,Unknown,Unknown,Unknown,Unknown,Unknown,Unknown,,,,2026-07-28T05:48:37+00:00,success,0
TK,PRG,HAN,PRG,CZ,HAN,VN,2026-12-18,2026-12-21,Winter,Business,1,Bus-2,BUSINESS PRIME,Business Premium,+176.93 USD,5169.96,USD,Ubfly,BL-97bcc1d67fc84726890eb45636959433,Internet Package; Priority Check-In,Included,Included,Included,Unknown,Included,Included,Included,Included,Included,Unknown,Unknown,Paid,Unknown,Unknown,Unknown,Unknown,Yes,30.0,,2026-07-28T05:48:37+00:00,success,0
QR,WAW,BKK,WAW,PL,BKK,TH,2027-05-02,2027-05-05,Summer,Economy,0,Eco-1,ECONOMY CLASSIC,Economy Standard,0.00 USD,994.03,USD,Ubfly,ECLASSIC-ECLASSIC-ECLASSIC,,Included,Included,Unknown,Included,Unknown,Unknown,Unknown,Paid,Paid,Unknown,Unknown,Unknown,Unknown,Unknown,Unknown,Unknown,Yes,50.0,,2026-07-28T05:48:37+00:00,success,0
QR,WAW,BKK,WAW,PL,BKK,TH,2027-05-02,2027-05-05,Summer,Economy,1,Eco-2,ECONOMY CONVENIENCE,Economy — ECONOMY CONVENIENCE,+53.55 USD,1047.58,USD,Ubfly,ECONVENIEN-ECONVENIEN-ECONVENIEN,,Included,Included,Included,Included,Unknown,Unknown,Unknown,Paid,Paid,Unknown,Unknown,Unknown,Unknown,Unknown,Unknown,Unknown,Yes,75.0,,2026-07-28T05:48:37+00:00,success,0
QR,WAW,BKK,WAW,PL,BKK,TH,2027-05-02,2027-05-05,Summer,Economy,2,Eco-3,ECONOMY COMFORT,Economy Comfort,+493.46 USD,1487.49,USD,Ubfly,ECOMFORT-ECOMFORT-ECOMFORT,Uninterrupted return (up to the last 12 hours); Change with Penalty,Included,Included,Included,Included,Unknown,Unknown,Unknown,Included,Included,Unknown,Unknown,Unknown,Unknown,Unknown,Unknown,Unknown,Yes,100.0,,2026-07-28T05:48:37+00:00,success,0
QR,WAW,BKK,WAW,PL,BKK,TH,2027-05-02,2027-05-05,Summer,Business,0,Bus-1,BUSINESS COMFORT,Business Comfort,0.00 USD,2847.02,USD,Ubfly,BCOMFORT-BCOMFORT-BCOMFORT,175 PCT QMILES ACCUMULATION(F),Included,Included,Included,Included,Included,Unknown,Unknown,Paid,Paid,Unknown,Unknown,Unknown,Unknown,Unknown,Unknown,Unknown,,,,2026-07-28T05:48:37+00:00,success,0
QR,WAW,BKK,WAW,PL,BKK,TH,2027-05-02,2027-05-05,Summer,Business,1,Bus-2,BUSINESS ELITE,Business Lite,+717.76 USD,3564.78,USD,Ubfly,BELITE-BELITE-BELITE,200 PCT QMILES ACCUMULATION(F); Uninterrupted return (up to the last 12 hours); Change with Penalty,Included,Included,Included,Included,Included,Unknown,Unknown,Included,Included,Unknown,Unknown,Unknown,Unknown,Unknown,Unknown,Unknown,,,,2026-07-28T05:48:37+00:00,success,0
QR,WAW,BKK,WAW,PL,BKK,TH,2026-11-21,2026-11-24,Winter,Economy,0,Eco-1,ECONOMY CLASSIC,Economy Standard,0.00 USD,1013.56,USD,Ubfly,ECLASSIC-ECLASSIC-ECLASSIC,,Included,Included,Unknown,Included,Unknown,Unknown,Unknown,Paid,Paid,Unknown,Unknown,Unknown,Unknown,Unknown,Unknown,Unknown,Yes,50.0,,2026-07-28T05:48:37+00:00,success,0
QR,WAW,BKK,WAW,PL,BKK,TH,2026-11-21,2026-11-24,Winter,Economy,1,Eco-2,ECONOMY CONVENIENCE,Economy — ECONOMY CONVENIENCE,+53.55 USD,1067.11,USD,Ubfly,ECONVENIEN-ECONVENIEN-ECONVENIEN,,Included,Included,Included,Included,Unknown,Unknown,Unknown,Paid,Paid,Unknown,Unknown,Unknown,Unknown,Unknown,Unknown,Unknown,Yes,75.0,,2026-07-28T05:48:37+00:00,success,0
QR,WAW,BKK,WAW,PL,BKK,TH,2026-11-21,2026-11-24,Winter,Economy,2,Eco-3,ECONOMY COMFORT,Economy Comfort,+493.46 USD,1507.02,USD,Ubfly,ECOMFORT-ECOMFORT-ECOMFORT,Uninterrupted return (up to the last 12 hours); Change with Penalty,Included,Included,Included,Included,Unknown,Unknown,Unknown,Included,Included,Unknown,Unknown,Unknown,Unknown,Unknown,Unknown,Unknown,Yes,100.0,,2026-07-28T05:48:37+00:00,success,0
QR,WAW,BKK,WAW,PL,BKK,TH,2026-11-21,2026-11-24,Winter,Business,0,Bus-1,BUSINESS COMFORT,Business Comfort,0.00 USD,2895.57,USD,Ubfly,BCOMFORT-BCOMFORT-BCOMFORT,175 PCT QMILES ACCUMULATION(F),Included,Included,Included,Included,Included,Unknown,Unknown,Paid,Paid,Unknown,Unknown,Unknown,Unknown,Unknown,Unknown,Unknown,,,,2026-07-28T05:48:37+00:00,success,0
QR,WAW,BKK,WAW,PL,BKK,TH,2026-11-21,2026-11-24,Winter,Business,1,Bus-2,BUSINESS ELITE,Business Lite,+717.78 USD,3613.35,USD,Ubfly,BELITE-BELITE-BELITE,200 PCT QMILES ACCUMULATION(F); Uninterrupted return (up to the last 12 hours); Change with Penalty,Included,Included,Included,Included,Included,Unknown,Unknown,Included,Included,Unknown,Unknown,Unknown,Unknown,Unknown,Unknown,Unknown,,,,2026-07-28T05:48:37+00:00,success,0
EK,WAW,BKK,WAW,PL,BKK,TH,2027-05-02,2027-05-05,Summer,Economy,0,Eco-1,ECOFLEX,Economy Flex,0.00 USD,926.31,USD,Ubfly,ECOFLEX-ECOFLEX,Soft drink; In-flight entertainment,Included,Included,Unknown,Included,Unknown,Unknown,Unknown,Unknown,Unknown,Unknown,Unknown,Unknown,Unknown,Unknown,Unknown,Unknown,Yes,70.0,,2026-07-28T05:48:37+00:00,success,0
EK,WAW,BKK,WAW,PL,BKK,TH,2027-05-02,2027-05-05,Summer,Economy,1,Eco-2,ECOFLXPLUS,Economy Comfort,+517.51 USD,1443.82,USD,Ubfly,ECOFLXPLUS-ECOFLXPLUS,Soft drink; In-flight entertainment; Uninterrupted return (up to the last 12 hours); Change with Penalty,Included,Included,Unknown,Included,Unknown,Unknown,Unknown,Unknown,Unknown,Unknown,Unknown,Unknown,Unknown,Unknown,Unknown,Unknown,Yes,100.0,,2026-07-28T05:48:37+00:00,success,0
EK,WAW,BKK,WAW,PL,BKK,TH,2027-05-02,2027-05-05,Summer,Economy,2,Eco-3,PYFLXPLUS,Economy Comfort,+559.98 USD,1486.29,USD,Ubfly,PYFLXPLUS-PYFLXPLUS,Soft drink; In-flight entertainment; Uninterrupted return (up to the last 12 hours); Change with Penalty,Included,Included,Included,Included,Unknown,Unknown,Unknown,Unknown,Unknown,Unknown,Unknown,Unknown,Unknown,Unknown,Unknown,Unknown,Yes,,,2026-07-28T05:48:37+00:00,success,0
EK,WAW,BKK,WAW,PL,BKK,TH,2027-05-02,2027-05-05,Summer,Business,0,Bus-1,BSFLEX,Business Flex,0.00 USD,2897.24,USD,Ubfly,BSFLEX-BSFLEX,Soft drink; Premium check-in; In-flight entertainment; Chauffeur Drive; Internet Access,Included,Included,Included,Included,Included,Included,Included,Paid,Paid,Unknown,Unknown,Unknown,Unknown,Unknown,Unknown,Unknown,Yes,175.0,,2026-07-28T05:48:37+00:00,success,0
EK,WAW,BKK,WAW,PL,BKK,TH,2027-05-02,2027-05-05,Summer,Business,1,Bus-2,BSFLXPLUS,Business Comfort,+680.05 USD,3577.29,USD,Ubfly,BSFLXPLUS-BSFLXPLUS,Premium check-in; Soft drink; In-flight entertainment; Chauffeur Drive; Internet Access; Uninterrupted return (up to the last 12 hours); Change with Penalty,Included,Included,Included,Included,Included,Included,Included,Included,Included,Unknown,Unknown,Unknown,Unknown,Unknown,Unknown,Unknown,Yes,190.0,,2026-07-28T05:48:37+00:00,success,0
EK,WAW,BKK,WAW,PL,BKK,TH,2026-11-21,2026-11-24,Winter,Economy,0,Eco-1,ECOFLEX,Economy Flex,0.00 USD,902.31,USD,Ubfly,ECOFLEX-ECOFLEX,Soft drink; In-flight entertainment,Included,Included,Unknown,Included,Unknown,Unknown,Unknown,Paid,Paid,Unknown,Unknown,Unknown,Unknown,Unknown,Unknown,Unknown,Yes,70.0,,2026-07-28T05:48:37+00:00,success,0
EK,WAW,BKK,WAW,PL,BKK,TH,2026-11-21,2026-11-24,Winter,Economy,1,Eco-2,ECOFLXPLUS,Economy Comfort,+517.74 USD,1420.05,USD,Ubfly,ECOFLXPLUS-ECOFLXPLUS,Soft drink; In-flight entertainment; Uninterrupted return (up to the last 12 hours); Change with Penalty,Included,Included,Unknown,Included,Unknown,Unknown,Unknown,Unknown,Unknown,Unknown,Unknown,Unknown,Unknown,Unknown,Unknown,Unknown,Yes,100.0,,2026-07-28T05:48:37+00:00,success,0
EK,WAW,BKK,WAW,PL,BKK,TH,2026-11-21,2026-11-24,Winter,Economy,2,Eco-3,PYFLXPLUS,Economy Comfort,+562.86 USD,1465.17,USD,Ubfly,PYFLXPLUS-PYFLXPLUS,Soft drink; In-flight entertainment; Uninterrupted return (up to the last 12 hours); Change with Penalty,Included,Included,Included,Included,Unknown,Unknown,Unknown,Unknown,Unknown,Unknown,Unknown,Unknown,Unknown,Unknown,Unknown,Unknown,Yes,,,2026-07-28T05:48:37+00:00,success,0
EK,WAW,BKK,WAW,PL,BKK,TH,2026-11-21,2026-11-24,Winter,Business,0,Bus-1,BSFLEX,Business Flex,0.00 USD,2897.24,USD,Ubfly,BSFLEX-BSFLEX,Soft drink; Premium check-in; In-flight entertainment; Chauffeur Drive; Internet Access,Included,Included,Included,Included,Included,Included,Included,Paid,Paid,Unknown,Unknown,Unknown,Unknown,Unknown,Unknown,Unknown,Yes,175.0,,2026-07-28T05:48:37+00:00,success,0
EK,WAW,BKK,WAW,PL,BKK,TH,2026-11-21,2026-11-24,Winter,Business,1,Bus-2,BSFLXPLUS,Business Comfort,+680.05 USD,3577.29,USD,Ubfly,BSFLXPLUS-BSFLXPLUS,Premium check-in; Soft drink; In-flight entertainment; Chauffeur Drive; Internet Access; Uninterrupted return (up to the last 12 hours); Change with Penalty,Included,Included,Included,Included,Included,Included,Included,Included,Included,Unknown,Unknown,Unknown,Unknown,Unknown,Unknown,Unknown,Yes,190.0,,2026-07-28T05:48:37+00:00,success,0
EY,WAW,BKK,WAW,PL,BKK,TH,2027-05-02,2027-05-05,Summer,Economy,0,Eco-1,YVALUE,Economy Basic,0.00 USD,785.16,USD,Ubfly,YVALUE-YVALUE,,Included,Included,Unknown,Included,Unknown,Unknown,Unknown,Not Included,Paid,Unknown,Unknown,Unknown,Unknown,Unknown,Unknown,Unknown,Yes,35.0,,2026-07-28T05:48:37+00:00,success,0
EY,WAW,BKK,WAW,PL,BKK,TH,2027-05-02,2027-05-05,Summer,Economy,1,Eco-2,YCOMFORT,Economy Comfort,+49.08 USD,834.24,USD,Ubfly,YCOMFORT-YCOMFORT,,Included,Included,Included,Included,Unknown,Unknown,Unknown,Paid,Paid,Unknown,Unknown,Unknown,Unknown,Unknown,Unknown,Unknown,Yes,75.0,,2026-07-28T05:48:37+00:00,success,0
EY,WAW,BKK,WAW,PL,BKK,TH,2027-05-02,2027-05-05,Summer,Economy,2,Eco-3,YDELUXE,Economy — YDELUXE,+120.06 USD,905.22,USD,Ubfly,YDELUXE-YDELUXE,Change with Penalty; Uninterrupted return (up to the last 12 hours); Priority Access,Included,Included,Included,Included,Unknown,Unknown,Unknown,Included,Included,Unknown,Unknown,Unknown,Unknown,Unknown,Unknown,Unknown,Yes,,,2026-07-28T05:48:37+00:00,success,0
EY,WAW,BKK,WAW,PL,BKK,TH,2027-05-02,2027-05-05,Summer,Business,0,Bus-1,JVALUE,Business Basic,0.00 USD,1738.14,USD,Ubfly,JVALUE-JVALUE,Priority Access,Included,Included,Unknown,Included,Unknown,Unknown,Unknown,Not Included,Paid,Unknown,Unknown,Unknown,Unknown,Unknown,Unknown,Unknown,Yes,100.0,,2026-07-28T05:48:37+00:00,success,0
EY,WAW,BKK,WAW,PL,BKK,TH,2027-05-02,2027-05-05,Summer,Business,1,Bus-2,JCOMFORT,Business Comfort,+171.79 USD,1909.93,USD,Ubfly,JCOMFORT-JCOMFORT,Priority Access; ETIHAD UAE CHAUFFEUR(F),Included,Included,Included,Included,Included,Unknown,Unknown,Paid,Paid,Unknown,Unknown,Unknown,Unknown,Unknown,Unknown,Unknown,Yes,,,2026-07-28T05:48:37+00:00,success,0
EY,WAW,BKK,WAW,PL,BKK,TH,2027-05-02,2027-05-05,Summer,Business,2,Bus-3,JDELUXE,Business — JDELUXE,+889.30 USD,2627.44,USD,Ubfly,JDELUXE-JDELUXE,Change with Penalty; Uninterrupted return (up to the last 12 hours); Priority Access; ETIHAD UAE CHAUFFEUR(F); ETIHAD GLOBAL CHAUFFEUR(F),Included,Included,Included,Included,Included,Unknown,Unknown,Included,Included,Unknown,Unknown,Unknown,Unknown,Unknown,Unknown,Unknown,Yes,,,2026-07-28T05:48:37+00:00,success,0
EY,WAW,BKK,WAW,PL,BKK,TH,2026-11-21,2026-11-24,Winter,Economy,0,Eco-1,YVALUE,Economy Basic,0.00 USD,706.51,USD,Ubfly,YVALUE-YVALUE,,Included,Included,Unknown,Included,Unknown,Unknown,Unknown,Not Included,Paid,Unknown,Unknown,Unknown,Unknown,Unknown,Unknown,Unknown,Yes,35.0,,2026-07-28T05:48:37+00:00,success,0
EY,WAW,BKK,WAW,PL,BKK,TH,2026-11-21,2026-11-24,Winter,Economy,1,Eco-2,YCOMFORT,Economy Comfort,+49.10 USD,755.61,USD,Ubfly,YCOMFORT-YCOMFORT,,Included,Included,Included,Included,Unknown,Unknown,Unknown,Paid,Paid,Unknown,Unknown,Unknown,Unknown,Unknown,Unknown,Unknown,Yes,75.0,,2026-07-28T05:48:37+00:00,success,0
EY,WAW,BKK,WAW,PL,BKK,TH,2026-11-21,2026-11-24,Winter,Economy,2,Eco-3,YDELUXE,Economy — YDELUXE,+120.09 USD,826.6,USD,Ubfly,YDELUXE-YDELUXE,Uninterrupted return (up to the last 12 hours); Priority Access; Change with Penalty,Included,Included,Included,Included,Unknown,Unknown,Unknown,Included,Included,Unknown,Unknown,Unknown,Unknown,Unknown,Unknown,Unknown,Yes,,,2026-07-28T05:48:37+00:00,success,0
EY,WAW,BKK,WAW,PL,BKK,TH,2026-11-21,2026-11-24,Winter,Business,0,Bus-1,JVALUE,Business Basic,0.00 USD,1810.69,USD,Ubfly,JVALUE-JVALUE,Priority Access,Included,Included,Unknown,Included,Unknown,Unknown,Unknown,Not Included,Paid,Unknown,Unknown,Unknown,Unknown,Unknown,Unknown,Unknown,Yes,100.0,,2026-07-28T05:48:37+00:00,success,0
EY,WAW,BKK,WAW,PL,BKK,TH,2026-11-21,2026-11-24,Winter,Business,1,Bus-2,JCOMFORT,Business Comfort,+171.81 USD,1982.5,USD,Ubfly,JCOMFORT-JCOMFORT,Priority Access; ETIHAD UAE CHAUFFEUR(F),Included,Included,Included,Included,Included,Unknown,Unknown,Paid,Paid,Unknown,Unknown,Unknown,Unknown,Unknown,Unknown,Unknown,Yes,,,2026-07-28T05:48:37+00:00,success,0
EY,WAW,BKK,WAW,PL,BKK,TH,2026-11-21,2026-11-24,Winter,Business,2,Bus-3,JDELUXE,Business — JDELUXE,+889.32 USD,2700.01,USD,Ubfly,JDELUXE-JDELUXE,Change with Penalty; Uninterrupted return (up to the last 12 hours); Priority Access; ETIHAD UAE CHAUFFEUR(F); ETIHAD GLOBAL CHAUFFEUR(F),Included,Included,Included,Included,Included,Unknown,Unknown,Included,Included,Unknown,Unknown,Unknown,Unknown,Unknown,Unknown,Unknown,Yes,,,2026-07-28T05:48:37+00:00,success,0
CA,WAW,BKK,WAW,PL,BKK,TH,2027-05-02,2027-05-05,Summer,Economy,0,Eco-1,ECONOMY FLEX,Economy Flex,0 USD,743.74,USD,Enuygun,bff_0,,Included,Included,Unknown,Unknown,Unknown,Unknown,Unknown,Paid,Paid,Unknown,Unknown,Unknown,Unknown,Unknown,Unknown,Unknown,,,,2026-07-28T05:48:37+00:00,partial,0
CA,WAW,BKK,WAW,PL,BKK,TH,2027-05-02,2027-05-05,Summer,Economy,1,Eco-2,ECONOMY LATITUDE,Economy — ECONOMY LATITUDE,+2660.52 USD,3404.26,USD,Enuygun,bff_1,,Included,Included,Unknown,Unknown,Unknown,Unknown,Unknown,Included,Paid,Unknown,Unknown,Unknown,Unknown,Unknown,Unknown,Unknown,,,,2026-07-28T05:48:37+00:00,partial,0
CA,WAW,BKK,WAW,PL,BKK,TH,2026-11-21,2026-11-24,Winter,Economy,0,Eco-1,ECONOMY FLEX,Economy Flex,0 USD,620.03,USD,Enuygun,bff_0,,Included,Included,Unknown,Unknown,Unknown,Unknown,Unknown,Paid,Paid,Unknown,Unknown,Unknown,Unknown,Unknown,Unknown,Unknown,,,,2026-07-28T05:48:37+00:00,partial,0
CA,WAW,BKK,WAW,PL,BKK,TH,2026-11-21,2026-11-24,Winter,Economy,1,Eco-2,ECONOMY LATITUDE,Economy — ECONOMY LATITUDE,+2795.91 USD,3415.94,USD,Enuygun,bff_1,,Included,Included,Unknown,Unknown,Unknown,Unknown,Unknown,Included,Paid,Unknown,Unknown,Unknown,Unknown,Unknown,Unknown,Unknown,,,,2026-07-28T05:48:37+00:00,partial,0
EK,PRG,BKK,PRG,CZ,BKK,TH,2026-08-19,2026-08-22,Summer,Economy,0,Eco-1,ECOFLEX,Economy Flex,0.00 USD,742.22,USD,Ubfly,ECOFLEX-ECOFLEX,Soft drink; In-flight entertainment,Included,Included,Unknown,Included,Unknown,Unknown,Unknown,Unknown,Unknown,Unknown,Unknown,Unknown,Unknown,Unknown,Unknown,Unknown,Yes,70.0,,2026-07-28T05:48:37+00:00,success,0
EK,PRG,BKK,PRG,CZ,BKK,TH,2026-08-19,2026-08-22,Summer,Economy,1,Eco-2,ECOFLXPLUS,Economy Comfort,+839.96 USD,1582.18,USD,Ubfly,ECOFLXPLUS-ECOFLXPLUS,Soft drink; In-flight entertainment; Uninterrupted return (up to the last 12 hours); Change with Penalty,Included,Included,Unknown,Included,Unknown,Unknown,Unknown,Unknown,Unknown,Unknown,Unknown,Unknown,Unknown,Unknown,Unknown,Unknown,Yes,100.0,,2026-07-28T05:48:37+00:00,success,0
EK,PRG,BKK,PRG,CZ,BKK,TH,2026-08-19,2026-08-22,Summer,Economy,2,Eco-3,PYFLXPLUS,Economy Comfort,"+1,064.83 USD",1807.05,USD,Ubfly,PYFLXPLUS-PYFLXPLUS,Soft drink; In-flight entertainment; Uninterrupted return (up to the last 12 hours); Change with Penalty,Included,Included,Included,Included,Unknown,Unknown,Unknown,Unknown,Unknown,Unknown,Unknown,Unknown,Unknown,Unknown,Unknown,Unknown,Yes,,,2026-07-28T05:48:37+00:00,success,0
EK,PRG,BKK,PRG,CZ,BKK,TH,2026-08-19,2026-08-22,Summer,Business,0,Bus-1,BSFLEX,Business Flex,0.00 USD,3835.63,USD,Ubfly,BSFLEX-BSFLEX,Soft drink; Internet Access; Premium check-in; In-flight entertainment; Chauffeur Drive,Included,Included,Included,Included,Included,Included,Included,Paid,Paid,Unknown,Unknown,Unknown,Unknown,Unknown,Unknown,Unknown,Yes,175.0,,2026-07-28T05:48:37+00:00,success,0
EK,PRG,BKK,PRG,CZ,BKK,TH,2026-08-19,2026-08-22,Summer,Business,1,Bus-2,BSFLXPLUS,Business Comfort,"+1,009.40 USD",4845.03,USD,Ubfly,BSFLXPLUS-BSFLXPLUS,Premium check-in; Soft drink; In-flight entertainment; Chauffeur Drive; Internet Access; Uninterrupted return (up to the last 12 hours); Change with Penalty,Included,Included,Included,Included,Included,Included,Included,Included,Included,Unknown,Unknown,Unknown,Unknown,Unknown,Unknown,Unknown,Yes,190.0,,2026-07-28T05:48:37+00:00,success,0
EK,PRG,BKK,PRG,CZ,BKK,TH,2026-12-29,2027-01-01,Winter,Economy,0,Eco-1,ECOFLEX,Economy Flex,0.00 USD,1447.81,USD,Ubfly,ECOFLEX-ECOFLEX,Soft drink; In-flight entertainment,Included,Included,Unknown,Included,Unknown,Unknown,Unknown,Unknown,Unknown,Unknown,Unknown,Unknown,Unknown,Unknown,Unknown,Unknown,Yes,70.0,,2026-07-28T05:48:37+00:00,success,0
EK,PRG,BKK,PRG,CZ,BKK,TH,2026-12-29,2027-01-01,Winter,Economy,1,Eco-2,ECOFLXPLUS,Economy Comfort,+541.08 USD,1988.89,USD,Ubfly,ECOFLXPLUS-ECOFLXPLUS,Soft drink; In-flight entertainment; Uninterrupted return (up to the last 12 hours); Change with Penalty,Included,Included,Unknown,Included,Unknown,Unknown,Unknown,Unknown,Unknown,Unknown,Unknown,Unknown,Unknown,Unknown,Unknown,Unknown,Yes,100.0,,2026-07-28T05:48:37+00:00,success,0
EK,PRG,BKK,PRG,CZ,BKK,TH,2026-12-29,2027-01-01,Winter,Economy,2,Eco-3,PYFLXPLUS,Economy Comfort,+585.42 USD,2033.23,USD,Ubfly,PYFLXPLUS-PYFLXPLUS,Soft drink; In-flight entertainment; Uninterrupted return (up to the last 12 hours); Change with Penalty,Included,Included,Included,Included,Unknown,Unknown,Unknown,Unknown,Unknown,Unknown,Unknown,Unknown,Unknown,Unknown,Unknown,Unknown,Yes,,,2026-07-28T05:48:37+00:00,success,0
EK,PRG,BKK,PRG,CZ,BKK,TH,2026-12-29,2027-01-01,Winter,Business,0,Bus-1,BSFLEX,Business Flex,0.00 USD,3835.63,USD,Ubfly,BSFLEX-BSFLEX,Soft drink; Premium check-in; In-flight entertainment; Chauffeur Drive; Internet Access,Included,Included,Included,Included,Included,Included,Included,Paid,Paid,Unknown,Unknown,Unknown,Unknown,Unknown,Unknown,Unknown,Yes,175.0,,2026-07-28T05:48:37+00:00,success,0
EK,PRG,BKK,PRG,CZ,BKK,TH,2026-12-29,2027-01-01,Winter,Business,1,Bus-2,BSFLXPLUS,Business Comfort,"+1,009.40 USD",4845.03,USD,Ubfly,BSFLXPLUS-BSFLXPLUS,Premium check-in; Soft drink; In-flight entertainment; Chauffeur Drive; Internet Access; Uninterrupted return (up to the last 12 hours); Change with Penalty,Included,Included,Included,Included,Included,Included,Included,Included,Included,Unknown,Unknown,Unknown,Unknown,Unknown,Unknown,Unknown,Yes,190.0,,2026-07-28T05:48:37+00:00,success,0
QR,PRG,BKK,PRG,CZ,BKK,TH,2026-08-19,2026-08-22,Summer,Economy,0,Eco-1,ECONOMY CLASSIC,Economy Standard,0.00 USD,403.89,USD,Ubfly,ECLASSIC-ECLASSIC,,Included,Included,Unknown,Included,Unknown,Unknown,Unknown,Paid,Paid,Unknown,Unknown,Unknown,Unknown,Unknown,Unknown,Unknown,Yes,50.0,,2026-07-28T05:48:37+00:00,success,0
QR,PRG,BKK,PRG,CZ,BKK,TH,2026-08-19,2026-08-22,Summer,Economy,1,Eco-2,ECONOMY CONVENIENCE,Economy — ECONOMY CONVENIENCE,+279.99 USD,683.88,USD,Ubfly,ECONVENIEN-ECONVENIEN,,Included,Included,Included,Included,Unknown,Unknown,Unknown,Paid,Paid,Unknown,Unknown,Unknown,Unknown,Unknown,Unknown,Unknown,Yes,75.0,,2026-07-28T05:48:37+00:00,success,0
QR,PRG,BKK,PRG,CZ,BKK,TH,2026-08-19,2026-08-22,Summer,Economy,2,Eco-3,ECONOMY COMFORT,Economy Comfort,+721.02 USD,1124.91,USD,Ubfly,ECOMFORT-ECOMFORT,Uninterrupted return (up to the last 12 hours); Change with Penalty,Included,Included,Included,Included,Unknown,Unknown,Unknown,Included,Included,Unknown,Unknown,Unknown,Unknown,Unknown,Unknown,Unknown,Yes,100.0,,2026-07-28T05:48:37+00:00,success,0
QR,PRG,BKK,PRG,CZ,BKK,TH,2026-08-19,2026-08-22,Summer,Business,0,Bus-1,BUSINESS COMFORT,Business Comfort,0.00 USD,2395.31,USD,Ubfly,BCOMFORT-BCOMFORT,175 PCT QMILES ACCUMULATION(F),Included,Included,Included,Included,Included,Unknown,Unknown,Paid,Paid,Unknown,Unknown,Unknown,Unknown,Unknown,Unknown,Unknown,,,,2026-07-28T05:48:37+00:00,success,0
QR,PRG,BKK,PRG,CZ,BKK,TH,2026-08-19,2026-08-22,Summer,Business,1,Bus-2,BUSINESS ELITE,Business Lite,"+1,174.80 USD",3570.11,USD,Ubfly,BELITE-BELITE,200 PCT QMILES ACCUMULATION(F); Uninterrupted return (up to the last 12 hours); Change with Penalty,Included,Included,Included,Included,Included,Unknown,Unknown,Included,Included,Unknown,Unknown,Unknown,Unknown,Unknown,Unknown,Unknown,,,,2026-07-28T05:48:37+00:00,success,0
QR,PRG,BKK,PRG,CZ,BKK,TH,2026-12-29,2027-01-01,Winter,Economy,0,Eco-1,ECONOMY CONVENIENCE,Economy — ECONOMY CONVENIENCE,0.00 USD,804.66,USD,Ubfly,ECONVENIEN-ECONVENIEN,,Included,Included,Included,Included,Unknown,Unknown,Unknown,Paid,Paid,Unknown,Unknown,Unknown,Unknown,Unknown,Unknown,Unknown,Yes,75.0,,2026-07-28T05:48:37+00:00,success,0
QR,PRG,BKK,PRG,CZ,BKK,TH,2026-12-29,2027-01-01,Winter,Economy,1,Eco-2,ECONOMY COMFORT,Economy Comfort,+525.01 USD,1329.67,USD,Ubfly,ECOMFORT-ECOMFORT,Uninterrupted return (up to the last 12 hours); Change with Penalty,Included,Included,Included,Included,Unknown,Unknown,Unknown,Included,Included,Unknown,Unknown,Unknown,Unknown,Unknown,Unknown,Unknown,Yes,100.0,,2026-07-28T05:48:37+00:00,success,0
QR,PRG,BKK,PRG,CZ,BKK,TH,2026-12-29,2027-01-01,Winter,Business,0,Bus-1,BUSINESS COMFORT,Business Comfort,0.00 USD,2392.71,USD,Ubfly,BCOMFORT-BCOMFORT,175 PCT QMILES ACCUMULATION(F),Included,Included,Included,Included,Included,Unknown,Unknown,Paid,Paid,Unknown,Unknown,Unknown,Unknown,Unknown,Unknown,Unknown,,,,2026-07-28T05:48:37+00:00,success,0
QR,PRG,BKK,PRG,CZ,BKK,TH,2026-12-29,2027-01-01,Winter,Business,1,Bus-2,BUSINESS ELITE,Business Lite,"+1,174.80 USD",3567.51,USD,Ubfly,BELITE-BELITE,200 PCT QMILES ACCUMULATION(F); Uninterrupted return (up to the last 12 hours); Change with Penalty,Included,Included,Included,Included,Included,Unknown,Unknown,Included,Included,Unknown,Unknown,Unknown,Unknown,Unknown,Unknown,Unknown,,,,2026-07-28T05:48:37+00:00,success,0
EY,PRG,BKK,PRG,CZ,BKK,TH,2026-08-19,2026-08-22,Summer,Economy,0,Eco-1,YVALUE,Economy Basic,0.00 USD,481.04,USD,Ubfly,YVALUE-YVALUE,,Included,Included,Unknown,Included,Unknown,Unknown,Unknown,Not Included,Paid,Unknown,Unknown,Unknown,Unknown,Unknown,Unknown,Unknown,Yes,35.0,,2026-07-28T05:48:37+00:00,success,0
EY,PRG,BKK,PRG,CZ,BKK,TH,2026-08-19,2026-08-22,Summer,Economy,1,Eco-2,YCOMFORT,Economy Comfort,+149.00 USD,630.04,USD,Ubfly,YCOMFORT-YCOMFORT,,Included,Included,Included,Included,Unknown,Unknown,Unknown,Paid,Paid,Unknown,Unknown,Unknown,Unknown,Unknown,Unknown,Unknown,Yes,75.0,,2026-07-28T05:48:37+00:00,success,0
EY,PRG,BKK,PRG,CZ,BKK,TH,2026-08-19,2026-08-22,Summer,Economy,2,Eco-3,YDELUXE,Economy — YDELUXE,+228.51 USD,709.55,USD,Ubfly,YDELUXE-YDELUXE,Change with Penalty; Uninterrupted return (up to the last 12 hours); Priority Access,Included,Included,Included,Included,Unknown,Unknown,Unknown,Included,Included,Unknown,Unknown,Unknown,Unknown,Unknown,Unknown,Unknown,Yes,,,2026-07-28T05:48:37+00:00,success,0
EY,PRG,BKK,PRG,CZ,BKK,TH,2026-08-19,2026-08-22,Summer,Business,0,Bus-1,JVALUE,Business Basic,0.00 USD,1823.95,USD,Ubfly,JVALUE-JVALUE,Priority Access,Included,Included,Unknown,Included,Unknown,Unknown,Unknown,Not Included,Paid,Unknown,Unknown,Unknown,Unknown,Unknown,Unknown,Unknown,Yes,100.0,,2026-07-28T05:48:37+00:00,success,0
EY,PRG,BKK,PRG,CZ,BKK,TH,2026-08-19,2026-08-22,Summer,Business,1,Bus-2,JCOMFORT,Business Comfort,+151.15 USD,1975.1,USD,Ubfly,JCOMFORT-JCOMFORT,Priority Access; ETIHAD UAE CHAUFFEUR(F),Included,Included,Included,Included,Included,Unknown,Unknown,Paid,Paid,Unknown,Unknown,Unknown,Unknown,Unknown,Unknown,Unknown,Yes,,,2026-07-28T05:48:37+00:00,success,0
EY,PRG,BKK,PRG,CZ,BKK,TH,2026-08-19,2026-08-22,Summer,Business,2,Bus-3,JDELUXE,Business — JDELUXE,+876.62 USD,2700.57,USD,Ubfly,JDELUXE-JDELUXE,Change with Penalty; Uninterrupted return (up to the last 12 hours); Priority Access; ETIHAD UAE CHAUFFEUR(F); ETIHAD GLOBAL CHAUFFEUR(F),Included,Included,Included,Included,Included,Unknown,Unknown,Included,Included,Unknown,Unknown,Unknown,Unknown,Unknown,Unknown,Unknown,Yes,,,2026-07-28T05:48:37+00:00,success,0
EY,PRG,BKK,PRG,CZ,BKK,TH,2026-12-29,2027-01-01,Winter,Economy,0,Eco-1,YVALUE,Economy Basic,0.00 USD,744.49,USD,Ubfly,YVALUE-YVALUE,,Included,Included,Unknown,Included,Unknown,Unknown,Unknown,Not Included,Paid,Unknown,Unknown,Unknown,Unknown,Unknown,Unknown,Unknown,Yes,35.0,,2026-07-28T05:48:37+00:00,success,0
EY,PRG,BKK,PRG,CZ,BKK,TH,2026-12-29,2027-01-01,Winter,Economy,1,Eco-2,YCOMFORT,Economy Comfort,+38.88 USD,783.37,USD,Ubfly,YCOMFORT-YCOMFORT,,Included,Included,Included,Included,Unknown,Unknown,Unknown,Paid,Paid,Unknown,Unknown,Unknown,Unknown,Unknown,Unknown,Unknown,Yes,75.0,,2026-07-28T05:48:37+00:00,success,0
EY,PRG,BKK,PRG,CZ,BKK,TH,2026-12-29,2027-01-01,Winter,Economy,2,Eco-3,YDELUXE,Economy — YDELUXE,+129.57 USD,874.06,USD,Ubfly,YDELUXE-YDELUXE,Change with Penalty; Uninterrupted return (up to the last 12 hours); Priority Access,Included,Included,Included,Included,Unknown,Unknown,Unknown,Included,Included,Unknown,Unknown,Unknown,Unknown,Unknown,Unknown,Unknown,Yes,,,2026-07-28T05:48:37+00:00,success,0
EY,PRG,BKK,PRG,CZ,BKK,TH,2026-12-29,2027-01-01,Winter,Business,0,Bus-1,Business Value,Business Basic,0 USD,2784.63,USD,Enuygun,bff_0,priority_check_in: Öncelikli Check-in,Included,Included,Unknown,Included,Unknown,Unknown,Unknown,Not Included,Paid,Unknown,Unknown,Unknown,Unknown,Unknown,Unknown,Unknown,Yes,100.0,,2026-07-28T05:48:37+00:00,success,0
EY,PRG,BKK,PRG,CZ,BKK,TH,2026-12-29,2027-01-01,Winter,Business,1,Bus-2,Business Comfort,Business Comfort,+197.68 USD,2982.31,USD,Enuygun,bff_1,priority_check_in: Öncelikli Check-in,Included,Included,Included,Included,Included,Unknown,Unknown,Paid,Paid,Unknown,Unknown,Unknown,Unknown,Unknown,Unknown,Unknown,Yes,,,2026-07-28T05:48:37+00:00,success,0
EY,PRG,BKK,PRG,CZ,BKK,TH,2026-12-29,2027-01-01,Winter,Business,2,Bus-3,Business Deluxe,Business — Business Deluxe,+494.2 USD,3278.83,USD,Enuygun,bff_2,priority_check_in: Öncelikli Check-in,Included,Included,Included,Included,Included,Unknown,Unknown,Included,Included,Unknown,Unknown,Unknown,Unknown,Unknown,Unknown,Unknown,Yes,,,2026-07-28T05:48:37+00:00,success,0
TK,PRG,BKK,PRG,CZ,BKK,TH,2026-08-19,2026-08-22,Summer,Economy,0,Eco-1,ECOFLY,Economy Basic,0.00 USD,879.64,USD,Ubfly,CL-9b9409f9062f4e1daf12bc707ae2119b,Online Message Verification,Included,Included,Unknown,Included,Unknown,Unknown,Unknown,Included,Paid,Unknown,Unknown,Unknown,Unknown,Unknown,Unknown,Unknown,,,,2026-07-28T05:48:37+00:00,success,0
TK,PRG,BKK,PRG,CZ,BKK,TH,2026-08-19,2026-08-22,Summer,Economy,1,Eco-2,EXTRAFLY,Economy Standard,+48.76 USD,928.4,USD,Ubfly,LG-2f4c7f563843411faf10cae2c550bcd8,Online Message Verification,Included,Included,Unknown,Included,Unknown,Unknown,Unknown,Paid,Paid,Unknown,Unknown,Unknown,Unknown,Unknown,Unknown,Unknown,,,,2026-07-28T05:48:37+00:00,success,0
TK,PRG,BKK,PRG,CZ,BKK,TH,2026-08-19,2026-08-22,Summer,Economy,2,Eco-3,FLEXFLY,Economy Flex,+99.03 USD,978.67,USD,Ubfly,GN-eed24a5f4da34f47bc6cd29f2f61a8e1,Online Message Verification,Included,Included,Included,Included,Unknown,Unknown,Unknown,Paid,Included,Unknown,Unknown,Unknown,Unknown,Unknown,Unknown,Unknown,Yes,15.0,,2026-07-28T05:48:37+00:00,success,0
TK,PRG,BKK,PRG,CZ,BKK,TH,2026-08-19,2026-08-22,Summer,Economy,3,Eco-4,Flexible,Economy Flex,+195.92 USD,1075.56,USD,Ubfly,FL-f34a7b55da914283b9fb270c59ad5315,Online Message Verification,Included,Included,Included,Included,Unknown,Unknown,Included,Included,Included,Unknown,Unknown,Paid,Unknown,Unknown,Unknown,Unknown,Yes,30.0,,2026-07-28T05:48:37+00:00,success,0
TK,PRG,BKK,PRG,CZ,BKK,TH,2026-08-19,2026-08-22,Summer,Business,0,Bus-1,Business Fly,Business — Business Fly,0 USD,5900.47,USD,Enuygun,bff_0,priority_check_in: Öncelikli Check-in,Included,Included,Included,Unknown,Included,Included,Included,Paid,Paid,Unknown,Unknown,Unknown,Unknown,Unknown,Unknown,Unknown,,,,2026-07-28T05:48:37+00:00,success,0
TK,PRG,BKK,PRG,CZ,BKK,TH,2026-08-19,2026-08-22,Summer,Business,1,Bus-2,Business Prime,Business Premium,+194.11 USD,6094.58,USD,Enuygun,bff_1,priority_check_in: Öncelikli Check-in,Included,Included,Included,Unknown,Included,Included,Included,Included,Included,Unknown,Unknown,Paid,Unknown,Unknown,Unknown,Unknown,Yes,30.0,,2026-07-28T05:48:37+00:00,success,0
TK,PRG,BKK,PRG,CZ,BKK,TH,2026-12-29,2027-01-01,Winter,Economy,0,Eco-1,ECOFLY,Economy Basic,0.00 USD,2733.43,USD,Ubfly,CL-68b4a309187a4f3d9df924b0f4b3b288,Online Message Verification,Included,Included,Unknown,Included,Unknown,Unknown,Unknown,Included,Paid,Unknown,Unknown,Unknown,Unknown,Unknown,Unknown,Unknown,,,,2026-07-28T05:48:37+00:00,success,0
TK,PRG,BKK,PRG,CZ,BKK,TH,2026-12-29,2027-01-01,Winter,Economy,1,Eco-2,EXTRAFLY,Economy Standard,+48.76 USD,2782.19,USD,Ubfly,LG-c1aac8a9271c4ec4ac1978f903597284,Online Message Verification,Included,Included,Unknown,Included,Unknown,Unknown,Unknown,Paid,Paid,Unknown,Unknown,Unknown,Unknown,Unknown,Unknown,Unknown,,,,2026-07-28T05:48:37+00:00,success,0
TK,PRG,BKK,PRG,CZ,BKK,TH,2026-12-29,2027-01-01,Winter,Economy,2,Eco-3,FLEXFLY,Economy Flex,+99.03 USD,2832.46,USD,Ubfly,GN-410a4cadd8254721a1e770cca48e8438,Online Message Verification,Included,Included,Included,Included,Unknown,Unknown,Unknown,Paid,Included,Unknown,Unknown,Unknown,Unknown,Unknown,Unknown,Unknown,Yes,15.0,,2026-07-28T05:48:37+00:00,success,0
TK,PRG,BKK,PRG,CZ,BKK,TH,2026-12-29,2027-01-01,Winter,Economy,3,Eco-4,Flexible,Economy Flex,+195.92 USD,2929.35,USD,Ubfly,FL-8beadb9d0e444717a18f1040df53a6f2,Online Message Verification,Included,Included,Included,Included,Unknown,Unknown,Included,Included,Included,Unknown,Unknown,Paid,Unknown,Unknown,Unknown,Unknown,Yes,30.0,,2026-07-28T05:48:37+00:00,success,0
TK,PRG,BKK,PRG,CZ,BKK,TH,2026-12-29,2027-01-01,Winter,Business,0,Bus-1,Business Fly,Business — Business Fly,0 USD,7668.64,USD,Enuygun,bff_0,priority_check_in: Öncelikli Check-in,Included,Included,Included,Unknown,Included,Included,Included,Paid,Paid,Unknown,Unknown,Unknown,Unknown,Unknown,Unknown,Unknown,,,,2026-07-28T05:48:37+00:00,success,0
TK,PRG,BKK,PRG,CZ,BKK,TH,2026-12-29,2027-01-01,Winter,Business,1,Bus-2,Business Prime,Business Premium,+194.09 USD,7862.73,USD,Enuygun,bff_1,priority_check_in: Öncelikli Check-in,Included,Included,Included,Unknown,Included,Included,Included,Included,Included,Unknown,Unknown,Paid,Unknown,Unknown,Unknown,Unknown,Yes,30.0,,2026-07-28T05:48:37+00:00,success,0
SQ,SIN,FCO,SIN,SG,ROM,IT,2026-09-13,2026-09-16,Summer,Economy,0,Eco-1,ECOCMFT,Economy — ECOCMFT,0.00 USD,1536.08,USD,Ubfly,ECOCMFT-ECOCMFT,1 personal item; In-flight entertainment,Included,Included,Unknown,Included,Unknown,Unknown,Unknown,Unknown,Unknown,Unknown,Unknown,Unknown,Unknown,Unknown,Unknown,Unknown,Yes,,,2026-07-28T05:48:37+00:00,success,0
SQ,SIN,FCO,SIN,SG,ROM,IT,2026-09-13,2026-09-16,Summer,Economy,1,Eco-2,ECOCMFTPLS,Economy — ECOCMFTPLS,+65.97 USD,1602.05,USD,Ubfly,ECOCMFTPLS-ECOCMFTPLS,1 personal item; In-flight entertainment,Included,Included,Unknown,Included,Unknown,Unknown,Unknown,Unknown,Unknown,Unknown,Unknown,Unknown,Unknown,Unknown,Unknown,Unknown,Yes,,,2026-07-28T05:48:37+00:00,success,0
SQ,SIN,FCO,SIN,SG,ROM,IT,2026-09-13,2026-09-16,Summer,Economy,2,Eco-3,ECOFLEX,Economy Flex,+141.25 USD,1677.33,USD,Ubfly,ECOFLEX-ECOFLEX,1 personal item; In-flight entertainment,Included,Included,Included,Included,Unknown,Unknown,Unknown,Unknown,Unknown,Unknown,Unknown,Unknown,Unknown,Unknown,Unknown,Unknown,Yes,,,2026-07-28T05:48:37+00:00,success,0
SQ,SIN,FCO,SIN,SG,ROM,IT,2026-09-13,2026-09-16,Summer,Economy,3,Eco-4,PRECMFT,Economy — PRECMFT,"+2,298.07 USD",3834.15,USD,Ubfly,PRECMFT-PRECMFT,1 personal item; In-flight entertainment,Included,Included,Unknown,Included,Unknown,Unknown,Unknown,Unknown,Unknown,Unknown,Unknown,Unknown,Unknown,Unknown,Unknown,Unknown,Yes,,,2026-07-28T05:48:37+00:00,success,0
SQ,SIN,FCO,SIN,SG,ROM,IT,2026-09-13,2026-09-16,Summer,Economy,4,Eco-5,PRECMFTPLS,Economy — PRECMFTPLS,"+2,423.02 USD",3959.1,USD,Ubfly,PRECMFTPLS-PRECMFTPLS,1 personal item; In-flight entertainment,Included,Included,Unknown,Included,Unknown,Unknown,Unknown,Unknown,Unknown,Unknown,Unknown,Unknown,Unknown,Unknown,Unknown,Unknown,Yes,,,2026-07-28T05:48:37+00:00,success,0
SQ,SIN,FCO,SIN,SG,ROM,IT,2026-09-13,2026-09-16,Summer,Economy,5,Eco-6,PREFLEX,Economy Flex,"+2,586.77 USD",4122.85,USD,Ubfly,PREFLEX-PREFLEX,1 personal item; In-flight entertainment,Included,Included,Included,Included,Unknown,Unknown,Unknown,Unknown,Unknown,Unknown,Unknown,Unknown,Unknown,Unknown,Unknown,Unknown,Yes,,,2026-07-28T05:48:37+00:00,success,0
SQ,SIN,FCO,SIN,SG,ROM,IT,2026-09-13,2026-09-16,Summer,Business,0,Bus-1,BUSCMFT,Business — BUSCMFT,0.00 USD,6058.88,USD,Ubfly,BUSCMFT-BUSCMFT,Snack; Privileged check-in; 1 personal item; Journal & Newspaper; In-flight entertainment,Included,Included,Included,Included,Included,Included,Included,Unknown,Unknown,Unknown,Unknown,Unknown,Unknown,Unknown,Unknown,Unknown,Yes,,,2026-07-28T05:48:37+00:00,success,0
SQ,SIN,FCO,SIN,SG,ROM,IT,2026-09-13,2026-09-16,Summer,Business,1,Bus-2,BUSCMFTPLS,Business — BUSCMFTPLS,+163.77 USD,6222.65,USD,Ubfly,BUSCMFTPLS-BUSCMFTPLS,1 personal item; Snack; Journal & Newspaper; Privileged check-in; In-flight entertainment,Included,Included,Included,Included,Included,Included,Included,Unknown,Unknown,Unknown,Unknown,Unknown,Unknown,Unknown,Unknown,Unknown,Yes,,,2026-07-28T05:48:37+00:00,success,0
SQ,SIN,FCO,SIN,SG,ROM,IT,2026-09-13,2026-09-16,Summer,Business,2,Bus-3,BUSINESS FLEXIBLE,Business Flex,+426.86 USD,6485.74,USD,Ubfly,BUSFLEX-BUSFLEX,1 personal item; Business class seat with private partition; Snack; Journal & Newspaper; Privileged check-in; In-flight entertainment,Included,Included,Included,Included,Included,Included,Included,Unknown,Unknown,Unknown,Unknown,Unknown,Unknown,Unknown,Unknown,Unknown,Yes,,,2026-07-28T05:48:37+00:00,success,0
SQ,SIN,FCO,SIN,SG,ROM,IT,2026-11-17,2026-11-20,Winter,Economy,0,Eco-1,ECOCMFT,Economy — ECOCMFT,0.00 USD,1012.56,USD,Ubfly,ECOCMFT-ECOCMFT-ECOCMFT,1 personal item; In-flight entertainment,Included,Included,Unknown,Included,Unknown,Unknown,Unknown,Unknown,Unknown,Unknown,Unknown,Unknown,Unknown,Unknown,Unknown,Unknown,Yes,,,2026-07-28T05:48:37+00:00,success,0
SQ,SIN,FCO,SIN,SG,ROM,IT,2026-11-17,2026-11-20,Winter,Economy,1,Eco-2,ECOCMFTPLS,Economy — ECOCMFTPLS,+65.97 USD,1078.53,USD,Ubfly,ECOCMFTPLS-ECOCMFTPLS-ECOCMFTPLS,1 personal item; In-flight entertainment,Included,Included,Unknown,Included,Unknown,Unknown,Unknown,Unknown,Unknown,Unknown,Unknown,Unknown,Unknown,Unknown,Unknown,Unknown,Yes,,,2026-07-28T05:48:37+00:00,success,0
SQ,SIN,FCO,SIN,SG,ROM,IT,2026-11-17,2026-11-20,Winter,Economy,2,Eco-3,ECOFLEX,Economy Flex,+141.25 USD,1153.81,USD,Ubfly,ECOFLEX-ECOFLEX-ECOFLEX,1 personal item; In-flight entertainment,Included,Included,Included,Included,Unknown,Unknown,Unknown,Unknown,Unknown,Unknown,Unknown,Unknown,Unknown,Unknown,Unknown,Unknown,Yes,,,2026-07-28T05:48:37+00:00,success,0
SQ,SIN,FCO,SIN,SG,ROM,IT,2026-11-17,2026-11-20,Winter,Economy,3,Eco-4,PRECMFT,Economy — PRECMFT,+450.92 USD,1463.48,USD,Ubfly,PRECMFT-PRECMFT-PRECMFT,1 personal item; In-flight entertainment,Included,Included,Unknown,Included,Unknown,Unknown,Unknown,Unknown,Unknown,Unknown,Unknown,Unknown,Unknown,Unknown,Unknown,Unknown,Yes,,,2026-07-28T05:48:37+00:00,success,0
SQ,SIN,FCO,SIN,SG,ROM,IT,2026-11-17,2026-11-20,Winter,Economy,4,Eco-5,PRECMFTPLS,Economy — PRECMFTPLS,+568.11 USD,1580.67,USD,Ubfly,PRECMFTPLS-PRECMFTPLS-PRECMFTPLS,1 personal item; In-flight entertainment,Included,Included,Unknown,Included,Unknown,Unknown,Unknown,Unknown,Unknown,Unknown,Unknown,Unknown,Unknown,Unknown,Unknown,Unknown,Yes,,,2026-07-28T05:48:37+00:00,success,0
SQ,SIN,FCO,SIN,SG,ROM,IT,2026-11-17,2026-11-20,Winter,Economy,5,Eco-6,PREFLEX,Economy Flex,+721.00 USD,1733.56,USD,Ubfly,PREFLEX-PREFLEX-PREFLEX,1 personal item; In-flight entertainment,Included,Included,Included,Included,Unknown,Unknown,Unknown,Unknown,Unknown,Unknown,Unknown,Unknown,Unknown,Unknown,Unknown,Unknown,Yes,,,2026-07-28T05:48:37+00:00,success,0
SQ,SIN,FCO,SIN,SG,ROM,IT,2026-11-17,2026-11-20,Winter,Business,0,Bus-1,BUSCMFT,Business — BUSCMFT,0.00 USD,5938.28,USD,Ubfly,BUSCMFT-BUSCMFT-BUSCMFT,Snack; Privileged check-in; In-flight entertainment; 1 personal item; Journal & Newspaper,Included,Included,Included,Included,Included,Included,Included,Unknown,Unknown,Unknown,Unknown,Unknown,Unknown,Unknown,Unknown,Unknown,Yes,,,2026-07-28T05:48:37+00:00,success,0
SQ,SIN,FCO,SIN,SG,ROM,IT,2026-11-17,2026-11-20,Winter,Business,1,Bus-2,BUSCMFTPLS,Business — BUSCMFTPLS,+163.77 USD,6102.05,USD,Ubfly,BUSCMFTPLS-BUSCMFTPLS-BUSCMFTPLS,1 personal item; Snack; Journal & Newspaper; Privileged check-in; In-flight entertainment,Included,Included,Included,Included,Included,Included,Included,Unknown,Unknown,Unknown,Unknown,Unknown,Unknown,Unknown,Unknown,Unknown,Yes,,,2026-07-28T05:48:37+00:00,success,0
SQ,SIN,FCO,SIN,SG,ROM,IT,2026-11-17,2026-11-20,Winter,Business,2,Bus-3,BUSINESS FLEXIBLE,Business Flex,+426.86 USD,6365.14,USD,Ubfly,BUSFLEX-BUSFLEX-BUSFLEX,1 personal item; Business class seat with private partition; Snack; Journal & Newspaper; Privileged check-in; In-flight entertainment,Included,Included,Included,Included,Included,Included,Included,Unknown,Unknown,Unknown,Unknown,Unknown,Unknown,Unknown,Unknown,Unknown,Yes,,,2026-07-28T05:48:37+00:00,success,0
QR,SIN,FCO,SIN,SG,ROM,IT,2026-09-13,2026-09-16,Summer,Economy,0,Eco-1,ECONOMY CLASSIC,Economy Standard,0.00 USD,472.78,USD,Ubfly,ECLASSIC-ECLASSIC,,Included,Included,Unknown,Included,Unknown,Unknown,Unknown,Paid,Paid,Unknown,Unknown,Unknown,Unknown,Unknown,Unknown,Unknown,Yes,50.0,,2026-07-28T05:48:37+00:00,success,0
QR,SIN,FCO,SIN,SG,ROM,IT,2026-09-13,2026-09-16,Summer,Economy,1,Eco-2,ECONOMY CONVENIENCE,Economy — ECONOMY CONVENIENCE,+235.48 USD,708.26,USD,Ubfly,ECONVENIEN-ECONVENIEN,,Included,Included,Included,Included,Unknown,Unknown,Unknown,Paid,Paid,Unknown,Unknown,Unknown,Unknown,Unknown,Unknown,Unknown,Yes,75.0,,2026-07-28T05:48:37+00:00,success,0
QR,SIN,FCO,SIN,SG,ROM,IT,2026-09-13,2026-09-16,Summer,Economy,2,Eco-3,ECONOMY COMFORT,Economy Comfort,+716.34 USD,1189.12,USD,Ubfly,ECOMFORT-ECOMFORT,Uninterrupted return (up to the last 12 hours); Change with Penalty,Included,Included,Included,Included,Unknown,Unknown,Unknown,Included,Included,Unknown,Unknown,Unknown,Unknown,Unknown,Unknown,Unknown,Yes,100.0,,2026-07-28T05:48:37+00:00,success,0
QR,SIN,FCO,SIN,SG,ROM,IT,2026-09-13,2026-09-16,Summer,Business,0,Bus-1,BCLASSIC,Business Standard,0.00 USD,2419.37,USD,Ubfly,BCLASSIC-BCLASSIC,125 PCT QMILES ACCUMULATION(F),Included,Included,Unknown,Included,Included,Unknown,Unknown,Paid,Paid,Unknown,Unknown,Unknown,Unknown,Unknown,Unknown,Unknown,,,,2026-07-28T05:48:37+00:00,success,0
QR,SIN,FCO,SIN,SG,ROM,IT,2026-09-13,2026-09-16,Summer,Business,1,Bus-2,BUSINESS COMFORT,Business Comfort,+512.24 USD,2931.61,USD,Ubfly,BCOMFORT-BCOMFORT,175 PCT QMILES ACCUMULATION(F),Included,Included,Included,Included,Included,Unknown,Unknown,Paid,Paid,Unknown,Unknown,Unknown,Unknown,Unknown,Unknown,Unknown,,,,2026-07-28T05:48:37+00:00,success,0
QR,SIN,FCO,SIN,SG,ROM,IT,2026-09-13,2026-09-16,Summer,Business,2,Bus-3,BUSINESS ELITE,Business Lite,"+1,625.94 USD",4045.31,USD,Ubfly,BELITE-BELITE,200 PCT QMILES ACCUMULATION(F); Uninterrupted return (up to the last 12 hours); Change with Penalty,Included,Included,Included,Included,Included,Unknown,Unknown,Included,Included,Unknown,Unknown,Unknown,Unknown,Unknown,Unknown,Unknown,,,,2026-07-28T05:48:37+00:00,success,0
QR,SIN,FCO,SIN,SG,ROM,IT,2026-11-17,2026-11-20,Winter,Economy,0,Eco-1,Economy Classic,Economy Standard,0 USD,581.72,USD,Enuygun,bff_0,,Included,Included,Unknown,Included,Unknown,Unknown,Unknown,Paid,Paid,Unknown,Unknown,Unknown,Unknown,Unknown,Unknown,Unknown,Yes,50.0,,2026-07-28T05:48:37+00:00,success,0
QR,SIN,FCO,SIN,SG,ROM,IT,2026-11-17,2026-11-20,Winter,Economy,1,Eco-2,Economy Convenience,Economy — Economy Convenience,+254.59 USD,836.3,USD,Enuygun,bff_1,,Included,Included,Included,Included,Unknown,Unknown,Unknown,Paid,Paid,Unknown,Unknown,Unknown,Unknown,Unknown,Unknown,Unknown,Yes,75.0,,2026-07-28T05:48:37+00:00,success,0
QR,SIN,FCO,SIN,SG,ROM,IT,2026-11-17,2026-11-20,Winter,Economy,2,Eco-3,Economy Comfort,Economy Comfort,+787.73 USD,1369.44,USD,Enuygun,bff_2,,Included,Included,Included,Included,Unknown,Unknown,Unknown,Included,Included,Unknown,Unknown,Unknown,Unknown,Unknown,Unknown,Unknown,Yes,100.0,,2026-07-28T05:48:37+00:00,success,0
QR,SIN,FCO,SIN,SG,ROM,IT,2026-11-17,2026-11-20,Winter,Business,0,Bus-1,BCLASSIC,Business Standard,0.00 USD,2834.48,USD,Ubfly,BCLASSIC-BCLASSIC-BCLASSIC,125 PCT QMILES ACCUMULATION(F),Included,Included,Unknown,Included,Included,Unknown,Unknown,Paid,Paid,Unknown,Unknown,Unknown,Unknown,Unknown,Unknown,Unknown,,,,2026-07-28T05:48:37+00:00,success,0
QR,SIN,FCO,SIN,SG,ROM,IT,2026-11-17,2026-11-20,Winter,Business,1,Bus-2,BUSINESS COMFORT,Business Comfort,+451.71 USD,3286.19,USD,Ubfly,BCOMFORT-BCOMFORT-BCOMFORT,175 PCT QMILES ACCUMULATION(F),Included,Included,Included,Included,Included,Unknown,Unknown,Paid,Paid,Unknown,Unknown,Unknown,Unknown,Unknown,Unknown,Unknown,,,,2026-07-28T05:48:37+00:00,success,0
QR,SIN,FCO,SIN,SG,ROM,IT,2026-11-17,2026-11-20,Winter,Business,2,Bus-3,BUSINESS ELITE,Business Lite,"+1,565.43 USD",4399.91,USD,Ubfly,BELITE-BELITE-BELITE,200 PCT QMILES ACCUMULATION(F); Uninterrupted return (up to the last 12 hours); Change with Penalty,Included,Included,Included,Included,Included,Unknown,Unknown,Included,Included,Unknown,Unknown,Unknown,Unknown,Unknown,Unknown,Unknown,,,,2026-07-28T05:48:37+00:00,success,0
EK,SIN,FCO,SIN,SG,ROM,IT,2026-09-13,2026-09-16,Summer,Economy,0,Eco-1,ECOSAVER,Economy Basic,0.00 USD,608.93,USD,Ubfly,ECOSAVER-ECOSAVER,Soft drink; In-flight entertainment,Included,Included,Unknown,Included,Unknown,Unknown,Unknown,Unknown,Unknown,Unknown,Unknown,Unknown,Unknown,Unknown,Unknown,Unknown,Yes,30.0,,2026-07-28T05:48:37+00:00,success,0
EK,SIN,FCO,SIN,SG,ROM,IT,2026-09-13,2026-09-16,Summer,Economy,1,Eco-2,ECOFLEX,Economy Flex,+130.39 USD,739.32,USD,Ubfly,ECOFLEX-ECOFLEX,Soft drink; In-flight entertainment,Included,Included,Unknown,Included,Unknown,Unknown,Unknown,Unknown,Unknown,Unknown,Unknown,Unknown,Unknown,Unknown,Unknown,Unknown,Yes,70.0,,2026-07-28T05:48:37+00:00,success,0
EK,SIN,FCO,SIN,SG,ROM,IT,2026-09-13,2026-09-16,Summer,Economy,2,Eco-3,ECOFLXPLUS,Economy Comfort,+652.70 USD,1261.63,USD,Ubfly,ECOFLXPLUS-ECOFLXPLUS,Soft drink; In-flight entertainment; Uninterrupted return (up to the last 12 hours); Change with Penalty,Included,Included,Unknown,Included,Unknown,Unknown,Unknown,Unknown,Unknown,Unknown,Unknown,Unknown,Unknown,Unknown,Unknown,Unknown,Yes,100.0,,2026-07-28T05:48:37+00:00,success,0
EK,SIN,FCO,SIN,SG,ROM,IT,2026-09-13,2026-09-16,Summer,Economy,3,Eco-4,PYFLXPLUS,Economy Comfort,+763.69 USD,1372.62,USD,Ubfly,PYFLXPLUS-PYFLXPLUS,Soft drink; In-flight entertainment; Uninterrupted return (up to the last 12 hours); Change with Penalty,Included,Included,Included,Included,Unknown,Unknown,Unknown,Unknown,Unknown,Unknown,Unknown,Unknown,Unknown,Unknown,Unknown,Unknown,Yes,,,2026-07-28T05:48:37+00:00,success,0
EK,SIN,FCO,SIN,SG,ROM,IT,2026-09-13,2026-09-16,Summer,Business,0,Bus-1,Business Saver,Business Basic,0 USD,2554.26,USD,Enuygun,bff_0,priority_check_in: Öncelikli Check-in; entertainment: Uçak İçi Eğlence,Included,Included,Included,Included,Included,Included,Included,Not Included,Paid,Unknown,Unknown,Unknown,Unknown,Unknown,Unknown,Unknown,Yes,,,2026-07-28T05:48:37+00:00,success,0
EK,SIN,FCO,SIN,SG,ROM,IT,2026-09-13,2026-09-16,Summer,Business,1,Bus-2,Business Flex,Business Flex,+339.56 USD,2893.82,USD,Enuygun,bff_1,priority_check_in: Öncelikli Check-in; entertainment: Uçak İçi Eğlence,Included,Included,Included,Included,Included,Included,Included,Paid,Paid,Unknown,Unknown,Unknown,Unknown,Unknown,Unknown,Unknown,Yes,175.0,,2026-07-28T05:48:37+00:00,success,0
EK,SIN,FCO,SIN,SG,ROM,IT,2026-09-13,2026-09-16,Summer,Business,2,Bus-3,Business Flex Plus,Business Comfort,+885.13 USD,3439.39,USD,Enuygun,bff_2,priority_check_in: Öncelikli Check-in; entertainment: Uçak İçi Eğlence,Included,Included,Included,Included,Included,Included,Included,Included,Included,Unknown,Unknown,Unknown,Unknown,Unknown,Unknown,Unknown,Yes,190.0,,2026-07-28T05:48:37+00:00,success,0
EK,SIN,FCO,SIN,SG,ROM,IT,2026-11-17,2026-11-20,Winter,Economy,0,Eco-1,ECOSAVER,Economy Basic,0.00 USD,543.74,USD,Ubfly,ECOSAVER-ECOSAVER,Soft drink; In-flight entertainment,Included,Included,Unknown,Included,Unknown,Unknown,Unknown,Unknown,Unknown,Unknown,Unknown,Unknown,Unknown,Unknown,Unknown,Unknown,Yes,30.0,,2026-07-28T05:48:37+00:00,success,0
EK,SIN,FCO,SIN,SG,ROM,IT,2026-11-17,2026-11-20,Winter,Economy,1,Eco-2,ECOFLEX,Economy Flex,+195.58 USD,739.32,USD,Ubfly,ECOFLEX-ECOFLEX,Soft drink; In-flight entertainment,Included,Included,Unknown,Included,Unknown,Unknown,Unknown,Unknown,Unknown,Unknown,Unknown,Unknown,Unknown,Unknown,Unknown,Unknown,Yes,70.0,,2026-07-28T05:48:37+00:00,success,0
EK,SIN,FCO,SIN,SG,ROM,IT,2026-11-17,2026-11-20,Winter,Economy,2,Eco-3,ECOFLXPLUS,Economy Comfort,+717.89 USD,1261.63,USD,Ubfly,ECOFLXPLUS-ECOFLXPLUS,Soft drink; In-flight entertainment; Uninterrupted return (up to the last 12 hours); Change with Penalty,Included,Included,Unknown,Included,Unknown,Unknown,Unknown,Unknown,Unknown,Unknown,Unknown,Unknown,Unknown,Unknown,Unknown,Unknown,Yes,100.0,,2026-07-28T05:48:37+00:00,success,0
EK,SIN,FCO,SIN,SG,ROM,IT,2026-11-17,2026-11-20,Winter,Economy,3,Eco-4,PYFLXPLUS,Economy Comfort,+828.87 USD,1372.61,USD,Ubfly,PYFLXPLUS-PYFLXPLUS,Soft drink; In-flight entertainment; Uninterrupted return (up to the last 12 hours); Change with Penalty,Included,Included,Included,Included,Unknown,Unknown,Unknown,Unknown,Unknown,Unknown,Unknown,Unknown,Unknown,Unknown,Unknown,Unknown,Yes,,,2026-07-28T05:48:37+00:00,success,0
EK,SIN,FCO,SIN,SG,ROM,IT,2026-11-17,2026-11-20,Winter,Business,0,Bus-1,Business Saver,Business Basic,0 USD,2517.0,USD,Enuygun,bff_0,priority_check_in: Öncelikli Check-in; entertainment: Uçak İçi Eğlence,Included,Included,Included,Included,Included,Included,Included,Not Included,Paid,Unknown,Unknown,Unknown,Unknown,Unknown,Unknown,Unknown,Yes,,,2026-07-28T05:48:37+00:00,success,0
EK,SIN,FCO,SIN,SG,ROM,IT,2026-11-17,2026-11-20,Winter,Business,1,Bus-2,Business Flex,Business Flex,+339.56 USD,2856.56,USD,Enuygun,bff_1,priority_check_in: Öncelikli Check-in; entertainment: Uçak İçi Eğlence,Included,Included,Included,Included,Included,Included,Included,Paid,Paid,Unknown,Unknown,Unknown,Unknown,Unknown,Unknown,Unknown,Yes,175.0,,2026-07-28T05:48:37+00:00,success,0
EK,SIN,FCO,SIN,SG,ROM,IT,2026-11-17,2026-11-20,Winter,Business,2,Bus-3,Business Flex Plus,Business Comfort,+885.13 USD,3402.13,USD,Enuygun,bff_2,priority_check_in: Öncelikli Check-in; entertainment: Uçak İçi Eğlence,Included,Included,Included,Included,Included,Included,Included,Included,Included,Unknown,Unknown,Unknown,Unknown,Unknown,Unknown,Unknown,Yes,190.0,,2026-07-28T05:48:37+00:00,success,0
EY,SIN,FCO,SIN,SG,ROM,IT,2026-09-13,2026-09-16,Summer,Economy,0,Eco-1,YBASIC,Economy Basic,0.00 USD,544.14,USD,Ubfly,YBASIC-YBASIC,,Included,Not Included,Unknown,Included,Unknown,Unknown,Unknown,Not Included,Included,Unknown,Unknown,Unknown,Unknown,Unknown,Unknown,Unknown,Yes,5.0,,2026-07-28T05:48:37+00:00,success,0
EY,SIN,FCO,SIN,SG,ROM,IT,2026-09-13,2026-09-16,Summer,Economy,1,Eco-2,YVALUE,Economy Basic,+25.53 USD,569.67,USD,Ubfly,YVALUE-YVALUE,,Included,Included,Unknown,Included,Unknown,Unknown,Unknown,Not Included,Paid,Unknown,Unknown,Unknown,Unknown,Unknown,Unknown,Unknown,Yes,35.0,,2026-07-28T05:48:37+00:00,success,0
EY,SIN,FCO,SIN,SG,ROM,IT,2026-09-13,2026-09-16,Summer,Economy,2,Eco-3,YCOMFORT,Economy Comfort,+86.84 USD,630.98,USD,Ubfly,YCOMFORT-YCOMFORT,,Included,Included,Included,Included,Unknown,Unknown,Unknown,Paid,Paid,Unknown,Unknown,Unknown,Unknown,Unknown,Unknown,Unknown,Yes,75.0,,2026-07-28T05:48:37+00:00,success,0
EY,SIN,FCO,SIN,SG,ROM,IT,2026-09-13,2026-09-16,Summer,Economy,3,Eco-4,YDELUXE,Economy — YDELUXE,+255.24 USD,799.38,USD,Ubfly,YDELUXE-YDELUXE,Change with Penalty; Uninterrupted return (up to the last 12 hours); Priority Access,Included,Included,Included,Included,Unknown,Unknown,Unknown,Included,Included,Unknown,Unknown,Unknown,Unknown,Unknown,Unknown,Unknown,Yes,,,2026-07-28T05:48:37+00:00,success,0
EY,SIN,FCO,SIN,SG,ROM,IT,2026-09-13,2026-09-16,Summer,Business,0,Bus-1,Business Value,Business Basic,0 USD,3712.14,USD,Enuygun,bff_0,priority_check_in: Öncelikli Check-in,Included,Included,Unknown,Included,Unknown,Unknown,Unknown,Not Included,Paid,Unknown,Unknown,Unknown,Unknown,Unknown,Unknown,Unknown,Yes,100.0,,2026-07-28T05:48:37+00:00,success,0
EY,SIN,FCO,SIN,SG,ROM,IT,2026-09-13,2026-09-16,Summer,Business,1,Bus-2,Business Comfort,Business Comfort,+254.59 USD,3966.73,USD,Enuygun,bff_1,priority_check_in: Öncelikli Check-in,Included,Included,Included,Included,Included,Unknown,Unknown,Paid,Paid,Unknown,Unknown,Unknown,Unknown,Unknown,Unknown,Unknown,Yes,,,2026-07-28T05:48:37+00:00,success,0
EY,SIN,FCO,SIN,SG,ROM,IT,2026-09-13,2026-09-16,Summer,Business,2,Bus-3,Business Deluxe,Business — Business Deluxe,+539.13 USD,4251.27,USD,Enuygun,bff_2,priority_check_in: Öncelikli Check-in,Included,Included,Included,Included,Included,Unknown,Unknown,Included,Included,Unknown,Unknown,Unknown,Unknown,Unknown,Unknown,Unknown,Yes,,,2026-07-28T05:48:37+00:00,success,0
EY,SIN,FCO,SIN,SG,ROM,IT,2026-11-17,2026-11-20,Winter,Economy,0,Eco-1,YBASIC,Economy Basic,0.00 USD,348.63,USD,Ubfly,YBASIC-YBASIC,,Included,Not Included,Unknown,Included,Unknown,Unknown,Unknown,Not Included,Included,Unknown,Unknown,Unknown,Unknown,Unknown,Unknown,Unknown,Yes,5.0,,2026-07-28T05:48:37+00:00,success,0
EY,SIN,FCO,SIN,SG,ROM,IT,2026-11-17,2026-11-20,Winter,Economy,1,Eco-2,YVALUE,Economy Basic,+25.51 USD,374.14,USD,Ubfly,YVALUE-YVALUE,,Included,Included,Unknown,Included,Unknown,Unknown,Unknown,Not Included,Paid,Unknown,Unknown,Unknown,Unknown,Unknown,Unknown,Unknown,Yes,35.0,,2026-07-28T05:48:37+00:00,success,0
EY,SIN,FCO,SIN,SG,ROM,IT,2026-11-17,2026-11-20,Winter,Economy,2,Eco-3,YCOMFORT,Economy Comfort,+86.82 USD,435.45,USD,Ubfly,YCOMFORT-YCOMFORT,,Included,Included,Included,Included,Unknown,Unknown,Unknown,Paid,Paid,Unknown,Unknown,Unknown,Unknown,Unknown,Unknown,Unknown,Yes,75.0,,2026-07-28T05:48:37+00:00,success,0
EY,SIN,FCO,SIN,SG,ROM,IT,2026-11-17,2026-11-20,Winter,Economy,3,Eco-4,YDELUXE,Economy — YDELUXE,+255.22 USD,603.85,USD,Ubfly,YDELUXE-YDELUXE,Uninterrupted return (up to the last 12 hours); Priority Access; Change with Penalty,Included,Included,Included,Included,Unknown,Unknown,Unknown,Included,Included,Unknown,Unknown,Unknown,Unknown,Unknown,Unknown,Unknown,Yes,,,2026-07-28T05:48:37+00:00,success,0
EY,SIN,FCO,SIN,SG,ROM,IT,2026-11-17,2026-11-20,Winter,Business,0,Bus-1,JVALUE,Business Basic,0.00 USD,2086.42,USD,Ubfly,JVALUE-JVALUE,Priority Access,Included,Included,Unknown,Included,Unknown,Unknown,Unknown,Not Included,Paid,Unknown,Unknown,Unknown,Unknown,Unknown,Unknown,Unknown,Yes,100.0,,2026-07-28T05:48:37+00:00,success,0
EY,SIN,FCO,SIN,SG,ROM,IT,2026-11-17,2026-11-20,Winter,Business,1,Bus-2,JCOMFORT,Business Comfort,+197.14 USD,2283.56,USD,Ubfly,JCOMFORT-JCOMFORT,Priority Access; ETIHAD UAE CHAUFFEUR(F),Included,Included,Included,Included,Included,Unknown,Unknown,Paid,Paid,Unknown,Unknown,Unknown,Unknown,Unknown,Unknown,Unknown,Yes,,,2026-07-28T05:48:37+00:00,success,0
EY,SIN,FCO,SIN,SG,ROM,IT,2026-11-17,2026-11-20,Winter,Business,2,Bus-3,JDELUXE,Business — JDELUXE,+786.21 USD,2872.63,USD,Ubfly,JDELUXE-JDELUXE,Change with Penalty; Uninterrupted return (up to the last 12 hours); Priority Access; ETIHAD UAE CHAUFFEUR(F); ETIHAD GLOBAL CHAUFFEUR(F),Included,Included,Included,Included,Included,Unknown,Unknown,Included,Included,Unknown,Unknown,Unknown,Unknown,Unknown,Unknown,Unknown,Yes,,,2026-07-28T05:48:37+00:00,success,0
QR,SIN,ATH,SIN,SG,ATH,GR,2026-08-21,2026-08-24,Summer,Economy,0,Eco-1,ECONOMY CLASSIC,Economy Standard,0.00 USD,685.44,USD,Ubfly,ECLASSIC-ECLASSIC,,Included,Included,Unknown,Included,Unknown,Unknown,Unknown,Paid,Paid,Unknown,Unknown,Unknown,Unknown,Unknown,Unknown,Unknown,Yes,50.0,,2026-07-28T05:48:37+00:00,success,0
QR,SIN,ATH,SIN,SG,ATH,GR,2026-08-21,2026-08-24,Summer,Economy,1,Eco-2,ECONOMY CONVENIENCE,Economy — ECONOMY CONVENIENCE,+63.18 USD,748.62,USD,Ubfly,ECONVENIEN-ECONVENIEN,,Included,Included,Included,Included,Unknown,Unknown,Unknown,Paid,Paid,Unknown,Unknown,Unknown,Unknown,Unknown,Unknown,Unknown,Yes,75.0,,2026-07-28T05:48:37+00:00,success,0
QR,SIN,ATH,SIN,SG,ATH,GR,2026-08-21,2026-08-24,Summer,Economy,2,Eco-3,ECONOMY COMFORT,Economy Comfort,+547.16 USD,1232.6,USD,Ubfly,ECOMFORT-ECOMFORT,Uninterrupted return (up to the last 12 hours); Change with Penalty,Included,Included,Included,Included,Unknown,Unknown,Unknown,Paid,Paid,Unknown,Unknown,Unknown,Unknown,Unknown,Unknown,Unknown,Yes,100.0,,2026-07-28T05:48:37+00:00,success,0
QR,SIN,ATH,SIN,SG,ATH,GR,2026-08-21,2026-08-24,Summer,Business,0,Bus-1,BCLASSIC,Business Standard,0.00 USD,2331.15,USD,Ubfly,BCLASSIC-BCLASSIC,125 PCT QMILES ACCUMULATION(F),Included,Included,Unknown,Included,Included,Unknown,Unknown,Paid,Paid,Unknown,Unknown,Unknown,Unknown,Unknown,Unknown,Unknown,,,,2026-07-28T05:48:37+00:00,success,0
QR,SIN,ATH,SIN,SG,ATH,GR,2026-08-21,2026-08-24,Summer,Business,1,Bus-2,BUSINESS COMFORT,Business Comfort,+678.33 USD,3009.48,USD,Ubfly,BCOMFORT-BCOMFORT,175 PCT QMILES ACCUMULATION(F),Included,Included,Included,Included,Included,Unknown,Unknown,Paid,Paid,Unknown,Unknown,Unknown,Unknown,Unknown,Unknown,Unknown,,,,2026-07-28T05:48:37+00:00,success,0
QR,SIN,ATH,SIN,SG,ATH,GR,2026-08-21,2026-08-24,Summer,Business,2,Bus-3,BUSINESS ELITE,Business Lite,"+1,765.66 USD",4096.81,USD,Ubfly,BELITE-BELITE,200 PCT QMILES ACCUMULATION(F); Uninterrupted return (up to the last 12 hours); Change with Penalty,Included,Included,Included,Included,Included,Unknown,Unknown,Included,Included,Unknown,Unknown,Unknown,Unknown,Unknown,Unknown,Unknown,,,,2026-07-28T05:48:37+00:00,success,0
QR,SIN,ATH,SIN,SG,ATH,GR,2026-11-10,2026-11-13,Winter,Economy,0,Eco-1,ECONOMY CLASSIC,Economy Standard,0 USD,631.35,USD,Enuygun,bff_0,,Included,Included,Unknown,Included,Unknown,Unknown,Unknown,Paid,Paid,Unknown,Unknown,Unknown,Unknown,Unknown,Unknown,Unknown,Yes,50.0,,2026-07-28T05:48:37+00:00,success,0
QR,SIN,ATH,SIN,SG,ATH,GR,2026-11-10,2026-11-13,Winter,Economy,1,Eco-2,ECONOMY CONVENIENCE,Economy — ECONOMY CONVENIENCE,+196.68 USD,828.03,USD,Enuygun,bff_1,,Included,Included,Included,Included,Unknown,Unknown,Unknown,Paid,Paid,Unknown,Unknown,Unknown,Unknown,Unknown,Unknown,Unknown,Yes,75.0,,2026-07-28T05:48:37+00:00,success,0
QR,SIN,ATH,SIN,SG,ATH,GR,2026-11-10,2026-11-13,Winter,Economy,2,Eco-3,ECONOMY COMFORT,Economy Comfort,+731.36 USD,1362.71,USD,Enuygun,bff_2,,Included,Included,Included,Included,Unknown,Unknown,Unknown,Paid,Paid,Unknown,Unknown,Unknown,Unknown,Unknown,Unknown,Unknown,Yes,100.0,,2026-07-28T05:48:37+00:00,success,0
QR,SIN,ATH,SIN,SG,ATH,GR,2026-11-10,2026-11-13,Winter,Business,0,Bus-1,BUSINESS COMFORT,Business Comfort,0 USD,4841.97,USD,Enuygun,bff_0,,Included,Included,Included,Included,Included,Unknown,Unknown,Paid,Paid,Unknown,Unknown,Unknown,Unknown,Unknown,Unknown,Unknown,,,,2026-07-28T05:48:37+00:00,success,0
QR,SIN,ATH,SIN,SG,ATH,GR,2026-11-10,2026-11-13,Winter,Business,1,Bus-2,BUSINESS ELITE,Business Lite,+726.25 USD,5568.22,USD,Enuygun,bff_1,,Included,Included,Included,Included,Included,Unknown,Unknown,Paid,Paid,Unknown,Unknown,Unknown,Unknown,Unknown,Unknown,Unknown,,,,2026-07-28T05:48:37+00:00,success,0
TK,SIN,ATH,SIN,SG,ATH,GR,2026-08-21,2026-08-24,Summer,Economy,0,Eco-1,ECOFLY,Economy Basic,0.00 USD,1461.05,USD,Ubfly,CL-007733131bbe43b3be427e23a857dabf,Online Message Verification,Included,Included,Unknown,Included,Unknown,Unknown,Unknown,Included,Paid,Unknown,Unknown,Unknown,Unknown,Unknown,Unknown,Unknown,,,,2026-07-28T05:48:37+00:00,success,0
TK,SIN,ATH,SIN,SG,ATH,GR,2026-08-21,2026-08-24,Summer,Economy,1,Eco-2,EXTRAFLY,Economy Standard,+66.01 USD,1527.06,USD,Ubfly,LG-f5c2925feb2344db8ea0964fabe7819b,Online Message Verification,Included,Included,Unknown,Included,Unknown,Unknown,Unknown,Paid,Paid,Unknown,Unknown,Unknown,Unknown,Unknown,Unknown,Unknown,,,,2026-07-28T05:48:37+00:00,success,0
TK,SIN,ATH,SIN,SG,ATH,GR,2026-08-21,2026-08-24,Summer,Economy,2,Eco-3,FLEXFLY,Economy Flex,+198.69 USD,1659.74,USD,Ubfly,GN-0373c2e40e1046fc9146e29d8ee1702c,Online Message Verification,Included,Included,Included,Included,Unknown,Unknown,Unknown,Paid,Included,Unknown,Unknown,Unknown,Unknown,Unknown,Unknown,Unknown,Yes,15.0,,2026-07-28T05:48:37+00:00,success,0
TK,SIN,ATH,SIN,SG,ATH,GR,2026-08-21,2026-08-24,Summer,Economy,3,Eco-4,Flexible,Economy Flex,+395.26 USD,1856.31,USD,Ubfly,FL-9b271854f3c84957b173f179d872a77e,Online Message Verification,Included,Included,Included,Included,Unknown,Unknown,Included,Included,Included,Unknown,Unknown,Paid,Unknown,Unknown,Unknown,Unknown,Yes,30.0,,2026-07-28T05:48:37+00:00,success,0
TK,SIN,ATH,SIN,SG,ATH,GR,2026-08-21,2026-08-24,Summer,Business,0,Bus-1,Business Fly,Business — Business Fly,0 USD,7854.82,USD,Enuygun,bff_0,priority_check_in: Öncelikli Check-in,Included,Included,Included,Unknown,Included,Included,Included,Paid,Paid,Unknown,Unknown,Unknown,Unknown,Unknown,Unknown,Unknown,,,,2026-07-28T05:48:37+00:00,success,0
TK,SIN,ATH,SIN,SG,ATH,GR,2026-08-21,2026-08-24,Summer,Business,1,Bus-2,Business Prime,Business Premium,+425.7 USD,8280.52,USD,Enuygun,bff_1,priority_check_in: Öncelikli Check-in,Included,Included,Included,Unknown,Included,Included,Included,Included,Included,Unknown,Unknown,Paid,Unknown,Unknown,Unknown,Unknown,Yes,30.0,,2026-07-28T05:48:37+00:00,success,0
TK,SIN,ATH,SIN,SG,ATH,GR,2026-11-10,2026-11-13,Winter,Economy,0,Eco-1,ECOFLY,Economy Basic,0.00 USD,749.57,USD,Ubfly,CL-9486bec43c6947eb900b8237f78482a2,Online Message Verification,Included,Included,Unknown,Included,Unknown,Unknown,Unknown,Included,Paid,Unknown,Unknown,Unknown,Unknown,Unknown,Unknown,Unknown,,,,2026-07-28T05:48:37+00:00,success,0
TK,SIN,ATH,SIN,SG,ATH,GR,2026-11-10,2026-11-13,Winter,Economy,1,Eco-2,EXTRAFLY,Economy Standard,+66.01 USD,815.58,USD,Ubfly,LG-a848bead292c4557b943ad5b866d515f,Online Message Verification,Included,Included,Unknown,Included,Unknown,Unknown,Unknown,Paid,Paid,Unknown,Unknown,Unknown,Unknown,Unknown,Unknown,Unknown,,,,2026-07-28T05:48:37+00:00,success,0
TK,SIN,ATH,SIN,SG,ATH,GR,2026-11-10,2026-11-13,Winter,Economy,2,Eco-3,FLEXFLY,Economy Flex,+198.69 USD,948.26,USD,Ubfly,GN-8fbdf224a464428793d005af05b70c8b,Online Message Verification,Included,Included,Included,Included,Unknown,Unknown,Unknown,Paid,Included,Unknown,Unknown,Unknown,Unknown,Unknown,Unknown,Unknown,Yes,15.0,,2026-07-28T05:48:37+00:00,success,0
TK,SIN,ATH,SIN,SG,ATH,GR,2026-11-10,2026-11-13,Winter,Economy,3,Eco-4,Flexible,Economy Flex,+395.26 USD,1144.83,USD,Ubfly,FL-108659c99cf048f683c3ae74f91b5de5,Online Message Verification,Included,Included,Included,Included,Unknown,Unknown,Included,Included,Included,Unknown,Unknown,Paid,Unknown,Unknown,Unknown,Unknown,Yes,30.0,,2026-07-28T05:48:37+00:00,success,0
TK,SIN,ATH,SIN,SG,ATH,GR,2026-11-10,2026-11-13,Winter,Business,0,Bus-1,BUSINESS FLY,Business — BUSINESS FLY,0.00 USD,2842.42,USD,Ubfly,BF-33222c0ea72a470d9463a4c202202c47,Internet Package; Priority Check-In,Included,Included,Included,Unknown,Included,Included,Included,Paid,Paid,Unknown,Unknown,Unknown,Unknown,Unknown,Unknown,Unknown,,,,2026-07-28T05:48:37+00:00,success,0
TK,SIN,ATH,SIN,SG,ATH,GR,2026-11-10,2026-11-13,Winter,Business,1,Bus-2,BUSINESS PRIME,Business Premium,+388.04 USD,3230.46,USD,Ubfly,BL-cbf850a7e3844c73b16e2af46091fca6,Internet Package; Priority Check-In,Included,Included,Included,Unknown,Included,Included,Included,Included,Included,Unknown,Unknown,Paid,Unknown,Unknown,Unknown,Unknown,Yes,30.0,,2026-07-28T05:48:37+00:00,success,0
EK,SIN,ATH,SIN,SG,ATH,GR,2026-08-21,2026-08-24,Summer,Economy,0,Eco-1,Economy Saver,Economy Basic,0.00 USD,465.05,USD,Ubfly,YP-574cbcef5fbf425d96247ada32e533fd,Non-exchangeable.; • Hot and cold refreshments; • ICE entertainment; Economy Cabin,Included,Included,Paid,Included,Unknown,Unknown,Unknown,Included,Paid,Unknown,Unknown,Unknown,Included,Unknown,Unknown,Unknown,Yes,1575.0,,2026-07-28T05:48:37+00:00,success,0
EK,SIN,ATH,SIN,SG,ATH,GR,2026-08-21,2026-08-24,Summer,Economy,1,Eco-2,Economy Flex,Economy Flex,+253.00 USD,718.05,USD,Ubfly,YS-3d52d2fd8d7a494fbb11297166b42719,Non-exchangeable.; • Hot and cold refreshments; • ICE entertainment; Economy Cabin,Included,Included,Included,Included,Unknown,Unknown,Unknown,Included,Paid,Unknown,Unknown,Unknown,Included,Unknown,Unknown,Unknown,Yes,3938.0,,2026-07-28T05:48:37+00:00,success,0
EK,SIN,ATH,SIN,SG,ATH,GR,2026-08-21,2026-08-24,Summer,Economy,2,Eco-3,Economy Flex Plus,Economy Comfort,+759.79 USD,1224.84,USD,Ubfly,YF-bb626755a2ca440d99b3a4dfc37551a4,Non-exchangeable.; • Hot and cold refreshments; • ICE entertainment; Economy Cabin,Included,Included,Included,Included,Unknown,Unknown,Unknown,Included,Included,Unknown,Unknown,Unknown,Included,Unknown,Unknown,Unknown,Yes,5250.0,,2026-07-28T05:48:37+00:00,success,0
EK,SIN,ATH,SIN,SG,ATH,GR,2026-08-21,2026-08-24,Summer,Business,0,Bus-1,BSSAVER,Business Basic,0.00 USD,2048.86,USD,Ubfly,BSSAVER-BSSAVER,Soft drink; Premium check-in; In-flight entertainment; Chauffeur Drive; Internet Access,Included,Included,Included,Included,Included,Included,Included,Not Included,Paid,Unknown,Unknown,Unknown,Unknown,Unknown,Unknown,Unknown,Yes,,,2026-07-28T05:48:37+00:00,success,0
EK,SIN,ATH,SIN,SG,ATH,GR,2026-08-21,2026-08-24,Summer,Business,1,Bus-2,BSFLEX,Business Flex,+876.24 USD,2925.1,USD,Ubfly,BSFLEX-BSFLEX,Premium check-in; Soft drink; In-flight entertainment; Chauffeur Drive; Internet Access,Included,Included,Included,Included,Included,Included,Included,Paid,Paid,Unknown,Unknown,Unknown,Unknown,Unknown,Unknown,Unknown,Yes,175.0,,2026-07-28T05:48:37+00:00,success,0
EK,SIN,ATH,SIN,SG,ATH,GR,2026-08-21,2026-08-24,Summer,Business,2,Bus-3,BSFLXPLUS,Business Comfort,"+2,193.28 USD",4242.14,USD,Ubfly,BSFLXPLUS-BSFLXPLUS,Premium check-in; Soft drink; In-flight entertainment; Chauffeur Drive; Internet Access; Uninterrupted return (up to the last 12 hours); Change with Penalty,Included,Included,Included,Included,Included,Included,Included,Included,Included,Unknown,Unknown,Unknown,Unknown,Unknown,Unknown,Unknown,Yes,190.0,,2026-07-28T05:48:37+00:00,success,0
EK,SIN,ATH,SIN,SG,ATH,GR,2026-08-21,2026-08-24,Summer,Premium Economy,0,PEco-1,Premium Economy FlexPlus,Premium Economy Comfort,+772.22 USD,1237.27,USD,Ubfly,WF-ef053306b43445028f99ab96600c3f8a,Non-exchangeable.; • Hot and cold refreshments; • ICE entertainment; • Exclusive Premium Economy Class dining; Premium Economy Cabin,Included,Included,Included,Unknown,Unknown,Unknown,Unknown,Included,Unknown,Unknown,Unknown,Unknown,Included,Unknown,Unknown,Unknown,Yes,5775.0,,2026-07-28T05:48:37+00:00,success,0
EK,SIN,ATH,SIN,SG,ATH,GR,2026-11-10,2026-11-13,Winter,Economy,0,Eco-1,ECO SAVER,Economy Basic,0 USD,471.21,USD,Enuygun,bff_0,entertainment: Uçak İçi Eğlence,Included,Included,Paid,Included,Unknown,Unknown,Unknown,Paid,Paid,Unknown,Unknown,Unknown,Included,Unknown,Unknown,Unknown,Yes,1575.0,,2026-07-28T05:48:37+00:00,success,0
EK,SIN,ATH,SIN,SG,ATH,GR,2026-11-10,2026-11-13,Winter,Economy,1,Eco-2,ECO FLEX,Economy Basic,+158.84 USD,630.06,USD,Enuygun,bff_1,entertainment: Uçak İçi Eğlence,Included,Included,Included,Included,Unknown,Unknown,Unknown,Paid,Paid,Unknown,Unknown,Unknown,Included,Unknown,Unknown,Unknown,Yes,3938.0,,2026-07-28T05:48:37+00:00,success,0
EK,SIN,ATH,SIN,SG,ATH,GR,2026-11-10,2026-11-13,Winter,Economy,2,Eco-3,ECO FLEXPLUS,Economy Basic,+451.35 USD,922.56,USD,Enuygun,bff_2,entertainment: Uçak İçi Eğlence,Included,Included,Included,Included,Unknown,Unknown,Unknown,Included,Included,Unknown,Unknown,Unknown,Included,Unknown,Unknown,Unknown,Yes,5250.0,,2026-07-28T05:48:37+00:00,success,0
EK,SIN,ATH,SIN,SG,ATH,GR,2026-11-10,2026-11-13,Winter,Business,0,Bus-1,BUSINESS SAVER,Business Basic,0 USD,2775.84,USD,Enuygun,bff_0,priority_baggage: Öncelikli Bagaj Alımı; entertainment: Uçak İçi Eğlence,Included,Included,Included,Included,Included,Included,Included,Paid,Paid,Unknown,Unknown,Unknown,Unknown,Unknown,Unknown,Unknown,Yes,,,2026-07-28T05:48:37+00:00,success,0
EK,SIN,ATH,SIN,SG,ATH,GR,2026-11-10,2026-11-13,Winter,Business,1,Bus-2,BUSINESS FLEX,Business Flex,+371.23 USD,3147.07,USD,Enuygun,bff_1,priority_baggage: Öncelikli Bagaj Alımı; entertainment: Uçak İçi Eğlence,Included,Included,Included,Included,Included,Included,Included,Paid,Paid,Unknown,Unknown,Unknown,Unknown,Unknown,Unknown,Unknown,Yes,175.0,,2026-07-28T05:48:37+00:00,success,0
EK,SIN,ATH,SIN,SG,ATH,GR,2026-11-10,2026-11-13,Winter,Business,2,Bus-3,BUSINESS FLEXPLUS,Business Comfort,+964.17 USD,3740.01,USD,Enuygun,bff_2,priority_baggage: Öncelikli Bagaj Alımı; entertainment: Uçak İçi Eğlence,Included,Included,Included,Included,Included,Included,Included,Included,Included,Unknown,Unknown,Unknown,Unknown,Unknown,Unknown,Unknown,Yes,190.0,,2026-07-28T05:48:37+00:00,success,0
EK,SIN,ATH,SIN,SG,ATH,GR,2026-11-10,2026-11-13,Winter,Premium Economy,0,PEco-1,Premium Economy FlexPlus,Premium Economy Comfort,+772.22 USD,1237.27,USD,Ubfly,WF-d18491c3576d450d9c3979316d1b00ec,Non-exchangeable.; • Hot and cold refreshments; • ICE entertainment; • Exclusive Premium Economy Class dining; Premium Economy Cabin,Included,Included,Included,Unknown,Unknown,Unknown,Unknown,Included,Unknown,Unknown,Unknown,Unknown,Included,Unknown,Unknown,Unknown,Yes,5775.0,,2026-07-28T05:48:37+00:00,success,0
TK,KUL,SJJ,KUL,MY,SJJ,BA,2027-04-22,2027-04-25,Summer,Economy,0,Eco-1,ECOFLY,Economy Basic,0 USD,2257.65,USD,Enuygun,bff_0,,Included,Included,Unknown,Included,Unknown,Unknown,Unknown,Not Included,Paid,Unknown,Unknown,Unknown,Unknown,Unknown,Unknown,Unknown,,,,2026-07-28T05:48:37+00:00,success,0
TK,KUL,SJJ,KUL,MY,SJJ,BA,2027-04-22,2027-04-25,Summer,Economy,1,Eco-2,EXTRAFLY,Economy Standard,+62.98 USD,2320.63,USD,Enuygun,bff_1,,Included,Included,Unknown,Included,Unknown,Unknown,Unknown,Paid,Paid,Unknown,Unknown,Unknown,Unknown,Unknown,Unknown,Unknown,,,,2026-07-28T05:48:37+00:00,success,0
TK,KUL,SJJ,KUL,MY,SJJ,BA,2027-04-22,2027-04-25,Summer,Economy,2,Eco-3,FLEXFLY,Economy Flex,+189.22 USD,2446.87,USD,Enuygun,bff_2,,Included,Included,Included,Included,Unknown,Unknown,Unknown,Paid,Included,Unknown,Unknown,Unknown,Unknown,Unknown,Unknown,Unknown,Yes,15.0,,2026-07-28T05:48:37+00:00,success,0
TK,KUL,SJJ,KUL,MY,SJJ,BA,2027-04-22,2027-04-25,Summer,Economy,3,Eco-4,PRIMEFLY,Economy Premium,+378.47 USD,2636.12,USD,Enuygun,bff_3,,Included,Included,Included,Included,Unknown,Unknown,Included,Included,Included,Unknown,Unknown,Paid,Unknown,Unknown,Unknown,Unknown,Yes,30.0,,2026-07-28T05:48:37+00:00,success,0
TK,KUL,SJJ,KUL,MY,SJJ,BA,2027-04-22,2027-04-25,Summer,Business,0,Bus-1,Business Fly,Business — Business Fly,0 USD,4260.13,USD,Enuygun,bff_0,priority_check_in: Öncelikli Check-in,Included,Included,Included,Included,Included,Included,Included,Paid,Paid,Unknown,Unknown,Unknown,Unknown,Unknown,Unknown,Unknown,,,,2026-07-28T05:48:37+00:00,success,0
TK,KUL,SJJ,KUL,MY,SJJ,BA,2027-04-22,2027-04-25,Summer,Business,1,Bus-2,Business Prime,Business Premium,+418.36 USD,4678.49,USD,Enuygun,bff_1,priority_check_in: Öncelikli Check-in,Included,Included,Included,Included,Included,Included,Included,Included,Included,Unknown,Unknown,Paid,Unknown,Unknown,Unknown,Unknown,Yes,30.0,,2026-07-28T05:48:37+00:00,success,0
TK,KUL,SJJ,KUL,MY,SJJ,BA,2026-12-10,2026-12-13,Winter,Economy,0,Eco-1,Ecofly,Economy Basic,0 USD,1487.0,USD,Enuygun,bff_0,,Included,Included,Unknown,Included,Unknown,Unknown,Unknown,Included,Paid,Unknown,Unknown,Unknown,Unknown,Unknown,Unknown,Unknown,,,,2026-07-28T05:48:37+00:00,success,0
TK,KUL,SJJ,KUL,MY,SJJ,BA,2026-12-10,2026-12-13,Winter,Economy,1,Eco-2,Extrafly,Economy Standard,+73.64 USD,1560.64,USD,Enuygun,bff_1,,Included,Included,Unknown,Included,Unknown,Unknown,Unknown,Not Included,Paid,Unknown,Unknown,Unknown,Unknown,Unknown,Unknown,Unknown,,,,2026-07-28T05:48:37+00:00,success,0
TK,KUL,SJJ,KUL,MY,SJJ,BA,2026-12-10,2026-12-13,Winter,Economy,2,Eco-3,Flexfly,Economy Flex,+199.88 USD,1686.88,USD,Enuygun,bff_2,,Included,Included,Included,Included,Unknown,Unknown,Unknown,Paid,Included,Unknown,Unknown,Unknown,Unknown,Unknown,Unknown,Unknown,Yes,15.0,,2026-07-28T05:48:37+00:00,success,0
TK,KUL,SJJ,KUL,MY,SJJ,BA,2026-12-10,2026-12-13,Winter,Economy,3,Eco-4,Primefly,Economy Premium,+399.75 USD,1886.74,USD,Enuygun,bff_3,,Included,Included,Included,Included,Unknown,Unknown,Included,Included,Included,Unknown,Unknown,Paid,Unknown,Unknown,Unknown,Unknown,Yes,30.0,,2026-07-28T05:48:37+00:00,success,0
TK,KUL,SJJ,KUL,MY,SJJ,BA,2026-12-10,2026-12-13,Winter,Business,0,Bus-1,Business Fly,Business — Business Fly,0 USD,4277.85,USD,Enuygun,bff_0,priority_check_in: Öncelikli Check-in,Included,Included,Included,Included,Included,Included,Included,Paid,Paid,Unknown,Unknown,Unknown,Unknown,Unknown,Unknown,Unknown,,,,2026-07-28T05:48:37+00:00,success,0
TK,KUL,SJJ,KUL,MY,SJJ,BA,2026-12-10,2026-12-13,Winter,Business,1,Bus-2,Business Prime,Business Premium,+418.36 USD,4696.21,USD,Enuygun,bff_1,priority_check_in: Öncelikli Check-in,Included,Included,Included,Included,Included,Included,Included,Included,Included,Unknown,Unknown,Paid,Unknown,Unknown,Unknown,Unknown,Yes,30.0,,2026-07-28T05:48:37+00:00,success,0
EK,KUL,SJJ,KUL,MY,SJJ,BA,2027-04-22,2027-04-25,Summer,Economy,0,Eco-1,Economy Saver,Economy Basic,0.00 USD,389.0,USD,Ubfly,YP-3a26f43f71334a71b48ad0f86451c591,Non-exchangeable.; • Hot and cold refreshments; • ICE entertainment; Economy Cabin,Included,Included,Paid,Included,Unknown,Unknown,Unknown,Included,Paid,Unknown,Unknown,Unknown,Included,Unknown,Unknown,Unknown,Yes,1575.0,,2026-07-28T05:48:37+00:00,success,0
EK,KUL,SJJ,KUL,MY,SJJ,BA,2027-04-22,2027-04-25,Summer,Economy,1,Eco-2,Economy Flex,Economy Flex,+135.41 USD,524.41,USD,Ubfly,YS-915079770d7747c79226ff87e5b3a29d,Non-exchangeable.; • Hot and cold refreshments; • ICE entertainment; Economy Cabin,Included,Included,Included,Included,Unknown,Unknown,Unknown,Included,Paid,Unknown,Unknown,Unknown,Included,Unknown,Unknown,Unknown,Yes,3938.0,,2026-07-28T05:48:37+00:00,success,0
EK,KUL,SJJ,KUL,MY,SJJ,BA,2027-04-22,2027-04-25,Summer,Economy,2,Eco-3,Economy Flex Plus,Economy Comfort,"+1,157.34 USD",1546.34,USD,Ubfly,YF-a100fd8159a1474fa99d429b46f282c8,Non-exchangeable.; • Hot and cold refreshments; • ICE entertainment; Economy Cabin,Included,Included,Included,Included,Unknown,Unknown,Unknown,Included,Included,Unknown,Unknown,Unknown,Included,Unknown,Unknown,Unknown,Yes,5250.0,,2026-07-28T05:48:37+00:00,success,0
EK,KUL,SJJ,KUL,MY,SJJ,BA,2027-04-22,2027-04-25,Summer,Business,0,Bus-1,BSSAVER,Business Basic,0.00 USD,2473.61,USD,Ubfly,BSSAVER-BSSAVER,Premium check-in; Soft drink; In-flight entertainment; Chauffeur Drive; Internet Access,Included,Included,Included,Included,Included,Included,Included,Not Included,Paid,Unknown,Unknown,Unknown,Unknown,Unknown,Unknown,Unknown,Yes,,,2026-07-28T05:48:37+00:00,success,0
EK,KUL,SJJ,KUL,MY,SJJ,BA,2027-04-22,2027-04-25,Summer,Business,1,Bus-2,BSFLEX,Business Flex,+334.69 USD,2808.3,USD,Ubfly,BSFLEX-BSFLEX,Premium check-in; Soft drink; In-flight entertainment; Chauffeur Drive; Internet Access,Included,Included,Included,Included,Included,Included,Included,Paid,Paid,Unknown,Unknown,Unknown,Unknown,Unknown,Unknown,Unknown,Yes,175.0,,2026-07-28T05:48:37+00:00,success,0
EK,KUL,SJJ,KUL,MY,SJJ,BA,2027-04-22,2027-04-25,Summer,Business,2,Bus-3,BSFLXPLUS,Business Comfort,+827.29 USD,3300.9,USD,Ubfly,BSFLXPLUS-BSFLXPLUS,Premium check-in; Soft drink; In-flight entertainment; Chauffeur Drive; Internet Access; Uninterrupted return (up to the last 12 hours); Change with Penalty,Included,Included,Included,Included,Included,Included,Included,Included,Included,Unknown,Unknown,Unknown,Unknown,Unknown,Unknown,Unknown,Yes,190.0,,2026-07-28T05:48:37+00:00,success,0
EK,KUL,SJJ,KUL,MY,SJJ,BA,2027-04-22,2027-04-25,Summer,Premium Economy,0,PEco-1,Premium Economy FlexPlus,Premium Economy Comfort,"+1,235.20 USD",1624.2,USD,Ubfly,WF-e68bc85d97004ff285dc5fed619403b3,Non-exchangeable.; • Hot and cold refreshments; • ICE entertainment; • Exclusive Premium Economy Class dining; Premium Economy Cabin,Included,Included,Included,Unknown,Unknown,Unknown,Unknown,Included,Unknown,Unknown,Unknown,Unknown,Included,Unknown,Unknown,Unknown,Yes,5775.0,,2026-07-28T05:48:37+00:00,success,0
EK,KUL,SJJ,KUL,MY,SJJ,BA,2026-12-10,2026-12-13,Winter,Economy,0,Eco-1,Economy Flex,Economy Flex,0.00 USD,721.74,USD,Ubfly,YS-0c87c9833c41403a8b57cd03b4409268,Non-exchangeable.; • Hot and cold refreshments; • ICE entertainment; Economy Cabin,Included,Included,Included,Included,Unknown,Unknown,Unknown,Included,Paid,Unknown,Unknown,Unknown,Included,Unknown,Unknown,Unknown,Yes,3938.0,,2026-07-28T05:48:37+00:00,success,0
EK,KUL,SJJ,KUL,MY,SJJ,BA,2026-12-10,2026-12-13,Winter,Economy,1,Eco-2,Economy Flex Plus,Economy Comfort,+919.84 USD,1641.58,USD,Ubfly,YF-c070bbb3baa1408dbfb3e592bc577b4e,Non-exchangeable.; • Hot and cold refreshments; • ICE entertainment; Economy Cabin,Included,Included,Included,Included,Unknown,Unknown,Unknown,Included,Included,Unknown,Unknown,Unknown,Included,Unknown,Unknown,Unknown,Yes,5250.0,,2026-07-28T05:48:37+00:00,success,0
EK,KUL,SJJ,KUL,MY,SJJ,BA,2026-12-10,2026-12-13,Winter,Business,0,Bus-1,BSSAVER,Business Basic,0.00 USD,2473.61,USD,Ubfly,BSSAVER-BSSAVER,Premium check-in; Soft drink; In-flight entertainment; Chauffeur Drive; Internet Access,Included,Included,Included,Included,Included,Included,Included,Not Included,Paid,Unknown,Unknown,Unknown,Unknown,Unknown,Unknown,Unknown,Yes,,,2026-07-28T05:48:37+00:00,success,0
EK,KUL,SJJ,KUL,MY,SJJ,BA,2026-12-10,2026-12-13,Winter,Business,1,Bus-2,BSFLEX,Business Flex,+334.69 USD,2808.3,USD,Ubfly,BSFLEX-BSFLEX,Premium check-in; Soft drink; In-flight entertainment; Chauffeur Drive; Internet Access,Included,Included,Included,Included,Included,Included,Included,Paid,Paid,Unknown,Unknown,Unknown,Unknown,Unknown,Unknown,Unknown,Yes,175.0,,2026-07-28T05:48:37+00:00,success,0
EK,KUL,SJJ,KUL,MY,SJJ,BA,2026-12-10,2026-12-13,Winter,Business,2,Bus-3,BSFLXPLUS,Business Comfort,+827.29 USD,3300.9,USD,Ubfly,BSFLXPLUS-BSFLXPLUS,Premium check-in; Soft drink; In-flight entertainment; Chauffeur Drive; Internet Access; Uninterrupted return (up to the last 12 hours); Change with Penalty,Included,Included,Included,Included,Included,Included,Included,Included,Included,Unknown,Unknown,Unknown,Unknown,Unknown,Unknown,Unknown,Yes,190.0,,2026-07-28T05:48:37+00:00,success,0
EK,KUL,SJJ,KUL,MY,SJJ,BA,2026-12-10,2026-12-13,Winter,Premium Economy,0,PEco-1,Premium Economy FlexPlus,Premium Economy Comfort,"+1,001.87 USD",1723.61,USD,Ubfly,WF-ceeaa5b9733f4f8b92ca727b20712559,Non-exchangeable.; • Hot and cold refreshments; • ICE entertainment; • Exclusive Premium Economy Class dining; Premium Economy Cabin,Included,Included,Included,Unknown,Unknown,Unknown,Unknown,Included,Unknown,Unknown,Unknown,Unknown,Included,Unknown,Unknown,Unknown,Yes,5775.0,,2026-07-28T05:48:37+00:00,success,0
MH,KUL,SJJ,KUL,MY,SJJ,BA,2027-04-22,2027-04-25,Summer,Economy,0,Eco-1,Economy Comfort,Economy Comfort,0 USD,1584.86,USD,Enuygun,bff_0,entertainment: Uçak İçi Eğlence,Included,Included,Unknown,Included,Unknown,Unknown,Unknown,Not Included,Paid,Unknown,Unknown,Unknown,Unknown,Unknown,Unknown,Unknown,,,,2026-07-28T05:48:37+00:00,partial,0
MH,KUL,SJJ,KUL,MY,SJJ,BA,2027-04-22,2027-04-25,Summer,Economy,1,Eco-2,Economy Comfort Plus,Economy Comfort,+108.07 USD,1692.93,USD,Enuygun,bff_1,entertainment: Uçak İçi Eğlence,Included,Included,Unknown,Included,Unknown,Unknown,Unknown,Paid,Paid,Unknown,Unknown,Unknown,Unknown,Unknown,Unknown,Unknown,,,,2026-07-28T05:48:37+00:00,partial,0
MH,KUL,SJJ,KUL,MY,SJJ,BA,2027-04-22,2027-04-25,Summer,Economy,2,Eco-3,Economy Flex,Economy Flex,+202.36 USD,1787.22,USD,Enuygun,bff_2,entertainment: Uçak İçi Eğlence,Included,Included,Unknown,Included,Unknown,Unknown,Unknown,Included,Included,Unknown,Unknown,Unknown,Unknown,Unknown,Unknown,Unknown,,,,2026-07-28T05:48:37+00:00,partial,0
MH,KUL,SJJ,KUL,MY,SJJ,BA,2027-04-22,2027-04-25,Summer,Business,0,Bus-1,Business Comfort,Business Comfort,0 USD,3921.51,USD,Enuygun,bff_0,priority_check_in: Öncelikli Check-in; entertainment: Uçak İçi Eğlence,Included,Included,Unknown,Included,Included,Unknown,Unknown,Not Included,Paid,Unknown,Unknown,Unknown,Unknown,Unknown,Unknown,Unknown,,,,2026-07-28T05:48:37+00:00,partial,0
MH,KUL,SJJ,KUL,MY,SJJ,BA,2027-04-22,2027-04-25,Summer,Business,1,Bus-2,Business Comfort Plus,Business Comfort,+165.73 USD,4087.24,USD,Enuygun,bff_1,priority_check_in: Öncelikli Check-in; entertainment: Uçak İçi Eğlence,Included,Included,Unknown,Included,Included,Unknown,Unknown,Paid,Paid,Unknown,Unknown,Unknown,Unknown,Unknown,Unknown,Unknown,,,,2026-07-28T05:48:37+00:00,partial,0
MH,KUL,SJJ,KUL,MY,SJJ,BA,2027-04-22,2027-04-25,Summer,Business,2,Bus-3,Business Flex,Business Flex,+423.84 USD,4345.35,USD,Enuygun,bff_2,priority_check_in: Öncelikli Check-in; entertainment: Uçak İçi Eğlence,Included,Included,Unknown,Included,Included,Unknown,Unknown,Included,Included,Unknown,Unknown,Unknown,Unknown,Unknown,Unknown,Unknown,,,,2026-07-28T05:48:37+00:00,partial,0
MH,KUL,SJJ,KUL,MY,SJJ,BA,2026-12-10,2026-12-13,Winter,Economy,0,Eco-1,Economy Comfort,Economy Comfort,0 USD,1581.84,USD,Enuygun,bff_0,entertainment: Uçak İçi Eğlence,Included,Included,Unknown,Included,Unknown,Unknown,Unknown,Not Included,Paid,Unknown,Unknown,Unknown,Unknown,Unknown,Unknown,Unknown,,,,2026-07-28T05:48:37+00:00,partial,0
MH,KUL,SJJ,KUL,MY,SJJ,BA,2026-12-10,2026-12-13,Winter,Economy,1,Eco-2,Economy Comfort Plus,Economy Comfort,+108.07 USD,1689.91,USD,Enuygun,bff_1,entertainment: Uçak İçi Eğlence,Included,Included,Unknown,Included,Unknown,Unknown,Unknown,Paid,Paid,Unknown,Unknown,Unknown,Unknown,Unknown,Unknown,Unknown,,,,2026-07-28T05:48:37+00:00,partial,0
MH,KUL,SJJ,KUL,MY,SJJ,BA,2026-12-10,2026-12-13,Winter,Economy,2,Eco-3,Economy Flex,Economy Flex,+202.36 USD,1784.2,USD,Enuygun,bff_2,entertainment: Uçak İçi Eğlence,Included,Included,Unknown,Included,Unknown,Unknown,Unknown,Included,Included,Unknown,Unknown,Unknown,Unknown,Unknown,Unknown,Unknown,,,,2026-07-28T05:48:37+00:00,partial,0
MH,KUL,SJJ,KUL,MY,SJJ,BA,2026-12-10,2026-12-13,Winter,Business,0,Bus-1,Business Comfort,Business Comfort,0 USD,3918.37,USD,Enuygun,bff_0,priority_check_in: Öncelikli Check-in; entertainment: Uçak İçi Eğlence,Included,Included,Unknown,Included,Included,Unknown,Unknown,Not Included,Paid,Unknown,Unknown,Unknown,Unknown,Unknown,Unknown,Unknown,,,,2026-07-28T05:48:37+00:00,partial,0
MH,KUL,SJJ,KUL,MY,SJJ,BA,2026-12-10,2026-12-13,Winter,Business,1,Bus-2,Business Comfort Plus,Business Comfort,+166.26 USD,4084.63,USD,Enuygun,bff_1,priority_check_in: Öncelikli Check-in; entertainment: Uçak İçi Eğlence,Included,Included,Unknown,Included,Included,Unknown,Unknown,Paid,Paid,Unknown,Unknown,Unknown,Unknown,Unknown,Unknown,Unknown,,,,2026-07-28T05:48:37+00:00,partial,0
MH,KUL,SJJ,KUL,MY,SJJ,BA,2026-12-10,2026-12-13,Winter,Business,2,Bus-3,Business Flex,Business Flex,+423.78 USD,4342.14,USD,Enuygun,bff_2,priority_check_in: Öncelikli Check-in; entertainment: Uçak İçi Eğlence,Included,Included,Unknown,Included,Included,Unknown,Unknown,Included,Included,Unknown,Unknown,Unknown,Unknown,Unknown,Unknown,Unknown,,,,2026-07-28T05:48:37+00:00,partial,0
QR,KUL,SJJ,KUL,MY,SJJ,BA,2027-04-22,2027-04-25,Summer,Economy,0,Eco-1,Economy Classic,Economy Standard,0 USD,1129.06,USD,Enuygun,bff_0,,Included,Included,Unknown,Included,Unknown,Unknown,Unknown,Paid,Paid,Unknown,Unknown,Unknown,Unknown,Unknown,Unknown,Unknown,,,,2026-07-28T05:48:37+00:00,partial,0
QR,KUL,SJJ,KUL,MY,SJJ,BA,2027-04-22,2027-04-25,Summer,Economy,1,Eco-2,Economy Convenience,Economy — Economy Convenience,+404.36 USD,1533.42,USD,Enuygun,bff_1,,Included,Included,Unknown,Included,Unknown,Unknown,Unknown,Paid,Paid,Unknown,Unknown,Unknown,Unknown,Unknown,Unknown,Unknown,,,,2026-07-28T05:48:37+00:00,partial,0
QR,KUL,SJJ,KUL,MY,SJJ,BA,2027-04-22,2027-04-25,Summer,Economy,2,Eco-3,Economy Comfort,Economy Comfort,+1009.41 USD,2138.47,USD,Enuygun,bff_2,,Included,Included,Unknown,Included,Unknown,Unknown,Unknown,Included,Included,Unknown,Unknown,Unknown,Unknown,Unknown,Unknown,Unknown,,,,2026-07-28T05:48:37+00:00,partial,0
QR,KUL,SJJ,KUL,MY,SJJ,BA,2027-04-22,2027-04-25,Summer,Business,0,Bus-1,Business Comfort,Business Comfort,0 USD,3119.79,USD,Enuygun,bff_0,,Included,Included,Unknown,Included,Included,Unknown,Unknown,Paid,Paid,Unknown,Unknown,Unknown,Unknown,Unknown,Unknown,Unknown,,,,2026-07-28T05:48:37+00:00,partial,0
QR,KUL,SJJ,KUL,MY,SJJ,BA,2027-04-22,2027-04-25,Summer,Business,1,Bus-2,Business Elite,Business Lite,+778.91 USD,3898.7,USD,Enuygun,bff_1,,Included,Included,Unknown,Included,Included,Unknown,Unknown,Included,Included,Unknown,Unknown,Unknown,Unknown,Unknown,Unknown,Unknown,,,,2026-07-28T05:48:37+00:00,partial,0
QR,KUL,SJJ,KUL,MY,SJJ,BA,2026-12-10,2026-12-13,Winter,Economy,0,Eco-1,Economy Classic,Economy Standard,0 USD,1394.94,USD,Enuygun,bff_0,,Included,Included,Unknown,Included,Unknown,Unknown,Unknown,Paid,Paid,Unknown,Unknown,Unknown,Unknown,Unknown,Unknown,Unknown,,,,2026-07-28T05:48:37+00:00,partial,0
QR,KUL,SJJ,KUL,MY,SJJ,BA,2026-12-10,2026-12-13,Winter,Economy,1,Eco-2,Economy Convenience,Economy — Economy Convenience,+77.9 USD,1472.84,USD,Enuygun,bff_1,,Included,Included,Unknown,Included,Unknown,Unknown,Unknown,Paid,Paid,Unknown,Unknown,Unknown,Unknown,Unknown,Unknown,Unknown,,,,2026-07-28T05:48:37+00:00,partial,0
QR,KUL,SJJ,KUL,MY,SJJ,BA,2026-12-10,2026-12-13,Winter,Economy,2,Eco-3,Economy Comfort,Economy Comfort,+612.39 USD,2007.33,USD,Enuygun,bff_2,,Included,Included,Unknown,Included,Unknown,Unknown,Unknown,Included,Included,Unknown,Unknown,Unknown,Unknown,Unknown,Unknown,Unknown,,,,2026-07-28T05:48:37+00:00,partial,0
QR,KUL,SJJ,KUL,MY,SJJ,BA,2026-12-10,2026-12-13,Winter,Business,0,Bus-1,Business Comfort,Business Comfort,0 USD,3111.72,USD,Enuygun,bff_0,,Included,Included,Unknown,Included,Included,Unknown,Unknown,Paid,Paid,Unknown,Unknown,Unknown,Unknown,Unknown,Unknown,Unknown,,,,2026-07-28T05:48:37+00:00,partial,0
QR,KUL,SJJ,KUL,MY,SJJ,BA,2026-12-10,2026-12-13,Winter,Business,1,Bus-2,Business Elite,Business Lite,+781.87 USD,3893.59,USD,Enuygun,bff_1,,Included,Included,Unknown,Included,Included,Unknown,Unknown,Included,Included,Unknown,Unknown,Unknown,Unknown,Unknown,Unknown,Unknown,,,,2026-07-28T05:48:37+00:00,partial,0
QR,ATH,SIN,ATH,GR,SIN,SG,2027-05-08,2027-05-11,Summer,Economy,0,Eco-1,ECONOMY CLASSIC,Economy Standard,0.00 USD,750.17,USD,Ubfly,ECLASSIC-ECLASSIC-ECLASSIC,,Included,Included,Unknown,Included,Unknown,Unknown,Unknown,Paid,Paid,Unknown,Unknown,Unknown,Unknown,Unknown,Unknown,Unknown,Yes,50.0,,2026-07-28T05:48:37+00:00,success,0
QR,ATH,SIN,ATH,GR,SIN,SG,2027-05-08,2027-05-11,Summer,Economy,1,Eco-2,ECONOMY CONVENIENCE,Economy — ECONOMY CONVENIENCE,+54.63 USD,804.8,USD,Ubfly,ECONVENIEN-ECONVENIEN-ECONVENIEN,,Included,Included,Included,Included,Unknown,Unknown,Unknown,Paid,Paid,Unknown,Unknown,Unknown,Unknown,Unknown,Unknown,Unknown,Yes,75.0,,2026-07-28T05:48:37+00:00,success,0
QR,ATH,SIN,ATH,GR,SIN,SG,2027-05-08,2027-05-11,Summer,Economy,2,Eco-3,ECONOMY COMFORT,Economy Comfort,+495.22 USD,1245.39,USD,Ubfly,ECOMFORT-ECOMFORT-ECOMFORT,Uninterrupted return (up to the last 12 hours); Change with Penalty,Included,Included,Included,Included,Unknown,Unknown,Unknown,Paid,Paid,Unknown,Unknown,Unknown,Unknown,Unknown,Unknown,Unknown,Yes,100.0,,2026-07-28T05:48:37+00:00,success,0
QR,ATH,SIN,ATH,GR,SIN,SG,2027-05-08,2027-05-11,Summer,Business,0,Bus-1,BUSINESS COMFORT,Business Comfort,0.00 USD,3040.93,USD,Ubfly,BCOMFORT-BCOMFORT-BCOMFORT,175 PCT QMILES ACCUMULATION(F),Included,Included,Included,Included,Included,Unknown,Unknown,Paid,Paid,Unknown,Unknown,Unknown,Unknown,Unknown,Unknown,Unknown,,,,2026-07-28T05:48:37+00:00,success,0
QR,ATH,SIN,ATH,GR,SIN,SG,2027-05-08,2027-05-11,Summer,Business,1,Bus-2,BUSINESS ELITE,Business Lite,+702.44 USD,3743.37,USD,Ubfly,BELITE-BELITE-BELITE,200 PCT QMILES ACCUMULATION(F); Uninterrupted return (up to the last 12 hours); Change with Penalty,Included,Included,Included,Included,Included,Unknown,Unknown,Included,Included,Unknown,Unknown,Unknown,Unknown,Unknown,Unknown,Unknown,,,,2026-07-28T05:48:37+00:00,success,0
QR,ATH,SIN,ATH,GR,SIN,SG,2026-11-14,2026-11-17,Winter,Economy,0,Eco-1,ECONOMY CLASSIC,Economy Standard,0.00 USD,750.17,USD,Ubfly,ECLASSIC-ECLASSIC-ECLASSIC,,Included,Included,Unknown,Included,Unknown,Unknown,Unknown,Paid,Paid,Unknown,Unknown,Unknown,Unknown,Unknown,Unknown,Unknown,Yes,50.0,,2026-07-28T05:48:37+00:00,success,0
QR,ATH,SIN,ATH,GR,SIN,SG,2026-11-14,2026-11-17,Winter,Economy,1,Eco-2,ECONOMY CONVENIENCE,Economy — ECONOMY CONVENIENCE,+54.63 USD,804.8,USD,Ubfly,ECONVENIEN-ECONVENIEN-ECONVENIEN,,Included,Included,Included,Included,Unknown,Unknown,Unknown,Paid,Paid,Unknown,Unknown,Unknown,Unknown,Unknown,Unknown,Unknown,Yes,75.0,,2026-07-28T05:48:37+00:00,success,0
QR,ATH,SIN,ATH,GR,SIN,SG,2026-11-14,2026-11-17,Winter,Economy,2,Eco-3,ECONOMY COMFORT,Economy Comfort,+495.22 USD,1245.39,USD,Ubfly,ECOMFORT-ECOMFORT-ECOMFORT,Uninterrupted return (up to the last 12 hours); Change with Penalty,Included,Included,Included,Included,Unknown,Unknown,Unknown,Included,Included,Unknown,Unknown,Unknown,Unknown,Unknown,Unknown,Unknown,Yes,100.0,,2026-07-28T05:48:37+00:00,success,0
QR,ATH,SIN,ATH,GR,SIN,SG,2026-11-14,2026-11-17,Winter,Business,0,Bus-1,BUSINESS COMFORT,Business Comfort,0.00 USD,3040.93,USD,Ubfly,BCOMFORT-BCOMFORT-BCOMFORT,175 PCT QMILES ACCUMULATION(F),Included,Included,Included,Included,Included,Unknown,Unknown,Paid,Paid,Unknown,Unknown,Unknown,Unknown,Unknown,Unknown,Unknown,,,,2026-07-28T05:48:37+00:00,success,0
QR,ATH,SIN,ATH,GR,SIN,SG,2026-11-14,2026-11-17,Winter,Business,1,Bus-2,BUSINESS ELITE,Business Lite,+702.44 USD,3743.37,USD,Ubfly,BELITE-BELITE-BELITE,200 PCT QMILES ACCUMULATION(F); Uninterrupted return (up to the last 12 hours); Change with Penalty,Included,Included,Included,Included,Included,Unknown,Unknown,Paid,Paid,Unknown,Unknown,Unknown,Unknown,Unknown,Unknown,Unknown,,,,2026-07-28T05:48:37+00:00,success,0
TK,ATH,SIN,ATH,GR,SIN,SG,2027-05-08,2027-05-11,Summer,Economy,0,Eco-1,Eco Fly,Economy Basic,0 USD,816.21,USD,Enuygun,bff_0,,Included,Included,Unknown,Included,Unknown,Unknown,Unknown,Included,Paid,Unknown,Unknown,Unknown,Unknown,Unknown,Unknown,Unknown,,,,2026-07-28T05:48:37+00:00,success,0
TK,ATH,SIN,ATH,GR,SIN,SG,2027-05-08,2027-05-11,Summer,Economy,1,Eco-2,Extra Fly,Economy — Extra Fly,+49.96 USD,866.17,USD,Enuygun,bff_1,,Included,Included,Unknown,Included,Unknown,Unknown,Unknown,Paid,Paid,Unknown,Unknown,Unknown,Unknown,Unknown,Unknown,Unknown,,,,2026-07-28T05:48:37+00:00,success,0
TK,ATH,SIN,ATH,GR,SIN,SG,2027-05-08,2027-05-11,Summer,Economy,2,Eco-3,Flex Fly,Economy Flex,+92.73 USD,908.94,USD,Enuygun,bff_2,,Included,Included,Included,Included,Unknown,Unknown,Unknown,Paid,Included,Unknown,Unknown,Unknown,Unknown,Unknown,Unknown,Unknown,Yes,15.0,,2026-07-28T05:48:37+00:00,success,0
TK,ATH,SIN,ATH,GR,SIN,SG,2027-05-08,2027-05-11,Summer,Economy,3,Eco-4,Prime Fly,Economy Premium,+167.68 USD,983.89,USD,Enuygun,bff_3,,Included,Included,Included,Included,Unknown,Unknown,Included,Included,Included,Unknown,Unknown,Paid,Unknown,Unknown,Unknown,Unknown,Yes,30.0,,2026-07-28T05:48:37+00:00,success,0
TK,ATH,SIN,ATH,GR,SIN,SG,2027-05-08,2027-05-11,Summer,Business,0,Bus-1,BUSINESS FLY,Business — BUSINESS FLY,0.00 USD,3681.69,USD,Ubfly,BF-42d0d7b3259e4eee8275f310c104d55a,Internet Package; Priority Check-In,Included,Included,Included,Unknown,Included,Included,Included,Paid,Paid,Unknown,Unknown,Unknown,Unknown,Unknown,Unknown,Unknown,,,,2026-07-28T05:48:37+00:00,success,0
TK,ATH,SIN,ATH,GR,SIN,SG,2027-05-08,2027-05-11,Summer,Business,1,Bus-2,BUSINESS PRIME,Business Premium,+170.77 USD,3852.46,USD,Ubfly,BL-a45548f72fa342419d8c185cbb001dd0,Internet Package; Priority Check-In,Included,Included,Included,Unknown,Included,Included,Included,Included,Included,Unknown,Unknown,Paid,Unknown,Unknown,Unknown,Unknown,Yes,30.0,,2026-07-28T05:48:37+00:00,success,0
TK,ATH,SIN,ATH,GR,SIN,SG,2026-11-14,2026-11-17,Winter,Economy,0,Eco-1,Eco Fly,Economy Basic,0 USD,817.81,USD,Enuygun,bff_0,,Included,Included,Unknown,Included,Unknown,Unknown,Unknown,Included,Paid,Unknown,Unknown,Unknown,Unknown,Unknown,Unknown,Unknown,,,,2026-07-28T05:48:37+00:00,success,0
TK,ATH,SIN,ATH,GR,SIN,SG,2026-11-14,2026-11-17,Winter,Economy,1,Eco-2,Extra Fly,Economy — Extra Fly,+50.06 USD,867.87,USD,Enuygun,bff_1,,Included,Included,Unknown,Included,Unknown,Unknown,Unknown,Paid,Paid,Unknown,Unknown,Unknown,Unknown,Unknown,Unknown,Unknown,,,,2026-07-28T05:48:37+00:00,success,0
TK,ATH,SIN,ATH,GR,SIN,SG,2026-11-14,2026-11-17,Winter,Economy,2,Eco-3,Flex Fly,Economy Flex,+92.92 USD,910.73,USD,Enuygun,bff_2,,Included,Included,Included,Included,Unknown,Unknown,Unknown,Paid,Included,Unknown,Unknown,Unknown,Unknown,Unknown,Unknown,Unknown,Yes,15.0,,2026-07-28T05:48:37+00:00,success,0
TK,ATH,SIN,ATH,GR,SIN,SG,2026-11-14,2026-11-17,Winter,Economy,3,Eco-4,Prime Fly,Economy Premium,+168.01 USD,985.82,USD,Enuygun,bff_3,,Included,Included,Included,Included,Unknown,Unknown,Included,Included,Included,Unknown,Unknown,Paid,Unknown,Unknown,Unknown,Unknown,Yes,30.0,,2026-07-28T05:48:37+00:00,success,0
TK,ATH,SIN,ATH,GR,SIN,SG,2026-11-14,2026-11-17,Winter,Business,0,Bus-1,BUSINESS FLY,Business — BUSINESS FLY,0.00 USD,4879.64,USD,Ubfly,BF-882e1199eb4449c68757fde35f34ccfa,Internet Package; Priority Check-In,Included,Included,Included,Unknown,Included,Included,Included,Paid,Paid,Unknown,Unknown,Unknown,Unknown,Unknown,Unknown,Unknown,,,,2026-07-28T05:48:37+00:00,success,0
TK,ATH,SIN,ATH,GR,SIN,SG,2026-11-14,2026-11-17,Winter,Business,1,Bus-2,BUSINESS PRIME,Business Premium,+170.77 USD,5050.41,USD,Ubfly,BL-b21d25e611f3406fa8f57ad992d21ce2,Internet Package; Priority Check-In,Included,Included,Included,Unknown,Included,Included,Included,Included,Included,Unknown,Unknown,Paid,Unknown,Unknown,Unknown,Unknown,Yes,30.0,,2026-07-28T05:48:37+00:00,success,0
EY,ATH,SIN,ATH,GR,SIN,SG,2027-05-08,2027-05-11,Summer,Economy,0,Eco-1,Economy Basic,Economy Basic,0 USD,1095.73,USD,Enuygun,bff_0,,Included,Not Included,Unknown,Included,Unknown,Unknown,Unknown,Not Included,Included,Unknown,Unknown,Unknown,Unknown,Unknown,Unknown,Unknown,Yes,5.0,,2026-07-28T05:48:37+00:00,success,0
EY,ATH,SIN,ATH,GR,SIN,SG,2027-05-08,2027-05-11,Summer,Economy,1,Eco-2,Economy Value,Economy Basic,+46.55 USD,1142.28,USD,Enuygun,bff_1,,Included,Included,Unknown,Included,Unknown,Unknown,Unknown,Not Included,Paid,Unknown,Unknown,Unknown,Unknown,Unknown,Unknown,Unknown,Yes,35.0,,2026-07-28T05:48:37+00:00,success,0
EY,ATH,SIN,ATH,GR,SIN,SG,2027-05-08,2027-05-11,Summer,Economy,2,Eco-3,Economy Comfort,Economy Comfort,+131.95 USD,1227.68,USD,Enuygun,bff_2,,Included,Included,Included,Included,Unknown,Unknown,Unknown,Paid,Paid,Unknown,Unknown,Unknown,Unknown,Unknown,Unknown,Unknown,Yes,75.0,,2026-07-28T05:48:37+00:00,success,0
EY,ATH,SIN,ATH,GR,SIN,SG,2027-05-08,2027-05-11,Summer,Economy,3,Eco-4,Economy Deluxe,Economy — Economy Deluxe,+220.88 USD,1316.61,USD,Enuygun,bff_3,priority_check_in: Öncelikli Check-in,Included,Included,Included,Included,Unknown,Unknown,Unknown,Included,Included,Unknown,Unknown,Unknown,Unknown,Unknown,Unknown,Unknown,Yes,,,2026-07-28T05:48:37+00:00,success,0
EY,ATH,SIN,ATH,GR,SIN,SG,2027-05-08,2027-05-11,Summer,Business,0,Bus-1,Business Value,Business Basic,0 USD,3607.33,USD,Enuygun,bff_0,priority_check_in: Öncelikli Check-in,Included,Included,Unknown,Included,Unknown,Unknown,Unknown,Not Included,Paid,Unknown,Unknown,Unknown,Unknown,Unknown,Unknown,Unknown,Yes,100.0,,2026-07-28T05:48:37+00:00,success,0
EY,ATH,SIN,ATH,GR,SIN,SG,2027-05-08,2027-05-11,Summer,Business,1,Bus-2,Business Comfort,Business Comfort,+164.36 USD,3771.69,USD,Enuygun,bff_1,priority_check_in: Öncelikli Check-in,Included,Included,Included,Included,Included,Unknown,Unknown,Paid,Paid,Unknown,Unknown,Unknown,Unknown,Unknown,Unknown,Unknown,Yes,,,2026-07-28T05:48:37+00:00,success,0
EY,ATH,SIN,ATH,GR,SIN,SG,2027-05-08,2027-05-11,Summer,Business,2,Bus-3,Business Deluxe,Business — Business Deluxe,+432.61 USD,4039.95,USD,Enuygun,bff_2,priority_check_in: Öncelikli Check-in,Included,Included,Included,Included,Included,Unknown,Unknown,Included,Included,Unknown,Unknown,Unknown,Unknown,Unknown,Unknown,Unknown,Yes,,,2026-07-28T05:48:37+00:00,success,0
EY,ATH,SIN,ATH,GR,SIN,SG,2026-11-14,2026-11-17,Winter,Economy,0,Eco-1,Economy Basic,Economy Basic,0 USD,822.75,USD,Enuygun,bff_0,,Included,Not Included,Unknown,Included,Unknown,Unknown,Unknown,Not Included,Included,Unknown,Unknown,Unknown,Unknown,Unknown,Unknown,Unknown,Yes,5.0,,2026-07-28T05:48:37+00:00,success,0
EY,ATH,SIN,ATH,GR,SIN,SG,2026-11-14,2026-11-17,Winter,Economy,1,Eco-2,Economy Value,Economy Basic,+22.6 USD,845.35,USD,Enuygun,bff_1,,Included,Included,Unknown,Included,Unknown,Unknown,Unknown,Not Included,Paid,Unknown,Unknown,Unknown,Unknown,Unknown,Unknown,Unknown,Yes,35.0,,2026-07-28T05:48:37+00:00,success,0
EY,ATH,SIN,ATH,GR,SIN,SG,2026-11-14,2026-11-17,Winter,Economy,2,Eco-3,Economy Comfort,Economy Comfort,+72.31 USD,895.06,USD,Enuygun,bff_2,,Included,Included,Included,Included,Unknown,Unknown,Unknown,Paid,Paid,Unknown,Unknown,Unknown,Unknown,Unknown,Unknown,Unknown,Yes,75.0,,2026-07-28T05:48:37+00:00,success,0
EY,ATH,SIN,ATH,GR,SIN,SG,2026-11-14,2026-11-17,Winter,Economy,3,Eco-4,Economy Deluxe,Economy — Economy Deluxe,+146.56 USD,969.31,USD,Enuygun,bff_3,priority_check_in: Öncelikli Check-in,Included,Included,Included,Included,Unknown,Unknown,Unknown,Included,Included,Unknown,Unknown,Unknown,Unknown,Unknown,Unknown,Unknown,Yes,,,2026-07-28T05:48:37+00:00,success,0
EY,ATH,SIN,ATH,GR,SIN,SG,2026-11-14,2026-11-17,Winter,Business,0,Bus-1,Business Value,Business Basic,0 USD,2710.83,USD,Enuygun,bff_0,priority_check_in: Öncelikli Check-in,Included,Included,Unknown,Included,Unknown,Unknown,Unknown,Not Included,Paid,Unknown,Unknown,Unknown,Unknown,Unknown,Unknown,Unknown,Yes,100.0,,2026-07-28T05:48:37+00:00,success,0
EY,ATH,SIN,ATH,GR,SIN,SG,2026-11-14,2026-11-17,Winter,Business,1,Bus-2,Business Comfort,Business Comfort,+149.76 USD,2860.6,USD,Enuygun,bff_1,priority_check_in: Öncelikli Check-in,Included,Included,Included,Included,Included,Unknown,Unknown,Paid,Paid,Unknown,Unknown,Unknown,Unknown,Unknown,Unknown,Unknown,Yes,,,2026-07-28T05:48:37+00:00,success,0
EY,ATH,SIN,ATH,GR,SIN,SG,2026-11-14,2026-11-17,Winter,Business,2,Bus-3,Business Deluxe,Business — Business Deluxe,+389.39 USD,3100.22,USD,Enuygun,bff_2,priority_check_in: Öncelikli Check-in,Included,Included,Included,Included,Included,Unknown,Unknown,Included,Included,Unknown,Unknown,Unknown,Unknown,Unknown,Unknown,Unknown,Yes,,,2026-07-28T05:48:37+00:00,success,0
SQ,FCO,SIN,ROM,IT,SIN,SG,2026-10-01,2026-10-04,Summer,Economy,0,Eco-1,Basic,Economy Basic,0.00 USD,1818.56,USD,Ubfly,YCLFLEXI,,Included,Included,Unknown,Unknown,Unknown,Unknown,Unknown,Unknown,Unknown,Unknown,Unknown,Unknown,Unknown,Unknown,Unknown,Unknown,,,,2026-07-28T05:48:37+00:00,partial,0
SQ,FCO,SIN,ROM,IT,SIN,SG,2026-11-22,2026-11-25,Winter,Economy,0,Eco-1,Basic,Economy Basic,0.00 USD,828.1,USD,Ubfly,YCLVALUE,,Included,Included,Unknown,Unknown,Unknown,Unknown,Unknown,Unknown,Unknown,Unknown,Unknown,Unknown,Unknown,Unknown,Unknown,Unknown,,,,2026-07-28T05:48:37+00:00,partial,0
EK,FCO,SIN,ROM,IT,SIN,SG,2026-09-30,2026-10-03,Summer,Economy,0,Eco-1,ECOFLEX,Economy Flex,0.00 USD,893.99,USD,Ubfly,ECOFLEX-ECOFLEX,Soft drink; In-flight entertainment,Included,Included,Unknown,Included,Unknown,Unknown,Unknown,Paid,Paid,Unknown,Unknown,Unknown,Unknown,Unknown,Unknown,Unknown,Yes,70.0,,2026-07-28T05:48:37+00:00,success,0
EK,FCO,SIN,ROM,IT,SIN,SG,2026-09-30,2026-10-03,Summer,Economy,1,Eco-2,ECOFLXPLUS,Economy Comfort,+276.64 USD,1170.63,USD,Ubfly,ECOFLXPLUS-ECOFLXPLUS,Soft drink; In-flight entertainment; Uninterrupted return (up to the last 12 hours); Change with Penalty,Included,Included,Unknown,Included,Unknown,Unknown,Unknown,Unknown,Unknown,Unknown,Unknown,Unknown,Unknown,Unknown,Unknown,Unknown,Yes,100.0,,2026-07-28T05:48:37+00:00,success,0
EK,FCO,SIN,ROM,IT,SIN,SG,2026-09-30,2026-10-03,Summer,Economy,2,Eco-3,PYFLXPLUS,Economy Comfort,"+1,308.07 USD",2202.06,USD,Ubfly,PYFLXPLUS-PYFLXPLUS,Soft drink; In-flight entertainment; Uninterrupted return (up to the last 12 hours); Change with Penalty,Included,Included,Included,Included,Unknown,Unknown,Unknown,Unknown,Unknown,Unknown,Unknown,Unknown,Unknown,Unknown,Unknown,Unknown,Yes,,,2026-07-28T05:48:37+00:00,success,0
EK,FCO,SIN,ROM,IT,SIN,SG,2026-09-30,2026-10-03,Summer,Business,0,Bus-1,BSFLEX,Business Flex,0.00 USD,3206.19,USD,Ubfly,BSFLEX-BSFLEX,Soft drink; Internet Access; Premium check-in; In-flight entertainment; Chauffeur Drive,Included,Included,Included,Included,Included,Included,Included,Paid,Paid,Unknown,Unknown,Unknown,Unknown,Unknown,Unknown,Unknown,Yes,175.0,,2026-07-28T05:48:37+00:00,success,0
EK,FCO,SIN,ROM,IT,SIN,SG,2026-09-30,2026-10-03,Summer,Business,1,Bus-2,BSFLXPLUS,Business Comfort,+898.25 USD,4104.44,USD,Ubfly,BSFLXPLUS-BSFLXPLUS,Premium check-in; Soft drink; In-flight entertainment; Chauffeur Drive; Internet Access; Uninterrupted return (up to the last 12 hours); Change with Penalty,Included,Included,Included,Included,Included,Included,Included,Included,Included,Unknown,Unknown,Unknown,Unknown,Unknown,Unknown,Unknown,Yes,190.0,,2026-07-28T05:48:37+00:00,success,0
EK,FCO,SIN,ROM,IT,SIN,SG,2026-11-22,2026-11-25,Winter,Economy,0,Eco-1,ECOFLEX,Economy Flex,0.00 USD,715.24,USD,Ubfly,ECOFLEX-ECOFLEX,Soft drink; In-flight entertainment,Included,Included,Unknown,Included,Unknown,Unknown,Unknown,Unknown,Unknown,Unknown,Unknown,Unknown,Unknown,Unknown,Unknown,Unknown,Yes,70.0,,2026-07-28T05:48:37+00:00,success,0
EK,FCO,SIN,ROM,IT,SIN,SG,2026-11-22,2026-11-25,Winter,Economy,1,Eco-2,ECOFLXPLUS,Economy Comfort,+455.39 USD,1170.63,USD,Ubfly,ECOFLXPLUS-ECOFLXPLUS,Soft drink; In-flight entertainment; Uninterrupted return (up to the last 12 hours); Change with Penalty,Included,Included,Unknown,Included,Unknown,Unknown,Unknown,Unknown,Unknown,Unknown,Unknown,Unknown,Unknown,Unknown,Unknown,Unknown,Yes,100.0,,2026-07-28T05:48:37+00:00,success,0
EK,FCO,SIN,ROM,IT,SIN,SG,2026-11-22,2026-11-25,Winter,Economy,2,Eco-3,PYFLXPLUS,Economy Comfort,"+1,024.62 USD",1739.86,USD,Ubfly,PYFLXPLUS-PYFLXPLUS,Soft drink; In-flight entertainment; Uninterrupted return (up to the last 12 hours); Change with Penalty,Included,Included,Included,Included,Unknown,Unknown,Unknown,Unknown,Unknown,Unknown,Unknown,Unknown,Unknown,Unknown,Unknown,Unknown,Yes,,,2026-07-28T05:48:37+00:00,success,0
EK,FCO,SIN,ROM,IT,SIN,SG,2026-11-22,2026-11-25,Winter,Business,0,Bus-1,BSFLEX,Business Flex,0.00 USD,4106.75,USD,Ubfly,BSFLEX-BSFLEX-BSFLEX,Soft drink; Internet Access; Premium check-in; In-flight entertainment; Chauffeur Drive,Included,Included,Included,Included,Included,Included,Included,Paid,Paid,Unknown,Unknown,Unknown,Unknown,Unknown,Unknown,Unknown,Yes,175.0,,2026-07-28T05:48:37+00:00,success,0
EK,FCO,SIN,ROM,IT,SIN,SG,2026-11-22,2026-11-25,Winter,Business,1,Bus-2,BSFLXPLUS,Business Comfort,+899.39 USD,5006.14,USD,Ubfly,BSFLXPLUS-BSFLXPLUS-BSFLXPLUS,Premium check-in; Soft drink; In-flight entertainment; Chauffeur Drive; Internet Access; Uninterrupted return (up to the last 12 hours); Change with Penalty,Included,Included,Included,Included,Included,Included,Included,Included,Included,Unknown,Unknown,Unknown,Unknown,Unknown,Unknown,Unknown,Yes,190.0,,2026-07-28T05:48:37+00:00,success,0
EY,FCO,SIN,ROM,IT,SIN,SG,2026-09-30,2026-10-03,Summer,Economy,0,Eco-1,ECONOMY BASIC,Economy Basic,0 USD,1038.17,USD,Enuygun,bff_0,,Included,Not Included,Unknown,Included,Unknown,Unknown,Unknown,Not Included,Included,Unknown,Unknown,Unknown,Unknown,Unknown,Unknown,Unknown,Yes,5.0,,2026-07-28T05:48:37+00:00,success,0
EY,FCO,SIN,ROM,IT,SIN,SG,2026-09-30,2026-10-03,Summer,Economy,1,Eco-2,ECONOMY VALUE,Economy Basic,+29.97 USD,1068.14,USD,Enuygun,bff_1,,Included,Included,Unknown,Included,Unknown,Unknown,Unknown,Not Included,Paid,Unknown,Unknown,Unknown,Unknown,Unknown,Unknown,Unknown,Yes,35.0,,2026-07-28T05:48:37+00:00,success,0
EY,FCO,SIN,ROM,IT,SIN,SG,2026-09-30,2026-10-03,Summer,Economy,2,Eco-3,ECONOMY COMFORT,Economy Comfort,+112.78 USD,1150.95,USD,Enuygun,bff_2,,Included,Included,Included,Included,Unknown,Unknown,Unknown,Paid,Paid,Unknown,Unknown,Unknown,Unknown,Unknown,Unknown,Unknown,Yes,75.0,,2026-07-28T05:48:37+00:00,success,0
EY,FCO,SIN,ROM,IT,SIN,SG,2026-09-30,2026-10-03,Summer,Economy,3,Eco-4,ECONOMY DELUXE,Economy — ECONOMY DELUXE,+230.19 USD,1268.36,USD,Enuygun,bff_3,,Included,Included,Included,Included,Unknown,Unknown,Unknown,Included,Included,Unknown,Unknown,Unknown,Unknown,Unknown,Unknown,Unknown,Yes,,,2026-07-28T05:48:37+00:00,success,0
EY,FCO,SIN,ROM,IT,SIN,SG,2026-09-30,2026-10-03,Summer,Business,0,Bus-1,BUSINESS VALUE,Business Basic,0 USD,7172.79,USD,Enuygun,bff_0,,Included,Included,Unknown,Included,Unknown,Unknown,Unknown,Not Included,Paid,Unknown,Unknown,Unknown,Unknown,Unknown,Unknown,Unknown,,,,2026-07-28T05:48:37+00:00,success,0
EY,FCO,SIN,ROM,IT,SIN,SG,2026-09-30,2026-10-03,Summer,Business,1,Bus-2,BUSINESS COMFORT,Business Comfort,+217.32 USD,7390.11,USD,Enuygun,bff_1,,Included,Included,Unknown,Included,Unknown,Unknown,Unknown,Paid,Paid,Unknown,Unknown,Unknown,Unknown,Unknown,Unknown,Unknown,,,,2026-07-28T05:48:37+00:00,success,0
EY,FCO,SIN,ROM,IT,SIN,SG,2026-09-30,2026-10-03,Summer,Business,2,Bus-3,BUSINESS DELUXE,Business — BUSINESS DELUXE,+532.03 USD,7704.83,USD,Enuygun,bff_2,,Included,Included,Unknown,Included,Unknown,Unknown,Unknown,Included,Included,Unknown,Unknown,Unknown,Unknown,Unknown,Unknown,Unknown,,,,2026-07-28T05:48:37+00:00,success,0
EY,FCO,SIN,ROM,IT,SIN,SG,2026-11-22,2026-11-25,Winter,Economy,0,Eco-1,YBASIC,Economy Basic,0.00 USD,435.35,USD,Ubfly,YBASIC-YBASIC,,Included,Not Included,Unknown,Included,Unknown,Unknown,Unknown,Not Included,Included,Unknown,Unknown,Unknown,Unknown,Unknown,Unknown,Unknown,Yes,5.0,,2026-07-28T05:48:37+00:00,success,0
EY,FCO,SIN,ROM,IT,SIN,SG,2026-11-22,2026-11-25,Winter,Economy,1,Eco-2,YVALUE,Economy Basic,+25.06 USD,460.41,USD,Ubfly,YVALUE-YVALUE,,Included,Included,Unknown,Included,Unknown,Unknown,Unknown,Not Included,Paid,Unknown,Unknown,Unknown,Unknown,Unknown,Unknown,Unknown,Yes,35.0,,2026-07-28T05:48:37+00:00,success,0
EY,FCO,SIN,ROM,IT,SIN,SG,2026-11-22,2026-11-25,Winter,Economy,2,Eco-3,YCOMFORT,Economy Comfort,+64.89 USD,500.24,USD,Ubfly,YCOMFORT-YCOMFORT,,Included,Included,Included,Included,Unknown,Unknown,Unknown,Paid,Paid,Unknown,Unknown,Unknown,Unknown,Unknown,Unknown,Unknown,Yes,75.0,,2026-07-28T05:48:37+00:00,success,0
EY,FCO,SIN,ROM,IT,SIN,SG,2026-11-22,2026-11-25,Winter,Economy,3,Eco-4,YDELUXE,Economy — YDELUXE,+141.17 USD,576.52,USD,Ubfly,YDELUXE-YDELUXE,Change with Penalty; Uninterrupted return (up to the last 12 hours); Priority Access,Included,Included,Included,Included,Unknown,Unknown,Unknown,Included,Included,Unknown,Unknown,Unknown,Unknown,Unknown,Unknown,Unknown,Yes,,,2026-07-28T05:48:37+00:00,success,0
EY,FCO,SIN,ROM,IT,SIN,SG,2026-11-22,2026-11-25,Winter,Business,0,Bus-1,JVALUE,Business Basic,0.00 USD,2864.11,USD,Ubfly,JVALUE-JVALUE,Priority Access,Included,Included,Unknown,Included,Unknown,Unknown,Unknown,Not Included,Paid,Unknown,Unknown,Unknown,Unknown,Unknown,Unknown,Unknown,Yes,100.0,,2026-07-28T05:48:37+00:00,success,0
EY,FCO,SIN,ROM,IT,SIN,SG,2026-11-22,2026-11-25,Winter,Business,1,Bus-2,JCOMFORT,Business Comfort,+160.53 USD,3024.64,USD,Ubfly,JCOMFORT-JCOMFORT,Priority Access; ETIHAD UAE CHAUFFEUR(F),Included,Included,Included,Included,Included,Unknown,Unknown,Paid,Paid,Unknown,Unknown,Unknown,Unknown,Unknown,Unknown,Unknown,Yes,,,2026-07-28T05:48:37+00:00,success,0
EY,FCO,SIN,ROM,IT,SIN,SG,2026-11-22,2026-11-25,Winter,Business,2,Bus-3,JDELUXE,Business — JDELUXE,+442.86 USD,3306.97,USD,Ubfly,JDELUXE-JDELUXE,Change with Penalty; Uninterrupted return (up to the last 12 hours); Priority Access; ETIHAD UAE CHAUFFEUR(F); ETIHAD GLOBAL CHAUFFEUR(F),Included,Included,Included,Included,Included,Unknown,Unknown,Included,Included,Unknown,Unknown,Unknown,Unknown,Unknown,Unknown,Unknown,Yes,,,2026-07-28T05:48:37+00:00,success,0
QR,FCO,SIN,ROM,IT,SIN,SG,2026-09-30,2026-10-03,Summer,Economy,0,Eco-1,ECONOMY CLASSIC,Economy Standard,0 USD,801.12,USD,Enuygun,bff_0,,Included,Included,Unknown,Unknown,Unknown,Unknown,Unknown,Paid,Paid,Unknown,Unknown,Unknown,Unknown,Unknown,Unknown,Unknown,,,,2026-07-28T05:48:37+00:00,success,0
QR,FCO,SIN,ROM,IT,SIN,SG,2026-09-30,2026-10-03,Summer,Economy,1,Eco-2,ECONOMY CONVENIENCE,Economy — ECONOMY CONVENIENCE,+54.96 USD,856.07,USD,Enuygun,bff_1,,Included,Included,Included,Included,Unknown,Unknown,Unknown,Paid,Paid,Unknown,Unknown,Unknown,Unknown,Unknown,Unknown,Unknown,Yes,75.0,,2026-07-28T05:48:37+00:00,success,0
QR,FCO,SIN,ROM,IT,SIN,SG,2026-09-30,2026-10-03,Summer,Economy,2,Eco-3,ECONOMY COMFORT,Economy Comfort,+658.18 USD,1459.29,USD,Enuygun,bff_2,,Included,Included,Included,Included,Unknown,Unknown,Unknown,Paid,Paid,Unknown,Unknown,Unknown,Unknown,Unknown,Unknown,Unknown,Yes,100.0,,2026-07-28T05:48:37+00:00,success,0
QR,FCO,SIN,ROM,IT,SIN,SG,2026-09-30,2026-10-03,Summer,Business,0,Bus-1,BUSINESS COMFORT,Business Comfort,0.00 USD,3085.41,USD,Ubfly,BCOMFORT-BCOMFORT-BCOMFORT,175 PCT QMILES ACCUMULATION(F),Included,Included,Included,Included,Included,Unknown,Unknown,Paid,Paid,Unknown,Unknown,Unknown,Unknown,Unknown,Unknown,Unknown,,,,2026-07-28T05:48:37+00:00,success,0
QR,FCO,SIN,ROM,IT,SIN,SG,2026-09-30,2026-10-03,Summer,Business,1,Bus-2,BUSINESS ELITE,Business Lite,+710.42 USD,3795.83,USD,Ubfly,BELITE-BELITE-BELITE,200 PCT QMILES ACCUMULATION(F); Uninterrupted return (up to the last 12 hours); Change with Penalty,Included,Included,Included,Included,Included,Unknown,Unknown,Paid,Paid,Unknown,Unknown,Unknown,Unknown,Unknown,Unknown,Unknown,,,,2026-07-28T05:48:37+00:00,success,0
QR,FCO,SIN,ROM,IT,SIN,SG,2026-11-22,2026-11-25,Winter,Economy,0,Eco-1,ECONOMY CLASSIC,Economy Standard,0.00 USD,785.53,USD,Ubfly,ECLASSIC-ECLASSIC-ECLASSIC,,Included,Included,Unknown,Included,Unknown,Unknown,Unknown,Paid,Paid,Unknown,Unknown,Unknown,Unknown,Unknown,Unknown,Unknown,Yes,50.0,,2026-07-28T05:48:37+00:00,success,0
QR,FCO,SIN,ROM,IT,SIN,SG,2026-11-22,2026-11-25,Winter,Economy,1,Eco-2,ECONOMY CONVENIENCE,Economy — ECONOMY CONVENIENCE,+53.51 USD,839.04,USD,Ubfly,ECONVENIEN-ECONVENIEN-ECONVENIEN,,Included,Included,Included,Included,Unknown,Unknown,Unknown,Paid,Paid,Unknown,Unknown,Unknown,Unknown,Unknown,Unknown,Unknown,Yes,75.0,,2026-07-28T05:48:37+00:00,success,0
QR,FCO,SIN,ROM,IT,SIN,SG,2026-11-22,2026-11-25,Winter,Economy,2,Eco-3,ECONOMY COMFORT,Economy Comfort,+491.81 USD,1277.34,USD,Ubfly,ECOMFORT-ECOMFORT-ECOMFORT,Uninterrupted return (up to the last 12 hours); Change with Penalty,Included,Included,Included,Included,Unknown,Unknown,Unknown,Paid,Paid,Unknown,Unknown,Unknown,Unknown,Unknown,Unknown,Unknown,Yes,100.0,,2026-07-28T05:48:37+00:00,success,0
QR,FCO,SIN,ROM,IT,SIN,SG,2026-11-22,2026-11-25,Winter,Business,0,Bus-1,BUSINESS COMFORT,Business Comfort,0.00 USD,3184.46,USD,Ubfly,BCOMFORT-BCOMFORT-BCOMFORT,175 PCT QMILES ACCUMULATION(F),Included,Included,Included,Included,Included,Unknown,Unknown,Paid,Paid,Unknown,Unknown,Unknown,Unknown,Unknown,Unknown,Unknown,,,,2026-07-28T05:48:37+00:00,success,0
QR,FCO,SIN,ROM,IT,SIN,SG,2026-11-22,2026-11-25,Winter,Business,1,Bus-2,BUSINESS ELITE,Business Lite,+710.40 USD,3894.86,USD,Ubfly,BELITE-BELITE-BELITE,200 PCT QMILES ACCUMULATION(F); Uninterrupted return (up to the last 12 hours); Change with Penalty,Included,Included,Included,Included,Included,Unknown,Unknown,Included,Included,Unknown,Unknown,Unknown,Unknown,Unknown,Unknown,Unknown,,,,2026-07-28T05:48:37+00:00,success,0
TK,SJJ,KUL,SJJ,BA,KUL,MY,2027-05-20,2027-05-23,Summer,Economy,0,Eco-1,ECOFLY,Economy Basic,0 USD,2575.08,USD,Enuygun,bff_0,,Included,Included,Unknown,Included,Unknown,Unknown,Unknown,Not Included,Paid,Unknown,Unknown,Unknown,Unknown,Unknown,Unknown,Unknown,,,,2026-07-28T05:48:37+00:00,success,0
TK,SJJ,KUL,SJJ,BA,KUL,MY,2027-05-20,2027-05-23,Summer,Economy,1,Eco-2,EXTRAFLY,Economy Standard,+22.69 USD,2597.77,USD,Enuygun,bff_1,,Included,Included,Unknown,Included,Unknown,Unknown,Unknown,Paid,Paid,Unknown,Unknown,Unknown,Unknown,Unknown,Unknown,Unknown,,,,2026-07-28T05:48:37+00:00,success,0
TK,SJJ,KUL,SJJ,BA,KUL,MY,2027-05-20,2027-05-23,Summer,Economy,2,Eco-3,FLEXFLY,Economy Flex,+56.76 USD,2631.83,USD,Enuygun,bff_2,,Included,Included,Included,Included,Unknown,Unknown,Unknown,Paid,Included,Unknown,Unknown,Unknown,Unknown,Unknown,Unknown,Unknown,Yes,15.0,,2026-07-28T05:48:37+00:00,success,0
TK,SJJ,KUL,SJJ,BA,KUL,MY,2027-05-20,2027-05-23,Summer,Economy,3,Eco-4,PRIMEFLY,Economy Premium,+113.53 USD,2688.61,USD,Enuygun,bff_3,,Included,Included,Included,Included,Unknown,Unknown,Included,Included,Included,Unknown,Unknown,Paid,Unknown,Unknown,Unknown,Unknown,Yes,30.0,,2026-07-28T05:48:37+00:00,success,0
TK,SJJ,KUL,SJJ,BA,KUL,MY,2027-05-20,2027-05-23,Summer,Business,0,Bus-1,Business Fly,Business — Business Fly,0 USD,4889.88,USD,Enuygun,bff_0,priority_check_in: Öncelikli Check-in,Included,Included,Included,Included,Included,Included,Included,Paid,Paid,Unknown,Unknown,Unknown,Unknown,Unknown,Unknown,Unknown,,,,2026-07-28T05:48:37+00:00,success,0
TK,SJJ,KUL,SJJ,BA,KUL,MY,2027-05-20,2027-05-23,Summer,Business,1,Bus-2,Business Prime,Business Premium,+113.53 USD,5003.42,USD,Enuygun,bff_1,priority_check_in: Öncelikli Check-in,Included,Included,Included,Included,Included,Included,Included,Included,Included,Unknown,Unknown,Paid,Unknown,Unknown,Unknown,Unknown,Yes,30.0,,2026-07-28T05:48:37+00:00,success,0
TK,SJJ,KUL,SJJ,BA,KUL,MY,2027-01-01,2027-01-04,Winter,Economy,0,Eco-1,Ecofly,Economy Basic,0 USD,2087.11,USD,Enuygun,bff_0,,Included,Included,Unknown,Included,Unknown,Unknown,Unknown,Included,Paid,Unknown,Unknown,Unknown,Unknown,Unknown,Unknown,Unknown,,,,2026-07-28T05:48:37+00:00,success,0
TK,SJJ,KUL,SJJ,BA,KUL,MY,2027-01-01,2027-01-04,Winter,Economy,1,Eco-2,Extrafly,Economy Standard,+22.71 USD,2109.82,USD,Enuygun,bff_1,,Included,Included,Unknown,Included,Unknown,Unknown,Unknown,Not Included,Paid,Unknown,Unknown,Unknown,Unknown,Unknown,Unknown,Unknown,,,,2026-07-28T05:48:37+00:00,success,0
TK,SJJ,KUL,SJJ,BA,KUL,MY,2027-01-01,2027-01-04,Winter,Economy,2,Eco-3,Flexfly,Economy Flex,+56.76 USD,2143.87,USD,Enuygun,bff_2,,Included,Included,Included,Included,Unknown,Unknown,Unknown,Paid,Included,Unknown,Unknown,Unknown,Unknown,Unknown,Unknown,Unknown,Yes,15.0,,2026-07-28T05:48:37+00:00,success,0
TK,SJJ,KUL,SJJ,BA,KUL,MY,2027-01-01,2027-01-04,Winter,Economy,3,Eco-4,Primefly,Economy Premium,+113.53 USD,2200.65,USD,Enuygun,bff_3,,Included,Included,Included,Included,Unknown,Unknown,Included,Included,Included,Unknown,Unknown,Paid,Unknown,Unknown,Unknown,Unknown,Yes,30.0,,2026-07-28T05:48:37+00:00,success,0
TK,SJJ,KUL,SJJ,BA,KUL,MY,2027-01-01,2027-01-04,Winter,Business,0,Bus-1,Business Fly,Business — Business Fly,0 USD,8283.8,USD,Enuygun,bff_0,priority_check_in: Öncelikli Check-in,Included,Included,Included,Unknown,Included,Included,Included,Paid,Paid,Unknown,Unknown,Unknown,Unknown,Unknown,Unknown,Unknown,,,,2026-07-28T05:48:37+00:00,success,0
TK,SJJ,KUL,SJJ,BA,KUL,MY,2027-01-01,2027-01-04,Winter,Business,1,Bus-2,Business Prime,Business Premium,+124.89 USD,8408.69,USD,Enuygun,bff_1,priority_check_in: Öncelikli Check-in,Included,Included,Included,Unknown,Included,Included,Included,Included,Included,Unknown,Unknown,Paid,Unknown,Unknown,Unknown,Unknown,Yes,30.0,,2026-07-28T05:48:37+00:00,success,0
EK,SJJ,KUL,SJJ,BA,KUL,MY,2027-05-21,2027-05-24,Summer,Business,0,Bus-1,Business Flex,Business Flex,0 USD,3692.33,USD,Enuygun,bff_0,priority_check_in: Öncelikli Check-in; entertainment: Uçak İçi Eğlence,Included,Included,Unknown,Included,Included,Unknown,Unknown,Paid,Paid,Unknown,Unknown,Unknown,Unknown,Unknown,Unknown,Unknown,,,,2026-07-28T05:48:37+00:00,partial,0
EK,SJJ,KUL,SJJ,BA,KUL,MY,2027-05-21,2027-05-24,Summer,Business,1,Bus-2,Business Flex Plus,Business Comfort,+1006.3 USD,4698.63,USD,Enuygun,bff_1,priority_check_in: Öncelikli Check-in; entertainment: Uçak İçi Eğlence,Included,Included,Unknown,Included,Included,Unknown,Unknown,Included,Included,Unknown,Unknown,Unknown,Unknown,Unknown,Unknown,Unknown,,,,2026-07-28T05:48:37+00:00,partial,0
EK,SJJ,KUL,SJJ,BA,KUL,MY,2026-12-31,2027-01-03,Winter,Economy,0,Eco-1,Economy Flex,Economy Flex,0 USD,1399.9,USD,Enuygun,bff_0,entertainment: Uçak İçi Eğlence,Included,Included,Unknown,Included,Unknown,Unknown,Unknown,Paid,Paid,Unknown,Unknown,Unknown,Unknown,Unknown,Unknown,Unknown,,,,2026-07-28T05:48:37+00:00,partial,0
EK,SJJ,KUL,SJJ,BA,KUL,MY,2026-12-31,2027-01-03,Winter,Economy,1,Eco-2,Economy Flex Plus,Economy Comfort,+1235.27 USD,2635.17,USD,Enuygun,bff_1,entertainment: Uçak İçi Eğlence,Included,Included,Unknown,Included,Unknown,Unknown,Unknown,Included,Included,Unknown,Unknown,Unknown,Unknown,Unknown,Unknown,Unknown,,,,2026-07-28T05:48:37+00:00,partial,0
EK,SJJ,KUL,SJJ,BA,KUL,MY,2026-12-31,2027-01-03,Winter,Business,0,Bus-1,Business Flex,Business Flex,0 USD,3692.33,USD,Enuygun,bff_0,priority_check_in: Öncelikli Check-in; entertainment: Uçak İçi Eğlence,Included,Included,Unknown,Included,Included,Unknown,Unknown,Paid,Paid,Unknown,Unknown,Unknown,Unknown,Unknown,Unknown,Unknown,,,,2026-07-28T05:48:37+00:00,partial,0
EK,SJJ,KUL,SJJ,BA,KUL,MY,2026-12-31,2027-01-03,Winter,Business,1,Bus-2,Business Flex Plus,Business Comfort,+1006.3 USD,4698.63,USD,Enuygun,bff_1,priority_check_in: Öncelikli Check-in; entertainment: Uçak İçi Eğlence,Included,Included,Unknown,Included,Included,Unknown,Unknown,Included,Included,Unknown,Unknown,Unknown,Unknown,Unknown,Unknown,Unknown,,,,2026-07-28T05:48:37+00:00,partial,0
