Carrier,Origin,Destination,Origin City Code,Origin Country Code,Dest City Code,Dest Country Code,Departure Date,Return Date,Season,Cabin,Brand Order,Tier Code,Raw Brand Name,Normalized Brand Name,Display Price,Calculated Absolute Price,Currency,Source,Fare Family Code,Brand Description,Cabin Baggage,Checked Baggage,Seat Selection,Meal,Lounge,Priority Boarding,Fast Track,Refund,Change,No-Show Refund,No-Show Change,Same Day Earlier Flight,WiFi,Extra Baggage,Sports Equipment,Pet,Mileage Available,Miles Earned,Bonus Percent,Scrape Timestamp,Status,Retry Count
AC,DEL,YYZ,DEL,IN,YTO,CA,2026-09-28,2026-10-01,Summer,Economy,0,Eco-1,Standard,Economy Standard,0 USD,1158.8,USD,Enuygun,bff_0,,Included,Included,Unknown,Included,Unknown,Unknown,Unknown,Not Included,Paid,Unknown,Unknown,Unknown,Unknown,Unknown,Unknown,Unknown,,,,2026-07-28T07:01:31+00:00,partial,0
AC,DEL,YYZ,DEL,IN,YTO,CA,2026-09-28,2026-10-01,Summer,Economy,1,Eco-2,Flex,Economy Flex,+58.7 USD,1217.5,USD,Enuygun,bff_1,,Included,Included,Included,Included,Unknown,Unknown,Unknown,Paid,Paid,Unknown,Unknown,Unknown,Unknown,Unknown,Unknown,Unknown,,,,2026-07-28T07:01:31+00:00,partial,0
AC,DEL,YYZ,DEL,IN,YTO,CA,2026-09-28,2026-10-01,Summer,Economy,2,Eco-3,Comfort,Economy Comfort,+197.52 USD,1356.32,USD,Enuygun,bff_2,,Included,Included,Included,Included,Unknown,Unknown,Unknown,Included,Included,Unknown,Unknown,Included,Unknown,Unknown,Unknown,Unknown,,,,2026-07-28T07:01:31+00:00,partial,0
AC,DEL,YYZ,DEL,IN,YTO,CA,2026-09-28,2026-10-01,Summer,Economy,3,Eco-4,Latitude,Economy — Latitude,+3455.06 USD,4613.87,USD,Enuygun,bff_3,priority_check_in: Öncelikli Check-in,Included,Included,Included,Included,Unknown,Unknown,Unknown,Included,Included,Unknown,Unknown,Included,Unknown,Unknown,Unknown,Unknown,,,,2026-07-28T07:01:31+00:00,partial,0
AC,DEL,YYZ,DEL,IN,YTO,CA,2026-09-28,2026-10-01,Summer,Premium Economy,0,PEco-1,PL,Premium Economy — PL,+882.14 USD,1793.05,USD,Ubfly,PL,Privileged check-in; POINT ACCRUAL(F),Included,Included,Included,Included,Unknown,Unknown,Unknown,Unknown,Unknown,Unknown,Unknown,Unknown,Unknown,Unknown,Unknown,Unknown,,,,2026-07-28T07:01:31+00:00,partial,0
AC,DEL,YYZ,DEL,IN,YTO,CA,2026-09-28,2026-10-01,Summer,Premium Economy,1,PEco-2,PRIME FLY,Premium Economy Premium,"+2,994.89 USD",3905.8,USD,Ubfly,PF,Change with Penalty; Uninterrupted return (up to the last 12 hours); Privileged check-in; POINT ACCRUAL(F),Included,Included,Included,Included,Unknown,Unknown,Unknown,Unknown,Unknown,Unknown,Unknown,Included,Unknown,Unknown,Unknown,Unknown,,,,2026-07-28T07:01:31+00:00,partial,0
AC,DEL,YYZ,DEL,IN,YTO,CA,2026-09-28,2026-10-01,Summer,Business,0,Bus-1,Business Class Standard,Business Standard,0 USD,9497.61,USD,Enuygun,bff_0,priority_check_in: Öncelikli Check-in,Included,Included,Unknown,Included,Included,Unknown,Unknown,Included,Included,Unknown,Unknown,Unknown,Unknown,Unknown,Unknown,Unknown,,,,2026-07-28T07:01:31+00:00,partial,0
AC,DEL,YYZ,DEL,IN,YTO,CA,2026-09-28,2026-10-01,Summer,Business,1,Bus-2,Business Class Latitude,Business — Business Latitude,+269.57 USD,9767.18,USD,Enuygun,bff_1,priority_check_in: Öncelikli Check-in,Included,Included,Unknown,Included,Included,Unknown,Unknown,Included,Included,Unknown,Unknown,Unknown,Unknown,Unknown,Unknown,Unknown,,,,2026-07-28T07:01:31+00:00,partial,0
AC,DEL,YYZ,DEL,IN,YTO,CA,2026-12-25,2026-12-28,Winter,Economy,0,Eco-1,Standard,Economy Standard,0 USD,1297.93,USD,Enuygun,bff_0,,Included,Included,Unknown,Included,Unknown,Unknown,Unknown,Not Included,Paid,Unknown,Unknown,Unknown,Unknown,Unknown,Unknown,Unknown,,,,2026-07-28T07:01:31+00:00,partial,0
AC,DEL,YYZ,DEL,IN,YTO,CA,2026-12-25,2026-12-28,Winter,Economy,1,Eco-2,Flex,Economy Flex,+58.85 USD,1356.78,USD,Enuygun,bff_1,,Included,Included,Included,Included,Unknown,Unknown,Unknown,Paid,Paid,Unknown,Unknown,Unknown,Unknown,Unknown,Unknown,Unknown,,,,2026-07-28T07:01:31+00:00,partial,0
AC,DEL,YYZ,DEL,IN,YTO,CA,2026-12-25,2026-12-28,Winter,Economy,2,Eco-3,Comfort,Economy Comfort,+196.97 USD,1494.9,USD,Enuygun,bff_2,,Included,Included,Included,Included,Unknown,Unknown,Unknown,Included,Included,Unknown,Unknown,Included,Unknown,Unknown,Unknown,Unknown,,,,2026-07-28T07:01:31+00:00,partial,0
AC,DEL,YYZ,DEL,IN,YTO,CA,2026-12-25,2026-12-28,Winter,Economy,3,Eco-4,Latitude,Economy — Latitude,+3244.71 USD,4542.64,USD,Enuygun,bff_3,priority_check_in: Öncelikli Check-in,Included,Included,Included,Included,Unknown,Unknown,Unknown,Included,Included,Unknown,Unknown,Included,Unknown,Unknown,Unknown,Unknown,,,,2026-07-28T07:01:31+00:00,partial,0
AC,DEL,YYZ,DEL,IN,YTO,CA,2026-12-25,2026-12-28,Winter,Premium Economy,0,PEco-1,PL,Premium Economy — PL,"+1,008.96 USD",1796.31,USD,Ubfly,PL-PL,Privileged check-in; POINT ACCRUAL(F),Included,Included,Included,Included,Unknown,Unknown,Unknown,Unknown,Unknown,Unknown,Unknown,Unknown,Unknown,Unknown,Unknown,Unknown,,,,2026-07-28T07:01:31+00:00,partial,0
AC,DEL,YYZ,DEL,IN,YTO,CA,2026-12-25,2026-12-28,Winter,Premium Economy,1,PEco-2,PRIME FLY,Premium Economy Premium,"+3,121.72 USD",3909.07,USD,Ubfly,PF-PF,Change with Penalty; Uninterrupted return (up to the last 12 hours); Privileged check-in; POINT ACCRUAL(F),Included,Included,Included,Included,Unknown,Unknown,Unknown,Unknown,Unknown,Unknown,Unknown,Included,Unknown,Unknown,Unknown,Unknown,,,,2026-07-28T07:01:31+00:00,partial,0
AC,DEL,YYZ,DEL,IN,YTO,CA,2026-12-25,2026-12-28,Winter,Business,0,Bus-1,Business Class Standard,Business Standard,0 USD,6870.55,USD,Enuygun,bff_0,priority_check_in: Öncelikli Check-in,Included,Included,Unknown,Included,Included,Unknown,Unknown,Included,Included,Unknown,Unknown,Unknown,Unknown,Unknown,Unknown,Unknown,,,,2026-07-28T07:01:31+00:00,partial,0
AC,DEL,YYZ,DEL,IN,YTO,CA,2026-12-25,2026-12-28,Winter,Business,1,Bus-2,Business Class Latitude,Business — Business Latitude,+269.57 USD,7140.12,USD,Enuygun,bff_1,priority_check_in: Öncelikli Check-in,Included,Included,Unknown,Included,Included,Unknown,Unknown,Included,Included,Unknown,Unknown,Unknown,Unknown,Unknown,Unknown,Unknown,,,,2026-07-28T07:01:31+00:00,partial,0
AI,DEL,YYZ,DEL,IN,YTO,CA,2026-09-28,2026-10-01,Summer,Economy,0,Eco-1,ECOVALU,Economy — ECOVALU,0.00 USD,908.99,USD,Ubfly,ECOVALU,,Included,Included,Included,Paid,Unknown,Unknown,Unknown,Not Included,Paid,Unknown,Unknown,Unknown,Unknown,Unknown,Unknown,Unknown,,,,2026-07-28T07:01:31+00:00,success,0
AI,DEL,YYZ,DEL,IN,YTO,CA,2026-09-28,2026-10-01,Summer,Economy,1,Eco-2,ECOCLAS,Economy — ECOCLAS,+83.84 USD,992.83,USD,Ubfly,ECOCLAS,,Included,Included,Included,Paid,Unknown,Unknown,Unknown,Paid,Paid,Unknown,Unknown,Unknown,Unknown,Unknown,Unknown,Unknown,,,,2026-07-28T07:01:31+00:00,success,0
AI,DEL,YYZ,DEL,IN,YTO,CA,2026-09-28,2026-10-01,Summer,Economy,2,Eco-3,ECOFLX,Economy — ECOFLX,+219.80 USD,1128.79,USD,Ubfly,ECOFLX,Change with Penalty,Included,Included,Included,Paid,Unknown,Unknown,Unknown,Paid,Included,Unknown,Unknown,Unknown,Unknown,Unknown,Unknown,Unknown,,,,2026-07-28T07:01:31+00:00,success,0
AI,DEL,YYZ,DEL,IN,YTO,CA,2026-09-28,2026-10-01,Summer,Premium Economy,0,PEco-1,PEYVALU,Premium Economy — PEYVALU,+170.94 USD,1079.93,USD,Ubfly,PEYVALU,,Included,Included,Included,Paid,Unknown,Unknown,Unknown,Unknown,Unknown,Unknown,Unknown,Unknown,Unknown,Unknown,Unknown,Unknown,,,,2026-07-28T07:01:31+00:00,success,0
AI,DEL,YYZ,DEL,IN,YTO,CA,2026-09-28,2026-10-01,Summer,Premium Economy,1,PEco-2,PEYFLX,Premium Economy — PEYFLX,+293.16 USD,1202.15,USD,Ubfly,PEYFLX,Change with Penalty,Included,Included,Included,Paid,Unknown,Unknown,Unknown,Unknown,Unknown,Unknown,Unknown,Unknown,Unknown,Unknown,Unknown,Unknown,,,,2026-07-28T07:01:31+00:00,success,0
AI,DEL,YYZ,DEL,IN,YTO,CA,2026-09-28,2026-10-01,Summer,Business,0,Bus-1,BUSCMFT,Business — BUSCMFT,0.00 USD,9137.69,USD,Ubfly,BUSCMFT-BUSCMFT-BUSCMFT,In-flight entertainment; Privileged check-in; Snack; Journal & Newspaper; 1 personal item,Included,Included,Included,Included,Included,Included,Included,Unknown,Unknown,Unknown,Unknown,Unknown,Unknown,Unknown,Unknown,Unknown,Yes,,,2026-07-28T07:01:31+00:00,success,0
AI,DEL,YYZ,DEL,IN,YTO,CA,2026-09-28,2026-10-01,Summer,Business,1,Bus-2,BUSCMFTPLS,Business — BUSCMFTPLS,+152.02 USD,9289.71,USD,Ubfly,BUSCMFTPLS-BUSCMFTPLS-BUSCMFTPLS,1 personal item; Snack; Journal & Newspaper; Privileged check-in; In-flight entertainment,Included,Included,Included,Included,Included,Included,Included,Unknown,Unknown,Unknown,Unknown,Unknown,Unknown,Unknown,Unknown,Unknown,Yes,,,2026-07-28T07:01:31+00:00,success,0
AI,DEL,YYZ,DEL,IN,YTO,CA,2026-09-28,2026-10-01,Summer,Business,2,Bus-3,BUSINESS FLEXIBLE,Business Flex,+397.14 USD,9534.83,USD,Ubfly,BUSFLEX-BUSFLEX-BUSFLEX,1 personal item; Business class seat with private partition; Change without penalty before flight; Snack; Journal & Newspaper; Privileged check-in; In-flight entertainment,Included,Included,Included,Included,Included,Included,Included,Included,Included,Unknown,Unknown,Unknown,Unknown,Unknown,Unknown,Unknown,Yes,,,2026-07-28T07:01:31+00:00,success,0
AI,DEL,YYZ,DEL,IN,YTO,CA,2026-12-25,2026-12-28,Winter,Economy,0,Eco-1,ECOCMFT,Economy — ECOCMFT,0.00 USD,1119.81,USD,Ubfly,ECOCMFT-ECOCMFT-ECOCMFT,In-flight entertainment; 1 personal item,Included,Included,Unknown,Included,Unknown,Unknown,Unknown,Unknown,Unknown,Unknown,Unknown,Unknown,Unknown,Unknown,Unknown,Unknown,Yes,,,2026-07-28T07:01:31+00:00,success,0
AI,DEL,YYZ,DEL,IN,YTO,CA,2026-12-25,2026-12-28,Winter,Economy,1,Eco-2,ECOCMFTPLS,Economy — ECOCMFTPLS,+53.51 USD,1173.32,USD,Ubfly,ECOCMFTPLS-ECOCMFTPLS-ECOCMFTPLS,1 personal item; In-flight entertainment,Included,Included,Unknown,Included,Unknown,Unknown,Unknown,Unknown,Unknown,Unknown,Unknown,Unknown,Unknown,Unknown,Unknown,Unknown,Yes,,,2026-07-28T07:01:31+00:00,success,0
AI,DEL,YYZ,DEL,IN,YTO,CA,2026-12-25,2026-12-28,Winter,Economy,2,Eco-3,ECOFLEX,Economy Flex,+179.09 USD,1298.9,USD,Ubfly,ECOFLEX-ECOFLEX-ECOFLEX,1 personal item; Change without penalty before flight; In-flight entertainment,Included,Included,Included,Included,Unknown,Unknown,Unknown,Included,Included,Unknown,Unknown,Unknown,Unknown,Unknown,Unknown,Unknown,Yes,,,2026-07-28T07:01:31+00:00,success,0
AI,DEL,YYZ,DEL,IN,YTO,CA,2026-12-25,2026-12-28,Winter,Economy,3,Eco-4,PRECMFT,Economy — PRECMFT,+656.82 USD,1776.63,USD,Ubfly,PRECMFT-PRECMFT-PRECMFT,1 personal item; In-flight entertainment,Included,Included,Unknown,Included,Unknown,Unknown,Unknown,Unknown,Unknown,Unknown,Unknown,Unknown,Unknown,Unknown,Unknown,Unknown,Yes,,,2026-07-28T07:01:31+00:00,success,0
AI,DEL,YYZ,DEL,IN,YTO,CA,2026-12-25,2026-12-28,Winter,Economy,4,Eco-5,PRECMFTPLS,Economy — PRECMFTPLS,+753.19 USD,1873.0,USD,Ubfly,PRECMFTPLS-PRECMFTPLS-PRECMFTPLS,1 personal item; In-flight entertainment,Included,Included,Unknown,Included,Unknown,Unknown,Unknown,Unknown,Unknown,Unknown,Unknown,Unknown,Unknown,Unknown,Unknown,Unknown,Yes,,,2026-07-28T07:01:31+00:00,success,0
AI,DEL,YYZ,DEL,IN,YTO,CA,2026-12-25,2026-12-28,Winter,Economy,5,Eco-6,PREFLEX,Economy Flex,+849.58 USD,1969.39,USD,Ubfly,PREFLEX-PREFLEX-PREFLEX,1 personal item; Change without penalty before flight; In-flight entertainment,Included,Included,Included,Included,Unknown,Unknown,Unknown,Included,Included,Unknown,Unknown,Unknown,Unknown,Unknown,Unknown,Unknown,Yes,,,2026-07-28T07:01:31+00:00,success,0
AI,DEL,YYZ,DEL,IN,YTO,CA,2026-12-25,2026-12-28,Winter,Premium Economy,0,PEco-1,PEYVALU,Premium Economy — PEYVALU,0.00 USD,1079.93,USD,Ubfly,PEYVALU,,Included,Included,Included,Paid,Unknown,Unknown,Unknown,Unknown,Unknown,Unknown,Unknown,Unknown,Unknown,Unknown,Unknown,Unknown,,,,2026-07-28T07:01:31+00:00,success,0
AI,DEL,YYZ,DEL,IN,YTO,CA,2026-12-25,2026-12-28,Winter,Premium Economy,1,PEco-2,PEYFLX,Premium Economy — PEYFLX,+122.23 USD,1202.16,USD,Ubfly,PEYFLX,Change with Penalty,Included,Included,Included,Paid,Unknown,Unknown,Unknown,Unknown,Unknown,Unknown,Unknown,Unknown,Unknown,Unknown,Unknown,Unknown,,,,2026-07-28T07:01:31+00:00,success,0
AI,DEL,YYZ,DEL,IN,YTO,CA,2026-12-25,2026-12-28,Winter,Business,0,Bus-1,BUSCMFT,Business — BUSCMFT,0.00 USD,9198.8,USD,Ubfly,BUSCMFT-BUSCMFT,In-flight entertainment; Privileged check-in; Snack; Business class seat with private partition; BUSINESS EXTRA LONG BED(F); MAGAZINES AND NEWSPAPERS(F),Included,Included,Included,Included,Included,Included,Included,Unknown,Unknown,Unknown,Unknown,Unknown,Unknown,Unknown,Unknown,Unknown,Yes,,,2026-07-28T07:01:31+00:00,success,0
AI,DEL,YYZ,DEL,IN,YTO,CA,2026-12-25,2026-12-28,Winter,Business,1,Bus-2,BUSCMFTPLS,Business — BUSCMFTPLS,+152.02 USD,9350.82,USD,Ubfly,BUSCMFTPLS-BUSCMFTPLS,Business class seat with private partition; BUSINESS EXTRA LONG BED(F); Snack; MAGAZINES AND NEWSPAPERS(F); Privileged check-in; In-flight entertainment,Included,Included,Included,Included,Included,Included,Included,Unknown,Unknown,Unknown,Unknown,Unknown,Unknown,Unknown,Unknown,Unknown,Yes,,,2026-07-28T07:01:31+00:00,success,0
AI,DEL,YYZ,DEL,IN,YTO,CA,2026-12-25,2026-12-28,Winter,Business,2,Bus-3,BUSINESS FLEXIBLE,Business Flex,+397.14 USD,9595.94,USD,Ubfly,BUSFLEX-BUSFLEX,Business class seat with private partition; BUSINESS EXTRA LONG BED(F); Change without penalty before flight; Snack; MAGAZINES AND NEWSPAPERS(F); Privileged check-in; In-flight entertainment,Included,Included,Included,Included,Included,Included,Included,Included,Included,Unknown,Unknown,Unknown,Unknown,Unknown,Unknown,Unknown,Yes,,,2026-07-28T07:01:31+00:00,success,0
EY,DEL,YYZ,DEL,IN,YTO,CA,2026-09-28,2026-10-01,Summer,Economy,0,Eco-1,YBASIC,Economy Basic,0.00 USD,724.09,USD,Ubfly,YBASIC-YBASIC,,Included,Not Included,Unknown,Included,Unknown,Unknown,Unknown,Not Included,Included,Unknown,Unknown,Unknown,Unknown,Unknown,Unknown,Unknown,Yes,,5.0,2026-07-28T07:01:31+00:00,success,0
EY,DEL,YYZ,DEL,IN,YTO,CA,2026-09-28,2026-10-01,Summer,Economy,1,Eco-2,YVALUE,Economy Basic,+18.89 USD,742.98,USD,Ubfly,YVALUE-YVALUE,,Included,Included,Unknown,Included,Unknown,Unknown,Unknown,Not Included,Paid,Unknown,Unknown,Unknown,Unknown,Unknown,Unknown,Unknown,Yes,,35.0,2026-07-28T07:01:31+00:00,success,0
EY,DEL,YYZ,DEL,IN,YTO,CA,2026-09-28,2026-10-01,Summer,Economy,2,Eco-3,YCOMFORT,Economy Comfort,+98.99 USD,823.08,USD,Ubfly,YCOMFORT-YCOMFORT,,Included,Included,Included,Included,Unknown,Unknown,Unknown,Paid,Paid,Unknown,Unknown,Unknown,Unknown,Unknown,Unknown,Unknown,Yes,,75.0,2026-07-28T07:01:31+00:00,success,0
EY,DEL,YYZ,DEL,IN,YTO,CA,2026-09-28,2026-10-01,Summer,Economy,3,Eco-4,YDELUXE,Economy — YDELUXE,+276.84 USD,1000.93,USD,Ubfly,YDELUXE-YDELUXE,Change with Penalty; Uninterrupted return (up to the last 12 hours); Priority Access,Included,Included,Included,Included,Unknown,Unknown,Unknown,Included,Included,Unknown,Unknown,Unknown,Unknown,Unknown,Unknown,Unknown,Yes,,,2026-07-28T07:01:31+00:00,success,0
EY,DEL,YYZ,DEL,IN,YTO,CA,2026-09-28,2026-10-01,Summer,Business,0,Bus-1,JVALUE,Business Basic,0.00 USD,2786.31,USD,Ubfly,JVALUE-JVALUE,Priority Access,Included,Included,Unknown,Included,Unknown,Unknown,Unknown,Not Included,Paid,Unknown,Unknown,Unknown,Unknown,Unknown,Unknown,Unknown,Yes,,100.0,2026-07-28T07:01:31+00:00,success,0
EY,DEL,YYZ,DEL,IN,YTO,CA,2026-09-28,2026-10-01,Summer,Business,1,Bus-2,JCOMFORT,Business Comfort,+163.68 USD,2949.99,USD,Ubfly,JCOMFORT-JCOMFORT,Priority Access; ETIHAD UAE CHAUFFEUR(F),Included,Included,Included,Included,Included,Unknown,Unknown,Paid,Paid,Unknown,Unknown,Unknown,Unknown,Unknown,Unknown,Unknown,Yes,,,2026-07-28T07:01:31+00:00,success,0
EY,DEL,YYZ,DEL,IN,YTO,CA,2026-09-28,2026-10-01,Summer,Business,2,Bus-3,JDELUXE,Business — JDELUXE,+629.99 USD,3416.3,USD,Ubfly,JDELUXE-JDELUXE,Change with Penalty; Uninterrupted return (up to the last 12 hours); Priority Access; ETIHAD UAE CHAUFFEUR(F); ETIHAD GLOBAL CHAUFFEUR(F),Included,Included,Included,Included,Included,Unknown,Unknown,Included,Included,Unknown,Unknown,Unknown,Unknown,Unknown,Unknown,Unknown,Yes,,,2026-07-28T07:01:31+00:00,success,0
EY,DEL,YYZ,DEL,IN,YTO,CA,2026-12-25,2026-12-28,Winter,Economy,0,Eco-1,YBASIC,Economy Basic,0.00 USD,1210.72,USD,Ubfly,YBASIC-YBASIC,,Included,Not Included,Unknown,Included,Unknown,Unknown,Unknown,Not Included,Included,Unknown,Unknown,Unknown,Unknown,Unknown,Unknown,Unknown,Yes,,5.0,2026-07-28T07:01:31+00:00,success,0
EY,DEL,YYZ,DEL,IN,YTO,CA,2026-12-25,2026-12-28,Winter,Economy,1,Eco-2,YVALUE,Economy Basic,+21.95 USD,1232.67,USD,Ubfly,YVALUE-YVALUE,,Included,Included,Unknown,Included,Unknown,Unknown,Unknown,Not Included,Paid,Unknown,Unknown,Unknown,Unknown,Unknown,Unknown,Unknown,Yes,,35.0,2026-07-28T07:01:31+00:00,success,0
EY,DEL,YYZ,DEL,IN,YTO,CA,2026-12-25,2026-12-28,Winter,Economy,2,Eco-3,YCOMFORT,Economy Comfort,+144.70 USD,1355.42,USD,Ubfly,YCOMFORT-YCOMFORT,,Included,Included,Included,Included,Unknown,Unknown,Unknown,Paid,Paid,Unknown,Unknown,Unknown,Unknown,Unknown,Unknown,Unknown,Yes,,75.0,2026-07-28T07:01:31+00:00,success,0
EY,DEL,YYZ,DEL,IN,YTO,CA,2026-12-25,2026-12-28,Winter,Economy,3,Eco-4,YDELUXE,Economy — YDELUXE,+407.79 USD,1618.51,USD,Ubfly,YDELUXE-YDELUXE,Change with Penalty; Uninterrupted return (up to the last 12 hours); Priority Access,Included,Included,Included,Included,Unknown,Unknown,Unknown,Included,Included,Unknown,Unknown,Unknown,Unknown,Unknown,Unknown,Unknown,Yes,,,2026-07-28T07:01:31+00:00,success,0
EY,DEL,YYZ,DEL,IN,YTO,CA,2026-12-25,2026-12-28,Winter,Business,0,Bus-1,JVALUE,Business Basic,0.00 USD,2786.31,USD,Ubfly,JVALUE-JVALUE,Priority Access,Included,Included,Unknown,Included,Unknown,Unknown,Unknown,Not Included,Paid,Unknown,Unknown,Unknown,Unknown,Unknown,Unknown,Unknown,Yes,,100.0,2026-07-28T07:01:31+00:00,success,0
EY,DEL,YYZ,DEL,IN,YTO,CA,2026-12-25,2026-12-28,Winter,Business,1,Bus-2,JCOMFORT,Business Comfort,+163.68 USD,2949.99,USD,Ubfly,JCOMFORT-JCOMFORT,Priority Access; ETIHAD UAE CHAUFFEUR(F),Included,Included,Included,Included,Included,Unknown,Unknown,Paid,Paid,Unknown,Unknown,Unknown,Unknown,Unknown,Unknown,Unknown,Yes,,,2026-07-28T07:01:31+00:00,success,0
EY,DEL,YYZ,DEL,IN,YTO,CA,2026-12-25,2026-12-28,Winter,Business,2,Bus-3,JDELUXE,Business — JDELUXE,+629.99 USD,3416.3,USD,Ubfly,JDELUXE-JDELUXE,Change with Penalty; Uninterrupted return (up to the last 12 hours); Priority Access; ETIHAD UAE CHAUFFEUR(F); ETIHAD GLOBAL CHAUFFEUR(F),Included,Included,Included,Included,Included,Unknown,Unknown,Included,Included,Unknown,Unknown,Unknown,Unknown,Unknown,Unknown,Unknown,Yes,,,2026-07-28T07:01:31+00:00,success,0
EK,DEL,YYZ,DEL,IN,YTO,CA,2026-09-28,2026-10-01,Summer,Economy,0,Eco-1,ECO SAVER,Economy Basic,0 USD,810.36,USD,Enuygun,bff_0,entertainment: Uçak İçi Eğlence,Included,Included,Paid,Included,Unknown,Unknown,Unknown,Paid,Paid,Unknown,Unknown,Unknown,Included,Unknown,Unknown,Unknown,Yes,2100.0,,2026-07-28T07:01:31+00:00,success,0
EK,DEL,YYZ,DEL,IN,YTO,CA,2026-09-28,2026-10-01,Summer,Economy,1,Eco-2,ECO FLEX,Economy Basic,+305.81 USD,1116.18,USD,Enuygun,bff_1,entertainment: Uçak İçi Eğlence,Included,Included,Included,Included,Unknown,Unknown,Unknown,Paid,Paid,Unknown,Unknown,Unknown,Included,Unknown,Unknown,Unknown,Yes,5250.0,,2026-07-28T07:01:31+00:00,success,0
EK,DEL,YYZ,DEL,IN,YTO,CA,2026-09-28,2026-10-01,Summer,Economy,2,Eco-3,ECO FLEXPLUS,Economy Basic,+1155.93 USD,1966.29,USD,Enuygun,bff_2,entertainment: Uçak İçi Eğlence,Included,Included,Included,Included,Unknown,Unknown,Unknown,Included,Included,Unknown,Unknown,Unknown,Included,Unknown,Unknown,Unknown,Yes,7000.0,,2026-07-28T07:01:31+00:00,success,0
EK,DEL,YYZ,DEL,IN,YTO,CA,2026-09-28,2026-10-01,Summer,Premium Economy,0,PEco-1,Premium Economy FlexPlus,Premium Economy Comfort,"+1,366.02 USD",2045.34,USD,Ubfly,WF-700e63cd0c5d4f3cbf2741aa99759273,• Hot and cold refreshments; • ICE entertainment; • Mileage upgrade eligibility; • Exclusive Premium Economy Class dining; Premium Economy Cabin,Included,Included,Included,Unknown,Unknown,Unknown,Unknown,Not Included,Not Included,Unknown,Unknown,Unknown,Included,Unknown,Unknown,Unknown,Yes,7700.0,,2026-07-28T07:01:31+00:00,success,0
EK,DEL,YYZ,DEL,IN,YTO,CA,2026-09-28,2026-10-01,Summer,Business,0,Bus-1,BSSAVER,Business Basic,0.00 USD,3472.41,USD,Ubfly,BSSAVER-BSSAVER-BSSAVER,Soft drink; Premium check-in; In-flight entertainment; Chauffeur Drive; Internet Access,Included,Included,Included,Included,Included,Included,Included,Paid,Paid,Unknown,Unknown,Unknown,Unknown,Unknown,Unknown,Unknown,Yes,,,2026-07-28T07:01:31+00:00,success,0
EK,DEL,YYZ,DEL,IN,YTO,CA,2026-09-28,2026-10-01,Summer,Business,1,Bus-2,BSFLEX,Business Flex,+968.45 USD,4440.86,USD,Ubfly,BSFLEX-BSFLEX-BSFLEX,Premium check-in; Soft drink; In-flight entertainment; Chauffeur Drive; Internet Access,Included,Included,Included,Included,Included,Included,Included,Paid,Paid,Unknown,Unknown,Unknown,Unknown,Unknown,Unknown,Unknown,Yes,,175.0,2026-07-28T07:01:31+00:00,success,0
EK,DEL,YYZ,DEL,IN,YTO,CA,2026-09-28,2026-10-01,Summer,Business,2,Bus-3,BSFLXPLUS,Business Comfort,"+2,390.96 USD",5863.37,USD,Ubfly,BSFLXPLUS-BSFLXPLUS-BSFLXPLUS,Premium check-in; Soft drink; In-flight entertainment; Chauffeur Drive; Internet Access; Uninterrupted return (up to the last 12 hours); Change with Penalty,Included,Included,Included,Included,Included,Included,Included,Included,Included,Unknown,Unknown,Unknown,Unknown,Unknown,Unknown,Unknown,Yes,,190.0,2026-07-28T07:01:31+00:00,success,0
EK,DEL,YYZ,DEL,IN,YTO,CA,2026-12-25,2026-12-28,Winter,Economy,0,Eco-1,ECO SAVER,Economy Basic,0 USD,946.29,USD,Enuygun,bff_0,entertainment: Uçak İçi Eğlence,Included,Included,Paid,Included,Unknown,Unknown,Unknown,Paid,Paid,Unknown,Unknown,Unknown,Included,Unknown,Unknown,Unknown,Yes,2100.0,,2026-07-28T07:01:31+00:00,success,0
EK,DEL,YYZ,DEL,IN,YTO,CA,2026-12-25,2026-12-28,Winter,Economy,1,Eco-2,ECO FLEX,Economy Basic,+184.45 USD,1130.74,USD,Enuygun,bff_1,entertainment: Uçak İçi Eğlence,Included,Included,Included,Included,Unknown,Unknown,Unknown,Paid,Paid,Unknown,Unknown,Unknown,Included,Unknown,Unknown,Unknown,Yes,5250.0,,2026-07-28T07:01:31+00:00,success,0
EK,DEL,YYZ,DEL,IN,YTO,CA,2026-12-25,2026-12-28,Winter,Economy,2,Eco-3,ECO FLEXPLUS,Economy Basic,+1034.59 USD,1980.88,USD,Enuygun,bff_2,entertainment: Uçak İçi Eğlence,Included,Included,Included,Included,Unknown,Unknown,Unknown,Included,Included,Unknown,Unknown,Unknown,Included,Unknown,Unknown,Unknown,Yes,7000.0,,2026-07-28T07:01:31+00:00,success,0
EK,DEL,YYZ,DEL,IN,YTO,CA,2026-12-25,2026-12-28,Winter,Premium Economy,0,PEco-1,Premium Economy FlexPlus,Premium Economy Comfort,"+1,613.71 USD",2317.77,USD,Ubfly,WF-bd245af0fca948c6a35902361c856154,• Hot and cold refreshments; • ICE entertainment; • Mileage upgrade eligibility; • Exclusive Premium Economy Class dining; Premium Economy Cabin,Included,Included,Included,Unknown,Unknown,Unknown,Unknown,Not Included,Not Included,Unknown,Unknown,Unknown,Included,Unknown,Unknown,Unknown,Yes,7700.0,,2026-07-28T07:01:31+00:00,success,0
EK,DEL,YYZ,DEL,IN,YTO,CA,2026-12-25,2026-12-28,Winter,Business,0,Bus-1,BSSAVER,Business Basic,0.00 USD,3575.65,USD,Ubfly,BSSAVER-BSSAVER-BSSAVER,Soft drink; Premium check-in; In-flight entertainment; Chauffeur Drive; Internet Access,Included,Included,Included,Included,Included,Included,Included,Paid,Paid,Unknown,Unknown,Unknown,Unknown,Unknown,Unknown,Unknown,Yes,,,2026-07-28T07:01:31+00:00,success,0
EK,DEL,YYZ,DEL,IN,YTO,CA,2026-12-25,2026-12-28,Winter,Business,1,Bus-2,BSFLEX,Business Flex,+711.57 USD,4287.22,USD,Ubfly,BSFLEX-BSFLEX-BSFLEX,Premium check-in; Soft drink; In-flight entertainment; Chauffeur Drive; Internet Access,Included,Included,Included,Included,Included,Included,Included,Paid,Paid,Unknown,Unknown,Unknown,Unknown,Unknown,Unknown,Unknown,Yes,,175.0,2026-07-28T07:01:31+00:00,success,0
EK,DEL,YYZ,DEL,IN,YTO,CA,2026-12-25,2026-12-28,Winter,Business,2,Bus-3,BSFLXPLUS,Business Comfort,"+2,080.05 USD",5655.7,USD,Ubfly,BSFLXPLUS-BSFLXPLUS-BSFLXPLUS,Premium check-in; Soft drink; In-flight entertainment; Chauffeur Drive; Internet Access; Uninterrupted return (up to the last 12 hours); Change with Penalty,Included,Included,Included,Included,Included,Included,Included,Included,Included,Unknown,Unknown,Unknown,Unknown,Unknown,Unknown,Unknown,Yes,,190.0,2026-07-28T07:01:31+00:00,success,0
AI,DEL,YVR,DEL,IN,YVR,CA,2026-09-24,2026-09-27,Summer,Economy,0,Eco-1,ECOCMFT,Economy — ECOCMFT,0.00 USD,1154.99,USD,Ubfly,ECOCMFT-ECOCMFT-ECOCMFT,In-flight entertainment; 1 personal item,Included,Included,Unknown,Included,Unknown,Unknown,Unknown,Unknown,Unknown,Unknown,Unknown,Unknown,Unknown,Unknown,Unknown,Unknown,Yes,,,2026-07-28T07:01:31+00:00,success,0
AI,DEL,YVR,DEL,IN,YVR,CA,2026-09-24,2026-09-27,Summer,Economy,1,Eco-2,ECOCMFTPLS,Economy — ECOCMFTPLS,+54.84 USD,1209.83,USD,Ubfly,ECOCMFTPLS-ECOCMFTPLS-ECOCMFTPLS,1 personal item; In-flight entertainment,Included,Included,Unknown,Included,Unknown,Unknown,Unknown,Unknown,Unknown,Unknown,Unknown,Unknown,Unknown,Unknown,Unknown,Unknown,Yes,,,2026-07-28T07:01:31+00:00,success,0
AI,DEL,YVR,DEL,IN,YVR,CA,2026-09-24,2026-09-27,Summer,Economy,2,Eco-3,ECOFLEX,Economy Flex,+161.69 USD,1316.68,USD,Ubfly,ECOFLEX-ECOFLEX-ECOFLEX,1 personal item; Change without penalty before flight; In-flight entertainment,Included,Included,Included,Included,Unknown,Unknown,Unknown,Included,Included,Unknown,Unknown,Unknown,Unknown,Unknown,Unknown,Unknown,Yes,,,2026-07-28T07:01:31+00:00,success,0
AI,DEL,YVR,DEL,IN,YVR,CA,2026-09-24,2026-09-27,Summer,Economy,3,Eco-4,PRECMFT,Economy — PRECMFT,"+2,882.60 USD",4037.59,USD,Ubfly,PRECMFT-PRECMFT-PRECMFT,1 personal item; In-flight entertainment,Included,Included,Unknown,Included,Unknown,Unknown,Unknown,Unknown,Unknown,Unknown,Unknown,Unknown,Unknown,Unknown,Unknown,Unknown,Yes,,,2026-07-28T07:01:31+00:00,success,0
AI,DEL,YVR,DEL,IN,YVR,CA,2026-09-24,2026-09-27,Summer,Economy,4,Eco-5,PRECMFTPLS,Economy — PRECMFTPLS,"+3,003.06 USD",4158.05,USD,Ubfly,PRECMFTPLS-PRECMFTPLS-PRECMFTPLS,1 personal item; In-flight entertainment,Included,Included,Unknown,Included,Unknown,Unknown,Unknown,Unknown,Unknown,Unknown,Unknown,Unknown,Unknown,Unknown,Unknown,Unknown,Yes,,,2026-07-28T07:01:31+00:00,success,0
AI,DEL,YVR,DEL,IN,YVR,CA,2026-09-24,2026-09-27,Summer,Economy,5,Eco-6,PREFLEX,Economy Flex,"+3,123.52 USD",4278.51,USD,Ubfly,PREFLEX-PREFLEX-PREFLEX,1 personal item; Change without penalty before flight; In-flight entertainment,Included,Included,Included,Included,Unknown,Unknown,Unknown,Included,Included,Unknown,Unknown,Unknown,Unknown,Unknown,Unknown,Unknown,Yes,,,2026-07-28T07:01:31+00:00,success,0
AI,DEL,YVR,DEL,IN,YVR,CA,2026-09-24,2026-09-27,Summer,Business,0,Bus-1,BUSCMFT,Business — BUSCMFT,0.00 USD,8298.22,USD,Ubfly,BUSCMFT-BUSCMFT,In-flight entertainment; Privileged check-in; Snack; 1 personal item; Journal & Newspaper,Included,Included,Included,Included,Included,Included,Included,Unknown,Unknown,Unknown,Unknown,Unknown,Unknown,Unknown,Unknown,Unknown,Yes,,,2026-07-28T07:01:31+00:00,success,0
AI,DEL,YVR,DEL,IN,YVR,CA,2026-09-24,2026-09-27,Summer,Business,1,Bus-2,BUSCMFTPLS,Business — BUSCMFTPLS,+164.27 USD,8462.49,USD,Ubfly,BUSCMFTPLS-BUSCMFTPLS,1 personal item; Snack; Journal & Newspaper; Privileged check-in; In-flight entertainment,Included,Included,Included,Included,Included,Included,Included,Unknown,Unknown,Unknown,Unknown,Unknown,Unknown,Unknown,Unknown,Unknown,Yes,,,2026-07-28T07:01:31+00:00,success,0
AI,DEL,YVR,DEL,IN,YVR,CA,2026-09-24,2026-09-27,Summer,Business,2,Bus-3,BUSINESS FLEXIBLE,Business Flex,+421.75 USD,8719.97,USD,Ubfly,BUSFLEX-BUSFLEX,1 personal item; Business class seat with private partition; Change without penalty before flight; Snack; Journal & Newspaper; Privileged check-in; In-flight entertainment,Included,Included,Included,Included,Included,Included,Included,Included,Included,Unknown,Unknown,Unknown,Unknown,Unknown,Unknown,Unknown,Yes,,,2026-07-28T07:01:31+00:00,success,0
AI,DEL,YVR,DEL,IN,YVR,CA,2027-01-26,2027-01-29,Winter,Economy,0,Eco-1,ECOCMFT,Economy — ECOCMFT,0.00 USD,838.38,USD,Ubfly,ECOCMFT-ECOCMFT-ECOCMFT,In-flight entertainment; 1 personal item,Included,Included,Unknown,Included,Unknown,Unknown,Unknown,Unknown,Unknown,Unknown,Unknown,Unknown,Unknown,Unknown,Unknown,Unknown,Yes,,,2026-07-28T07:01:31+00:00,success,0
AI,DEL,YVR,DEL,IN,YVR,CA,2027-01-26,2027-01-29,Winter,Economy,1,Eco-2,ECOCMFTPLS,Economy — ECOCMFTPLS,+54.81 USD,893.19,USD,Ubfly,ECOCMFTPLS-ECOCMFTPLS-ECOCMFTPLS,1 personal item; In-flight entertainment,Included,Included,Unknown,Included,Unknown,Unknown,Unknown,Unknown,Unknown,Unknown,Unknown,Unknown,Unknown,Unknown,Unknown,Unknown,Yes,,,2026-07-28T07:01:31+00:00,success,0
AI,DEL,YVR,DEL,IN,YVR,CA,2027-01-26,2027-01-29,Winter,Economy,2,Eco-3,ECOFLEX,Economy Flex,+161.67 USD,1000.05,USD,Ubfly,ECOFLEX-ECOFLEX-ECOFLEX,1 personal item; Change without penalty before flight; In-flight entertainment,Included,Included,Included,Included,Unknown,Unknown,Unknown,Included,Included,Unknown,Unknown,Unknown,Unknown,Unknown,Unknown,Unknown,Yes,,,2026-07-28T07:01:31+00:00,success,0
AI,DEL,YVR,DEL,IN,YVR,CA,2027-01-26,2027-01-29,Winter,Economy,3,Eco-4,PRECMFT,Economy — PRECMFT,+320.56 USD,1158.94,USD,Ubfly,PRECMFT-PRECMFT-PRECMFT,1 personal item; In-flight entertainment,Included,Included,Unknown,Included,Unknown,Unknown,Unknown,Unknown,Unknown,Unknown,Unknown,Unknown,Unknown,Unknown,Unknown,Unknown,Yes,,,2026-07-28T07:01:31+00:00,success,0
AI,DEL,YVR,DEL,IN,YVR,CA,2027-01-26,2027-01-29,Winter,Economy,4,Eco-5,PRECMFTPLS,Economy — PRECMFTPLS,+441.02 USD,1279.4,USD,Ubfly,PRECMFTPLS-PRECMFTPLS-PRECMFTPLS,1 personal item; In-flight entertainment,Included,Included,Unknown,Included,Unknown,Unknown,Unknown,Unknown,Unknown,Unknown,Unknown,Unknown,Unknown,Unknown,Unknown,Unknown,Yes,,,2026-07-28T07:01:31+00:00,success,0
AI,DEL,YVR,DEL,IN,YVR,CA,2027-01-26,2027-01-29,Winter,Economy,5,Eco-6,PREFLEX,Economy Flex,+561.48 USD,1399.86,USD,Ubfly,PREFLEX-PREFLEX-PREFLEX,1 personal item; Change without penalty before flight; In-flight entertainment,Included,Included,Included,Included,Unknown,Unknown,Unknown,Included,Included,Unknown,Unknown,Unknown,Unknown,Unknown,Unknown,Unknown,Yes,,,2026-07-28T07:01:31+00:00,success,0
AI,DEL,YVR,DEL,IN,YVR,CA,2027-01-26,2027-01-29,Winter,Business,0,Bus-1,BUSCMFT,Business — BUSCMFT,0.00 USD,8278.68,USD,Ubfly,BUSCMFT-BUSCMFT,In-flight entertainment; Privileged check-in; Snack; 1 personal item; Journal & Newspaper,Included,Included,Included,Included,Included,Included,Included,Unknown,Unknown,Unknown,Unknown,Unknown,Unknown,Unknown,Unknown,Unknown,Yes,,,2026-07-28T07:01:31+00:00,success,0
AI,DEL,YVR,DEL,IN,YVR,CA,2027-01-26,2027-01-29,Winter,Business,1,Bus-2,BUSCMFTPLS,Business — BUSCMFTPLS,+164.27 USD,8442.95,USD,Ubfly,BUSCMFTPLS-BUSCMFTPLS,1 personal item; Snack; Journal & Newspaper; Privileged check-in; In-flight entertainment,Included,Included,Included,Included,Included,Included,Included,Unknown,Unknown,Unknown,Unknown,Unknown,Unknown,Unknown,Unknown,Unknown,Yes,,,2026-07-28T07:01:31+00:00,success,0
AI,DEL,YVR,DEL,IN,YVR,CA,2027-01-26,2027-01-29,Winter,Business,2,Bus-3,BUSINESS FLEXIBLE,Business Flex,+421.75 USD,8700.43,USD,Ubfly,BUSFLEX-BUSFLEX,1 personal item; Business class seat with private partition; Change without penalty before flight; Snack; Journal & Newspaper; Privileged check-in; In-flight entertainment,Included,Included,Included,Included,Included,Included,Included,Included,Included,Unknown,Unknown,Unknown,Unknown,Unknown,Unknown,Unknown,Yes,,,2026-07-28T07:01:31+00:00,success,0
AC,DEL,YVR,DEL,IN,YVR,CA,2026-09-24,2026-09-27,Summer,Economy,0,Eco-1,STANDARD,Economy Standard,0 USD,933.67,USD,Enuygun,bff_0,,Included,Included,Unknown,Included,Unknown,Unknown,Unknown,Not Included,Paid,Unknown,Unknown,Unknown,Unknown,Unknown,Unknown,Unknown,,,,2026-07-28T07:01:31+00:00,partial,0
AC,DEL,YVR,DEL,IN,YVR,CA,2026-09-24,2026-09-27,Summer,Economy,1,Eco-2,FLEX,Economy Flex,+75.35 USD,1009.02,USD,Enuygun,bff_1,,Included,Included,Included,Included,Unknown,Unknown,Unknown,Paid,Paid,Unknown,Unknown,Unknown,Unknown,Unknown,Unknown,Unknown,,,,2026-07-28T07:01:31+00:00,partial,0
AC,DEL,YVR,DEL,IN,YVR,CA,2026-09-24,2026-09-27,Summer,Economy,2,Eco-3,COMFORT,Economy Comfort,+283.25 USD,1216.92,USD,Enuygun,bff_2,priority_check_in: Öncelikli Check-in,Included,Included,Included,Included,Unknown,Unknown,Unknown,Included,Included,Unknown,Unknown,Included,Unknown,Unknown,Unknown,Unknown,,,,2026-07-28T07:01:31+00:00,partial,0
AC,DEL,YVR,DEL,IN,YVR,CA,2026-09-24,2026-09-27,Summer,Economy,3,Eco-4,LATITUDE,Economy — LATITUDE,+1648.07 USD,2581.74,USD,Enuygun,bff_3,priority_check_in: Öncelikli Check-in,Included,Included,Included,Included,Unknown,Unknown,Unknown,Included,Included,Unknown,Unknown,Included,Unknown,Unknown,Unknown,Unknown,,,,2026-07-28T07:01:31+00:00,partial,0
AC,DEL,YVR,DEL,IN,YVR,CA,2026-09-24,2026-09-27,Summer,Premium Economy,0,PEco-1,PL,Premium Economy — PL,+850.56 USD,1822.83,USD,Ubfly,PL-PL,Privileged check-in; POINT ACCRUAL(F),Included,Included,Included,Included,Unknown,Unknown,Unknown,Unknown,Unknown,Unknown,Unknown,Unknown,Unknown,Unknown,Unknown,Unknown,,,,2026-07-28T07:01:31+00:00,partial,0
AC,DEL,YVR,DEL,IN,YVR,CA,2026-09-24,2026-09-27,Summer,Premium Economy,1,PEco-2,PRIME FLY,Premium Economy Premium,"+3,234.30 USD",4206.57,USD,Ubfly,PF-PF,Change with Penalty; Uninterrupted return (up to the last 12 hours); Privileged check-in; POINT ACCRUAL(F),Included,Included,Included,Included,Unknown,Unknown,Unknown,Unknown,Unknown,Unknown,Unknown,Included,Unknown,Unknown,Unknown,Unknown,,,,2026-07-28T07:01:31+00:00,partial,0
AC,DEL,YVR,DEL,IN,YVR,CA,2026-09-24,2026-09-27,Summer,Business,0,Bus-1,BUSINESS CLASS STANDARD,Business Standard,0 USD,9001.77,USD,Enuygun,bff_0,,Unknown,Included,Unknown,Unknown,Unknown,Unknown,Unknown,Included,Included,Unknown,Unknown,Unknown,Unknown,Unknown,Unknown,Unknown,,,,2026-07-28T07:01:31+00:00,partial,0
AC,DEL,YVR,DEL,IN,YVR,CA,2026-09-24,2026-09-27,Summer,Business,1,Bus-2,BUSINESS CLASS LATITUDE,Business — BUSINESS LATITUDE,+298.77 USD,9300.55,USD,Enuygun,bff_1,,Included,Included,Unknown,Unknown,Unknown,Unknown,Unknown,Included,Included,Unknown,Unknown,Unknown,Unknown,Unknown,Unknown,Unknown,,,,2026-07-28T07:01:31+00:00,partial,0
AC,DEL,YVR,DEL,IN,YVR,CA,2027-01-26,2027-01-29,Winter,Economy,0,Eco-1,STANDARD,Economy Standard,0 USD,897.64,USD,Enuygun,bff_0,,Included,Included,Unknown,Included,Unknown,Unknown,Unknown,Not Included,Paid,Unknown,Unknown,Unknown,Unknown,Unknown,Unknown,Unknown,,,,2026-07-28T07:01:31+00:00,partial,0
AC,DEL,YVR,DEL,IN,YVR,CA,2027-01-26,2027-01-29,Winter,Economy,1,Eco-2,FLEX,Economy Flex,+75.35 USD,972.99,USD,Enuygun,bff_1,,Included,Included,Included,Included,Unknown,Unknown,Unknown,Paid,Paid,Unknown,Unknown,Unknown,Unknown,Unknown,Unknown,Unknown,,,,2026-07-28T07:01:31+00:00,partial,0
AC,DEL,YVR,DEL,IN,YVR,CA,2027-01-26,2027-01-29,Winter,Economy,2,Eco-3,COMFORT,Economy Comfort,+283.25 USD,1180.89,USD,Enuygun,bff_2,priority_check_in: Öncelikli Check-in,Included,Included,Included,Included,Unknown,Unknown,Unknown,Included,Included,Unknown,Unknown,Included,Unknown,Unknown,Unknown,Unknown,,,,2026-07-28T07:01:31+00:00,partial,0
AC,DEL,YVR,DEL,IN,YVR,CA,2027-01-26,2027-01-29,Winter,Economy,3,Eco-4,LATITUDE,Economy — LATITUDE,+1678.4 USD,2576.04,USD,Enuygun,bff_3,priority_check_in: Öncelikli Check-in,Included,Included,Included,Included,Unknown,Unknown,Unknown,Included,Included,Unknown,Unknown,Included,Unknown,Unknown,Unknown,Unknown,,,,2026-07-28T07:01:31+00:00,partial,0
AC,DEL,YVR,DEL,IN,YVR,CA,2027-01-26,2027-01-29,Winter,Premium Economy,0,PEco-1,PL,Premium Economy — PL,"+1,033.66 USD",1818.08,USD,Ubfly,PL-PL,Privileged check-in; POINT ACCRUAL(F),Included,Included,Included,Included,Unknown,Unknown,Unknown,Unknown,Unknown,Unknown,Unknown,Unknown,Unknown,Unknown,Unknown,Unknown,,,,2026-07-28T07:01:31+00:00,partial,0
AC,DEL,YVR,DEL,IN,YVR,CA,2027-01-26,2027-01-29,Winter,Premium Economy,1,PEco-2,PRIME FLY,Premium Economy Premium,"+3,417.40 USD",4201.82,USD,Ubfly,PF-PF,Change with Penalty; Uninterrupted return (up to the last 12 hours); Privileged check-in; POINT ACCRUAL(F),Included,Included,Included,Included,Unknown,Unknown,Unknown,Unknown,Unknown,Unknown,Unknown,Included,Unknown,Unknown,Unknown,Unknown,,,,2026-07-28T07:01:31+00:00,partial,0
AC,DEL,YVR,DEL,IN,YVR,CA,2027-01-26,2027-01-29,Winter,Business,0,Bus-1,BUSINESS CLASS STANDARD,Business Standard,0 USD,6417.03,USD,Enuygun,bff_0,,Included,Included,Unknown,Unknown,Unknown,Unknown,Unknown,Included,Included,Unknown,Unknown,Unknown,Unknown,Unknown,Unknown,Unknown,,,,2026-07-28T07:01:31+00:00,partial,0
AC,DEL,YVR,DEL,IN,YVR,CA,2027-01-26,2027-01-29,Winter,Business,1,Bus-2,BUSINESS CLASS LATITUDE,Business — BUSINESS LATITUDE,+321.71 USD,6738.73,USD,Enuygun,bff_1,,Unknown,Included,Unknown,Unknown,Unknown,Unknown,Unknown,Included,Included,Unknown,Unknown,Unknown,Unknown,Unknown,Unknown,Unknown,,,,2026-07-28T07:01:31+00:00,partial,0
CX,DEL,YVR,DEL,IN,YVR,CA,2026-09-24,2026-09-27,Summer,Economy,0,Eco-1,Economy Light,Economy Lite,0 USD,939.66,USD,Enuygun,bff_0,,Included,Included,Unknown,Included,Unknown,Unknown,Unknown,Paid,Paid,Unknown,Unknown,Unknown,Unknown,Unknown,Unknown,Unknown,,,,2026-07-28T07:01:31+00:00,partial,0
CX,DEL,YVR,DEL,IN,YVR,CA,2026-09-24,2026-09-27,Summer,Economy,1,Eco-2,Economy Essential,Economy — Economy Essential,+139.22 USD,1078.88,USD,Enuygun,bff_1,,Included,Included,Unknown,Included,Unknown,Unknown,Unknown,Paid,Paid,Unknown,Unknown,Unknown,Unknown,Unknown,Unknown,Unknown,,,,2026-07-28T07:01:31+00:00,partial,0
CX,DEL,YVR,DEL,IN,YVR,CA,2026-09-24,2026-09-27,Summer,Economy,2,Eco-3,Economy Flex,Economy Flex,+298.99 USD,1238.65,USD,Enuygun,bff_2,,Included,Included,Unknown,Included,Unknown,Unknown,Unknown,Paid,Included,Unknown,Unknown,Unknown,Unknown,Unknown,Unknown,Unknown,,,,2026-07-28T07:01:31+00:00,partial,0
CX,DEL,YVR,DEL,IN,YVR,CA,2026-09-24,2026-09-27,Summer,Business,0,Bus-1,Business Essential,Business — Business Essential,0 USD,3387.11,USD,Enuygun,bff_0,priority_check_in: Öncelikli Check-in,Included,Included,Unknown,Included,Included,Unknown,Unknown,Paid,Paid,Unknown,Unknown,Unknown,Unknown,Unknown,Unknown,Unknown,,,,2026-07-28T07:01:31+00:00,partial,0
CX,DEL,YVR,DEL,IN,YVR,CA,2026-09-24,2026-09-27,Summer,Business,1,Bus-2,Business Flex,Business Flex,+805.89 USD,4193.01,USD,Enuygun,bff_1,priority_check_in: Öncelikli Check-in,Included,Included,Unknown,Included,Included,Unknown,Unknown,Paid,Included,Unknown,Unknown,Unknown,Unknown,Unknown,Unknown,Unknown,,,,2026-07-28T07:01:31+00:00,partial,0
CX,DEL,YVR,DEL,IN,YVR,CA,2027-01-26,2027-01-29,Winter,Economy,0,Eco-1,Economy Light,Economy Lite,0 USD,1089.7,USD,Enuygun,bff_0,,Included,Included,Unknown,Included,Unknown,Unknown,Unknown,Paid,Paid,Unknown,Unknown,Unknown,Unknown,Unknown,Unknown,Unknown,,,,2026-07-28T07:01:31+00:00,partial,0
CX,DEL,YVR,DEL,IN,YVR,CA,2027-01-26,2027-01-29,Winter,Economy,1,Eco-2,Economy Essential,Economy — Economy Essential,+155.78 USD,1245.48,USD,Enuygun,bff_1,,Included,Included,Unknown,Included,Unknown,Unknown,Unknown,Paid,Paid,Unknown,Unknown,Unknown,Unknown,Unknown,Unknown,Unknown,,,,2026-07-28T07:01:31+00:00,partial,0
CX,DEL,YVR,DEL,IN,YVR,CA,2027-01-26,2027-01-29,Winter,Economy,2,Eco-3,Economy Flex,Economy Flex,+299.05 USD,1388.75,USD,Enuygun,bff_2,,Included,Included,Unknown,Included,Unknown,Unknown,Unknown,Paid,Included,Unknown,Unknown,Unknown,Unknown,Unknown,Unknown,Unknown,,,,2026-07-28T07:01:31+00:00,partial,0
CX,DEL,YVR,DEL,IN,YVR,CA,2027-01-26,2027-01-29,Winter,Business,0,Bus-1,Business Essential,Business — Business Essential,0 USD,3381.12,USD,Enuygun,bff_0,priority_check_in: Öncelikli Check-in,Included,Included,Unknown,Included,Included,Unknown,Unknown,Paid,Paid,Unknown,Unknown,Unknown,Unknown,Unknown,Unknown,Unknown,,,,2026-07-28T07:01:31+00:00,partial,0
CX,DEL,YVR,DEL,IN,YVR,CA,2027-01-26,2027-01-29,Winter,Business,1,Bus-2,Business Flex,Business Flex,+809.18 USD,4190.3,USD,Enuygun,bff_1,priority_check_in: Öncelikli Check-in,Included,Included,Unknown,Included,Included,Unknown,Unknown,Paid,Included,Unknown,Unknown,Unknown,Unknown,Unknown,Unknown,Unknown,,,,2026-07-28T07:01:31+00:00,partial,0
LH,DEL,YVR,DEL,IN,YVR,CA,2026-09-24,2026-09-27,Summer,Economy,0,Eco-1,ECOCMFT,Economy — ECOCMFT,0.00 USD,858.77,USD,Ubfly,ECOCMFT-ECOCMFT-ECOCMFT,In-flight entertainment; 1 personal item,Included,Included,Unknown,Included,Unknown,Unknown,Unknown,Unknown,Unknown,Unknown,Unknown,Unknown,Unknown,Unknown,Unknown,Unknown,Yes,,,2026-07-28T07:01:31+00:00,success,0
LH,DEL,YVR,DEL,IN,YVR,CA,2026-09-24,2026-09-27,Summer,Economy,1,Eco-2,ECOCMFTPLS,Economy — ECOCMFTPLS,+54.81 USD,913.58,USD,Ubfly,ECOCMFTPLS-ECOCMFTPLS-ECOCMFTPLS,1 personal item; In-flight entertainment,Included,Included,Unknown,Included,Unknown,Unknown,Unknown,Unknown,Unknown,Unknown,Unknown,Unknown,Unknown,Unknown,Unknown,Unknown,Yes,,,2026-07-28T07:01:31+00:00,success,0
LH,DEL,YVR,DEL,IN,YVR,CA,2026-09-24,2026-09-27,Summer,Economy,2,Eco-3,ECOBASEPL,Economy — ECOBASEPL,+127.29 USD,986.06,USD,Ubfly,ECOBASEPL-ECOBASEPL-ECOBASEPL,1 personal item; Change without penalty before flight; In-flight entertainment,Included,Included,Unknown,Included,Unknown,Unknown,Unknown,Unknown,Included,Unknown,Unknown,Unknown,Unknown,Unknown,Unknown,Unknown,Yes,,,2026-07-28T07:01:31+00:00,success,0
LH,DEL,YVR,DEL,IN,YVR,CA,2026-09-24,2026-09-27,Summer,Economy,3,Eco-4,ECOFLEX,Economy Flex,+161.67 USD,1020.44,USD,Ubfly,ECOFLEX-ECOFLEX-ECOFLEX,1 personal item; Change without penalty before flight; In-flight entertainment,Included,Included,Included,Included,Unknown,Unknown,Unknown,Included,Included,Unknown,Unknown,Unknown,Unknown,Unknown,Unknown,Unknown,Yes,,,2026-07-28T07:01:31+00:00,success,0
LH,DEL,YVR,DEL,IN,YVR,CA,2026-09-24,2026-09-27,Summer,Economy,4,Eco-5,PRECMFT,Economy — PRECMFT,+889.74 USD,1748.51,USD,Ubfly,PRECMFT-PRECMFT-PRECMFT,1 personal item; In-flight entertainment,Included,Included,Unknown,Included,Unknown,Unknown,Unknown,Unknown,Unknown,Unknown,Unknown,Unknown,Unknown,Unknown,Unknown,Unknown,Yes,,,2026-07-28T07:01:31+00:00,success,0
LH,DEL,YVR,DEL,IN,YVR,CA,2026-09-24,2026-09-27,Summer,Economy,5,Eco-6,PRECMFTPLS,Economy — PRECMFTPLS,"+1,010.19 USD",1868.96,USD,Ubfly,PRECMFTPLS-PRECMFTPLS-PRECMFTPLS,1 personal item; In-flight entertainment,Included,Included,Unknown,Included,Unknown,Unknown,Unknown,Unknown,Unknown,Unknown,Unknown,Unknown,Unknown,Unknown,Unknown,Unknown,Yes,,,2026-07-28T07:01:31+00:00,success,0
LH,DEL,YVR,DEL,IN,YVR,CA,2026-09-24,2026-09-27,Summer,Economy,6,Eco-7,PREGREIC,Economy — PREGREIC,"+1,104.72 USD",1963.49,USD,Ubfly,PREGREIC-PREGREIC-PREGREIC,1 personal item; Change without penalty before flight; Carbon offsetting; In-flight entertainment,Included,Included,Unknown,Included,Unknown,Unknown,Unknown,Unknown,Included,Unknown,Unknown,Unknown,Unknown,Unknown,Unknown,Unknown,Yes,,,2026-07-28T07:01:31+00:00,success,0
LH,DEL,YVR,DEL,IN,YVR,CA,2026-09-24,2026-09-27,Summer,Economy,7,Eco-8,PREFLEX,Economy Flex,"+1,130.65 USD",1989.42,USD,Ubfly,PREFLEX-PREFLEX-PREFLEX,1 personal item; Change without penalty before flight; In-flight entertainment,Included,Included,Included,Included,Unknown,Unknown,Unknown,Included,Included,Unknown,Unknown,Unknown,Unknown,Unknown,Unknown,Unknown,Yes,,,2026-07-28T07:01:31+00:00,success,0
LH,DEL,YVR,DEL,IN,YVR,CA,2026-09-24,2026-09-27,Summer,Business,0,Bus-1,BUSCMFT,Business — BUSCMFT,0.00 USD,5772.39,USD,Ubfly,BUSCMFT-BUSCMFT,In-flight entertainment; Privileged check-in; Snack; 1 personal item; Journal & Newspaper,Included,Included,Included,Included,Included,Included,Included,Not Included,Paid,Unknown,Unknown,Unknown,Unknown,Unknown,Unknown,Unknown,Yes,,,2026-07-28T07:01:31+00:00,success,0
LH,DEL,YVR,DEL,IN,YVR,CA,2026-09-24,2026-09-27,Summer,Business,1,Bus-2,BUSCMFTPLS,Business — BUSCMFTPLS,+164.30 USD,5936.69,USD,Ubfly,BUSCMFTPLS-BUSCMFTPLS,1 personal item; Snack; Journal & Newspaper; Privileged check-in; In-flight entertainment,Included,Included,Included,Included,Included,Included,Included,Paid,Paid,Unknown,Unknown,Unknown,Unknown,Unknown,Unknown,Unknown,Yes,,,2026-07-28T07:01:31+00:00,success,0
LH,DEL,YVR,DEL,IN,YVR,CA,2026-09-24,2026-09-27,Summer,Business,2,Bus-3,BUSGREIC,Business — BUSGREIC,+384.19 USD,6156.58,USD,Ubfly,BUSGREIC-BUSGREIC,1 personal item; Change without penalty before flight; Snack; Journal & Newspaper; Privileged check-in; Carbon offsetting; In-flight entertainment,Included,Included,Included,Included,Included,Included,Included,Paid,Included,Unknown,Unknown,Unknown,Unknown,Unknown,Unknown,Unknown,Yes,,,2026-07-28T07:01:31+00:00,success,0
LH,DEL,YVR,DEL,IN,YVR,CA,2026-09-24,2026-09-27,Summer,Business,3,Bus-4,BUSINESS FLEXIBLE,Business Flex,+421.78 USD,6194.17,USD,Ubfly,BUSFLEX-BUSFLEX,1 personal item; Business class seat with private partition; Change without penalty before flight; Snack; Journal & Newspaper; Privileged check-in; In-flight entertainment,Included,Included,Included,Included,Included,Included,Included,Included,Included,Unknown,Unknown,Unknown,Unknown,Unknown,Unknown,Unknown,Yes,,,2026-07-28T07:01:31+00:00,success,0
LH,DEL,YVR,DEL,IN,YVR,CA,2027-01-26,2027-01-29,Winter,Economy,0,Eco-1,ECOCMFT,Economy — ECOCMFT,0.00 USD,862.56,USD,Ubfly,ECOCMFT-ECOCMFT-ECOCMFT,In-flight entertainment; 1 personal item,Included,Included,Unknown,Included,Unknown,Unknown,Unknown,Unknown,Unknown,Unknown,Unknown,Unknown,Unknown,Unknown,Unknown,Unknown,Yes,,,2026-07-28T07:01:31+00:00,success,0
LH,DEL,YVR,DEL,IN,YVR,CA,2027-01-26,2027-01-29,Winter,Economy,1,Eco-2,ECOCMFTPLS,Economy — ECOCMFTPLS,+54.81 USD,917.37,USD,Ubfly,ECOCMFTPLS-ECOCMFTPLS-ECOCMFTPLS,1 personal item; In-flight entertainment,Included,Included,Unknown,Included,Unknown,Unknown,Unknown,Unknown,Unknown,Unknown,Unknown,Unknown,Unknown,Unknown,Unknown,Unknown,Yes,,,2026-07-28T07:01:31+00:00,success,0
LH,DEL,YVR,DEL,IN,YVR,CA,2027-01-26,2027-01-29,Winter,Economy,2,Eco-3,ECOBASEPL,Economy — ECOBASEPL,+127.29 USD,989.85,USD,Ubfly,ECOBASEPL-ECOBASEPL-ECOBASEPL,1 personal item; Change without penalty before flight; In-flight entertainment,Included,Included,Unknown,Included,Unknown,Unknown,Unknown,Unknown,Included,Unknown,Unknown,Unknown,Unknown,Unknown,Unknown,Unknown,Yes,,,2026-07-28T07:01:31+00:00,success,0
LH,DEL,YVR,DEL,IN,YVR,CA,2027-01-26,2027-01-29,Winter,Economy,3,Eco-4,ECOFLEX,Economy Flex,+161.67 USD,1024.23,USD,Ubfly,ECOFLEX-ECOFLEX-ECOFLEX,1 personal item; Change without penalty before flight; In-flight entertainment,Included,Included,Included,Included,Unknown,Unknown,Unknown,Included,Included,Unknown,Unknown,Unknown,Unknown,Unknown,Unknown,Unknown,Yes,,,2026-07-28T07:01:31+00:00,success,0
LH,DEL,YVR,DEL,IN,YVR,CA,2027-01-26,2027-01-29,Winter,Economy,4,Eco-5,PRECMFT,Economy — PRECMFT,+273.67 USD,1136.23,USD,Ubfly,PRECMFT-PRECMFT-PRECMFT,1 personal item; In-flight entertainment,Included,Included,Unknown,Included,Unknown,Unknown,Unknown,Unknown,Unknown,Unknown,Unknown,Unknown,Unknown,Unknown,Unknown,Unknown,Yes,,,2026-07-28T07:01:31+00:00,success,0
LH,DEL,YVR,DEL,IN,YVR,CA,2027-01-26,2027-01-29,Winter,Economy,5,Eco-6,PRECMFTPLS,Economy — PRECMFTPLS,+394.13 USD,1256.69,USD,Ubfly,PRECMFTPLS-PRECMFTPLS-PRECMFTPLS,1 personal item; In-flight entertainment,Included,Included,Unknown,Included,Unknown,Unknown,Unknown,Unknown,Unknown,Unknown,Unknown,Unknown,Unknown,Unknown,Unknown,Unknown,Yes,,,2026-07-28T07:01:31+00:00,success,0
LH,DEL,YVR,DEL,IN,YVR,CA,2027-01-26,2027-01-29,Winter,Economy,6,Eco-7,PREGREIC,Economy — PREGREIC,+488.68 USD,1351.24,USD,Ubfly,PREGREIC-PREGREIC-PREGREIC,1 personal item; Change without penalty before flight; Carbon offsetting; In-flight entertainment,Included,Included,Unknown,Included,Unknown,Unknown,Unknown,Unknown,Included,Unknown,Unknown,Unknown,Unknown,Unknown,Unknown,Unknown,Yes,,,2026-07-28T07:01:31+00:00,success,0
LH,DEL,YVR,DEL,IN,YVR,CA,2027-01-26,2027-01-29,Winter,Economy,7,Eco-8,PREFLEX,Economy Flex,+514.59 USD,1377.15,USD,Ubfly,PREFLEX-PREFLEX-PREFLEX,1 personal item; Change without penalty before flight; In-flight entertainment,Included,Included,Included,Included,Unknown,Unknown,Unknown,Included,Included,Unknown,Unknown,Unknown,Unknown,Unknown,Unknown,Unknown,Yes,,,2026-07-28T07:01:31+00:00,success,0
LH,DEL,YVR,DEL,IN,YVR,CA,2027-01-26,2027-01-29,Winter,Business,0,Bus-1,BUSCMFT,Business — BUSCMFT,0.00 USD,3392.47,USD,Ubfly,BUSCMFT-BUSCMFT-BUSCMFT,In-flight entertainment; Privileged check-in; Snack; 1 personal item; Journal & Newspaper,Included,Included,Included,Included,Included,Included,Included,Not Included,Paid,Unknown,Unknown,Unknown,Unknown,Unknown,Unknown,Unknown,Yes,,,2026-07-28T07:01:31+00:00,success,0
LH,DEL,YVR,DEL,IN,YVR,CA,2027-01-26,2027-01-29,Winter,Business,1,Bus-2,BUSCMFTPLS,Business — BUSCMFTPLS,+164.27 USD,3556.74,USD,Ubfly,BUSCMFTPLS-BUSCMFTPLS-BUSCMFTPLS,1 personal item; Snack; Journal & Newspaper; Privileged check-in; In-flight entertainment,Included,Included,Included,Included,Included,Included,Included,Paid,Paid,Unknown,Unknown,Unknown,Unknown,Unknown,Unknown,Unknown,Yes,,,2026-07-28T07:01:31+00:00,success,0
LH,DEL,YVR,DEL,IN,YVR,CA,2027-01-26,2027-01-29,Winter,Business,2,Bus-3,BUSGREIC,Business — BUSGREIC,+365.16 USD,3757.63,USD,Ubfly,BUSGREIC-BUSGREIC-BUSGREIC,1 personal item; Change without penalty before flight; Snack; Journal & Newspaper; Privileged check-in; Carbon offsetting; In-flight entertainment,Included,Included,Included,Included,Included,Included,Included,Paid,Included,Unknown,Unknown,Unknown,Unknown,Unknown,Unknown,Unknown,Yes,,,2026-07-28T07:01:31+00:00,success,0
LH,DEL,YVR,DEL,IN,YVR,CA,2027-01-26,2027-01-29,Winter,Business,3,Bus-4,BUSINESS FLEXIBLE,Business Flex,+421.75 USD,3814.22,USD,Ubfly,BUSFLEX-BUSFLEX-BUSFLEX,1 personal item; Business class seat with private partition; Change without penalty before flight; Snack; Journal & Newspaper; Privileged check-in; In-flight entertainment,Included,Included,Included,Included,Included,Included,Included,Included,Included,Unknown,Unknown,Unknown,Unknown,Unknown,Unknown,Unknown,Yes,,,2026-07-28T07:01:31+00:00,success,0
AI,DEL,SFO,DEL,IN,SFO,US,2027-04-19,2027-04-22,Summer,Economy,0,Eco-1,ECOVALU,Economy — ECOVALU,0.00 USD,718.67,USD,Ubfly,ECOVALU,,Included,Included,Included,Paid,Unknown,Unknown,Unknown,Not Included,Paid,Unknown,Unknown,Unknown,Unknown,Unknown,Unknown,Unknown,,,,2026-07-28T07:01:31+00:00,partial,0
AI,DEL,SFO,DEL,IN,SFO,US,2027-04-19,2027-04-22,Summer,Economy,1,Eco-2,ECOCLAS,Economy — ECOCLAS,+83.84 USD,802.51,USD,Ubfly,ECOCLAS,,Included,Included,Included,Paid,Unknown,Unknown,Unknown,Paid,Paid,Unknown,Unknown,Unknown,Unknown,Unknown,Unknown,Unknown,,,,2026-07-28T07:01:31+00:00,partial,0
AI,DEL,SFO,DEL,IN,SFO,US,2027-04-19,2027-04-22,Summer,Economy,2,Eco-3,ECOFLX,Economy — ECOFLX,+263.31 USD,981.98,USD,Ubfly,ECOFLX,Change with Penalty,Included,Included,Included,Paid,Unknown,Unknown,Unknown,Paid,Included,Unknown,Unknown,Unknown,Unknown,Unknown,Unknown,Unknown,,,,2026-07-28T07:01:31+00:00,partial,0
AI,DEL,SFO,DEL,IN,SFO,US,2027-04-19,2027-04-22,Summer,Business,0,Bus-1,BUSVALU,Business — BUSVALU,0.00 USD,3566.69,USD,Ubfly,BUSVALU,,Included,Included,Included,Paid,Unknown,Unknown,Unknown,Paid,Paid,Unknown,Unknown,Unknown,Unknown,Unknown,Unknown,Unknown,,,,2026-07-28T07:01:31+00:00,partial,0
AI,DEL,SFO,DEL,IN,SFO,US,2027-04-19,2027-04-22,Summer,Business,1,Bus-2,BUSFLX,Business — BUSFLX,+244.45 USD,3811.14,USD,Ubfly,BUSFLX,Change with Penalty,Included,Included,Included,Paid,Unknown,Unknown,Unknown,Paid,Included,Unknown,Unknown,Unknown,Unknown,Unknown,Unknown,Unknown,,,,2026-07-28T07:01:31+00:00,partial,0
AI,DEL,SFO,DEL,IN,SFO,US,2027-03-07,2027-03-10,Winter,Economy,0,Eco-1,Standard,Economy Standard,0.00 USD,1377.1,USD,Ubfly,TG-TG-TG,POINT ACCRUAL(F),Included,Included,Unknown,Included,Unknown,Unknown,Unknown,Unknown,Unknown,Unknown,Unknown,Unknown,Unknown,Unknown,Unknown,Unknown,,,,2026-07-28T07:01:31+00:00,success,0
AI,DEL,SFO,DEL,IN,SFO,US,2027-03-07,2027-03-10,Winter,Economy,1,Eco-2,Flexible,Economy Flex,+113.04 USD,1490.14,USD,Ubfly,FL-FL-FL,POINT ACCRUAL(F),Included,Included,Included,Included,Unknown,Unknown,Unknown,Unknown,Unknown,Unknown,Unknown,Unknown,Unknown,Unknown,Unknown,Unknown,,,,2026-07-28T07:01:31+00:00,success,0
AI,DEL,SFO,DEL,IN,SFO,US,2027-03-07,2027-03-10,Winter,Economy,2,Eco-3,Comfort,Economy Comfort,+242.59 USD,1619.69,USD,Ubfly,CO-CO-CO,Change with Penalty; Uninterrupted return (up to the last 12 hours); POINT ACCRUAL(F); Privileged check-in,Included,Included,Included,Included,Unknown,Unknown,Unknown,Unknown,Unknown,Unknown,Unknown,Included,Unknown,Unknown,Unknown,Unknown,,,,2026-07-28T07:01:31+00:00,success,0
AI,DEL,SFO,DEL,IN,SFO,US,2027-03-07,2027-03-10,Winter,Economy,3,Eco-4,Latitude,Economy — Latitude,"+2,264.19 USD",3641.29,USD,Ubfly,LT-LT-LT,Change with Penalty; Uninterrupted return (up to the last 12 hours); Privileged check-in; POINT ACCRUAL(F),Included,Included,Included,Included,Unknown,Unknown,Unknown,Unknown,Unknown,Unknown,Unknown,Included,Unknown,Unknown,Unknown,Unknown,,,,2026-07-28T07:01:31+00:00,success,0
AI,DEL,SFO,DEL,IN,SFO,US,2027-03-07,2027-03-10,Winter,Business,0,Bus-1,BUSCMFT,Business — BUSCMFT,0.00 USD,8872.38,USD,Ubfly,BUSCMFT-BUSCMFT-BUSCMFT,In-flight entertainment; Privileged check-in; Snack; Journal & Newspaper; 1 personal item,Included,Included,Included,Included,Included,Included,Included,Unknown,Unknown,Unknown,Unknown,Unknown,Unknown,Unknown,Unknown,Unknown,Yes,,,2026-07-28T07:01:31+00:00,success,0
AI,DEL,SFO,DEL,IN,SFO,US,2027-03-07,2027-03-10,Winter,Business,1,Bus-2,BUSCMFTPLS,Business — BUSCMFTPLS,+164.30 USD,9036.68,USD,Ubfly,BUSCMFTPLS-BUSCMFTPLS-BUSCMFTPLS,1 personal item; Snack; Journal & Newspaper; Privileged check-in; In-flight entertainment,Included,Included,Included,Included,Included,Included,Included,Unknown,Unknown,Unknown,Unknown,Unknown,Unknown,Unknown,Unknown,Unknown,Yes,,,2026-07-28T07:01:31+00:00,success,0
AI,DEL,SFO,DEL,IN,SFO,US,2027-03-07,2027-03-10,Winter,Business,2,Bus-3,BUSINESS FLEXIBLE,Business Flex,+421.78 USD,9294.16,USD,Ubfly,BUSFLEX-BUSFLEX-BUSFLEX,1 personal item; Business class seat with private partition; Change without penalty before flight; Snack; Journal & Newspaper; Privileged check-in; In-flight entertainment,Included,Included,Included,Included,Included,Included,Included,Included,Included,Unknown,Unknown,Unknown,Unknown,Unknown,Unknown,Unknown,Yes,,,2026-07-28T07:01:31+00:00,success,0
EK,DEL,SFO,DEL,IN,SFO,US,2027-04-19,2027-04-22,Summer,Economy,0,Eco-1,Economy Saver,Economy Basic,0.00 USD,757.64,USD,Ubfly,YP-a676baf7602c4832a1c957d167494c48,• Hot and cold refreshments; • ICE entertainment; • Mileage upgrade eligibility at time of check-in; Economy Cabin,Included,Included,Paid,Included,Unknown,Unknown,Unknown,Included,Not Included,Unknown,Unknown,Unknown,Included,Unknown,Unknown,Unknown,Yes,2400.0,,2026-07-28T07:01:31+00:00,success,0
EK,DEL,SFO,DEL,IN,SFO,US,2027-04-19,2027-04-22,Summer,Economy,1,Eco-2,Economy Flex,Economy Flex,+308.24 USD,1065.88,USD,Ubfly,YS-740bf4b0d0e64e958df48d2b28905ca4,• Hot and cold refreshments; • ICE entertainment; • Mileage upgrade eligibility; Economy Cabin,Included,Included,Included,Included,Unknown,Unknown,Unknown,Included,Not Included,Unknown,Unknown,Unknown,Included,Unknown,Unknown,Unknown,Yes,6000.0,,2026-07-28T07:01:31+00:00,success,0
EK,DEL,SFO,DEL,IN,SFO,US,2027-04-19,2027-04-22,Summer,Economy,2,Eco-3,Economy Flex Plus,Economy Comfort,"+1,229.11 USD",1986.75,USD,Ubfly,YF-72f256ac533e472fbc258e6826dfd5b5,• Hot and cold refreshments; • ICE entertainment; • Mileage upgrade eligibility; Economy Cabin,Included,Included,Included,Included,Unknown,Unknown,Unknown,Not Included,Not Included,Unknown,Unknown,Unknown,Included,Unknown,Unknown,Unknown,Yes,8000.0,,2026-07-28T07:01:31+00:00,success,0
EK,DEL,SFO,DEL,IN,SFO,US,2027-04-19,2027-04-22,Summer,Premium Economy,0,PEco-1,Premium Economy FlexPlus,Premium Economy Comfort,"+1,525.47 USD",2283.11,USD,Ubfly,WF-2170ff9a121041dca8ea05ce0a360230,• Hot and cold refreshments; • ICE entertainment; • Mileage upgrade eligibility; • Exclusive Premium Economy Class dining; Premium Economy Cabin,Included,Included,Included,Unknown,Unknown,Unknown,Unknown,Not Included,Not Included,Unknown,Unknown,Unknown,Included,Unknown,Unknown,Unknown,Yes,8800.0,,2026-07-28T07:01:31+00:00,success,0
EK,DEL,SFO,DEL,IN,SFO,US,2027-04-19,2027-04-22,Summer,Business,0,Bus-1,BSSAVER,Business Basic,0.00 USD,3306.72,USD,Ubfly,BSSAVER-BSSAVER,Soft drink; Premium check-in; In-flight entertainment; Chauffeur Drive; Internet Access,Included,Included,Included,Included,Included,Included,Included,Not Included,Paid,Unknown,Unknown,Unknown,Unknown,Unknown,Unknown,Unknown,Yes,,,2026-07-28T07:01:31+00:00,success,0
EK,DEL,SFO,DEL,IN,SFO,US,2027-04-19,2027-04-22,Summer,Business,1,Bus-2,BSFLEX,Business Flex,+732.91 USD,4039.63,USD,Ubfly,BSFLEX-BSFLEX,Premium check-in; Soft drink; In-flight entertainment; Chauffeur Drive; Internet Access,Included,Included,Included,Included,Included,Included,Included,Paid,Paid,Unknown,Unknown,Unknown,Unknown,Unknown,Unknown,Unknown,Yes,,175.0,2026-07-28T07:01:31+00:00,success,0
EK,DEL,SFO,DEL,IN,SFO,US,2027-04-19,2027-04-22,Summer,Business,2,Bus-3,BSFLXPLUS,Business Comfort,"+2,142.57 USD",5449.29,USD,Ubfly,BSFLXPLUS-BSFLXPLUS,Premium check-in; Soft drink; In-flight entertainment; Chauffeur Drive; Internet Access; Uninterrupted return (up to the last 12 hours); Change with Penalty,Included,Included,Included,Included,Included,Included,Included,Included,Included,Unknown,Unknown,Unknown,Unknown,Unknown,Unknown,Unknown,Yes,,190.0,2026-07-28T07:01:31+00:00,success,0
EK,DEL,SFO,DEL,IN,SFO,US,2027-03-07,2027-03-10,Winter,Economy,0,Eco-1,Economy Saver,Economy Basic,0.00 USD,782.31,USD,Ubfly,YP-db8f2b03efa146908f7742a4a3350fc9,• Hot and cold refreshments; • ICE entertainment; • Mileage upgrade eligibility at time of check-in; Economy Cabin,Included,Included,Paid,Included,Unknown,Unknown,Unknown,Included,Not Included,Unknown,Unknown,Unknown,Included,Unknown,Unknown,Unknown,Yes,2400.0,,2026-07-28T07:01:31+00:00,success,0
EK,DEL,SFO,DEL,IN,SFO,US,2027-03-07,2027-03-10,Winter,Economy,1,Eco-2,Economy Flex,Economy Flex,+308.31 USD,1090.62,USD,Ubfly,YS-31195d0c7f4b4d74982e10c0a1f270a5,• Hot and cold refreshments; • ICE entertainment; • Mileage upgrade eligibility; Economy Cabin,Included,Included,Included,Included,Unknown,Unknown,Unknown,Included,Not Included,Unknown,Unknown,Unknown,Included,Unknown,Unknown,Unknown,Yes,6000.0,,2026-07-28T07:01:31+00:00,success,0
EK,DEL,SFO,DEL,IN,SFO,US,2027-03-07,2027-03-10,Winter,Economy,2,Eco-3,Economy Flex Plus,Economy Comfort,"+1,229.20 USD",2011.51,USD,Ubfly,YF-041e723918384f60aa1b9d85d4ae3840,• Hot and cold refreshments; • ICE entertainment; • Mileage upgrade eligibility; Economy Cabin,Included,Included,Included,Included,Unknown,Unknown,Unknown,Not Included,Not Included,Unknown,Unknown,Unknown,Included,Unknown,Unknown,Unknown,Yes,8000.0,,2026-07-28T07:01:31+00:00,success,0
EK,DEL,SFO,DEL,IN,SFO,US,2027-03-07,2027-03-10,Winter,Premium Economy,0,PEco-1,Premium Economy FlexPlus,Premium Economy Comfort,"+1,528.62 USD",2310.93,USD,Ubfly,WF-322e424e91644ffe954be98cef37fa1e,• Hot and cold refreshments; • ICE entertainment; • Mileage upgrade eligibility; • Exclusive Premium Economy Class dining; Premium Economy Cabin,Included,Included,Included,Unknown,Unknown,Unknown,Unknown,Not Included,Not Included,Unknown,Unknown,Unknown,Included,Unknown,Unknown,Unknown,Yes,8800.0,,2026-07-28T07:01:31+00:00,success,0
EK,DEL,SFO,DEL,IN,SFO,US,2027-03-07,2027-03-10,Winter,Business,0,Bus-1,BSFLEX,Business Flex,0.00 USD,4039.64,USD,Ubfly,BSFLEX-BSFLEX,Soft drink; Premium check-in; In-flight entertainment; Chauffeur Drive; Internet Access,Included,Included,Included,Included,Included,Included,Included,Paid,Paid,Unknown,Unknown,Unknown,Unknown,Unknown,Unknown,Unknown,Yes,,175.0,2026-07-28T07:01:31+00:00,success,0
EK,DEL,SFO,DEL,IN,SFO,US,2027-03-07,2027-03-10,Winter,Business,1,Bus-2,BSFLXPLUS,Business Comfort,"+1,409.66 USD",5449.3,USD,Ubfly,BSFLXPLUS-BSFLXPLUS,Premium check-in; Soft drink; In-flight entertainment; Chauffeur Drive; Internet Access; Uninterrupted return (up to the last 12 hours); Change with Penalty,Included,Included,Included,Included,Included,Included,Included,Included,Included,Unknown,Unknown,Unknown,Unknown,Unknown,Unknown,Unknown,Yes,,190.0,2026-07-28T07:01:31+00:00,success,0
TK,DEL,SFO,DEL,IN,SFO,US,2027-04-19,2027-04-22,Summer,Economy,0,Eco-1,Restricted,Economy — Restricted,0 USD,970.83,USD,Enuygun,bff_0,,Included,Included,Unknown,Included,Unknown,Unknown,Unknown,Paid,Paid,Unknown,Unknown,Unknown,Unknown,Unknown,Unknown,Unknown,,,,2026-07-28T07:01:31+00:00,partial,0
TK,DEL,SFO,DEL,IN,SFO,US,2027-04-19,2027-04-22,Summer,Economy,1,Eco-2,Flexible,Economy Flex,+603.93 USD,1574.76,USD,Enuygun,bff_1,,Included,Included,Unknown,Included,Unknown,Unknown,Unknown,Included,Included,Unknown,Unknown,Unknown,Unknown,Unknown,Unknown,Unknown,,,,2026-07-28T07:01:31+00:00,partial,0
TK,DEL,SFO,DEL,IN,SFO,US,2027-04-19,2027-04-22,Summer,Business,0,Bus-1,BX,Business — BX,0.00 USD,4263.13,USD,Ubfly,BX-043c313abaac464b9568a58d86e0e67d,BAG INCLUDED; Priority Check-In,Included,Included,Unknown,Included,Included,Included,Included,Paid,Paid,Unknown,Unknown,Unknown,Included,Unknown,Unknown,Unknown,,,,2026-07-28T07:01:31+00:00,partial,0
TK,DEL,SFO,DEL,IN,SFO,US,2027-04-19,2027-04-22,Summer,Business,1,Bus-2,BB,Business — BB,"+1,092.82 USD",5355.95,USD,Ubfly,BB-55f899baec714353985184796a3196b4,BAG INCLUDED; Priority Check-In,Included,Included,Unknown,Included,Included,Included,Included,Included,Included,Unknown,Unknown,Unknown,Included,Unknown,Unknown,Unknown,,,,2026-07-28T07:01:31+00:00,partial,0
TK,DEL,SFO,DEL,IN,SFO,US,2027-03-07,2027-03-10,Winter,Economy,0,Eco-1,SEMI FLEXIBLE,Economy Flex,0.00 USD,1021.24,USD,Ubfly,RS-c6d1aa82cb6b427e9f5364255939552f,Online Message Verification,Included,Included,Unknown,Included,Unknown,Unknown,Unknown,Included,Included,Unknown,Unknown,Unknown,Unknown,Unknown,Unknown,Unknown,,,,2026-07-28T07:01:31+00:00,partial,0
TK,DEL,SFO,DEL,IN,SFO,US,2027-03-07,2027-03-10,Winter,Economy,1,Eco-2,FLEXIBLE,Economy Flex,+146.47 USD,1167.71,USD,Ubfly,FX-a685b0ade21f4a359acd50b3314beb36,Online Message Verification,Included,Included,Unknown,Included,Unknown,Unknown,Unknown,Unknown,Unknown,Unknown,Unknown,Unknown,Unknown,Unknown,Unknown,Unknown,,,,2026-07-28T07:01:31+00:00,partial,0
CX,DEL,SFO,DEL,IN,SFO,US,2027-04-19,2027-04-22,Summer,Economy,0,Eco-1,Economy Light,Economy Lite,0 USD,1003.65,USD,Enuygun,bff_0,,Included,Included,Unknown,Included,Unknown,Unknown,Unknown,Paid,Paid,Unknown,Unknown,Unknown,Unknown,Unknown,Unknown,Unknown,,,,2026-07-28T07:01:31+00:00,partial,0
CX,DEL,SFO,DEL,IN,SFO,US,2027-04-19,2027-04-22,Summer,Economy,1,Eco-2,Economy Essential,Economy — Economy Essential,+140.18 USD,1143.83,USD,Enuygun,bff_1,,Included,Included,Unknown,Included,Unknown,Unknown,Unknown,Paid,Paid,Unknown,Unknown,Unknown,Unknown,Unknown,Unknown,Unknown,,,,2026-07-28T07:01:31+00:00,partial,0
CX,DEL,SFO,DEL,IN,SFO,US,2027-04-19,2027-04-22,Summer,Economy,2,Eco-3,Economy Flex,Economy Flex,+283.49 USD,1287.15,USD,Enuygun,bff_2,,Included,Included,Unknown,Included,Unknown,Unknown,Unknown,Paid,Included,Unknown,Unknown,Unknown,Unknown,Unknown,Unknown,Unknown,,,,2026-07-28T07:01:31+00:00,partial,0
CX,DEL,SFO,DEL,IN,SFO,US,2027-04-19,2027-04-22,Summer,Business,0,Bus-1,BUSINESS ESSENTIAL,Business — BUSINESS ESSENTIAL,0 USD,3835.0,USD,Enuygun,bff_0,,Included,Included,Unknown,Unknown,Unknown,Unknown,Unknown,Paid,Paid,Unknown,Unknown,Unknown,Unknown,Unknown,Unknown,Unknown,,,,2026-07-28T07:01:31+00:00,partial,0
CX,DEL,SFO,DEL,IN,SFO,US,2027-04-19,2027-04-22,Summer,Business,1,Bus-2,BUSINESS FLEX,Business Flex,+2605.84 USD,6440.85,USD,Enuygun,bff_1,,Included,Included,Unknown,Unknown,Unknown,Unknown,Unknown,Paid,Included,Unknown,Unknown,Unknown,Unknown,Unknown,Unknown,Unknown,,,,2026-07-28T07:01:31+00:00,partial,0
CX,DEL,SFO,DEL,IN,SFO,US,2027-03-07,2027-03-10,Winter,Economy,0,Eco-1,Economy Light,Economy Lite,0 USD,1189.91,USD,Enuygun,bff_0,,Included,Included,Unknown,Included,Unknown,Unknown,Unknown,Paid,Paid,Unknown,Unknown,Unknown,Unknown,Unknown,Unknown,Unknown,,,,2026-07-28T07:01:31+00:00,partial,0
CX,DEL,SFO,DEL,IN,SFO,US,2027-03-07,2027-03-10,Winter,Economy,1,Eco-2,Economy Essential,Economy — Economy Essential,+123.57 USD,1313.48,USD,Enuygun,bff_1,,Included,Included,Unknown,Included,Unknown,Unknown,Unknown,Paid,Paid,Unknown,Unknown,Unknown,Unknown,Unknown,Unknown,Unknown,,,,2026-07-28T07:01:31+00:00,partial,0
CX,DEL,SFO,DEL,IN,SFO,US,2027-03-07,2027-03-10,Winter,Economy,2,Eco-3,Economy Flex,Economy Flex,+266.88 USD,1456.8,USD,Enuygun,bff_2,,Included,Included,Unknown,Included,Unknown,Unknown,Unknown,Paid,Included,Unknown,Unknown,Unknown,Unknown,Unknown,Unknown,Unknown,,,,2026-07-28T07:01:31+00:00,partial,0
CX,DEL,SFO,DEL,IN,SFO,US,2027-03-07,2027-03-10,Winter,Business,0,Bus-1,Business Light,Business Lite,0 USD,2798.8,USD,Enuygun,bff_0,priority_check_in: Öncelikli Check-in,Included,Included,Unknown,Included,Included,Unknown,Unknown,Paid,Paid,Unknown,Unknown,Unknown,Unknown,Unknown,Unknown,Unknown,,,,2026-07-28T07:01:31+00:00,partial,0
CX,DEL,SFO,DEL,IN,SFO,US,2027-03-07,2027-03-10,Winter,Business,1,Bus-2,Business Essential,Business — Business Essential,+899.64 USD,3698.44,USD,Enuygun,bff_1,priority_check_in: Öncelikli Check-in,Included,Included,Unknown,Included,Included,Unknown,Unknown,Paid,Paid,Unknown,Unknown,Unknown,Unknown,Unknown,Unknown,Unknown,,,,2026-07-28T07:01:31+00:00,partial,0
CX,DEL,SFO,DEL,IN,SFO,US,2027-03-07,2027-03-10,Winter,Business,2,Bus-3,Business Flex,Business Flex,+3360.83 USD,6159.64,USD,Enuygun,bff_2,priority_check_in: Öncelikli Check-in,Included,Included,Unknown,Included,Included,Unknown,Unknown,Paid,Included,Unknown,Unknown,Unknown,Unknown,Unknown,Unknown,Unknown,,,,2026-07-28T07:01:31+00:00,partial,0
CX,HKG,JFK,HKG,HK,NYC,US,2026-08-19,2026-08-22,Summer,Economy,0,Eco-1,ECOCMFT,Economy — ECOCMFT,0.00 USD,1748.87,USD,Ubfly,ECOCMFT-ECOCMFT,In-flight entertainment; 1 personal item,Included,Included,Unknown,Included,Unknown,Unknown,Unknown,Unknown,Unknown,Unknown,Unknown,Unknown,Unknown,Unknown,Unknown,Unknown,Yes,,,2026-07-28T07:01:31+00:00,success,0
CX,HKG,JFK,HKG,HK,NYC,US,2026-08-19,2026-08-22,Summer,Economy,1,Eco-2,ECOCMFTPLS,Economy — ECOCMFTPLS,+85.30 USD,1834.17,USD,Ubfly,ECOCMFTPLS-ECOCMFTPLS,1 personal item; In-flight entertainment,Included,Included,Unknown,Included,Unknown,Unknown,Unknown,Unknown,Unknown,Unknown,Unknown,Unknown,Unknown,Unknown,Unknown,Unknown,Yes,,,2026-07-28T07:01:31+00:00,success,0
CX,HKG,JFK,HKG,HK,NYC,US,2026-08-19,2026-08-22,Summer,Economy,2,Eco-3,ECOFLEX,Economy Flex,+169.34 USD,1918.21,USD,Ubfly,ECOFLEX-ECOFLEX,1 personal item; In-flight entertainment,Included,Included,Included,Included,Unknown,Unknown,Unknown,Unknown,Unknown,Unknown,Unknown,Unknown,Unknown,Unknown,Unknown,Unknown,Yes,,,2026-07-28T07:01:31+00:00,success,0
CX,HKG,JFK,HKG,HK,NYC,US,2026-08-19,2026-08-22,Summer,Economy,3,Eco-4,PRECMFT,Economy — PRECMFT,+667.15 USD,2416.02,USD,Ubfly,PRECMFT-PRECMFT,1 personal item; In-flight entertainment,Included,Included,Unknown,Included,Unknown,Unknown,Unknown,Unknown,Unknown,Unknown,Unknown,Unknown,Unknown,Unknown,Unknown,Unknown,Yes,,,2026-07-28T07:01:31+00:00,success,0
CX,HKG,JFK,HKG,HK,NYC,US,2026-08-19,2026-08-22,Summer,Economy,4,Eco-5,PRECMFTPLS,Economy — PRECMFTPLS,+766.47 USD,2515.34,USD,Ubfly,PRECMFTPLS-PRECMFTPLS,1 personal item; In-flight entertainment,Included,Included,Unknown,Included,Unknown,Unknown,Unknown,Unknown,Unknown,Unknown,Unknown,Unknown,Unknown,Unknown,Unknown,Unknown,Yes,,,2026-07-28T07:01:31+00:00,success,0
CX,HKG,JFK,HKG,HK,NYC,US,2026-08-19,2026-08-22,Summer,Economy,5,Eco-6,PREFLEX,Economy Flex,+863.23 USD,2612.1,USD,Ubfly,PREFLEX-PREFLEX,1 personal item; In-flight entertainment,Included,Included,Included,Included,Unknown,Unknown,Unknown,Unknown,Unknown,Unknown,Unknown,Unknown,Unknown,Unknown,Unknown,Unknown,Yes,,,2026-07-28T07:01:31+00:00,success,0
CX,HKG,JFK,HKG,HK,NYC,US,2026-08-19,2026-08-22,Summer,Business,0,Bus-1,BUSCMFT,Business — BUSCMFT,0.00 USD,7446.6,USD,Ubfly,BUSCMFT-BUSCMFT,In-flight entertainment; Snack; Privileged check-in; 1 personal item; Journal & Newspaper,Included,Included,Included,Included,Included,Included,Included,Unknown,Unknown,Unknown,Unknown,Unknown,Unknown,Unknown,Unknown,Unknown,Yes,,,2026-07-28T07:01:31+00:00,success,0
CX,HKG,JFK,HKG,HK,NYC,US,2026-08-19,2026-08-22,Summer,Business,1,Bus-2,BUSCMFTPLS,Business — BUSCMFTPLS,+142.59 USD,7589.19,USD,Ubfly,BUSCMFTPLS-BUSCMFTPLS,1 personal item; Snack; Journal & Newspaper; Privileged check-in; In-flight entertainment,Included,Included,Included,Included,Included,Included,Included,Unknown,Unknown,Unknown,Unknown,Unknown,Unknown,Unknown,Unknown,Unknown,Yes,,,2026-07-28T07:01:31+00:00,success,0
CX,HKG,JFK,HKG,HK,NYC,US,2026-08-19,2026-08-22,Summer,Business,2,Bus-3,BUSINESS FLEXIBLE,Business Flex,+285.18 USD,7731.78,USD,Ubfly,BUSFLEX-BUSFLEX,1 personal item; Business class seat with private partition; Snack; Journal & Newspaper; Privileged check-in; In-flight entertainment,Included,Included,Included,Included,Included,Included,Included,Included,Included,Unknown,Unknown,Unknown,Unknown,Unknown,Unknown,Unknown,Yes,,,2026-07-28T07:01:31+00:00,success,0
CX,HKG,JFK,HKG,HK,NYC,US,2027-01-22,2027-01-25,Winter,Economy,0,Eco-1,ECOCMFT,Economy — ECOCMFT,0.00 USD,1161.37,USD,Ubfly,ECOCMFT-ECOCMFT,In-flight entertainment; 1 personal item,Included,Included,Unknown,Included,Unknown,Unknown,Unknown,Unknown,Unknown,Unknown,Unknown,Unknown,Unknown,Unknown,Unknown,Unknown,Yes,,,2026-07-28T07:01:31+00:00,success,0
CX,HKG,JFK,HKG,HK,NYC,US,2027-01-22,2027-01-25,Winter,Economy,1,Eco-2,ECOCMFTPLS,Economy — ECOCMFTPLS,+85.30 USD,1246.67,USD,Ubfly,ECOCMFTPLS-ECOCMFTPLS,1 personal item; In-flight entertainment,Included,Included,Unknown,Included,Unknown,Unknown,Unknown,Unknown,Unknown,Unknown,Unknown,Unknown,Unknown,Unknown,Unknown,Unknown,Yes,,,2026-07-28T07:01:31+00:00,success,0
CX,HKG,JFK,HKG,HK,NYC,US,2027-01-22,2027-01-25,Winter,Economy,2,Eco-3,ECOFLEX,Economy Flex,+169.34 USD,1330.71,USD,Ubfly,ECOFLEX-ECOFLEX,1 personal item; In-flight entertainment,Included,Included,Included,Included,Unknown,Unknown,Unknown,Unknown,Unknown,Unknown,Unknown,Unknown,Unknown,Unknown,Unknown,Unknown,Yes,,,2026-07-28T07:01:31+00:00,success,0
CX,HKG,JFK,HKG,HK,NYC,US,2027-01-22,2027-01-25,Winter,Economy,3,Eco-4,PRECMFT,Economy — PRECMFT,"+1,255.36 USD",2416.73,USD,Ubfly,PRECMFT-PRECMFT,1 personal item; In-flight entertainment,Included,Included,Unknown,Included,Unknown,Unknown,Unknown,Unknown,Unknown,Unknown,Unknown,Unknown,Unknown,Unknown,Unknown,Unknown,Yes,,,2026-07-28T07:01:31+00:00,success,0
CX,HKG,JFK,HKG,HK,NYC,US,2027-01-22,2027-01-25,Winter,Economy,4,Eco-5,PRECMFTPLS,Economy — PRECMFTPLS,"+1,354.67 USD",2516.04,USD,Ubfly,PRECMFTPLS-PRECMFTPLS,1 personal item; In-flight entertainment,Included,Included,Unknown,Included,Unknown,Unknown,Unknown,Unknown,Unknown,Unknown,Unknown,Unknown,Unknown,Unknown,Unknown,Unknown,Yes,,,2026-07-28T07:01:31+00:00,success,0
CX,HKG,JFK,HKG,HK,NYC,US,2027-01-22,2027-01-25,Winter,Economy,5,Eco-6,PREFLEX,Economy Flex,"+1,451.44 USD",2612.81,USD,Ubfly,PREFLEX-PREFLEX,1 personal item; In-flight entertainment,Included,Included,Included,Included,Unknown,Unknown,Unknown,Unknown,Unknown,Unknown,Unknown,Unknown,Unknown,Unknown,Unknown,Unknown,Yes,,,2026-07-28T07:01:31+00:00,success,0
CX,HKG,JFK,HKG,HK,NYC,US,2027-01-22,2027-01-25,Winter,Business,0,Bus-1,BUSCMFT,Business — BUSCMFT,0.00 USD,5635.7,USD,Ubfly,BUSCMFT-BUSCMFT,In-flight entertainment; Snack; Privileged check-in; 1 personal item; Journal & Newspaper,Included,Included,Included,Included,Included,Included,Included,Paid,Paid,Unknown,Unknown,Unknown,Unknown,Unknown,Unknown,Unknown,Yes,,,2026-07-28T07:01:31+00:00,success,0
CX,HKG,JFK,HKG,HK,NYC,US,2027-01-22,2027-01-25,Winter,Business,1,Bus-2,BUSCMFTPLS,Business — BUSCMFTPLS,+142.59 USD,5778.29,USD,Ubfly,BUSCMFTPLS-BUSCMFTPLS,1 personal item; Snack; Journal & Newspaper; Privileged check-in; In-flight entertainment,Included,Included,Included,Included,Included,Included,Included,Paid,Paid,Unknown,Unknown,Unknown,Unknown,Unknown,Unknown,Unknown,Yes,,,2026-07-28T07:01:31+00:00,success,0
CX,HKG,JFK,HKG,HK,NYC,US,2027-01-22,2027-01-25,Winter,Business,2,Bus-3,BUSINESS FLEXIBLE,Business Flex,+285.18 USD,5920.88,USD,Ubfly,BUSFLEX-BUSFLEX,1 personal item; Business class seat with private partition; Snack; Journal & Newspaper; Privileged check-in; In-flight entertainment,Included,Included,Included,Included,Included,Included,Included,Included,Included,Unknown,Unknown,Unknown,Unknown,Unknown,Unknown,Unknown,Yes,,,2026-07-28T07:01:31+00:00,success,0
BR,HKG,JFK,HKG,HK,NYC,US,2026-08-19,2026-08-22,Summer,Economy,0,Eco-1,ECONOMY STANDARD,Economy Standard,0 USD,1601.5,USD,Enuygun,bff_0,,Unknown,Included,Unknown,Unknown,Unknown,Unknown,Unknown,Paid,Paid,Unknown,Unknown,Unknown,Unknown,Unknown,Unknown,Unknown,,,,2026-07-28T07:01:31+00:00,partial,0
BR,HKG,JFK,HKG,HK,NYC,US,2026-08-19,2026-08-22,Summer,Economy,1,Eco-2,ECONOMY UP,Economy — ECONOMY UP,+342.73 USD,1944.24,USD,Enuygun,bff_1,,Unknown,Included,Unknown,Unknown,Unknown,Unknown,Unknown,Paid,Unknown,Unknown,Unknown,Unknown,Unknown,Unknown,Unknown,Unknown,,,,2026-07-28T07:01:31+00:00,partial,0
BR,HKG,JFK,HKG,HK,NYC,US,2026-08-19,2026-08-22,Summer,Business,0,Bus-1,BUSINESS STANDARD,Business Standard,0 USD,5698.94,USD,Enuygun,bff_0,,Unknown,Included,Unknown,Unknown,Unknown,Unknown,Unknown,Paid,Paid,Unknown,Unknown,Unknown,Unknown,Unknown,Unknown,Unknown,,,,2026-07-28T07:01:31+00:00,partial,0
BR,HKG,JFK,HKG,HK,NYC,US,2026-08-19,2026-08-22,Summer,Business,1,Bus-2,BUSINESS UP,Business — BUSINESS UP,+1329.71 USD,7028.64,USD,Enuygun,bff_1,,Unknown,Included,Unknown,Unknown,Unknown,Unknown,Unknown,Paid,Unknown,Unknown,Unknown,Unknown,Unknown,Unknown,Unknown,Unknown,,,,2026-07-28T07:01:31+00:00,partial,0
BR,HKG,JFK,HKG,HK,NYC,US,2027-01-22,2027-01-25,Winter,Economy,0,Eco-1,Economy Basic,Economy Basic,0 USD,747.38,USD,Enuygun,bff_0,entertainment: Uçak İçi Eğlence,Included,Included,Unknown,Included,Unknown,Unknown,Unknown,Paid,Paid,Unknown,Unknown,Unknown,Unknown,Unknown,Unknown,Unknown,,,,2026-07-28T07:01:31+00:00,partial,0
BR,HKG,JFK,HKG,HK,NYC,US,2027-01-22,2027-01-25,Winter,Economy,1,Eco-2,Economy Standard,Economy Standard,+373.88 USD,1121.26,USD,Enuygun,bff_1,entertainment: Uçak İçi Eğlence,Included,Included,Unknown,Included,Unknown,Unknown,Unknown,Paid,Paid,Unknown,Unknown,Unknown,Unknown,Unknown,Unknown,Unknown,,,,2026-07-28T07:01:31+00:00,partial,0
BR,HKG,JFK,HKG,HK,NYC,US,2027-01-22,2027-01-25,Winter,Economy,2,Eco-3,Economy Up,Economy — Economy Up,+974.61 USD,1721.99,USD,Enuygun,bff_2,entertainment: Uçak İçi Eğlence,Included,Included,Unknown,Included,Unknown,Unknown,Unknown,Paid,Included,Unknown,Unknown,Unknown,Unknown,Unknown,Unknown,Unknown,,,,2026-07-28T07:01:31+00:00,partial,0
BR,HKG,JFK,HKG,HK,NYC,US,2027-01-22,2027-01-25,Winter,Business,0,Bus-1,Business Basic,Business Basic,0 USD,4141.2,USD,Enuygun,bff_0,entertainment: Uçak İçi Eğlence,Included,Included,Unknown,Included,Unknown,Unknown,Unknown,Paid,Paid,Unknown,Unknown,Unknown,Unknown,Unknown,Unknown,Unknown,,,,2026-07-28T07:01:31+00:00,partial,0
BR,HKG,JFK,HKG,HK,NYC,US,2027-01-22,2027-01-25,Winter,Business,1,Bus-2,Business Standard,Business Standard,+1155.26 USD,5296.46,USD,Enuygun,bff_1,entertainment: Uçak İçi Eğlence,Included,Included,Unknown,Included,Unknown,Unknown,Unknown,Paid,Paid,Unknown,Unknown,Unknown,Unknown,Unknown,Unknown,Unknown,,,,2026-07-28T07:01:31+00:00,partial,0
BR,HKG,JFK,HKG,HK,NYC,US,2027-01-22,2027-01-25,Winter,Business,2,Bus-3,Business Up,Business — Business Up,+2526.15 USD,6667.36,USD,Enuygun,bff_2,entertainment: Uçak İçi Eğlence,Included,Included,Unknown,Included,Unknown,Unknown,Unknown,Paid,Included,Unknown,Unknown,Unknown,Unknown,Unknown,Unknown,Unknown,,,,2026-07-28T07:01:31+00:00,partial,0
CI,HKG,JFK,HKG,HK,NYC,US,2026-08-19,2026-08-22,Summer,Economy,0,Eco-1,Economy Basic,Economy Basic,0 USD,1128.43,USD,Enuygun,bff_0,entertainment: Uçak İçi Eğlence,Included,Included,Unknown,Included,Unknown,Unknown,Unknown,Paid,Paid,Unknown,Unknown,Unknown,Unknown,Unknown,Unknown,Unknown,,,,2026-07-28T07:01:31+00:00,partial,0
CI,HKG,JFK,HKG,HK,NYC,US,2026-08-19,2026-08-22,Summer,Economy,1,Eco-2,Economy Standard,Economy Standard,+155.44 USD,1283.87,USD,Enuygun,bff_1,entertainment: Uçak İçi Eğlence,Included,Included,Unknown,Included,Unknown,Unknown,Unknown,Paid,Paid,Unknown,Unknown,Unknown,Unknown,Unknown,Unknown,Unknown,,,,2026-07-28T07:01:31+00:00,partial,0
CI,HKG,JFK,HKG,HK,NYC,US,2026-08-19,2026-08-22,Summer,Economy,2,Eco-3,Economy Flex,Economy Flex,+779.91 USD,1908.34,USD,Enuygun,bff_2,entertainment: Uçak İçi Eğlence,Included,Included,Unknown,Included,Unknown,Unknown,Unknown,Paid,Included,Unknown,Unknown,Unknown,Unknown,Unknown,Unknown,Unknown,,,,2026-07-28T07:01:31+00:00,partial,0
CI,HKG,JFK,HKG,HK,NYC,US,2026-08-19,2026-08-22,Summer,Business,0,Bus-1,Business Basic,Business Basic,0 USD,4556.83,USD,Enuygun,bff_0,priority_check_in: Öncelikli Check-in; entertainment: Uçak İçi Eğlence,Included,Included,Unknown,Included,Included,Unknown,Unknown,Paid,Paid,Unknown,Unknown,Unknown,Unknown,Unknown,Unknown,Unknown,,,,2026-07-28T07:01:31+00:00,partial,0
CI,HKG,JFK,HKG,HK,NYC,US,2026-08-19,2026-08-22,Summer,Business,1,Bus-2,Business Standard,Business Standard,+1365.28 USD,5922.1,USD,Enuygun,bff_1,priority_check_in: Öncelikli Check-in; entertainment: Uçak İçi Eğlence,Included,Included,Unknown,Included,Included,Unknown,Unknown,Paid,Paid,Unknown,Unknown,Unknown,Unknown,Unknown,Unknown,Unknown,,,,2026-07-28T07:01:31+00:00,partial,0
CI,HKG,JFK,HKG,HK,NYC,US,2026-08-19,2026-08-22,Summer,Business,2,Bus-3,Business Flex,Business Flex,+2653.56 USD,7210.39,USD,Enuygun,bff_2,priority_check_in: Öncelikli Check-in; entertainment: Uçak İçi Eğlence,Included,Included,Unknown,Included,Included,Unknown,Unknown,Paid,Included,Unknown,Unknown,Unknown,Unknown,Unknown,Unknown,Unknown,,,,2026-07-28T07:01:31+00:00,partial,0
CI,HKG,JFK,HKG,HK,NYC,US,2027-01-22,2027-01-25,Winter,Economy,0,Eco-1,Economy Basic,Economy Basic,0 USD,591.07,USD,Enuygun,bff_0,entertainment: Uçak İçi Eğlence,Included,Included,Unknown,Included,Unknown,Unknown,Unknown,Paid,Paid,Unknown,Unknown,Unknown,Unknown,Unknown,Unknown,Unknown,,,,2026-07-28T07:01:31+00:00,partial,0
CI,HKG,JFK,HKG,HK,NYC,US,2027-01-22,2027-01-25,Winter,Economy,1,Eco-2,Economy Standard,Economy Standard,+615.77 USD,1206.84,USD,Enuygun,bff_1,entertainment: Uçak İçi Eğlence,Included,Included,Unknown,Included,Unknown,Unknown,Unknown,Paid,Paid,Unknown,Unknown,Unknown,Unknown,Unknown,Unknown,Unknown,,,,2026-07-28T07:01:31+00:00,partial,0
CI,HKG,JFK,HKG,HK,NYC,US,2027-01-22,2027-01-25,Winter,Economy,2,Eco-3,Economy Flex,Economy Flex,+1149.23 USD,1740.31,USD,Enuygun,bff_2,entertainment: Uçak İçi Eğlence,Included,Included,Unknown,Included,Unknown,Unknown,Unknown,Paid,Included,Unknown,Unknown,Unknown,Unknown,Unknown,Unknown,Unknown,,,,2026-07-28T07:01:31+00:00,partial,0
CI,HKG,JFK,HKG,HK,NYC,US,2027-01-22,2027-01-25,Winter,Business,0,Bus-1,Business Basic,Business Basic,0 USD,4346.78,USD,Enuygun,bff_0,priority_check_in: Öncelikli Check-in; entertainment: Uçak İçi Eğlence,Included,Included,Unknown,Included,Included,Unknown,Unknown,Paid,Paid,Unknown,Unknown,Unknown,Unknown,Unknown,Unknown,Unknown,,,,2026-07-28T07:01:31+00:00,partial,0
CI,HKG,JFK,HKG,HK,NYC,US,2027-01-22,2027-01-25,Winter,Business,1,Bus-2,Business Standard,Business Standard,+1284.5 USD,5631.28,USD,Enuygun,bff_1,priority_check_in: Öncelikli Check-in; entertainment: Uçak İçi Eğlence,Included,Included,Unknown,Included,Included,Unknown,Unknown,Paid,Paid,Unknown,Unknown,Unknown,Unknown,Unknown,Unknown,Unknown,,,,2026-07-28T07:01:31+00:00,partial,0
CI,HKG,JFK,HKG,HK,NYC,US,2027-01-22,2027-01-25,Winter,Business,2,Bus-3,Business Flex,Business Flex,+2660.96 USD,7007.74,USD,Enuygun,bff_2,priority_check_in: Öncelikli Check-in; entertainment: Uçak İçi Eğlence,Included,Included,Unknown,Included,Included,Unknown,Unknown,Paid,Included,Unknown,Unknown,Unknown,Unknown,Unknown,Unknown,Unknown,,,,2026-07-28T07:01:31+00:00,partial,0
NH,HKG,JFK,HKG,HK,NYC,US,2026-08-19,2026-08-22,Summer,Economy,0,Eco-1,Eco I Value 2C,Economy Basic,0 USD,2450.6,USD,Enuygun,bff_0,,Included,Included,Included,Unknown,Unknown,Unknown,Unknown,Not Included,Paid,Unknown,Unknown,Unknown,Unknown,Unknown,Unknown,Unknown,,,,2026-07-28T07:01:31+00:00,success,0
NH,HKG,JFK,HKG,HK,NYC,US,2026-08-19,2026-08-22,Summer,Economy,1,Eco-2,Eco I Standard 2F,Economy Basic,+70.02 USD,2520.62,USD,Enuygun,bff_1,,Included,Included,Included,Unknown,Unknown,Unknown,Unknown,Not Included,Paid,Unknown,Unknown,Unknown,Unknown,Unknown,Unknown,Unknown,,,,2026-07-28T07:01:31+00:00,success,0
NH,HKG,JFK,HKG,HK,NYC,US,2026-08-19,2026-08-22,Summer,Economy,2,Eco-3,Eco I Fullflex 2F,Economy Basic,+823.38 USD,3273.97,USD,Enuygun,bff_2,,Included,Included,Included,Unknown,Unknown,Unknown,Unknown,Included,Included,Unknown,Unknown,Unknown,Unknown,Unknown,Unknown,Unknown,,,,2026-07-28T07:01:31+00:00,success,0
NH,HKG,JFK,HKG,HK,NYC,US,2026-08-19,2026-08-22,Summer,Business,0,Bus-1,BUSINESS,Business — BUSINESS,0.00 USD,6469.55,USD,Ubfly,BUSINESS-BUSINESS,1 personal item,Included,Included,Included,Unknown,Included,Included,Unknown,Unknown,Paid,Unknown,Unknown,Unknown,Unknown,Included,Unknown,Unknown,Yes,,,2026-07-28T07:01:31+00:00,success,0
NH,HKG,JFK,HKG,HK,NYC,US,2026-08-19,2026-08-22,Summer,Business,1,Bus-2,BUSPARTREF,Business — BUSPARTREF,+76.39 USD,6545.94,USD,Ubfly,BUSPARTREF-BUSPARTREF,1 personal item,Included,Included,Included,Unknown,Included,Included,Unknown,Not Included,Paid,Unknown,Unknown,Unknown,Unknown,Included,Unknown,Unknown,Yes,,,2026-07-28T07:01:31+00:00,success,0
NH,HKG,JFK,HKG,HK,NYC,US,2026-08-19,2026-08-22,Summer,Business,2,Bus-3,BUSREF,Business — BUSREF,"+3,273.36 USD",9742.91,USD,Ubfly,BUSREF-BUSREF,Uninterrupted return (up to the last 12 hours); Change with Penalty; 1 personal item,Included,Included,Included,Unknown,Included,Included,Unknown,Included,Included,Unknown,Unknown,Unknown,Unknown,Included,Unknown,Unknown,Yes,,,2026-07-28T07:01:31+00:00,success,0
NH,HKG,JFK,HKG,HK,NYC,US,2027-01-22,2027-01-25,Winter,Economy,0,Eco-1,ECO I STANDARD 2F,Economy Basic,0.00 USD,677.56,USD,Ubfly,ECOSTD-784324a247174402b7b8277b6e35164e,Post-Flight Paid Change; Paid Pre-flight Change,Included,Included,Included,Included,Unknown,Unknown,Unknown,Included,Not Included,Unknown,Unknown,Unknown,Unknown,Unknown,Unknown,Unknown,,,,2026-07-28T07:01:31+00:00,success,0
NH,HKG,JFK,HKG,HK,NYC,US,2027-01-22,2027-01-25,Winter,Economy,1,Eco-2,ECO I VALUE 2C,Economy Basic,+673.51 USD,1351.07,USD,Ubfly,ECOVAL-d4342a1aa8a443d0be904957fdaaa928,Post-Flight Paid Change; Paid Pre-flight Change,Included,Included,Included,Included,Unknown,Unknown,Unknown,Not Included,Not Included,Unknown,Unknown,Unknown,Unknown,Unknown,Unknown,Unknown,,,,2026-07-28T07:01:31+00:00,success,0
NH,HKG,JFK,HKG,HK,NYC,US,2027-01-22,2027-01-25,Winter,Economy,2,Eco-3,ECO I FULLFLEX 2F,Economy Basic,"+2,421.59 USD",3099.15,USD,Ubfly,ECOFULFLX-9d2a2a9b0eee4509bbe7dcb6af3938a8,Free Change Before Flight,Included,Included,Included,Included,Unknown,Unknown,Unknown,Included,Included,Unknown,Unknown,Unknown,Unknown,Unknown,Unknown,Unknown,,,,2026-07-28T07:01:31+00:00,success,0
NH,HKG,JFK,HKG,HK,NYC,US,2027-01-22,2027-01-25,Winter,Business,0,Bus-1,BUSPARTREF,Business — BUSPARTREF,0.00 USD,4372.35,USD,Ubfly,BUSPARTREF-BUSPARTREF,1 personal item,Included,Included,Included,Included,Included,Included,Unknown,Paid,Paid,Unknown,Unknown,Unknown,Unknown,Included,Unknown,Unknown,Yes,,,2026-07-28T07:01:31+00:00,success,0
NH,HKG,JFK,HKG,HK,NYC,US,2027-01-22,2027-01-25,Winter,Business,1,Bus-2,BUSINESS,Business — BUSINESS,"+2,159.33 USD",6531.68,USD,Ubfly,BUSINESS-BUSINESS,1 personal item,Included,Included,Included,Included,Included,Included,Unknown,Not Included,Paid,Unknown,Unknown,Unknown,Unknown,Included,Unknown,Unknown,Yes,,,2026-07-28T07:01:31+00:00,success,0
NH,HKG,JFK,HKG,HK,NYC,US,2027-01-22,2027-01-25,Winter,Business,2,Bus-3,BUSREF,Business — BUSREF,"+5,414.86 USD",9787.21,USD,Ubfly,BUSREF-BUSREF,Uninterrupted return (up to the last 12 hours); Change with Penalty; 1 personal item,Included,Included,Included,Included,Included,Included,Unknown,Included,Included,Unknown,Unknown,Unknown,Unknown,Included,Unknown,Unknown,Yes,,,2026-07-28T07:01:31+00:00,success,0
CX,HKG,YYZ,HKG,HK,YTO,CA,2026-09-07,2026-09-10,Summer,Economy,0,Eco-1,ECOCMFT,Economy — ECOCMFT,0.00 USD,1736.65,USD,Ubfly,ECOCMFT-ECOCMFT,In-flight entertainment; 1 personal item,Included,Included,Unknown,Included,Unknown,Unknown,Unknown,Unknown,Unknown,Unknown,Unknown,Unknown,Unknown,Unknown,Unknown,Unknown,Yes,,,2026-07-28T07:01:31+00:00,success,0
CX,HKG,YYZ,HKG,HK,YTO,CA,2026-09-07,2026-09-10,Summer,Economy,1,Eco-2,ECOCMFTPLS,Economy — ECOCMFTPLS,+84.01 USD,1820.66,USD,Ubfly,ECOCMFTPLS-ECOCMFTPLS,1 personal item; In-flight entertainment,Included,Included,Unknown,Included,Unknown,Unknown,Unknown,Unknown,Unknown,Unknown,Unknown,Unknown,Unknown,Unknown,Unknown,Unknown,Yes,,,2026-07-28T07:01:31+00:00,success,0
CX,HKG,YYZ,HKG,HK,YTO,CA,2026-09-07,2026-09-10,Summer,Economy,2,Eco-3,ECOFLEX,Economy Flex,+169.32 USD,1905.97,USD,Ubfly,ECOFLEX-ECOFLEX,1 personal item; In-flight entertainment,Included,Included,Included,Included,Unknown,Unknown,Unknown,Unknown,Unknown,Unknown,Unknown,Unknown,Unknown,Unknown,Unknown,Unknown,Yes,,,2026-07-28T07:01:31+00:00,success,0
CX,HKG,YYZ,HKG,HK,YTO,CA,2026-09-07,2026-09-10,Summer,Economy,3,Eco-4,PRECMFT,Economy — PRECMFT,"+1,210.80 USD",2947.45,USD,Ubfly,PRECMFT-PRECMFT,1 personal item; In-flight entertainment,Included,Included,Unknown,Included,Unknown,Unknown,Unknown,Unknown,Unknown,Unknown,Unknown,Unknown,Unknown,Unknown,Unknown,Unknown,Yes,,,2026-07-28T07:01:31+00:00,success,0
CX,HKG,YYZ,HKG,HK,YTO,CA,2026-09-07,2026-09-10,Summer,Economy,4,Eco-5,PRECMFTPLS,Economy — PRECMFTPLS,"+1,307.56 USD",3044.21,USD,Ubfly,PRECMFTPLS-PRECMFTPLS,1 personal item; In-flight entertainment,Included,Included,Unknown,Included,Unknown,Unknown,Unknown,Unknown,Unknown,Unknown,Unknown,Unknown,Unknown,Unknown,Unknown,Unknown,Yes,,,2026-07-28T07:01:31+00:00,success,0
CX,HKG,YYZ,HKG,HK,YTO,CA,2026-09-07,2026-09-10,Summer,Economy,5,Eco-6,PREFLEX,Economy Flex,"+1,406.86 USD",3143.51,USD,Ubfly,PREFLEX-PREFLEX,1 personal item; In-flight entertainment,Included,Included,Included,Included,Unknown,Unknown,Unknown,Unknown,Unknown,Unknown,Unknown,Unknown,Unknown,Unknown,Unknown,Unknown,Yes,,,2026-07-28T07:01:31+00:00,success,0
CX,HKG,YYZ,HKG,HK,YTO,CA,2026-09-07,2026-09-10,Summer,Business,0,Bus-1,BUSCMFT,Business — BUSCMFT,0.00 USD,7514.62,USD,Ubfly,BUSCMFT-BUSCMFT,Privileged check-in; Snack; In-flight entertainment; 1 personal item; Journal & Newspaper,Included,Included,Included,Included,Included,Included,Included,Unknown,Unknown,Unknown,Unknown,Unknown,Unknown,Unknown,Unknown,Unknown,Yes,,,2026-07-28T07:01:31+00:00,success,0
CX,HKG,YYZ,HKG,HK,YTO,CA,2026-09-07,2026-09-10,Summer,Business,1,Bus-2,BUSCMFTPLS,Business — BUSCMFTPLS,+142.61 USD,7657.23,USD,Ubfly,BUSCMFTPLS-BUSCMFTPLS,1 personal item; Snack; Journal & Newspaper; Privileged check-in; In-flight entertainment,Included,Included,Included,Included,Included,Included,Included,Unknown,Unknown,Unknown,Unknown,Unknown,Unknown,Unknown,Unknown,Unknown,Yes,,,2026-07-28T07:01:31+00:00,success,0
CX,HKG,YYZ,HKG,HK,YTO,CA,2026-09-07,2026-09-10,Summer,Business,2,Bus-3,BUSINESS FLEXIBLE,Business Flex,+285.20 USD,7799.82,USD,Ubfly,BUSFLEX-BUSFLEX,1 personal item; Business class seat with private partition; Snack; Journal & Newspaper; Privileged check-in; In-flight entertainment,Included,Included,Included,Included,Included,Included,Included,Included,Included,Unknown,Unknown,Unknown,Unknown,Unknown,Unknown,Unknown,Yes,,,2026-07-28T07:01:31+00:00,success,0
CX,HKG,YYZ,HKG,HK,YTO,CA,2027-02-06,2027-02-09,Winter,Economy,0,Eco-1,ECOCMFT,Economy — ECOCMFT,0.00 USD,1406.88,USD,Ubfly,ECOCMFT-ECOCMFT,In-flight entertainment; 1 personal item,Included,Included,Unknown,Included,Unknown,Unknown,Unknown,Unknown,Unknown,Unknown,Unknown,Unknown,Unknown,Unknown,Unknown,Unknown,Yes,,,2026-07-28T07:01:31+00:00,success,0
CX,HKG,YYZ,HKG,HK,YTO,CA,2027-02-06,2027-02-09,Winter,Economy,1,Eco-2,ECOCMFTPLS,Economy — ECOCMFTPLS,+84.04 USD,1490.92,USD,Ubfly,ECOCMFTPLS-ECOCMFTPLS,1 personal item; In-flight entertainment,Included,Included,Unknown,Included,Unknown,Unknown,Unknown,Unknown,Unknown,Unknown,Unknown,Unknown,Unknown,Unknown,Unknown,Unknown,Yes,,,2026-07-28T07:01:31+00:00,success,0
CX,HKG,YYZ,HKG,HK,YTO,CA,2027-02-06,2027-02-09,Winter,Economy,2,Eco-3,ECOFLEX,Economy Flex,+169.34 USD,1576.22,USD,Ubfly,ECOFLEX-ECOFLEX,1 personal item; In-flight entertainment,Included,Included,Included,Included,Unknown,Unknown,Unknown,Unknown,Unknown,Unknown,Unknown,Unknown,Unknown,Unknown,Unknown,Unknown,Yes,,,2026-07-28T07:01:31+00:00,success,0
CX,HKG,YYZ,HKG,HK,YTO,CA,2027-02-06,2027-02-09,Winter,Economy,3,Eco-4,PRECMFT,Economy — PRECMFT,"+2,431.79 USD",3838.67,USD,Ubfly,PRECMFT-PRECMFT,1 personal item; In-flight entertainment,Included,Included,Unknown,Included,Unknown,Unknown,Unknown,Unknown,Unknown,Unknown,Unknown,Unknown,Unknown,Unknown,Unknown,Unknown,Yes,,,2026-07-28T07:01:31+00:00,success,0
CX,HKG,YYZ,HKG,HK,YTO,CA,2027-02-06,2027-02-09,Winter,Economy,4,Eco-5,PRECMFTPLS,Economy — PRECMFTPLS,"+2,528.55 USD",3935.43,USD,Ubfly,PRECMFTPLS-PRECMFTPLS,1 personal item; In-flight entertainment,Included,Included,Unknown,Included,Unknown,Unknown,Unknown,Unknown,Unknown,Unknown,Unknown,Unknown,Unknown,Unknown,Unknown,Unknown,Yes,,,2026-07-28T07:01:31+00:00,success,0
CX,HKG,YYZ,HKG,HK,YTO,CA,2027-02-06,2027-02-09,Winter,Economy,5,Eco-6,PREFLEX,Economy Flex,"+2,627.87 USD",4034.75,USD,Ubfly,PREFLEX-PREFLEX,1 personal item; In-flight entertainment,Included,Included,Included,Included,Unknown,Unknown,Unknown,Unknown,Unknown,Unknown,Unknown,Unknown,Unknown,Unknown,Unknown,Unknown,Yes,,,2026-07-28T07:01:31+00:00,success,0
CX,HKG,YYZ,HKG,HK,YTO,CA,2027-02-06,2027-02-09,Winter,Business,0,Bus-1,BUSCMFT,Business — BUSCMFT,0.00 USD,5014.14,USD,Ubfly,BUSCMFT-BUSCMFT,In-flight entertainment; Privileged check-in; Snack; 1 personal item; Journal & Newspaper,Included,Included,Included,Included,Included,Included,Included,Unknown,Unknown,Unknown,Unknown,Unknown,Unknown,Unknown,Unknown,Unknown,Yes,,,2026-07-28T07:01:31+00:00,success,0
CX,HKG,YYZ,HKG,HK,YTO,CA,2027-02-06,2027-02-09,Winter,Business,1,Bus-2,BUSCMFTPLS,Business — BUSCMFTPLS,+142.61 USD,5156.75,USD,Ubfly,BUSCMFTPLS-BUSCMFTPLS,1 personal item; Snack; Journal & Newspaper; Privileged check-in; In-flight entertainment,Included,Included,Included,Included,Included,Included,Included,Unknown,Unknown,Unknown,Unknown,Unknown,Unknown,Unknown,Unknown,Unknown,Yes,,,2026-07-28T07:01:31+00:00,success,0
CX,HKG,YYZ,HKG,HK,YTO,CA,2027-02-06,2027-02-09,Winter,Business,2,Bus-3,BUSINESS FLEXIBLE,Business Flex,+285.20 USD,5299.34,USD,Ubfly,BUSFLEX-BUSFLEX,1 personal item; Business class seat with private partition; Snack; Journal & Newspaper; Privileged check-in; In-flight entertainment,Included,Included,Included,Included,Included,Included,Included,Included,Included,Unknown,Unknown,Unknown,Unknown,Unknown,Unknown,Unknown,Yes,,,2026-07-28T07:01:31+00:00,success,0
AC,HKG,YYZ,HKG,HK,YTO,CA,2026-09-07,2026-09-10,Summer,Economy,0,Eco-1,Standard,Economy Standard,0 USD,1980.8,USD,Enuygun,bff_0,,Included,Included,Included,Included,Unknown,Unknown,Unknown,Unknown,Paid,Unknown,Unknown,Unknown,Unknown,Unknown,Unknown,Unknown,,,,2026-07-28T07:01:31+00:00,partial,0
AC,HKG,YYZ,HKG,HK,YTO,CA,2026-09-07,2026-09-10,Summer,Economy,1,Eco-2,Flex,Economy Flex,+54.88 USD,2035.68,USD,Enuygun,bff_1,,Included,Included,Included,Included,Unknown,Unknown,Unknown,Paid,Paid,Unknown,Unknown,Unknown,Unknown,Unknown,Unknown,Unknown,,,,2026-07-28T07:01:31+00:00,partial,0
AC,HKG,YYZ,HKG,HK,YTO,CA,2026-09-07,2026-09-10,Summer,Economy,2,Eco-3,Comfort,Economy Comfort,+164.35 USD,2145.15,USD,Enuygun,bff_2,,Included,Included,Included,Included,Unknown,Unknown,Unknown,Included,Included,Unknown,Unknown,Included,Unknown,Unknown,Unknown,Unknown,,,,2026-07-28T07:01:31+00:00,partial,0
AC,HKG,YYZ,HKG,HK,YTO,CA,2026-09-07,2026-09-10,Summer,Economy,3,Eco-4,Latitude,Economy — Latitude,+701.12 USD,2681.92,USD,Enuygun,bff_3,priority_check_in: Öncelikli Check-in,Included,Included,Included,Included,Unknown,Unknown,Unknown,Included,Included,Unknown,Unknown,Included,Unknown,Unknown,Unknown,Unknown,,,,2026-07-28T07:01:31+00:00,partial,0
AC,HKG,YYZ,HKG,HK,YTO,CA,2026-09-07,2026-09-10,Summer,Premium Economy,0,PEco-1,PL,Premium Economy — PL,"+2,049.84 USD",3492.37,USD,Ubfly,PL-PL,Privileged check-in; POINT ACCRUAL(F),Included,Included,Included,Included,Unknown,Unknown,Unknown,Unknown,Unknown,Unknown,Unknown,Unknown,Unknown,Unknown,Unknown,Unknown,,,,2026-07-28T07:01:31+00:00,partial,0
AC,HKG,YYZ,HKG,HK,YTO,CA,2026-09-07,2026-09-10,Summer,Premium Economy,1,PEco-2,PRIME FLY,Premium Economy Premium,"+2,434.34 USD",3876.87,USD,Ubfly,PF-PF,Change with Penalty; Uninterrupted return (up to the last 12 hours); Privileged check-in; POINT ACCRUAL(F),Included,Included,Included,Included,Unknown,Unknown,Unknown,Unknown,Unknown,Unknown,Unknown,Included,Unknown,Unknown,Unknown,Unknown,,,,2026-07-28T07:01:31+00:00,partial,0
AC,HKG,YYZ,HKG,HK,YTO,CA,2026-09-07,2026-09-10,Summer,Business,0,Bus-1,BUSINESS CLASS STANDARD,Business Standard,0 USD,5726.06,USD,Enuygun,bff_0,priority_check_in: Öncelikli Check-in,Included,Included,Unknown,Included,Unknown,Unknown,Unknown,Paid,Paid,Unknown,Unknown,Unknown,Unknown,Unknown,Unknown,Unknown,,,,2026-07-28T07:01:31+00:00,partial,0
AC,HKG,YYZ,HKG,HK,YTO,CA,2026-09-07,2026-09-10,Summer,Business,1,Bus-2,BUSINESS CLASS LATITUDE,Business — BUSINESS LATITUDE,+420.08 USD,6146.14,USD,Enuygun,bff_1,priority_check_in: Öncelikli Check-in,Included,Included,Unknown,Included,Unknown,Unknown,Unknown,Included,Included,Unknown,Unknown,Unknown,Unknown,Unknown,Unknown,Unknown,,,,2026-07-28T07:01:31+00:00,partial,0
AC,HKG,YYZ,HKG,HK,YTO,CA,2027-02-06,2027-02-09,Winter,Economy,0,Eco-1,Standard,Economy Standard,0 USD,1826.59,USD,Enuygun,bff_0,,Included,Included,Included,Included,Unknown,Unknown,Unknown,Unknown,Paid,Unknown,Unknown,Unknown,Unknown,Unknown,Unknown,Unknown,,,,2026-07-28T07:01:31+00:00,partial,0
AC,HKG,YYZ,HKG,HK,YTO,CA,2027-02-06,2027-02-09,Winter,Economy,1,Eco-2,Flex,Economy Flex,+54.61 USD,1881.2,USD,Enuygun,bff_1,,Included,Included,Included,Included,Unknown,Unknown,Unknown,Paid,Paid,Unknown,Unknown,Unknown,Unknown,Unknown,Unknown,Unknown,,,,2026-07-28T07:01:31+00:00,partial,0
AC,HKG,YYZ,HKG,HK,YTO,CA,2027-02-06,2027-02-09,Winter,Economy,2,Eco-3,Comfort,Economy Comfort,+163.82 USD,1990.41,USD,Enuygun,bff_2,,Included,Included,Included,Included,Unknown,Unknown,Unknown,Included,Included,Unknown,Unknown,Included,Unknown,Unknown,Unknown,Unknown,,,,2026-07-28T07:01:31+00:00,partial,0
AC,HKG,YYZ,HKG,HK,YTO,CA,2027-02-06,2027-02-09,Winter,Economy,3,Eco-4,Latitude,Economy — Latitude,+872.08 USD,2698.67,USD,Enuygun,bff_3,priority_check_in: Öncelikli Check-in,Included,Included,Included,Included,Unknown,Unknown,Unknown,Included,Included,Unknown,Unknown,Included,Unknown,Unknown,Unknown,Unknown,,,,2026-07-28T07:01:31+00:00,partial,0
AC,HKG,YYZ,HKG,HK,YTO,CA,2027-02-06,2027-02-09,Winter,Premium Economy,0,PEco-1,PL,Premium Economy — PL,"+2,151.67 USD",3494.9,USD,Ubfly,PL-PL,Privileged check-in; POINT ACCRUAL(F),Included,Included,Included,Included,Unknown,Unknown,Unknown,Unknown,Unknown,Unknown,Unknown,Unknown,Unknown,Unknown,Unknown,Unknown,,,,2026-07-28T07:01:31+00:00,partial,0
AC,HKG,YYZ,HKG,HK,YTO,CA,2027-02-06,2027-02-09,Winter,Premium Economy,1,PEco-2,PRIME FLY,Premium Economy Premium,"+2,533.64 USD",3876.87,USD,Ubfly,PF-PF,Change with Penalty; Uninterrupted return (up to the last 12 hours); Privileged check-in; POINT ACCRUAL(F),Included,Included,Included,Included,Unknown,Unknown,Unknown,Unknown,Unknown,Unknown,Unknown,Included,Unknown,Unknown,Unknown,Unknown,,,,2026-07-28T07:01:31+00:00,partial,0
AC,HKG,YYZ,HKG,HK,YTO,CA,2027-02-06,2027-02-09,Winter,Business,0,Bus-1,BUSINESS CLASS STANDARD,Business Standard,0 USD,5716.86,USD,Enuygun,bff_0,priority_check_in: Öncelikli Check-in,Included,Included,Unknown,Included,Unknown,Unknown,Unknown,Paid,Paid,Unknown,Unknown,Unknown,Unknown,Unknown,Unknown,Unknown,,,,2026-07-28T07:01:31+00:00,partial,0
AC,HKG,YYZ,HKG,HK,YTO,CA,2027-02-06,2027-02-09,Winter,Business,1,Bus-2,BUSINESS CLASS LATITUDE,Business — BUSINESS LATITUDE,+420.08 USD,6136.94,USD,Enuygun,bff_1,priority_check_in: Öncelikli Check-in,Included,Included,Unknown,Included,Unknown,Unknown,Unknown,Included,Included,Unknown,Unknown,Unknown,Unknown,Unknown,Unknown,Unknown,,,,2026-07-28T07:01:31+00:00,partial,0
BR,HKG,YYZ,HKG,HK,YTO,CA,2026-09-07,2026-09-10,Summer,Economy,0,Eco-1,ECONOMY STANDARD,Economy Standard,0 USD,1141.54,USD,Enuygun,bff_0,,Unknown,Included,Unknown,Unknown,Unknown,Unknown,Unknown,Paid,Paid,Unknown,Unknown,Unknown,Unknown,Unknown,Unknown,Unknown,,,,2026-07-28T07:01:31+00:00,partial,0
BR,HKG,YYZ,HKG,HK,YTO,CA,2026-09-07,2026-09-10,Summer,Economy,1,Eco-2,ECONOMY UP,Economy — ECONOMY UP,+713.82 USD,1855.36,USD,Enuygun,bff_1,,Unknown,Included,Unknown,Unknown,Unknown,Unknown,Unknown,Paid,Unknown,Unknown,Unknown,Unknown,Unknown,Unknown,Unknown,Unknown,,,,2026-07-28T07:01:31+00:00,partial,0
BR,HKG,YYZ,HKG,HK,YTO,CA,2026-09-07,2026-09-10,Summer,Business,0,Bus-1,Business Basic,Business Basic,0 USD,3582.84,USD,Enuygun,bff_0,entertainment: Uçak İçi Eğlence,Included,Included,Unknown,Included,Unknown,Unknown,Unknown,Paid,Paid,Unknown,Unknown,Unknown,Unknown,Unknown,Unknown,Unknown,,,,2026-07-28T07:01:31+00:00,partial,0
BR,HKG,YYZ,HKG,HK,YTO,CA,2026-09-07,2026-09-10,Summer,Business,1,Bus-2,Business Standard,Business Standard,+1090.83 USD,4673.68,USD,Enuygun,bff_1,entertainment: Uçak İçi Eğlence,Included,Included,Unknown,Included,Unknown,Unknown,Unknown,Paid,Paid,Unknown,Unknown,Unknown,Unknown,Unknown,Unknown,Unknown,,,,2026-07-28T07:01:31+00:00,partial,0
BR,HKG,YYZ,HKG,HK,YTO,CA,2026-09-07,2026-09-10,Summer,Business,2,Bus-3,Business Up,Business — Business Up,+3517.57 USD,7100.41,USD,Enuygun,bff_2,entertainment: Uçak İçi Eğlence,Included,Included,Unknown,Included,Unknown,Unknown,Unknown,Paid,Included,Unknown,Unknown,Unknown,Unknown,Unknown,Unknown,Unknown,,,,2026-07-28T07:01:31+00:00,partial,0
BR,HKG,YYZ,HKG,HK,YTO,CA,2027-02-06,2027-02-09,Winter,Economy,0,Eco-1,Economy Basic,Economy Basic,0 USD,1090.31,USD,Enuygun,bff_0,entertainment: Uçak İçi Eğlence,Included,Included,Unknown,Included,Unknown,Unknown,Unknown,Paid,Paid,Unknown,Unknown,Unknown,Unknown,Unknown,Unknown,Unknown,,,,2026-07-28T07:01:31+00:00,partial,0
BR,HKG,YYZ,HKG,HK,YTO,CA,2027-02-06,2027-02-09,Winter,Economy,1,Eco-2,Economy Standard,Economy Standard,+355.68 USD,1445.99,USD,Enuygun,bff_1,entertainment: Uçak İçi Eğlence,Included,Included,Unknown,Included,Unknown,Unknown,Unknown,Paid,Paid,Unknown,Unknown,Unknown,Unknown,Unknown,Unknown,Unknown,,,,2026-07-28T07:01:31+00:00,partial,0
BR,HKG,YYZ,HKG,HK,YTO,CA,2027-02-06,2027-02-09,Winter,Economy,2,Eco-3,Economy Up,Economy — Economy Up,+1146.85 USD,2237.16,USD,Enuygun,bff_2,entertainment: Uçak İçi Eğlence,Included,Included,Unknown,Included,Unknown,Unknown,Unknown,Paid,Included,Unknown,Unknown,Unknown,Unknown,Unknown,Unknown,Unknown,,,,2026-07-28T07:01:31+00:00,partial,0
BR,HKG,YYZ,HKG,HK,YTO,CA,2027-02-06,2027-02-09,Winter,Business,0,Bus-1,Business Basic,Business Basic,0 USD,3647.77,USD,Enuygun,bff_0,entertainment: Uçak İçi Eğlence,Included,Included,Unknown,Included,Unknown,Unknown,Unknown,Paid,Paid,Unknown,Unknown,Unknown,Unknown,Unknown,Unknown,Unknown,,,,2026-07-28T07:01:31+00:00,partial,0
BR,HKG,YYZ,HKG,HK,YTO,CA,2027-02-06,2027-02-09,Winter,Business,1,Bus-2,Business Standard,Business Standard,+1474.53 USD,5122.3,USD,Enuygun,bff_1,entertainment: Uçak İçi Eğlence,Included,Included,Unknown,Included,Unknown,Unknown,Unknown,Paid,Paid,Unknown,Unknown,Unknown,Unknown,Unknown,Unknown,Unknown,,,,2026-07-28T07:01:31+00:00,partial,0
BR,HKG,YYZ,HKG,HK,YTO,CA,2027-02-06,2027-02-09,Winter,Business,2,Bus-3,Business Up,Business — Business Up,+3482.56 USD,7130.33,USD,Enuygun,bff_2,entertainment: Uçak İçi Eğlence,Included,Included,Unknown,Included,Unknown,Unknown,Unknown,Paid,Included,Unknown,Unknown,Unknown,Unknown,Unknown,Unknown,Unknown,,,,2026-07-28T07:01:31+00:00,partial,0
UA,HKG,YYZ,HKG,HK,YTO,CA,2026-09-07,2026-09-10,Summer,Economy,0,Eco-1,ECONOMY,Economy — ECONOMY,0.00 USD,2343.78,USD,Ubfly,ECONOMY-ECONOMY,1 personal item,Included,Included,Included,Unknown,Unknown,Unknown,Unknown,Unknown,Paid,Unknown,Unknown,Unknown,Unknown,Included,Unknown,Unknown,Yes,,,2026-07-28T07:01:31+00:00,success,0
UA,HKG,YYZ,HKG,HK,YTO,CA,2026-09-07,2026-09-10,Summer,Economy,1,Eco-2,ECONOMY PARTIALLY REFUNDABLE,Economy — ECONOMY PARTIALLY REFUNDABLE,+60.25 USD,2404.03,USD,Ubfly,ECOPARTREF-ECOPARTREF,1 personal item,Included,Included,Included,Unknown,Unknown,Unknown,Unknown,Unknown,Paid,Unknown,Unknown,Unknown,Unknown,Included,Unknown,Unknown,Yes,,,2026-07-28T07:01:31+00:00,success,0
UA,HKG,YYZ,HKG,HK,YTO,CA,2026-09-07,2026-09-10,Summer,Economy,2,Eco-3,PREMECO,Economy Basic,+475.30 USD,2819.08,USD,Ubfly,PREMECO-PREMECO,1 personal item,Included,Included,Included,Unknown,Unknown,Included,Unknown,Unknown,Unknown,Unknown,Unknown,Unknown,Unknown,Included,Unknown,Unknown,Yes,,,2026-07-28T07:01:31+00:00,success,0
UA,HKG,YYZ,HKG,HK,YTO,CA,2026-09-07,2026-09-10,Summer,Economy,3,Eco-4,PREMECOPRF,Economy — PREMECOPRF,+551.69 USD,2895.47,USD,Ubfly,PREMECOPRF-PREMECOPRF,1 personal item,Included,Included,Included,Unknown,Unknown,Included,Unknown,Unknown,Unknown,Unknown,Unknown,Unknown,Unknown,Included,Unknown,Unknown,Yes,,,2026-07-28T07:01:31+00:00,success,0
UA,HKG,YYZ,HKG,HK,YTO,CA,2026-09-07,2026-09-10,Summer,Economy,4,Eco-5,ECONOMY FULLY REFUNDABLE,Economy Premium,+625.55 USD,2969.33,USD,Ubfly,ECOREF-ECOREF,Uninterrupted return (up to the last 12 hours); Change with Penalty; 1 personal item,Included,Included,Included,Unknown,Unknown,Unknown,Unknown,Included,Included,Unknown,Unknown,Unknown,Unknown,Included,Unknown,Unknown,Yes,,,2026-07-28T07:01:31+00:00,success,0
UA,HKG,YYZ,HKG,HK,YTO,CA,2026-09-07,2026-09-10,Summer,Economy,5,Eco-6,PREMECOREF,Economy — PREMECOREF,"+1,539.68 USD",3883.46,USD,Ubfly,PREMECOREF-PREMECOREF,Uninterrupted return (up to the last 12 hours); Change with Penalty; 1 personal item,Included,Included,Included,Unknown,Unknown,Included,Unknown,Unknown,Unknown,Unknown,Unknown,Unknown,Unknown,Included,Unknown,Unknown,Yes,,,2026-07-28T07:01:31+00:00,success,0
UA,HKG,YYZ,HKG,HK,YTO,CA,2026-09-07,2026-09-10,Summer,Business,0,Bus-1,BUSPARTREF,Business — BUSPARTREF,0.00 USD,7506.46,USD,Ubfly,BUSPARTREF-BUSPARTREF,1 personal item,Included,Included,Included,Unknown,Included,Included,Unknown,Unknown,Paid,Unknown,Unknown,Unknown,Unknown,Included,Unknown,Unknown,Yes,,,2026-07-28T07:01:31+00:00,success,0
UA,HKG,YYZ,HKG,HK,YTO,CA,2026-09-07,2026-09-10,Summer,Business,1,Bus-2,BUSREF,Business — BUSREF,+76.39 USD,7582.85,USD,Ubfly,BUSREF-BUSREF,Uninterrupted return (up to the last 12 hours); Change with Penalty; 1 personal item,Included,Included,Included,Unknown,Included,Included,Unknown,Included,Included,Unknown,Unknown,Unknown,Unknown,Included,Unknown,Unknown,Yes,,,2026-07-28T07:01:31+00:00,success,0
UA,HKG,YYZ,HKG,HK,YTO,CA,2027-02-06,2027-02-09,Winter,Economy,0,Eco-1,ECONOMY,Economy — ECONOMY,0.00 USD,1517.49,USD,Ubfly,ECONOMY-ECONOMY,1 personal item,Included,Included,Included,Unknown,Unknown,Unknown,Unknown,Unknown,Paid,Unknown,Unknown,Unknown,Unknown,Included,Unknown,Unknown,Yes,,,2026-07-28T07:01:31+00:00,success,0
UA,HKG,YYZ,HKG,HK,YTO,CA,2027-02-06,2027-02-09,Winter,Economy,1,Eco-2,ECONOMY PARTIALLY REFUNDABLE,Economy — ECONOMY PARTIALLY REFUNDABLE,+60.25 USD,1577.74,USD,Ubfly,ECOPARTREF-ECOPARTREF,1 personal item,Included,Included,Included,Unknown,Unknown,Unknown,Unknown,Unknown,Paid,Unknown,Unknown,Unknown,Unknown,Included,Unknown,Unknown,Yes,,,2026-07-28T07:01:31+00:00,success,0
UA,HKG,YYZ,HKG,HK,YTO,CA,2027-02-06,2027-02-09,Winter,Economy,2,Eco-3,PREMECO,Economy Basic,"+1,301.59 USD",2819.08,USD,Ubfly,PREMECO-PREMECO,1 personal item,Included,Included,Included,Unknown,Unknown,Included,Unknown,Unknown,Unknown,Unknown,Unknown,Unknown,Unknown,Included,Unknown,Unknown,Yes,,,2026-07-28T07:01:31+00:00,success,0
UA,HKG,YYZ,HKG,HK,YTO,CA,2027-02-06,2027-02-09,Winter,Economy,3,Eco-4,PREMECOPRF,Economy — PREMECOPRF,"+1,377.99 USD",2895.48,USD,Ubfly,PREMECOPRF-PREMECOPRF,1 personal item,Included,Included,Included,Unknown,Unknown,Included,Unknown,Unknown,Unknown,Unknown,Unknown,Unknown,Unknown,Included,Unknown,Unknown,Yes,,,2026-07-28T07:01:31+00:00,success,0
UA,HKG,YYZ,HKG,HK,YTO,CA,2027-02-06,2027-02-09,Winter,Economy,4,Eco-5,ECONOMY FULLY REFUNDABLE,Economy Premium,"+1,451.85 USD",2969.34,USD,Ubfly,ECOREF-ECOREF,Uninterrupted return (up to the last 12 hours); Change with Penalty; 1 personal item,Included,Included,Included,Unknown,Unknown,Unknown,Unknown,Included,Included,Unknown,Unknown,Unknown,Unknown,Included,Unknown,Unknown,Yes,,,2026-07-28T07:01:31+00:00,success,0
UA,HKG,YYZ,HKG,HK,YTO,CA,2027-02-06,2027-02-09,Winter,Economy,5,Eco-6,PREMECOREF,Economy — PREMECOREF,"+2,365.98 USD",3883.47,USD,Ubfly,PREMECOREF-PREMECOREF,Uninterrupted return (up to the last 12 hours); Change with Penalty; 1 personal item,Included,Included,Included,Unknown,Unknown,Included,Unknown,Unknown,Unknown,Unknown,Unknown,Unknown,Unknown,Included,Unknown,Unknown,Yes,,,2026-07-28T07:01:31+00:00,success,0
UA,HKG,YYZ,HKG,HK,YTO,CA,2027-02-06,2027-02-09,Winter,Business,0,Bus-1,BUSREF,Business — BUSREF,0.00 USD,11988.11,USD,Ubfly,BUSREF-BUSREF,Change with Penalty; Uninterrupted return (up to the last 12 hours); 1 personal item,Included,Included,Included,Unknown,Included,Included,Unknown,Unknown,Paid,Unknown,Unknown,Unknown,Unknown,Included,Unknown,Unknown,Yes,,,2026-07-28T07:01:31+00:00,success,0
UA,HKG,YYZ,HKG,HK,YTO,CA,2027-02-06,2027-02-09,Winter,Business,1,Bus-2,BUSPARTREF,Business — BUSPARTREF,+763.92 USD,12752.03,USD,Ubfly,BUSPARTREF-BUSPARTREF,1 personal item,Included,Included,Included,Unknown,Included,Included,Unknown,Included,Included,Unknown,Unknown,Unknown,Unknown,Included,Unknown,Unknown,Yes,,,2026-07-28T07:01:31+00:00,success,0
BR,TPE,JFK,TPE,TW,NYC,US,2027-05-20,2027-05-23,Summer,Economy,0,Eco-1,Economy Basic,Economy Basic,0 USD,830.62,USD,Enuygun,bff_0,entertainment: Uçak İçi Eğlence,Included,Included,Unknown,Included,Unknown,Unknown,Unknown,Paid,Paid,Unknown,Unknown,Unknown,Unknown,Unknown,Unknown,Unknown,,,,2026-07-28T07:01:31+00:00,partial,0
BR,TPE,JFK,TPE,TW,NYC,US,2027-05-20,2027-05-23,Summer,Economy,1,Eco-2,Economy Standard,Economy Standard,+282.69 USD,1113.31,USD,Enuygun,bff_1,entertainment: Uçak İçi Eğlence,Included,Included,Unknown,Included,Unknown,Unknown,Unknown,Paid,Paid,Unknown,Unknown,Unknown,Unknown,Unknown,Unknown,Unknown,,,,2026-07-28T07:01:31+00:00,partial,0
BR,TPE,JFK,TPE,TW,NYC,US,2027-05-20,2027-05-23,Summer,Economy,2,Eco-3,Economy Up,Economy — Economy Up,+669.17 USD,1499.8,USD,Enuygun,bff_2,entertainment: Uçak İçi Eğlence,Included,Included,Unknown,Included,Unknown,Unknown,Unknown,Paid,Included,Unknown,Unknown,Unknown,Unknown,Unknown,Unknown,Unknown,,,,2026-07-28T07:01:31+00:00,partial,0
BR,TPE,JFK,TPE,TW,NYC,US,2027-05-20,2027-05-23,Summer,Business,0,Bus-1,Business Basic,Business Basic,0 USD,4018.88,USD,Enuygun,bff_0,entertainment: Uçak İçi Eğlence,Included,Included,Unknown,Included,Unknown,Unknown,Unknown,Paid,Paid,Unknown,Unknown,Unknown,Unknown,Unknown,Unknown,Unknown,,,,2026-07-28T07:01:31+00:00,partial,0
BR,TPE,JFK,TPE,TW,NYC,US,2027-05-20,2027-05-23,Summer,Business,1,Bus-2,Business Standard,Business Standard,+452.75 USD,4471.62,USD,Enuygun,bff_1,entertainment: Uçak İçi Eğlence,Included,Included,Unknown,Included,Unknown,Unknown,Unknown,Paid,Paid,Unknown,Unknown,Unknown,Unknown,Unknown,Unknown,Unknown,,,,2026-07-28T07:01:31+00:00,partial,0
BR,TPE,JFK,TPE,TW,NYC,US,2027-05-20,2027-05-23,Summer,Business,2,Bus-3,Business Up,Business — Business Up,+2418.29 USD,6437.16,USD,Enuygun,bff_2,entertainment: Uçak İçi Eğlence,Included,Included,Unknown,Included,Unknown,Unknown,Unknown,Paid,Included,Unknown,Unknown,Unknown,Unknown,Unknown,Unknown,Unknown,,,,2026-07-28T07:01:31+00:00,partial,0
BR,TPE,JFK,TPE,TW,NYC,US,2026-12-14,2026-12-17,Winter,Economy,0,Eco-1,Economy Basic,Economy Basic,0 USD,830.62,USD,Enuygun,bff_0,entertainment: Uçak İçi Eğlence,Included,Included,Unknown,Included,Unknown,Unknown,Unknown,Paid,Paid,Unknown,Unknown,Unknown,Unknown,Unknown,Unknown,Unknown,,,,2026-07-28T07:01:31+00:00,partial,0
BR,TPE,JFK,TPE,TW,NYC,US,2026-12-14,2026-12-17,Winter,Economy,1,Eco-2,Economy Standard,Economy Standard,+282.69 USD,1113.31,USD,Enuygun,bff_1,entertainment: Uçak İçi Eğlence,Included,Included,Unknown,Included,Unknown,Unknown,Unknown,Paid,Paid,Unknown,Unknown,Unknown,Unknown,Unknown,Unknown,Unknown,,,,2026-07-28T07:01:31+00:00,partial,0
BR,TPE,JFK,TPE,TW,NYC,US,2026-12-14,2026-12-17,Winter,Economy,2,Eco-3,Economy Up,Economy — Economy Up,+669.17 USD,1499.8,USD,Enuygun,bff_2,entertainment: Uçak İçi Eğlence,Included,Included,Unknown,Included,Unknown,Unknown,Unknown,Paid,Included,Unknown,Unknown,Unknown,Unknown,Unknown,Unknown,Unknown,,,,2026-07-28T07:01:31+00:00,partial,0
BR,TPE,JFK,TPE,TW,NYC,US,2026-12-14,2026-12-17,Winter,Business,0,Bus-1,BUSINESS STANDARD,Business Standard,0 USD,4582.26,USD,Enuygun,bff_0,,Unknown,Included,Unknown,Unknown,Unknown,Unknown,Unknown,Paid,Paid,Unknown,Unknown,Unknown,Unknown,Unknown,Unknown,Unknown,,,,2026-07-28T07:01:31+00:00,partial,0
BR,TPE,JFK,TPE,TW,NYC,US,2026-12-14,2026-12-17,Winter,Business,1,Bus-2,BUSINESS UP,Business — BUSINESS UP,+2028.06 USD,6610.32,USD,Enuygun,bff_1,,Unknown,Included,Unknown,Unknown,Unknown,Unknown,Unknown,Paid,Included,Unknown,Unknown,Unknown,Unknown,Unknown,Unknown,Unknown,,,,2026-07-28T07:01:31+00:00,partial,0
CI,TPE,JFK,TPE,TW,NYC,US,2027-05-20,2027-05-23,Summer,Economy,0,Eco-1,Economy Basic,Economy Basic,0 USD,868.11,USD,Enuygun,bff_0,entertainment: Uçak İçi Eğlence,Included,Included,Unknown,Included,Unknown,Unknown,Unknown,Paid,Paid,Unknown,Unknown,Unknown,Unknown,Unknown,Unknown,Unknown,,,,2026-07-28T07:01:31+00:00,partial,0
CI,TPE,JFK,TPE,TW,NYC,US,2027-05-20,2027-05-23,Summer,Economy,1,Eco-2,Economy Standard,Economy Standard,+297.74 USD,1165.85,USD,Enuygun,bff_1,entertainment: Uçak İçi Eğlence,Included,Included,Unknown,Included,Unknown,Unknown,Unknown,Paid,Paid,Unknown,Unknown,Unknown,Unknown,Unknown,Unknown,Unknown,,,,2026-07-28T07:01:31+00:00,partial,0
CI,TPE,JFK,TPE,TW,NYC,US,2027-05-20,2027-05-23,Summer,Economy,2,Eco-3,Economy Flex,Economy Flex,+673.18 USD,1541.29,USD,Enuygun,bff_2,entertainment: Uçak İçi Eğlence,Included,Included,Unknown,Included,Unknown,Unknown,Unknown,Paid,Included,Unknown,Unknown,Unknown,Unknown,Unknown,Unknown,Unknown,,,,2026-07-28T07:01:31+00:00,partial,0
CI,TPE,JFK,TPE,TW,NYC,US,2027-05-20,2027-05-23,Summer,Business,0,Bus-1,Business Basic,Business Basic,0 USD,4183.06,USD,Enuygun,bff_0,priority_check_in: Öncelikli Check-in; entertainment: Uçak İçi Eğlence,Included,Included,Unknown,Included,Included,Unknown,Unknown,Paid,Paid,Unknown,Unknown,Unknown,Unknown,Unknown,Unknown,Unknown,,,,2026-07-28T07:01:31+00:00,partial,0
CI,TPE,JFK,TPE,TW,NYC,US,2027-05-20,2027-05-23,Summer,Business,1,Bus-2,Business Standard,Business Standard,+577.67 USD,4760.73,USD,Enuygun,bff_1,priority_check_in: Öncelikli Check-in; entertainment: Uçak İçi Eğlence,Included,Included,Unknown,Included,Included,Unknown,Unknown,Paid,Paid,Unknown,Unknown,Unknown,Unknown,Unknown,Unknown,Unknown,,,,2026-07-28T07:01:31+00:00,partial,0
CI,TPE,JFK,TPE,TW,NYC,US,2027-05-20,2027-05-23,Summer,Business,2,Bus-3,Business Flex,Business Flex,+2543.21 USD,6726.28,USD,Enuygun,bff_2,priority_check_in: Öncelikli Check-in; entertainment: Uçak İçi Eğlence,Included,Included,Unknown,Included,Included,Unknown,Unknown,Paid,Included,Unknown,Unknown,Unknown,Unknown,Unknown,Unknown,Unknown,,,,2026-07-28T07:01:31+00:00,partial,0
CI,TPE,JFK,TPE,TW,NYC,US,2026-12-14,2026-12-17,Winter,Economy,0,Eco-1,Economy Basic,Economy Basic,0 USD,893.84,USD,Enuygun,bff_0,entertainment: Uçak İçi Eğlence,Included,Included,Unknown,Included,Unknown,Unknown,Unknown,Paid,Paid,Unknown,Unknown,Unknown,Unknown,Unknown,Unknown,Unknown,,,,2026-07-28T07:01:31+00:00,partial,0
CI,TPE,JFK,TPE,TW,NYC,US,2026-12-14,2026-12-17,Winter,Economy,1,Eco-2,Economy Standard,Economy Standard,+369.99 USD,1263.83,USD,Enuygun,bff_1,entertainment: Uçak İçi Eğlence,Included,Included,Unknown,Included,Unknown,Unknown,Unknown,Paid,Paid,Unknown,Unknown,Unknown,Unknown,Unknown,Unknown,Unknown,,,,2026-07-28T07:01:31+00:00,partial,0
CI,TPE,JFK,TPE,TW,NYC,US,2026-12-14,2026-12-17,Winter,Economy,2,Eco-3,Economy Flex,Economy Flex,+712.3 USD,1606.13,USD,Enuygun,bff_2,entertainment: Uçak İçi Eğlence,Included,Included,Unknown,Included,Unknown,Unknown,Unknown,Paid,Included,Unknown,Unknown,Unknown,Unknown,Unknown,Unknown,Unknown,,,,2026-07-28T07:01:31+00:00,partial,0
CI,TPE,JFK,TPE,TW,NYC,US,2026-12-14,2026-12-17,Winter,Business,0,Bus-1,Business Basic,Business Basic,0 USD,4606.24,USD,Enuygun,bff_0,priority_check_in: Öncelikli Check-in; entertainment: Uçak İçi Eğlence,Included,Included,Unknown,Included,Included,Unknown,Unknown,Paid,Paid,Unknown,Unknown,Unknown,Unknown,Unknown,Unknown,Unknown,,,,2026-07-28T07:01:31+00:00,partial,0
CI,TPE,JFK,TPE,TW,NYC,US,2026-12-14,2026-12-17,Winter,Business,1,Bus-2,Business Standard,Business Standard,+662.56 USD,5268.79,USD,Enuygun,bff_1,priority_check_in: Öncelikli Check-in; entertainment: Uçak İçi Eğlence,Included,Included,Unknown,Included,Included,Unknown,Unknown,Paid,Paid,Unknown,Unknown,Unknown,Unknown,Unknown,Unknown,Unknown,,,,2026-07-28T07:01:31+00:00,partial,0
CI,TPE,JFK,TPE,TW,NYC,US,2026-12-14,2026-12-17,Winter,Business,2,Bus-3,Business Flex,Business Flex,+1899.3 USD,6505.54,USD,Enuygun,bff_2,priority_check_in: Öncelikli Check-in; entertainment: Uçak İçi Eğlence,Included,Included,Unknown,Included,Included,Unknown,Unknown,Paid,Included,Unknown,Unknown,Unknown,Unknown,Unknown,Unknown,Unknown,,,,2026-07-28T07:01:31+00:00,partial,0
DL,TPE,JFK,TPE,TW,NYC,US,2027-05-20,2027-05-23,Summer,Economy,0,Eco-1,MAINBASIC,Economy Basic,0.00 USD,652.16,USD,Ubfly,MAINBASIC-MAINBASIC,In-flight entertainment; Last Group on Boarding; Limited overhead space; Alcoholic drink; Snack,Included,Included,Unknown,Included,Unknown,Unknown,Unknown,Not Included,Paid,Unknown,Unknown,Unknown,Unknown,Unknown,Unknown,Unknown,,,,2026-07-28T07:01:31+00:00,success,0
DL,TPE,JFK,TPE,TW,NYC,US,2027-05-20,2027-05-23,Summer,Economy,1,Eco-2,MAINEXTRA,Economy Standard,+30.88 USD,683.04,USD,Ubfly,MAINEXTRA-MAINEXTRA,Change with Penalty; Uninterrupted return (up to the last 12 hours); Standard boarding; Alcoholic drink; Snack; In-flight entertainment,Included,Included,Included,Included,Unknown,Unknown,Unknown,Included,Included,Unknown,Unknown,Unknown,Unknown,Unknown,Unknown,Unknown,Yes,,,2026-07-28T07:01:31+00:00,success,0
DL,TPE,JFK,TPE,TW,NYC,US,2027-05-20,2027-05-23,Summer,Economy,2,Eco-3,COMFTEXTRA,Economy — COMFTEXTRA,+307.90 USD,960.06,USD,Ubfly,COMFTEXTRA-COMFTEXTRA,Change with Penalty; Uninterrupted return (up to the last 12 hours); Extra legroom; Alcoholic drink; Snack; In-flight entertainment,Included,Included,Included,Unknown,Unknown,Included,Unknown,Unknown,Unknown,Unknown,Unknown,Unknown,Unknown,Unknown,Unknown,Unknown,Yes,,,2026-07-28T07:01:31+00:00,success,0
DL,TPE,JFK,TPE,TW,NYC,US,2027-05-20,2027-05-23,Summer,Economy,3,Eco-4,DPSEXTRA,Economy — DPSEXTRA,+463.39 USD,1115.55,USD,Ubfly,DPSEXTRA-DPSEXTRA,Change with Penalty; Uninterrupted return (up to the last 12 hours); Extra legroom; Privileged check-in; Alcoholic drink; Snack; In-flight entertainment,Included,Included,Included,Unknown,Unknown,Included,Unknown,Unknown,Unknown,Unknown,Unknown,Unknown,Unknown,Unknown,Unknown,Unknown,Yes,,,2026-07-28T07:01:31+00:00,success,0
DL,TPE,JFK,TPE,TW,NYC,US,2026-12-14,2026-12-17,Winter,Economy,0,Eco-1,MAINBASIC,Economy Basic,0.00 USD,652.16,USD,Ubfly,MAINBASIC-MAINBASIC,Last Group on Boarding; Limited overhead space; Alcoholic drink; Snack; In-flight entertainment,Included,Included,Unknown,Included,Unknown,Unknown,Unknown,Not Included,Paid,Unknown,Unknown,Unknown,Unknown,Unknown,Unknown,Unknown,,,,2026-07-28T07:01:31+00:00,success,0
DL,TPE,JFK,TPE,TW,NYC,US,2026-12-14,2026-12-17,Winter,Economy,1,Eco-2,MAINEXTRA,Economy Standard,+30.88 USD,683.04,USD,Ubfly,MAINEXTRA-MAINEXTRA,Change with Penalty; Uninterrupted return (up to the last 12 hours); Standard boarding; Alcoholic drink; Snack; In-flight entertainment,Included,Included,Included,Included,Unknown,Unknown,Unknown,Included,Included,Unknown,Unknown,Unknown,Unknown,Unknown,Unknown,Unknown,Yes,,,2026-07-28T07:01:31+00:00,success,0
DL,TPE,JFK,TPE,TW,NYC,US,2026-12-14,2026-12-17,Winter,Economy,2,Eco-3,COMFTEXTRA,Economy — COMFTEXTRA,+201.82 USD,853.98,USD,Ubfly,COMFTEXTRA-COMFTEXTRA,Change with Penalty; Uninterrupted return (up to the last 12 hours); Extra legroom; Alcoholic drink; Snack; In-flight entertainment,Included,Included,Included,Unknown,Unknown,Included,Unknown,Unknown,Unknown,Unknown,Unknown,Unknown,Unknown,Unknown,Unknown,Unknown,Yes,,,2026-07-28T07:01:31+00:00,success,0
DL,TPE,JFK,TPE,TW,NYC,US,2026-12-14,2026-12-17,Winter,Economy,3,Eco-4,DPSEXTRA,Economy — DPSEXTRA,+463.39 USD,1115.55,USD,Ubfly,DPSEXTRA-DPSEXTRA,Change with Penalty; Uninterrupted return (up to the last 12 hours); Extra legroom; Privileged check-in; Alcoholic drink; Snack; In-flight entertainment,Included,Included,Included,Unknown,Unknown,Included,Unknown,Unknown,Unknown,Unknown,Unknown,Unknown,Unknown,Unknown,Unknown,Unknown,Yes,,,2026-07-28T07:01:31+00:00,success,0
CX,TPE,JFK,TPE,TW,NYC,US,2027-05-20,2027-05-23,Summer,Economy,0,Eco-1,ECONOMY LIGHT,Economy Lite,0 USD,871.4,USD,Enuygun,bff_0,,Unknown,Included,Unknown,Included,Unknown,Unknown,Unknown,Paid,Paid,Unknown,Unknown,Unknown,Unknown,Unknown,Unknown,Unknown,,,,2026-07-28T07:01:31+00:00,partial,0
CX,TPE,JFK,TPE,TW,NYC,US,2027-05-20,2027-05-23,Summer,Economy,1,Eco-2,ECONOMY ESSENTIAL,Economy — ECONOMY ESSENTIAL,+128.76 USD,1000.16,USD,Enuygun,bff_1,,Unknown,Included,Unknown,Included,Unknown,Unknown,Unknown,Paid,Paid,Unknown,Unknown,Unknown,Unknown,Unknown,Unknown,Unknown,,,,2026-07-28T07:01:31+00:00,partial,0
CX,TPE,JFK,TPE,TW,NYC,US,2027-05-20,2027-05-23,Summer,Economy,2,Eco-3,ECONOMY FLEX,Economy Flex,+280.59 USD,1151.99,USD,Enuygun,bff_2,,Unknown,Included,Unknown,Included,Unknown,Unknown,Unknown,Paid,Included,Unknown,Unknown,Unknown,Unknown,Unknown,Unknown,Unknown,,,,2026-07-28T07:01:31+00:00,partial,0
CX,TPE,JFK,TPE,TW,NYC,US,2027-05-20,2027-05-23,Summer,Business,0,Bus-1,Business Essential,Business — Business Essential,0 USD,3553.79,USD,Enuygun,bff_0,priority_check_in: Öncelikli Check-in,Included,Included,Unknown,Included,Included,Unknown,Unknown,Paid,Paid,Unknown,Unknown,Unknown,Unknown,Unknown,Unknown,Unknown,,,,2026-07-28T07:01:31+00:00,partial,0
CX,TPE,JFK,TPE,TW,NYC,US,2027-05-20,2027-05-23,Summer,Business,1,Bus-2,Business Flex,Business Flex,+1548.38 USD,5102.17,USD,Enuygun,bff_1,priority_check_in: Öncelikli Check-in,Included,Included,Unknown,Included,Included,Unknown,Unknown,Paid,Included,Unknown,Unknown,Unknown,Unknown,Unknown,Unknown,Unknown,,,,2026-07-28T07:01:31+00:00,partial,0
CX,TPE,JFK,TPE,TW,NYC,US,2026-12-14,2026-12-17,Winter,Economy,0,Eco-1,Economy Light,Economy Lite,0 USD,694.72,USD,Enuygun,bff_0,,Included,Included,Unknown,Included,Unknown,Unknown,Unknown,Paid,Paid,Unknown,Unknown,Unknown,Unknown,Unknown,Unknown,Unknown,,,,2026-07-28T07:01:31+00:00,partial,0
CX,TPE,JFK,TPE,TW,NYC,US,2026-12-14,2026-12-17,Winter,Economy,1,Eco-2,Economy Essential,Economy — Economy Essential,+119.26 USD,813.99,USD,Enuygun,bff_1,,Included,Included,Unknown,Included,Unknown,Unknown,Unknown,Paid,Paid,Unknown,Unknown,Unknown,Unknown,Unknown,Unknown,Unknown,,,,2026-07-28T07:01:31+00:00,partial,0
CX,TPE,JFK,TPE,TW,NYC,US,2026-12-14,2026-12-17,Winter,Economy,2,Eco-3,Economy Flex,Economy Flex,+263.97 USD,958.7,USD,Enuygun,bff_2,,Included,Included,Unknown,Included,Unknown,Unknown,Unknown,Paid,Included,Unknown,Unknown,Unknown,Unknown,Unknown,Unknown,Unknown,,,,2026-07-28T07:01:31+00:00,partial,0
CX,TPE,JFK,TPE,TW,NYC,US,2026-12-14,2026-12-17,Winter,Business,0,Bus-1,BUSINESS ESSENTIAL,Business — BUSINESS ESSENTIAL,0 USD,4172.49,USD,Enuygun,bff_0,,Included,Included,Unknown,Unknown,Unknown,Unknown,Unknown,Paid,Paid,Unknown,Unknown,Unknown,Unknown,Unknown,Unknown,Unknown,,,,2026-07-28T07:01:31+00:00,partial,0
CX,TPE,JFK,TPE,TW,NYC,US,2026-12-14,2026-12-17,Winter,Business,1,Bus-2,BUSINESS FLEX,Business Flex,+1157.6 USD,5330.09,USD,Enuygun,bff_1,,Included,Included,Unknown,Unknown,Unknown,Unknown,Unknown,Paid,Included,Unknown,Unknown,Unknown,Unknown,Unknown,Unknown,Unknown,,,,2026-07-28T07:01:31+00:00,partial,0
CX,JFK,HKG,NYC,US,HKG,HK,2027-04-12,2027-04-15,Summer,Economy,0,Eco-1,Economy Light,Economy Lite,0 USD,4719.03,USD,Enuygun,bff_0,,Included,Included,Unknown,Included,Unknown,Unknown,Unknown,Paid,Paid,Unknown,Unknown,Unknown,Unknown,Unknown,Unknown,Unknown,,,,2026-07-28T07:01:31+00:00,partial,0
CX,JFK,HKG,NYC,US,HKG,HK,2027-04-12,2027-04-15,Summer,Economy,1,Eco-2,Economy Essential,Economy — Economy Essential,+51.56 USD,4770.59,USD,Enuygun,bff_1,,Included,Included,Unknown,Included,Unknown,Unknown,Unknown,Paid,Paid,Unknown,Unknown,Unknown,Unknown,Unknown,Unknown,Unknown,,,,2026-07-28T07:01:31+00:00,partial,0
CX,JFK,HKG,NYC,US,HKG,HK,2027-04-12,2027-04-15,Summer,Economy,2,Eco-3,Economy Flex,Economy Flex,+194.18 USD,4913.21,USD,Enuygun,bff_2,,Included,Included,Unknown,Included,Unknown,Unknown,Unknown,Paid,Included,Unknown,Unknown,Unknown,Unknown,Unknown,Unknown,Unknown,,,,2026-07-28T07:01:31+00:00,partial,0
CX,JFK,HKG,NYC,US,HKG,HK,2027-04-12,2027-04-15,Summer,Business,0,Bus-1,Business Light,Business Lite,0 USD,4887.47,USD,Enuygun,bff_0,priority_check_in: Öncelikli Check-in,Included,Included,Unknown,Included,Included,Unknown,Unknown,Paid,Paid,Unknown,Unknown,Unknown,Unknown,Unknown,Unknown,Unknown,,,,2026-07-28T07:01:31+00:00,partial,0
CX,JFK,HKG,NYC,US,HKG,HK,2027-04-12,2027-04-15,Summer,Business,1,Bus-2,Business Essential,Business — Business Essential,+977.4 USD,5864.87,USD,Enuygun,bff_1,priority_check_in: Öncelikli Check-in,Included,Included,Unknown,Included,Included,Unknown,Unknown,Paid,Paid,Unknown,Unknown,Unknown,Unknown,Unknown,Unknown,Unknown,,,,2026-07-28T07:01:31+00:00,partial,0
CX,JFK,HKG,NYC,US,HKG,HK,2027-04-12,2027-04-15,Summer,Business,2,Bus-3,Business Flex,Business Flex,+6286.78 USD,11174.25,USD,Enuygun,bff_2,priority_check_in: Öncelikli Check-in,Included,Included,Unknown,Included,Included,Unknown,Unknown,Included,Included,Unknown,Unknown,Unknown,Unknown,Unknown,Unknown,Unknown,,,,2026-07-28T07:01:31+00:00,partial,0
CX,JFK,HKG,NYC,US,HKG,HK,2027-03-14,2027-03-17,Winter,Economy,0,Eco-1,Economy Light,Economy Lite,0 USD,4719.03,USD,Enuygun,bff_0,,Included,Included,Unknown,Included,Unknown,Unknown,Unknown,Paid,Paid,Unknown,Unknown,Unknown,Unknown,Unknown,Unknown,Unknown,,,,2026-07-28T07:01:31+00:00,partial,0
CX,JFK,HKG,NYC,US,HKG,HK,2027-03-14,2027-03-17,Winter,Economy,1,Eco-2,Economy Essential,Economy — Economy Essential,+51.56 USD,4770.59,USD,Enuygun,bff_1,,Included,Included,Unknown,Included,Unknown,Unknown,Unknown,Paid,Paid,Unknown,Unknown,Unknown,Unknown,Unknown,Unknown,Unknown,,,,2026-07-28T07:01:31+00:00,partial,0
CX,JFK,HKG,NYC,US,HKG,HK,2027-03-14,2027-03-17,Winter,Economy,2,Eco-3,Economy Flex,Economy Flex,+194.18 USD,4913.21,USD,Enuygun,bff_2,,Included,Included,Unknown,Included,Unknown,Unknown,Unknown,Paid,Included,Unknown,Unknown,Unknown,Unknown,Unknown,Unknown,Unknown,,,,2026-07-28T07:01:31+00:00,partial,0
CX,JFK,HKG,NYC,US,HKG,HK,2027-03-14,2027-03-17,Winter,Business,0,Bus-1,Business Light,Business Lite,0 USD,5186.63,USD,Enuygun,bff_0,priority_check_in: Öncelikli Check-in,Included,Included,Unknown,Included,Included,Unknown,Unknown,Paid,Paid,Unknown,Unknown,Unknown,Unknown,Unknown,Unknown,Unknown,,,,2026-07-28T07:01:31+00:00,partial,0
CX,JFK,HKG,NYC,US,HKG,HK,2027-03-14,2027-03-17,Winter,Business,1,Bus-2,Business Essential,Business — Business Essential,+977.42 USD,6164.05,USD,Enuygun,bff_1,priority_check_in: Öncelikli Check-in,Included,Included,Unknown,Included,Included,Unknown,Unknown,Paid,Paid,Unknown,Unknown,Unknown,Unknown,Unknown,Unknown,Unknown,,,,2026-07-28T07:01:31+00:00,partial,0
CX,JFK,HKG,NYC,US,HKG,HK,2027-03-14,2027-03-17,Winter,Business,2,Bus-3,Business Flex,Business Flex,+6286.8 USD,11473.43,USD,Enuygun,bff_2,priority_check_in: Öncelikli Check-in,Included,Included,Unknown,Included,Included,Unknown,Unknown,Included,Included,Unknown,Unknown,Unknown,Unknown,Unknown,Unknown,Unknown,,,,2026-07-28T07:01:31+00:00,partial,0
BR,JFK,HKG,NYC,US,HKG,HK,2027-04-12,2027-04-15,Summer,Economy,0,Eco-1,Economy Basic,Economy Basic,0 USD,657.97,USD,Enuygun,bff_0,entertainment: Uçak İçi Eğlence,Included,Included,Unknown,Included,Unknown,Unknown,Unknown,Paid,Paid,Unknown,Unknown,Unknown,Unknown,Unknown,Unknown,Unknown,,,,2026-07-28T07:01:31+00:00,partial,0
BR,JFK,HKG,NYC,US,HKG,HK,2027-04-12,2027-04-15,Summer,Economy,1,Eco-2,Economy Standard,Economy Standard,+349.92 USD,1007.9,USD,Enuygun,bff_1,entertainment: Uçak İçi Eğlence,Included,Included,Unknown,Included,Unknown,Unknown,Unknown,Paid,Paid,Unknown,Unknown,Unknown,Unknown,Unknown,Unknown,Unknown,,,,2026-07-28T07:01:31+00:00,partial,0
BR,JFK,HKG,NYC,US,HKG,HK,2027-04-12,2027-04-15,Summer,Economy,2,Eco-3,Economy Up,Economy — Economy Up,+926.95 USD,1584.92,USD,Enuygun,bff_2,entertainment: Uçak İçi Eğlence,Included,Included,Unknown,Included,Unknown,Unknown,Unknown,Paid,Included,Unknown,Unknown,Unknown,Unknown,Unknown,Unknown,Unknown,,,,2026-07-28T07:01:31+00:00,partial,0
BR,JFK,HKG,NYC,US,HKG,HK,2027-04-12,2027-04-15,Summer,Business,0,Bus-1,Business Basic,Business Basic,0 USD,3906.02,USD,Enuygun,bff_0,entertainment: Uçak İçi Eğlence,Included,Included,Unknown,Included,Unknown,Unknown,Unknown,Paid,Paid,Unknown,Unknown,Unknown,Unknown,Unknown,Unknown,Unknown,,,,2026-07-28T07:01:31+00:00,partial,0
BR,JFK,HKG,NYC,US,HKG,HK,2027-04-12,2027-04-15,Summer,Business,1,Bus-2,Business Standard,Business Standard,+1489.69 USD,5395.71,USD,Enuygun,bff_1,entertainment: Uçak İçi Eğlence,Included,Included,Unknown,Included,Unknown,Unknown,Unknown,Paid,Paid,Unknown,Unknown,Unknown,Unknown,Unknown,Unknown,Unknown,,,,2026-07-28T07:01:31+00:00,partial,0
BR,JFK,HKG,NYC,US,HKG,HK,2027-04-12,2027-04-15,Summer,Business,2,Bus-3,Business Up,Business — Business Up,+3842.72 USD,7748.74,USD,Enuygun,bff_2,entertainment: Uçak İçi Eğlence,Included,Included,Unknown,Included,Unknown,Unknown,Unknown,Paid,Included,Unknown,Unknown,Unknown,Unknown,Unknown,Unknown,Unknown,,,,2026-07-28T07:01:31+00:00,partial,0
BR,JFK,HKG,NYC,US,HKG,HK,2027-03-14,2027-03-17,Winter,Economy,0,Eco-1,Economy Basic,Economy Basic,0 USD,762.68,USD,Enuygun,bff_0,entertainment: Uçak İçi Eğlence,Included,Included,Unknown,Included,Unknown,Unknown,Unknown,Paid,Paid,Unknown,Unknown,Unknown,Unknown,Unknown,Unknown,Unknown,,,,2026-07-28T07:01:31+00:00,partial,0
BR,JFK,HKG,NYC,US,HKG,HK,2027-03-14,2027-03-17,Winter,Economy,1,Eco-2,Economy Standard,Economy Standard,+278.62 USD,1041.3,USD,Enuygun,bff_1,entertainment: Uçak İçi Eğlence,Included,Included,Unknown,Included,Unknown,Unknown,Unknown,Paid,Paid,Unknown,Unknown,Unknown,Unknown,Unknown,Unknown,Unknown,,,,2026-07-28T07:01:31+00:00,partial,0
BR,JFK,HKG,NYC,US,HKG,HK,2027-03-14,2027-03-17,Winter,Economy,2,Eco-3,Economy Up,Economy — Economy Up,+855.65 USD,1618.33,USD,Enuygun,bff_2,entertainment: Uçak İçi Eğlence,Included,Included,Unknown,Included,Unknown,Unknown,Unknown,Paid,Included,Unknown,Unknown,Unknown,Unknown,Unknown,Unknown,Unknown,,,,2026-07-28T07:01:31+00:00,partial,0
KE,JFK,HKG,NYC,US,HKG,HK,2027-04-12,2027-04-15,Summer,Economy,0,Eco-1,MAINBASIC,Economy Basic,0.00 USD,608.77,USD,Ubfly,MAINBASIC-MAINBASIC,In-flight entertainment; Snack; Last Group on Boarding; Limited overhead space; Alcoholic drink,Included,Included,Unknown,Included,Unknown,Unknown,Unknown,Paid,Paid,Unknown,Unknown,Unknown,Unknown,Unknown,Unknown,Unknown,,,,2026-07-28T07:01:31+00:00,success,0
KE,JFK,HKG,NYC,US,HKG,HK,2027-04-12,2027-04-15,Summer,Economy,1,Eco-2,MAINCLASC,Economy Standard,+139.64 USD,748.41,USD,Ubfly,MAINCLASC-MAINCLASC,Change with Penalty; Standard boarding; Alcoholic drink; Snack; In-flight entertainment,Included,Included,Included,Included,Unknown,Unknown,Unknown,Paid,Paid,Unknown,Unknown,Unknown,Unknown,Unknown,Unknown,Unknown,Yes,,,2026-07-28T07:01:31+00:00,success,0
KE,JFK,HKG,NYC,US,HKG,HK,2027-04-12,2027-04-15,Summer,Economy,2,Eco-3,MAINEXTRA,Economy Standard,+269.31 USD,878.08,USD,Ubfly,MAINEXTRA-MAINEXTRA,Change with Penalty; Uninterrupted return (up to the last 12 hours); Standard boarding; Alcoholic drink; Snack; In-flight entertainment,Included,Included,Included,Included,Unknown,Unknown,Unknown,Paid,Paid,Unknown,Unknown,Unknown,Unknown,Unknown,Unknown,Unknown,Yes,,,2026-07-28T07:01:31+00:00,success,0
KE,JFK,HKG,NYC,US,HKG,HK,2027-04-12,2027-04-15,Summer,Business,0,Bus-1,Prestige Standard,Business Standard,0 USD,6394.44,USD,Enuygun,bff_0,priority_check_in: Öncelikli Check-in,Included,Included,Unknown,Included,Included,Unknown,Unknown,Paid,Paid,Unknown,Unknown,Unknown,Unknown,Unknown,Unknown,Unknown,,,,2026-07-28T07:01:31+00:00,success,0
KE,JFK,HKG,NYC,US,HKG,HK,2027-04-12,2027-04-15,Summer,Business,1,Bus-2,Prestige Plus,Business Comfort,+6022.41 USD,12416.85,USD,Enuygun,bff_1,priority_check_in: Öncelikli Check-in,Included,Included,Unknown,Included,Included,Unknown,Unknown,Paid,Paid,Unknown,Unknown,Unknown,Unknown,Unknown,Unknown,Unknown,,,,2026-07-28T07:01:31+00:00,success,0
KE,JFK,HKG,NYC,US,HKG,HK,2027-04-12,2027-04-15,Summer,Business,2,Bus-3,Prestige Flex,Business Flex,+8847.13 USD,15241.57,USD,Enuygun,bff_2,priority_check_in: Öncelikli Check-in,Included,Included,Unknown,Included,Included,Unknown,Unknown,Included,Included,Unknown,Unknown,Unknown,Unknown,Unknown,Unknown,Unknown,,,,2026-07-28T07:01:31+00:00,success,0
KE,JFK,HKG,NYC,US,HKG,HK,2027-03-14,2027-03-17,Winter,Economy,0,Eco-1,MAINBASIC,Economy Basic,0.00 USD,608.77,USD,Ubfly,MAINBASIC-MAINBASIC,Last Group on Boarding; Limited overhead space; Alcoholic drink; Snack; In-flight entertainment,Included,Included,Unknown,Included,Unknown,Unknown,Unknown,Paid,Paid,Unknown,Unknown,Unknown,Unknown,Unknown,Unknown,Unknown,,,,2026-07-28T07:01:31+00:00,success,0
KE,JFK,HKG,NYC,US,HKG,HK,2027-03-14,2027-03-17,Winter,Economy,1,Eco-2,MAINCLASC,Economy Standard,+139.64 USD,748.41,USD,Ubfly,MAINCLASC-MAINCLASC,Change with Penalty; Standard boarding; Alcoholic drink; Snack; In-flight entertainment,Included,Included,Included,Included,Unknown,Unknown,Unknown,Paid,Paid,Unknown,Unknown,Unknown,Unknown,Unknown,Unknown,Unknown,Yes,,,2026-07-28T07:01:31+00:00,success,0
KE,JFK,HKG,NYC,US,HKG,HK,2027-03-14,2027-03-17,Winter,Economy,2,Eco-3,MAINEXTRA,Economy Standard,+269.31 USD,878.08,USD,Ubfly,MAINEXTRA-MAINEXTRA,Change with Penalty; Uninterrupted return (up to the last 12 hours); Standard boarding; Alcoholic drink; Snack; In-flight entertainment,Included,Included,Included,Included,Unknown,Unknown,Unknown,Paid,Paid,Unknown,Unknown,Unknown,Unknown,Unknown,Unknown,Unknown,Yes,,,2026-07-28T07:01:31+00:00,success,0
KE,JFK,HKG,NYC,US,HKG,HK,2027-03-14,2027-03-17,Winter,Business,0,Bus-1,PRESTIGE STANDARD,Business Standard,0 USD,4376.03,USD,Enuygun,bff_0,priority_check_in: Öncelikli Check-in,Unknown,Included,Unknown,Included,Included,Unknown,Unknown,Paid,Paid,Unknown,Unknown,Unknown,Unknown,Unknown,Unknown,Unknown,,,,2026-07-28T07:01:31+00:00,success,0
KE,JFK,HKG,NYC,US,HKG,HK,2027-03-14,2027-03-17,Winter,Business,1,Bus-2,PRESTIGE PLUS,Business Comfort,+8799.95 USD,13175.98,USD,Enuygun,bff_1,priority_check_in: Öncelikli Check-in,Unknown,Included,Unknown,Included,Included,Unknown,Unknown,Paid,Paid,Unknown,Unknown,Unknown,Unknown,Unknown,Unknown,Unknown,,,,2026-07-28T07:01:31+00:00,success,0
KE,JFK,HKG,NYC,US,HKG,HK,2027-03-14,2027-03-17,Winter,Business,2,Bus-3,PRESTIGE FLEX,Business Flex,+11076.2 USD,15452.21,USD,Enuygun,bff_2,priority_check_in: Öncelikli Check-in,Unknown,Included,Unknown,Included,Included,Unknown,Unknown,Included,Included,Unknown,Unknown,Unknown,Unknown,Unknown,Unknown,Unknown,,,,2026-07-28T07:01:31+00:00,success,0
CX,YYZ,HKG,YTO,CA,HKG,HK,2026-09-29,2026-10-02,Summer,Economy,0,Eco-1,ECONOMY LIGHT,Economy Lite,0 USD,1690.1,USD,Enuygun,bff_0,,Unknown,Included,Unknown,Included,Unknown,Unknown,Unknown,Paid,Paid,Unknown,Unknown,Unknown,Unknown,Unknown,Unknown,Unknown,,,,2026-07-28T07:01:31+00:00,partial,0
CX,YYZ,HKG,YTO,CA,HKG,HK,2026-09-29,2026-10-02,Summer,Economy,1,Eco-2,ECONOMY ESSENTIAL,Economy — ECONOMY ESSENTIAL,+144.96 USD,1835.07,USD,Enuygun,bff_1,,Unknown,Included,Unknown,Included,Unknown,Unknown,Unknown,Paid,Paid,Unknown,Unknown,Unknown,Unknown,Unknown,Unknown,Unknown,,,,2026-07-28T07:01:31+00:00,partial,0
CX,YYZ,HKG,YTO,CA,HKG,HK,2026-09-29,2026-10-02,Summer,Economy,2,Eco-3,ECONOMY FLEX,Economy Flex,+312.54 USD,2002.65,USD,Enuygun,bff_2,,Unknown,Included,Unknown,Included,Unknown,Unknown,Unknown,Paid,Included,Unknown,Unknown,Unknown,Unknown,Unknown,Unknown,Unknown,,,,2026-07-28T07:01:31+00:00,partial,0
CX,YYZ,HKG,YTO,CA,HKG,HK,2026-09-29,2026-10-02,Summer,Business,0,Bus-1,BUSINESS ESSENTIAL,Business — BUSINESS ESSENTIAL,0 USD,6571.14,USD,Enuygun,bff_0,,Unknown,Included,Unknown,Included,Unknown,Unknown,Unknown,Paid,Paid,Unknown,Unknown,Unknown,Unknown,Unknown,Unknown,Unknown,,,,2026-07-28T07:01:31+00:00,partial,0
CX,YYZ,HKG,YTO,CA,HKG,HK,2026-09-29,2026-10-02,Summer,Business,1,Bus-2,BUSINESS FLEX,Business Flex,+2160.51 USD,8731.66,USD,Enuygun,bff_1,,Unknown,Included,Unknown,Included,Unknown,Unknown,Unknown,Included,Included,Unknown,Unknown,Unknown,Unknown,Unknown,Unknown,Unknown,,,,2026-07-28T07:01:31+00:00,partial,0
CX,YYZ,HKG,YTO,CA,HKG,HK,2027-01-18,2027-01-21,Winter,Economy,0,Eco-1,Economy Light,Economy Lite,0 USD,1321.93,USD,Enuygun,bff_0,,Included,Included,Unknown,Included,Unknown,Unknown,Unknown,Paid,Paid,Unknown,Unknown,Unknown,Unknown,Unknown,Unknown,Unknown,,,,2026-07-28T07:01:31+00:00,partial,0
CX,YYZ,HKG,YTO,CA,HKG,HK,2027-01-18,2027-01-21,Winter,Economy,1,Eco-2,Economy Essential,Economy — Economy Essential,+132.5 USD,1454.43,USD,Enuygun,bff_1,,Included,Included,Unknown,Included,Unknown,Unknown,Unknown,Paid,Paid,Unknown,Unknown,Unknown,Unknown,Unknown,Unknown,Unknown,,,,2026-07-28T07:01:31+00:00,partial,0
CX,YYZ,HKG,YTO,CA,HKG,HK,2027-01-18,2027-01-21,Winter,Economy,2,Eco-3,Economy Flex,Economy Flex,+311.77 USD,1633.7,USD,Enuygun,bff_2,,Included,Included,Unknown,Included,Unknown,Unknown,Unknown,Paid,Included,Unknown,Unknown,Unknown,Unknown,Unknown,Unknown,Unknown,,,,2026-07-28T07:01:31+00:00,partial,0
CX,YYZ,HKG,YTO,CA,HKG,HK,2027-01-18,2027-01-21,Winter,Business,0,Bus-1,Business Essential,Business — Business Essential,0 USD,4930.95,USD,Enuygun,bff_0,priority_check_in: Öncelikli Check-in,Included,Included,Unknown,Included,Included,Unknown,Unknown,Paid,Paid,Unknown,Unknown,Unknown,Unknown,Unknown,Unknown,Unknown,,,,2026-07-28T07:01:31+00:00,partial,0
CX,YYZ,HKG,YTO,CA,HKG,HK,2027-01-18,2027-01-21,Winter,Business,1,Bus-2,Business Flex,Business Flex,+2395.21 USD,7326.16,USD,Enuygun,bff_1,priority_check_in: Öncelikli Check-in,Included,Included,Unknown,Included,Included,Unknown,Unknown,Included,Included,Unknown,Unknown,Unknown,Unknown,Unknown,Unknown,Unknown,,,,2026-07-28T07:01:31+00:00,partial,0
AC,YYZ,HKG,YTO,CA,HKG,HK,2026-09-29,2026-10-02,Summer,Economy,0,Eco-1,Standard,Economy Standard,0.00 USD,1077.17,USD,Ubfly,TG-TG,POINT ACCRUAL(F),Included,Included,Included,Included,Unknown,Unknown,Unknown,Unknown,Paid,Unknown,Unknown,Unknown,Unknown,Unknown,Unknown,Unknown,,,,2026-07-28T07:01:31+00:00,success,0
AC,YYZ,HKG,YTO,CA,HKG,HK,2026-09-29,2026-10-02,Summer,Economy,1,Eco-2,Flexible,Economy Flex,+35.31 USD,1112.48,USD,Ubfly,FL-FL,POINT ACCRUAL(F),Included,Included,Included,Included,Unknown,Unknown,Unknown,Paid,Paid,Unknown,Unknown,Unknown,Unknown,Unknown,Unknown,Unknown,,,,2026-07-28T07:01:31+00:00,success,0
AC,YYZ,HKG,YTO,CA,HKG,HK,2026-09-29,2026-10-02,Summer,Economy,2,Eco-3,Comfort,Economy Comfort,+148.82 USD,1225.99,USD,Ubfly,CO-CO,Change with Penalty; Uninterrupted return (up to the last 12 hours); POINT ACCRUAL(F); Privileged check-in,Included,Included,Included,Included,Unknown,Unknown,Unknown,Included,Included,Unknown,Unknown,Included,Unknown,Unknown,Unknown,Unknown,,,,2026-07-28T07:01:31+00:00,success,0
AC,YYZ,HKG,YTO,CA,HKG,HK,2026-09-29,2026-10-02,Summer,Economy,3,Eco-4,Latitude,Economy — Latitude,"+2,079.20 USD",3156.37,USD,Ubfly,LT-LT,Change with Penalty; Uninterrupted return (up to the last 12 hours); Privileged check-in; POINT ACCRUAL(F),Included,Included,Included,Included,Unknown,Unknown,Unknown,Included,Included,Unknown,Unknown,Included,Unknown,Unknown,Unknown,Unknown,,,,2026-07-28T07:01:31+00:00,success,0
AC,YYZ,HKG,YTO,CA,HKG,HK,2026-09-29,2026-10-02,Summer,Premium Economy,0,PEco-1,PL,Premium Economy — PL,"+3,452.58 USD",4529.75,USD,Ubfly,PL-PL,Privileged check-in; POINT ACCRUAL(F),Included,Included,Included,Included,Unknown,Unknown,Unknown,Unknown,Unknown,Unknown,Unknown,Unknown,Unknown,Unknown,Unknown,Unknown,,,,2026-07-28T07:01:31+00:00,success,0
AC,YYZ,HKG,YTO,CA,HKG,HK,2026-09-29,2026-10-02,Summer,Premium Economy,1,PEco-2,PRIME FLY,Premium Economy Premium,"+3,806.89 USD",4884.06,USD,Ubfly,PF-PF,Change with Penalty; Uninterrupted return (up to the last 12 hours); Privileged check-in; POINT ACCRUAL(F),Included,Included,Included,Included,Unknown,Unknown,Unknown,Unknown,Unknown,Unknown,Unknown,Included,Unknown,Unknown,Unknown,Unknown,,,,2026-07-28T07:01:31+00:00,success,0
AC,YYZ,HKG,YTO,CA,HKG,HK,2026-09-29,2026-10-02,Summer,Business,0,Bus-1,BUSCMFT,Business — BUSCMFT,0.00 USD,10889.6,USD,Ubfly,BUSCMFT-BUSCMFT,Privileged check-in; Snack; 1 personal item; Journal & Newspaper; In-flight entertainment,Included,Included,Included,Included,Included,Included,Included,Unknown,Unknown,Unknown,Unknown,Unknown,Unknown,Unknown,Unknown,Unknown,Yes,,,2026-07-28T07:01:31+00:00,success,0
AC,YYZ,HKG,YTO,CA,HKG,HK,2026-09-29,2026-10-02,Summer,Business,1,Bus-2,BUSCMFTPLS,Business — BUSCMFTPLS,+124.02 USD,11013.62,USD,Ubfly,BUSCMFTPLS-BUSCMFTPLS,1 personal item; Snack; Journal & Newspaper; Privileged check-in; In-flight entertainment,Included,Included,Included,Included,Included,Included,Included,Unknown,Unknown,Unknown,Unknown,Unknown,Unknown,Unknown,Unknown,Unknown,Yes,,,2026-07-28T07:01:31+00:00,success,0
AC,YYZ,HKG,YTO,CA,HKG,HK,2026-09-29,2026-10-02,Summer,Business,2,Bus-3,BUSINESS FLEXIBLE,Business Flex,+248.03 USD,11137.63,USD,Ubfly,BUSFLEX-BUSFLEX,1 personal item; Business class seat with private partition; Snack; Journal & Newspaper; Privileged check-in; In-flight entertainment,Included,Included,Included,Included,Included,Included,Included,Unknown,Unknown,Unknown,Unknown,Unknown,Unknown,Unknown,Unknown,Unknown,Yes,,,2026-07-28T07:01:31+00:00,success,0
AC,YYZ,HKG,YTO,CA,HKG,HK,2027-01-18,2027-01-21,Winter,Economy,0,Eco-1,Standard,Economy Standard,0.00 USD,1066.13,USD,Ubfly,TG-TG-TG,POINT ACCRUAL(F),Included,Included,Unknown,Unknown,Unknown,Unknown,Unknown,Not Included,Paid,Unknown,Unknown,Unknown,Unknown,Unknown,Unknown,Unknown,,,,2026-07-28T07:01:31+00:00,success,0
AC,YYZ,HKG,YTO,CA,HKG,HK,2027-01-18,2027-01-21,Winter,Economy,1,Eco-2,Flexible,Economy Flex,+67.18 USD,1133.31,USD,Ubfly,FL-FL-FL,Change with Penalty; POINT ACCRUAL(F),Included,Included,Included,Unknown,Unknown,Unknown,Unknown,Paid,Included,Unknown,Unknown,Unknown,Unknown,Unknown,Unknown,Unknown,,,,2026-07-28T07:01:31+00:00,success,0
AC,YYZ,HKG,YTO,CA,HKG,HK,2027-01-18,2027-01-21,Winter,Economy,2,Eco-3,Comfort,Economy Comfort,+243.07 USD,1309.2,USD,Ubfly,CO-CO-CO,Change with Penalty; Uninterrupted return (up to the last 12 hours); Privileged check-in; POINT ACCRUAL(F),Included,Included,Included,Included,Unknown,Unknown,Unknown,Included,Included,Unknown,Unknown,Included,Unknown,Unknown,Unknown,Unknown,,,,2026-07-28T07:01:31+00:00,success,0
AC,YYZ,HKG,YTO,CA,HKG,HK,2027-01-18,2027-01-21,Winter,Economy,3,Eco-4,Latitude,Economy — Latitude,"+2,081.31 USD",3147.44,USD,Ubfly,LT-LT-LT,Change with Penalty; Uninterrupted return (up to the last 12 hours); Privileged check-in; POINT ACCRUAL(F),Included,Included,Included,Included,Unknown,Unknown,Unknown,Included,Included,Unknown,Unknown,Included,Unknown,Unknown,Unknown,Unknown,,,,2026-07-28T07:01:31+00:00,success,0
AC,YYZ,HKG,YTO,CA,HKG,HK,2027-01-18,2027-01-21,Winter,Premium Economy,0,PEco-1,PL,Premium Economy — PL,+918.41 USD,1984.54,USD,Ubfly,PL-PL-PL,Privileged check-in; POINT ACCRUAL(F),Included,Included,Included,Included,Unknown,Unknown,Unknown,Unknown,Unknown,Unknown,Unknown,Unknown,Unknown,Unknown,Unknown,Unknown,,,,2026-07-28T07:01:31+00:00,success,0
AC,YYZ,HKG,YTO,CA,HKG,HK,2027-01-18,2027-01-21,Winter,Premium Economy,1,PEco-2,PRIME FLY,Premium Economy Premium,"+1,308.17 USD",2374.3,USD,Ubfly,PF-PF-PF,Change with Penalty; Uninterrupted return (up to the last 12 hours); Privileged check-in; POINT ACCRUAL(F),Included,Included,Included,Included,Unknown,Unknown,Unknown,Unknown,Unknown,Unknown,Unknown,Included,Unknown,Unknown,Unknown,Unknown,,,,2026-07-28T07:01:31+00:00,success,0
AC,YYZ,HKG,YTO,CA,HKG,HK,2027-01-18,2027-01-21,Winter,Business,0,Bus-1,BUSCMFT,Business — BUSCMFT,0.00 USD,10889.6,USD,Ubfly,BUSCMFT-BUSCMFT,In-flight entertainment; Privileged check-in; Snack; 1 personal item; Journal & Newspaper,Included,Included,Included,Included,Included,Included,Included,Unknown,Unknown,Unknown,Unknown,Unknown,Unknown,Unknown,Unknown,Unknown,Yes,,,2026-07-28T07:01:31+00:00,success,0
AC,YYZ,HKG,YTO,CA,HKG,HK,2027-01-18,2027-01-21,Winter,Business,1,Bus-2,BUSCMFTPLS,Business — BUSCMFTPLS,+124.02 USD,11013.62,USD,Ubfly,BUSCMFTPLS-BUSCMFTPLS,1 personal item; Snack; Journal & Newspaper; Privileged check-in; In-flight entertainment,Included,Included,Included,Included,Included,Included,Included,Unknown,Unknown,Unknown,Unknown,Unknown,Unknown,Unknown,Unknown,Unknown,Yes,,,2026-07-28T07:01:31+00:00,success,0
AC,YYZ,HKG,YTO,CA,HKG,HK,2027-01-18,2027-01-21,Winter,Business,2,Bus-3,BUSINESS FLEXIBLE,Business Flex,+248.03 USD,11137.63,USD,Ubfly,BUSFLEX-BUSFLEX,1 personal item; Business class seat with private partition; Snack; Journal & Newspaper; Privileged check-in; In-flight entertainment,Included,Included,Included,Included,Included,Included,Included,Unknown,Unknown,Unknown,Unknown,Unknown,Unknown,Unknown,Unknown,Unknown,Yes,,,2026-07-28T07:01:31+00:00,success,0
UA,YYZ,HKG,YTO,CA,HKG,HK,2026-09-29,2026-10-02,Summer,Economy,0,Eco-1,ECONOMY,Economy — ECONOMY,0.00 USD,848.48,USD,Ubfly,ECONOMY-ECONOMY,Change with Penalty; 1 personal item,Included,Included,Included,Unknown,Unknown,Unknown,Unknown,Unknown,Included,Unknown,Unknown,Unknown,Unknown,Included,Unknown,Unknown,Yes,,,2026-07-28T07:01:31+00:00,success,0
UA,YYZ,HKG,YTO,CA,HKG,HK,2026-09-29,2026-10-02,Summer,Economy,1,Eco-2,PREMECO,Economy Basic,+836.35 USD,1684.83,USD,Ubfly,PREMECO-PREMECO,Change with Penalty; 1 personal item,Included,Included,Included,Unknown,Unknown,Included,Unknown,Unknown,Unknown,Unknown,Unknown,Unknown,Unknown,Included,Unknown,Unknown,Yes,,,2026-07-28T07:01:31+00:00,success,0
UA,YYZ,HKG,YTO,CA,HKG,HK,2026-09-29,2026-10-02,Summer,Economy,2,Eco-3,ECONOMY FULLY REFUNDABLE,Economy Premium,"+4,734.65 USD",5583.13,USD,Ubfly,ECOREF-ECOREF,Uninterrupted return (up to the last 12 hours); Change with Penalty; 1 personal item,Included,Included,Included,Unknown,Unknown,Unknown,Unknown,Included,Included,Unknown,Unknown,Unknown,Unknown,Included,Unknown,Unknown,Yes,,,2026-07-28T07:01:31+00:00,success,0
UA,YYZ,HKG,YTO,CA,HKG,HK,2026-09-29,2026-10-02,Summer,Economy,3,Eco-4,PREMECOREF,Economy — PREMECOREF,"+5,872.74 USD",6721.22,USD,Ubfly,PREMECOREF-PREMECOREF,Uninterrupted return (up to the last 12 hours); Change with Penalty; 1 personal item,Included,Included,Included,Unknown,Unknown,Included,Unknown,Unknown,Unknown,Unknown,Unknown,Unknown,Unknown,Included,Unknown,Unknown,Yes,,,2026-07-28T07:01:31+00:00,success,0
UA,YYZ,HKG,YTO,CA,HKG,HK,2026-09-29,2026-10-02,Summer,Business,0,Bus-1,BUSINESS,Business — BUSINESS,0 USD,4337.26,USD,Enuygun,bff_0,,Unknown,Included,Unknown,Unknown,Unknown,Unknown,Unknown,Unknown,Included,Unknown,Unknown,Unknown,Unknown,Unknown,Unknown,Unknown,,,,2026-07-28T07:01:31+00:00,success,0
UA,YYZ,HKG,YTO,CA,HKG,HK,2026-09-29,2026-10-02,Summer,Business,1,Bus-2,BUSINESS FULLY REFUNDABLE,Business Premium,+624.69 USD,4961.96,USD,Enuygun,bff_1,,Unknown,Included,Unknown,Unknown,Unknown,Unknown,Unknown,Included,Included,Unknown,Unknown,Unknown,Unknown,Unknown,Unknown,Unknown,,,,2026-07-28T07:01:31+00:00,success,0
UA,YYZ,HKG,YTO,CA,HKG,HK,2027-01-18,2027-01-21,Winter,Economy,0,Eco-1,ECONOMY,Economy — ECONOMY,0.00 USD,848.48,USD,Ubfly,ECONOMY-ECONOMY,Change with Penalty; 1 personal item,Included,Included,Included,Unknown,Unknown,Unknown,Unknown,Unknown,Included,Unknown,Unknown,Unknown,Unknown,Included,Unknown,Unknown,Yes,,,2026-07-28T07:01:31+00:00,success,0
UA,YYZ,HKG,YTO,CA,HKG,HK,2027-01-18,2027-01-21,Winter,Economy,1,Eco-2,PREMECO,Economy Basic,+836.35 USD,1684.83,USD,Ubfly,PREMECO-PREMECO,Change with Penalty; 1 personal item,Included,Included,Included,Unknown,Unknown,Included,Unknown,Unknown,Unknown,Unknown,Unknown,Unknown,Unknown,Included,Unknown,Unknown,Yes,,,2026-07-28T07:01:31+00:00,success,0
UA,YYZ,HKG,YTO,CA,HKG,HK,2027-01-18,2027-01-21,Winter,Economy,2,Eco-3,ECONOMY FULLY REFUNDABLE,Economy Premium,"+4,734.65 USD",5583.13,USD,Ubfly,ECOREF-ECOREF,Uninterrupted return (up to the last 12 hours); Change with Penalty; 1 personal item,Included,Included,Included,Unknown,Unknown,Unknown,Unknown,Included,Included,Unknown,Unknown,Unknown,Unknown,Included,Unknown,Unknown,Yes,,,2026-07-28T07:01:31+00:00,success,0
UA,YYZ,HKG,YTO,CA,HKG,HK,2027-01-18,2027-01-21,Winter,Economy,3,Eco-4,PREMECOREF,Economy — PREMECOREF,"+5,872.74 USD",6721.22,USD,Ubfly,PREMECOREF-PREMECOREF,Uninterrupted return (up to the last 12 hours); Change with Penalty; 1 personal item,Included,Included,Included,Unknown,Unknown,Included,Unknown,Unknown,Unknown,Unknown,Unknown,Unknown,Unknown,Included,Unknown,Unknown,Yes,,,2026-07-28T07:01:31+00:00,success,0
UA,YYZ,HKG,YTO,CA,HKG,HK,2027-01-18,2027-01-21,Winter,Business,0,Bus-1,Business,Business — Business,0 USD,4140.33,USD,Enuygun,bff_0,,Included,Included,Unknown,Unknown,Included,Unknown,Unknown,Unknown,Included,Unknown,Unknown,Unknown,Unknown,Unknown,Unknown,Unknown,,,,2026-07-28T07:01:31+00:00,success,0
UA,YYZ,HKG,YTO,CA,HKG,HK,2027-01-18,2027-01-21,Winter,Business,1,Bus-2,Business Fully Refundable,Business Premium,+597.46 USD,4737.79,USD,Enuygun,bff_1,,Included,Included,Unknown,Unknown,Included,Unknown,Unknown,Included,Included,Unknown,Unknown,Unknown,Unknown,Unknown,Unknown,Unknown,,,,2026-07-28T07:01:31+00:00,success,0
BR,YYZ,HKG,YTO,CA,HKG,HK,2026-09-29,2026-10-02,Summer,Economy,0,Eco-1,Economy Basic,Economy Basic,0 USD,916.65,USD,Enuygun,bff_0,entertainment: Uçak İçi Eğlence,Included,Included,Unknown,Included,Unknown,Unknown,Unknown,Paid,Paid,Unknown,Unknown,Unknown,Unknown,Unknown,Unknown,Unknown,,,,2026-07-28T07:01:31+00:00,partial,0
BR,YYZ,HKG,YTO,CA,HKG,HK,2026-09-29,2026-10-02,Summer,Economy,1,Eco-2,Economy Standard,Economy Standard,+157.45 USD,1074.11,USD,Enuygun,bff_1,entertainment: Uçak İçi Eğlence,Included,Included,Unknown,Included,Unknown,Unknown,Unknown,Paid,Paid,Unknown,Unknown,Unknown,Unknown,Unknown,Unknown,Unknown,,,,2026-07-28T07:01:31+00:00,partial,0
BR,YYZ,HKG,YTO,CA,HKG,HK,2026-09-29,2026-10-02,Summer,Economy,2,Eco-3,Economy Up,Economy — Economy Up,+816.04 USD,1732.69,USD,Enuygun,bff_2,entertainment: Uçak İçi Eğlence,Included,Included,Unknown,Included,Unknown,Unknown,Unknown,Paid,Included,Unknown,Unknown,Unknown,Unknown,Unknown,Unknown,Unknown,,,,2026-07-28T07:01:31+00:00,partial,0
BR,YYZ,HKG,YTO,CA,HKG,HK,2026-09-29,2026-10-02,Summer,Business,0,Bus-1,Business Basic,Business Basic,0 USD,3901.08,USD,Enuygun,bff_0,entertainment: Uçak İçi Eğlence,Included,Included,Unknown,Included,Unknown,Unknown,Unknown,Paid,Paid,Unknown,Unknown,Unknown,Unknown,Unknown,Unknown,Unknown,,,,2026-07-28T07:01:31+00:00,partial,0
BR,YYZ,HKG,YTO,CA,HKG,HK,2026-09-29,2026-10-02,Summer,Business,1,Bus-2,Business Standard,Business Standard,+1215.88 USD,5116.96,USD,Enuygun,bff_1,entertainment: Uçak İçi Eğlence,Included,Included,Unknown,Included,Unknown,Unknown,Unknown,Paid,Paid,Unknown,Unknown,Unknown,Unknown,Unknown,Unknown,Unknown,,,,2026-07-28T07:01:31+00:00,partial,0
BR,YYZ,HKG,YTO,CA,HKG,HK,2026-09-29,2026-10-02,Summer,Business,2,Bus-3,Business Up,Business — Business Up,+4372.45 USD,8273.53,USD,Enuygun,bff_2,entertainment: Uçak İçi Eğlence,Included,Included,Unknown,Included,Unknown,Unknown,Unknown,Paid,Included,Unknown,Unknown,Unknown,Unknown,Unknown,Unknown,Unknown,,,,2026-07-28T07:01:31+00:00,partial,0
BR,YYZ,HKG,YTO,CA,HKG,HK,2027-01-18,2027-01-21,Winter,Economy,0,Eco-1,Economy Basic,Economy Basic,0 USD,916.69,USD,Enuygun,bff_0,entertainment: Uçak İçi Eğlence,Included,Included,Unknown,Included,Unknown,Unknown,Unknown,Paid,Paid,Unknown,Unknown,Unknown,Unknown,Unknown,Unknown,Unknown,,,,2026-07-28T07:01:31+00:00,partial,0
BR,YYZ,HKG,YTO,CA,HKG,HK,2027-01-18,2027-01-21,Winter,Economy,1,Eco-2,Economy Standard,Economy Standard,+157.46 USD,1074.16,USD,Enuygun,bff_1,entertainment: Uçak İçi Eğlence,Included,Included,Unknown,Included,Unknown,Unknown,Unknown,Paid,Paid,Unknown,Unknown,Unknown,Unknown,Unknown,Unknown,Unknown,,,,2026-07-28T07:01:31+00:00,partial,0
BR,YYZ,HKG,YTO,CA,HKG,HK,2027-01-18,2027-01-21,Winter,Economy,2,Eco-3,Economy Up,Economy — Economy Up,+816.08 USD,1732.77,USD,Enuygun,bff_2,entertainment: Uçak İçi Eğlence,Included,Included,Unknown,Included,Unknown,Unknown,Unknown,Paid,Included,Unknown,Unknown,Unknown,Unknown,Unknown,Unknown,Unknown,,,,2026-07-28T07:01:31+00:00,partial,0
BR,YYZ,HKG,YTO,CA,HKG,HK,2027-01-18,2027-01-21,Winter,Business,0,Bus-1,Business Basic,Business Basic,0 USD,3901.27,USD,Enuygun,bff_0,entertainment: Uçak İçi Eğlence,Included,Included,Unknown,Included,Unknown,Unknown,Unknown,Paid,Paid,Unknown,Unknown,Unknown,Unknown,Unknown,Unknown,Unknown,,,,2026-07-28T07:01:31+00:00,partial,0
BR,YYZ,HKG,YTO,CA,HKG,HK,2027-01-18,2027-01-21,Winter,Business,1,Bus-2,Business Standard,Business Standard,+1215.93 USD,5117.2,USD,Enuygun,bff_1,entertainment: Uçak İçi Eğlence,Included,Included,Unknown,Included,Unknown,Unknown,Unknown,Paid,Paid,Unknown,Unknown,Unknown,Unknown,Unknown,Unknown,Unknown,,,,2026-07-28T07:01:31+00:00,partial,0
BR,YYZ,HKG,YTO,CA,HKG,HK,2027-01-18,2027-01-21,Winter,Business,2,Bus-3,Business Up,Business — Business Up,+4372.66 USD,8273.92,USD,Enuygun,bff_2,entertainment: Uçak İçi Eğlence,Included,Included,Unknown,Included,Unknown,Unknown,Unknown,Paid,Included,Unknown,Unknown,Unknown,Unknown,Unknown,Unknown,Unknown,,,,2026-07-28T07:01:31+00:00,partial,0
BR,JFK,TPE,NYC,US,TPE,TW,2027-05-16,2027-05-19,Summer,Economy,0,Eco-1,Economy Basic,Economy Basic,0 USD,758.21,USD,Enuygun,bff_0,entertainment: Uçak İçi Eğlence,Included,Included,Unknown,Included,Unknown,Unknown,Unknown,Paid,Paid,Unknown,Unknown,Unknown,Unknown,Unknown,Unknown,Unknown,,,,2026-07-28T07:01:31+00:00,partial,0
BR,JFK,TPE,NYC,US,TPE,TW,2027-05-16,2027-05-19,Summer,Economy,1,Eco-2,Economy Standard,Economy Standard,+234.77 USD,992.98,USD,Enuygun,bff_1,entertainment: Uçak İçi Eğlence,Included,Included,Unknown,Included,Unknown,Unknown,Unknown,Paid,Paid,Unknown,Unknown,Unknown,Unknown,Unknown,Unknown,Unknown,,,,2026-07-28T07:01:31+00:00,partial,0
BR,JFK,TPE,NYC,US,TPE,TW,2027-05-16,2027-05-19,Summer,Economy,2,Eco-3,Economy Up,Economy — Economy Up,+855.65 USD,1613.86,USD,Enuygun,bff_2,entertainment: Uçak İçi Eğlence,Included,Included,Unknown,Included,Unknown,Unknown,Unknown,Paid,Included,Unknown,Unknown,Unknown,Unknown,Unknown,Unknown,Unknown,,,,2026-07-28T07:01:31+00:00,partial,0
BR,JFK,TPE,NYC,US,TPE,TW,2027-05-16,2027-05-19,Summer,Business,0,Bus-1,BUSINESS STANDARD,Business Standard,0 USD,5474.47,USD,Enuygun,bff_0,,Unknown,Included,Unknown,Unknown,Unknown,Unknown,Unknown,Paid,Paid,Unknown,Unknown,Unknown,Unknown,Unknown,Unknown,Unknown,,,,2026-07-28T07:01:31+00:00,partial,0
BR,JFK,TPE,NYC,US,TPE,TW,2027-05-16,2027-05-19,Summer,Business,1,Bus-2,BUSINESS UP,Business — BUSINESS UP,+2290.91 USD,7765.39,USD,Enuygun,bff_1,,Unknown,Included,Unknown,Unknown,Unknown,Unknown,Unknown,Paid,Unknown,Unknown,Unknown,Unknown,Unknown,Unknown,Unknown,Unknown,,,,2026-07-28T07:01:31+00:00,partial,0
BR,JFK,TPE,NYC,US,TPE,TW,2026-11-23,2026-11-26,Winter,Economy,0,Eco-1,ECONOMY STANDARD,Economy Standard,0 USD,975.4,USD,Enuygun,bff_0,,Unknown,Included,Unknown,Unknown,Unknown,Unknown,Unknown,Paid,Paid,Unknown,Unknown,Unknown,Unknown,Unknown,Unknown,Unknown,,,,2026-07-28T07:01:31+00:00,partial,0
BR,JFK,TPE,NYC,US,TPE,TW,2026-11-23,2026-11-26,Winter,Economy,1,Eco-2,ECONOMY UP,Economy — ECONOMY UP,+641.69 USD,1617.09,USD,Enuygun,bff_1,,Unknown,Included,Unknown,Unknown,Unknown,Unknown,Unknown,Paid,Unknown,Unknown,Unknown,Unknown,Unknown,Unknown,Unknown,Unknown,,,,2026-07-28T07:01:31+00:00,partial,0
BR,JFK,TPE,NYC,US,TPE,TW,2026-11-23,2026-11-26,Winter,Business,0,Bus-1,BUSINESS STANDARD,Business Standard,0 USD,5474.47,USD,Enuygun,bff_0,,Unknown,Included,Unknown,Unknown,Unknown,Unknown,Unknown,Paid,Paid,Unknown,Unknown,Unknown,Unknown,Unknown,Unknown,Unknown,,,,2026-07-28T07:01:31+00:00,partial,0
BR,JFK,TPE,NYC,US,TPE,TW,2026-11-23,2026-11-26,Winter,Business,1,Bus-2,BUSINESS UP,Business — BUSINESS UP,+2290.91 USD,7765.39,USD,Enuygun,bff_1,,Unknown,Included,Unknown,Unknown,Unknown,Unknown,Unknown,Paid,Unknown,Unknown,Unknown,Unknown,Unknown,Unknown,Unknown,Unknown,,,,2026-07-28T07:01:31+00:00,partial,0
CI,JFK,TPE,NYC,US,TPE,TW,2027-05-16,2027-05-19,Summer,Economy,0,Eco-1,Economy Basic,Economy Basic,0 USD,762.81,USD,Enuygun,bff_0,entertainment: Uçak İçi Eğlence,Included,Included,Unknown,Included,Unknown,Unknown,Unknown,Paid,Paid,Unknown,Unknown,Unknown,Unknown,Unknown,Unknown,Unknown,,,,2026-07-28T07:01:31+00:00,partial,0
CI,JFK,TPE,NYC,US,TPE,TW,2027-05-16,2027-05-19,Summer,Economy,1,Eco-2,Economy Standard,Economy Standard,+280.46 USD,1043.27,USD,Enuygun,bff_1,entertainment: Uçak İçi Eğlence,Included,Included,Unknown,Included,Unknown,Unknown,Unknown,Paid,Paid,Unknown,Unknown,Unknown,Unknown,Unknown,Unknown,Unknown,,,,2026-07-28T07:01:31+00:00,partial,0
CI,JFK,TPE,NYC,US,TPE,TW,2027-05-16,2027-05-19,Summer,Economy,2,Eco-3,Economy Flex,Economy Flex,+810.46 USD,1573.27,USD,Enuygun,bff_2,entertainment: Uçak İçi Eğlence,Included,Included,Unknown,Included,Unknown,Unknown,Unknown,Paid,Included,Unknown,Unknown,Unknown,Unknown,Unknown,Unknown,Unknown,,,,2026-07-28T07:01:31+00:00,partial,0
CI,JFK,TPE,NYC,US,TPE,TW,2027-05-16,2027-05-19,Summer,Business,0,Bus-1,Business Basic,Business Basic,0 USD,3870.31,USD,Enuygun,bff_0,priority_check_in: Öncelikli Check-in; entertainment: Uçak İçi Eğlence,Included,Included,Unknown,Included,Included,Unknown,Unknown,Paid,Paid,Unknown,Unknown,Unknown,Unknown,Unknown,Unknown,Unknown,,,,2026-07-28T07:01:31+00:00,partial,0
CI,JFK,TPE,NYC,US,TPE,TW,2027-05-16,2027-05-19,Summer,Business,1,Bus-2,Business Standard,Business Standard,+1864.73 USD,5735.04,USD,Enuygun,bff_1,priority_check_in: Öncelikli Check-in; entertainment: Uçak İçi Eğlence,Included,Included,Unknown,Included,Included,Unknown,Unknown,Paid,Paid,Unknown,Unknown,Unknown,Unknown,Unknown,Unknown,Unknown,,,,2026-07-28T07:01:31+00:00,partial,0
CI,JFK,TPE,NYC,US,TPE,TW,2027-05-16,2027-05-19,Summer,Business,2,Bus-3,Business Flex,Business Flex,+4046.6 USD,7916.92,USD,Enuygun,bff_2,priority_check_in: Öncelikli Check-in; entertainment: Uçak İçi Eğlence,Included,Included,Unknown,Included,Included,Unknown,Unknown,Paid,Included,Unknown,Unknown,Unknown,Unknown,Unknown,Unknown,Unknown,,,,2026-07-28T07:01:31+00:00,partial,0
CI,JFK,TPE,NYC,US,TPE,TW,2026-11-24,2026-11-27,Winter,Economy,0,Eco-1,Economy Basic,Economy Basic,0 USD,722.92,USD,Enuygun,bff_0,entertainment: Uçak İçi Eğlence,Included,Included,Unknown,Included,Unknown,Unknown,Unknown,Paid,Paid,Unknown,Unknown,Unknown,Unknown,Unknown,Unknown,Unknown,,,,2026-07-28T07:01:31+00:00,partial,0
CI,JFK,TPE,NYC,US,TPE,TW,2026-11-24,2026-11-27,Winter,Economy,1,Eco-2,Economy Standard,Economy Standard,+280.46 USD,1003.38,USD,Enuygun,bff_1,entertainment: Uçak İçi Eğlence,Included,Included,Unknown,Included,Unknown,Unknown,Unknown,Paid,Paid,Unknown,Unknown,Unknown,Unknown,Unknown,Unknown,Unknown,,,,2026-07-28T07:01:31+00:00,partial,0
CI,JFK,TPE,NYC,US,TPE,TW,2026-11-24,2026-11-27,Winter,Economy,2,Eco-3,Economy Flex,Economy Flex,+810.46 USD,1533.38,USD,Enuygun,bff_2,entertainment: Uçak İçi Eğlence,Included,Included,Unknown,Included,Unknown,Unknown,Unknown,Paid,Included,Unknown,Unknown,Unknown,Unknown,Unknown,Unknown,Unknown,,,,2026-07-28T07:01:31+00:00,partial,0
CI,JFK,TPE,NYC,US,TPE,TW,2026-11-24,2026-11-27,Winter,Business,0,Bus-1,Business Basic,Business Basic,0 USD,3870.5,USD,Enuygun,bff_0,priority_check_in: Öncelikli Check-in; entertainment: Uçak İçi Eğlence,Included,Included,Unknown,Included,Included,Unknown,Unknown,Paid,Paid,Unknown,Unknown,Unknown,Unknown,Unknown,Unknown,Unknown,,,,2026-07-28T07:01:31+00:00,partial,0
CI,JFK,TPE,NYC,US,TPE,TW,2026-11-24,2026-11-27,Winter,Business,1,Bus-2,Business Standard,Business Standard,+1864.82 USD,5735.32,USD,Enuygun,bff_1,priority_check_in: Öncelikli Check-in; entertainment: Uçak İçi Eğlence,Included,Included,Unknown,Included,Included,Unknown,Unknown,Paid,Paid,Unknown,Unknown,Unknown,Unknown,Unknown,Unknown,Unknown,,,,2026-07-28T07:01:31+00:00,partial,0
CI,JFK,TPE,NYC,US,TPE,TW,2026-11-24,2026-11-27,Winter,Business,2,Bus-3,Business Flex,Business Flex,+4046.8 USD,7917.29,USD,Enuygun,bff_2,priority_check_in: Öncelikli Check-in; entertainment: Uçak İçi Eğlence,Included,Included,Unknown,Included,Included,Unknown,Unknown,Paid,Included,Unknown,Unknown,Unknown,Unknown,Unknown,Unknown,Unknown,,,,2026-07-28T07:01:31+00:00,partial,0
DL,JFK,TPE,NYC,US,TPE,TW,2027-05-16,2027-05-19,Summer,Economy,0,Eco-1,MAINBASIC,Economy Basic,0.00 USD,739.58,USD,Ubfly,MAINBASIC-MAINBASIC,Last Group on Boarding; Limited overhead space; Alcoholic drink; Snack; In-flight entertainment,Included,Included,Unknown,Unknown,Unknown,Unknown,Unknown,Unknown,Unknown,Unknown,Unknown,Unknown,Unknown,Unknown,Unknown,Unknown,,,,2026-07-28T07:01:31+00:00,success,0
DL,JFK,TPE,NYC,US,TPE,TW,2027-05-16,2027-05-19,Summer,Economy,1,Eco-2,MAINCLASC,Economy Standard,+94.74 USD,834.32,USD,Ubfly,MAINCLASC-MAINCLASC,Change with Penalty; Standard boarding; Alcoholic drink; Snack; In-flight entertainment,Included,Included,Included,Unknown,Unknown,Unknown,Unknown,Unknown,Unknown,Unknown,Unknown,Unknown,Unknown,Unknown,Unknown,Unknown,Yes,,,2026-07-28T07:01:31+00:00,success,0
DL,JFK,TPE,NYC,US,TPE,TW,2027-05-16,2027-05-19,Summer,Economy,2,Eco-3,COMFTCLASC,Economy — COMFTCLASC,+149.60 USD,889.18,USD,Ubfly,COMFTCLASC-COMFTCLASC,Change with Penalty; Extra legroom; Alcoholic drink; Snack; In-flight entertainment,Included,Included,Included,Unknown,Unknown,Included,Unknown,Unknown,Unknown,Unknown,Unknown,Unknown,Unknown,Unknown,Unknown,Unknown,Yes,,,2026-07-28T07:01:31+00:00,success,0
DL,JFK,TPE,NYC,US,TPE,TW,2027-05-16,2027-05-19,Summer,Economy,3,Eco-4,MAINEXTRA,Economy Standard,+224.41 USD,963.99,USD,Ubfly,MAINEXTRA-MAINEXTRA,Change with Penalty; Uninterrupted return (up to the last 12 hours); Standard boarding; Alcoholic drink; Snack; In-flight entertainment,Included,Included,Included,Included,Unknown,Unknown,Unknown,Included,Included,Unknown,Unknown,Unknown,Unknown,Unknown,Unknown,Unknown,Yes,,,2026-07-28T07:01:31+00:00,success,0
DL,JFK,TPE,NYC,US,TPE,TW,2027-05-16,2027-05-19,Summer,Economy,4,Eco-5,COMFTEXTRA,Economy — COMFTEXTRA,+279.27 USD,1018.85,USD,Ubfly,COMFTEXTRA-COMFTEXTRA,Change with Penalty; Uninterrupted return (up to the last 12 hours); Extra legroom; Alcoholic drink; Snack; In-flight entertainment,Included,Included,Included,Unknown,Unknown,Included,Unknown,Unknown,Unknown,Unknown,Unknown,Unknown,Unknown,Unknown,Unknown,Unknown,Yes,,,2026-07-28T07:01:31+00:00,success,0
DL,JFK,TPE,NYC,US,TPE,TW,2027-05-16,2027-05-19,Summer,Economy,5,Eco-6,DPSCLASC,Economy — DPSCLASC,+912.61 USD,1652.19,USD,Ubfly,DPSCLASC-DPSCLASC,Change with Penalty; Extra legroom; Privileged check-in; Alcoholic drink; Snack; In-flight entertainment,Included,Included,Included,Unknown,Unknown,Included,Unknown,Unknown,Unknown,Unknown,Unknown,Unknown,Unknown,Unknown,Unknown,Unknown,Yes,,,2026-07-28T07:01:31+00:00,success,0
DL,JFK,TPE,NYC,US,TPE,TW,2027-05-16,2027-05-19,Summer,Economy,6,Eco-7,DPSEXTRA,Economy — DPSEXTRA,"+1,137.02 USD",1876.6,USD,Ubfly,DPSEXTRA-DPSEXTRA,Change with Penalty; Uninterrupted return (up to the last 12 hours); Extra legroom; Privileged check-in; Alcoholic drink; Snack; In-flight entertainment,Included,Included,Included,Unknown,Unknown,Included,Unknown,Unknown,Unknown,Unknown,Unknown,Unknown,Unknown,Unknown,Unknown,Unknown,Yes,,,2026-07-28T07:01:31+00:00,success,0
DL,JFK,TPE,NYC,US,TPE,TW,2027-05-16,2027-05-19,Summer,Business,0,Bus-1,DONECLASC,Business — DONECLASC,0.00 USD,7413.02,USD,Ubfly,DONECLASC-DONECLASC-DONECLASC,Change with Penalty; In-flight entertainment; Snack; Privileged check-in; Alcoholic drink; Extra legroom,Included,Included,Included,Included,Included,Included,Unknown,Not Included,Included,Unknown,Unknown,Unknown,Unknown,Unknown,Unknown,Unknown,Yes,,,2026-07-28T07:01:31+00:00,success,0
DL,JFK,TPE,NYC,US,TPE,TW,2027-05-16,2027-05-19,Summer,Business,1,Bus-2,DONEEXTRA,Business — DONEEXTRA,+249.34 USD,7662.36,USD,Ubfly,DONEEXTRA-DONEEXTRA-DONEEXTRA,Change with Penalty; Uninterrupted return (up to the last 12 hours); Extra legroom; Privileged check-in; Alcoholic drink; Snack; In-flight entertainment,Included,Included,Included,Included,Included,Included,Unknown,Included,Included,Unknown,Unknown,Unknown,Unknown,Unknown,Unknown,Unknown,Yes,,,2026-07-28T07:01:31+00:00,success,0
DL,JFK,TPE,NYC,US,TPE,TW,2026-11-23,2026-11-26,Winter,Economy,0,Eco-1,MAINBASIC,Economy Basic,0.00 USD,534.97,USD,Ubfly,MAINBASIC-MAINBASIC-MAINBASIC,In-flight entertainment; Snack; Last Group on Boarding; Limited overhead space; Alcoholic drink,Included,Included,Unknown,Included,Unknown,Unknown,Unknown,Not Included,Paid,Unknown,Unknown,Unknown,Unknown,Unknown,Unknown,Unknown,,,,2026-07-28T07:01:31+00:00,success,0
DL,JFK,TPE,NYC,US,TPE,TW,2026-11-23,2026-11-26,Winter,Economy,1,Eco-2,MAINCLASC,Economy Standard,+94.76 USD,629.73,USD,Ubfly,MAINCLASC-MAINCLASC-MAINCLASC,Change with Penalty; Standard boarding; Alcoholic drink; Snack; In-flight entertainment,Included,Included,Included,Unknown,Unknown,Unknown,Unknown,Unknown,Unknown,Unknown,Unknown,Unknown,Unknown,Unknown,Unknown,Unknown,Yes,,,2026-07-28T07:01:31+00:00,success,0
DL,JFK,TPE,NYC,US,TPE,TW,2026-11-23,2026-11-26,Winter,Economy,2,Eco-3,COMFTCLASC,Economy — COMFTCLASC,+161.57 USD,696.54,USD,Ubfly,COMFTCLASC-COMFTCLASC-COMFTCLASC,Change with Penalty; Extra legroom; Alcoholic drink; Snack; In-flight entertainment,Included,Included,Included,Unknown,Unknown,Included,Unknown,Unknown,Unknown,Unknown,Unknown,Unknown,Unknown,Unknown,Unknown,Unknown,Yes,,,2026-07-28T07:01:31+00:00,success,0
DL,JFK,TPE,NYC,US,TPE,TW,2026-11-23,2026-11-26,Winter,Economy,3,Eco-4,MAINEXTRA,Economy Standard,+224.41 USD,759.38,USD,Ubfly,MAINEXTRA-MAINEXTRA-MAINEXTRA,Change with Penalty; Uninterrupted return (up to the last 12 hours); Standard boarding; Alcoholic drink; Snack; In-flight entertainment,Included,Included,Included,Included,Unknown,Unknown,Unknown,Included,Included,Unknown,Unknown,Unknown,Unknown,Unknown,Unknown,Unknown,Yes,,,2026-07-28T07:01:31+00:00,success,0
DL,JFK,TPE,NYC,US,TPE,TW,2026-11-23,2026-11-26,Winter,Economy,4,Eco-5,COMFTEXTRA,Economy — COMFTEXTRA,+291.24 USD,826.21,USD,Ubfly,COMFTEXTRA-COMFTEXTRA-COMFTEXTRA,Change with Penalty; Uninterrupted return (up to the last 12 hours); Extra legroom; Alcoholic drink; Snack; In-flight entertainment,Included,Included,Included,Unknown,Unknown,Included,Unknown,Unknown,Unknown,Unknown,Unknown,Unknown,Unknown,Unknown,Unknown,Unknown,Yes,,,2026-07-28T07:01:31+00:00,success,0
DL,JFK,TPE,NYC,US,TPE,TW,2026-11-23,2026-11-26,Winter,Economy,5,Eco-6,DPSCLASC,Economy — DPSCLASC,+398.96 USD,933.93,USD,Ubfly,DPSCLASC-DPSCLASC-DPSCLASC,Change with Penalty; Extra legroom; Privileged check-in; Alcoholic drink; Snack; In-flight entertainment,Included,Included,Included,Unknown,Unknown,Included,Unknown,Unknown,Unknown,Unknown,Unknown,Unknown,Unknown,Unknown,Unknown,Unknown,Yes,,,2026-07-28T07:01:31+00:00,success,0
DL,JFK,TPE,NYC,US,TPE,TW,2026-11-23,2026-11-26,Winter,Economy,6,Eco-7,DPSEXTRA,Economy — DPSEXTRA,+528.61 USD,1063.58,USD,Ubfly,DPSEXTRA-DPSEXTRA-DPSEXTRA,Change with Penalty; Uninterrupted return (up to the last 12 hours); Extra legroom; Privileged check-in; Alcoholic drink; Snack; In-flight entertainment,Included,Included,Included,Unknown,Unknown,Included,Unknown,Unknown,Unknown,Unknown,Unknown,Unknown,Unknown,Unknown,Unknown,Unknown,Yes,,,2026-07-28T07:01:31+00:00,success,0
DL,JFK,TPE,NYC,US,TPE,TW,2026-11-23,2026-11-26,Winter,Business,0,Bus-1,BUSINESS STANDART,Business — BUSINESS STANDART,0.00 USD,12523.91,USD,Ubfly,BIZSTAND-BIZSTAND,Change with Penalty; Snack; Soft drink; Privileged check-in,Included,Included,Included,Included,Included,Included,Included,Not Included,Included,Unknown,Unknown,Unknown,Unknown,Unknown,Unknown,Unknown,Yes,,,2026-07-28T07:01:31+00:00,success,0
DL,JFK,TPE,NYC,US,TPE,TW,2026-11-23,2026-11-26,Winter,Business,1,Bus-2,BUSINESS FLEX,Business Flex,+498.70 USD,13022.61,USD,Ubfly,BIZFLEX-BIZFLEX,Snack; Soft drink; Change with Penalty; Uninterrupted return (up to the last 12 hours); Privileged check-in,Included,Included,Included,Included,Included,Included,Included,Included,Included,Unknown,Unknown,Unknown,Unknown,Unknown,Unknown,Unknown,Yes,,,2026-07-28T07:01:31+00:00,success,0
CX,JFK,TPE,NYC,US,TPE,TW,2027-05-16,2027-05-19,Summer,Economy,0,Eco-1,Economy Light,Economy Lite,0 USD,4741.0,USD,Enuygun,bff_0,,Included,Included,Unknown,Included,Unknown,Unknown,Unknown,Paid,Paid,Unknown,Unknown,Unknown,Unknown,Unknown,Unknown,Unknown,,,,2026-07-28T07:01:31+00:00,partial,0
CX,JFK,TPE,NYC,US,TPE,TW,2027-05-16,2027-05-19,Summer,Economy,1,Eco-2,Economy Essential,Economy — Economy Essential,+51.56 USD,4792.56,USD,Enuygun,bff_1,,Included,Included,Unknown,Included,Unknown,Unknown,Unknown,Paid,Paid,Unknown,Unknown,Unknown,Unknown,Unknown,Unknown,Unknown,,,,2026-07-28T07:01:31+00:00,partial,0
CX,JFK,TPE,NYC,US,TPE,TW,2027-05-16,2027-05-19,Summer,Economy,2,Eco-3,Economy Flex,Economy Flex,+194.16 USD,4935.16,USD,Enuygun,bff_2,,Included,Included,Unknown,Included,Unknown,Unknown,Unknown,Paid,Included,Unknown,Unknown,Unknown,Unknown,Unknown,Unknown,Unknown,,,,2026-07-28T07:01:31+00:00,partial,0
CX,JFK,TPE,NYC,US,TPE,TW,2027-05-16,2027-05-19,Summer,Business,0,Bus-1,Business Light,Business Lite,0 USD,4901.04,USD,Enuygun,bff_0,priority_check_in: Öncelikli Check-in,Included,Included,Unknown,Included,Included,Unknown,Unknown,Paid,Paid,Unknown,Unknown,Unknown,Unknown,Unknown,Unknown,Unknown,,,,2026-07-28T07:01:31+00:00,partial,0
CX,JFK,TPE,NYC,US,TPE,TW,2027-05-16,2027-05-19,Summer,Business,1,Bus-2,Business Essential,Business — Business Essential,+1353.67 USD,6254.71,USD,Enuygun,bff_1,priority_check_in: Öncelikli Check-in,Included,Included,Unknown,Included,Included,Unknown,Unknown,Paid,Paid,Unknown,Unknown,Unknown,Unknown,Unknown,Unknown,Unknown,,,,2026-07-28T07:01:31+00:00,partial,0
CX,JFK,TPE,NYC,US,TPE,TW,2027-05-16,2027-05-19,Summer,Business,2,Bus-3,Business Flex,Business Flex,+5263.3 USD,10164.34,USD,Enuygun,bff_2,priority_check_in: Öncelikli Check-in,Included,Included,Unknown,Included,Included,Unknown,Unknown,Included,Included,Unknown,Unknown,Unknown,Unknown,Unknown,Unknown,Unknown,,,,2026-07-28T07:01:31+00:00,partial,0
CX,JFK,TPE,NYC,US,TPE,TW,2026-11-23,2026-11-26,Winter,Economy,0,Eco-1,Economy Light,Economy Lite,0 USD,842.46,USD,Enuygun,bff_0,,Included,Included,Unknown,Included,Unknown,Unknown,Unknown,Paid,Paid,Unknown,Unknown,Unknown,Unknown,Unknown,Unknown,Unknown,,,,2026-07-28T07:01:31+00:00,partial,0
CX,JFK,TPE,NYC,US,TPE,TW,2026-11-23,2026-11-26,Winter,Economy,1,Eco-2,Economy Essential,Economy — Economy Essential,+136.75 USD,979.22,USD,Enuygun,bff_1,,Included,Included,Unknown,Included,Unknown,Unknown,Unknown,Paid,Paid,Unknown,Unknown,Unknown,Unknown,Unknown,Unknown,Unknown,,,,2026-07-28T07:01:31+00:00,partial,0
CX,JFK,TPE,NYC,US,TPE,TW,2026-11-23,2026-11-26,Winter,Economy,2,Eco-3,Economy Flex,Economy Flex,+295.97 USD,1138.43,USD,Enuygun,bff_2,,Included,Included,Unknown,Included,Unknown,Unknown,Unknown,Paid,Included,Unknown,Unknown,Unknown,Unknown,Unknown,Unknown,Unknown,,,,2026-07-28T07:01:31+00:00,partial,0
CX,JFK,TPE,NYC,US,TPE,TW,2026-11-23,2026-11-26,Winter,Business,0,Bus-1,Business Light,Business Lite,0 USD,4601.87,USD,Enuygun,bff_0,priority_check_in: Öncelikli Check-in,Included,Included,Unknown,Included,Included,Unknown,Unknown,Paid,Paid,Unknown,Unknown,Unknown,Unknown,Unknown,Unknown,Unknown,,,,2026-07-28T07:01:31+00:00,partial,0
CX,JFK,TPE,NYC,US,TPE,TW,2026-11-23,2026-11-26,Winter,Business,1,Bus-2,Business Essential,Business — Business Essential,+1353.67 USD,5955.53,USD,Enuygun,bff_1,priority_check_in: Öncelikli Check-in,Included,Included,Unknown,Included,Included,Unknown,Unknown,Paid,Paid,Unknown,Unknown,Unknown,Unknown,Unknown,Unknown,Unknown,,,,2026-07-28T07:01:31+00:00,partial,0
CX,JFK,TPE,NYC,US,TPE,TW,2026-11-23,2026-11-26,Winter,Business,2,Bus-3,Business Flex,Business Flex,+5263.3 USD,9865.16,USD,Enuygun,bff_2,priority_check_in: Öncelikli Check-in,Included,Included,Unknown,Included,Included,Unknown,Unknown,Included,Included,Unknown,Unknown,Unknown,Unknown,Unknown,Unknown,Unknown,,,,2026-07-28T07:01:31+00:00,partial,0
SV,LHE,LHR,LHE,PK,LON,GB,2026-09-29,2026-10-02,Summer,Economy,0,Eco-1,Basic Eco,Economy Basic,0.00 USD,605.14,USD,Ubfly,NBASICE-NBASICE,1 Free bag: 23 kg,Included,Included,Unknown,Unknown,Unknown,Unknown,Unknown,Paid,Paid,Unknown,Unknown,Unknown,Unknown,Unknown,Unknown,Unknown,Yes,,35.0,2026-07-28T07:01:31+00:00,success,0
SV,LHE,LHR,LHE,PK,LON,GB,2026-09-29,2026-10-02,Summer,Economy,1,Eco-2,Flex Eco,Economy Basic,+259.76 USD,864.9,USD,Ubfly,NFLEXE-NFLEXE,Change without penalty; Uninterrupted return (up to the last 12 hours); 2 Free bags: 23 kg,Included,Included,Included,Unknown,Unknown,Unknown,Unknown,Included,Included,Unknown,Unknown,Unknown,Unknown,Unknown,Unknown,Unknown,Yes,,,2026-07-28T07:01:31+00:00,success,0
SV,LHE,LHR,LHE,PK,LON,GB,2027-01-30,2027-02-02,Winter,Economy,0,Eco-1,Basic Eco,Economy Basic,0 USD,469.55,USD,Enuygun,bff_0,,Included,Included,Unknown,Unknown,Unknown,Unknown,Unknown,Paid,Paid,Unknown,Unknown,Unknown,Unknown,Unknown,Unknown,Unknown,Yes,,35.0,2026-07-28T07:01:31+00:00,success,0
SV,LHE,LHR,LHE,PK,LON,GB,2027-01-30,2027-02-02,Winter,Economy,1,Eco-2,Flex Eco,Economy Basic,+221.65 USD,691.2,USD,Enuygun,bff_1,,Included,Included,Included,Unknown,Unknown,Unknown,Unknown,Included,Included,Unknown,Unknown,Unknown,Unknown,Unknown,Unknown,Unknown,Yes,,,2026-07-28T07:01:31+00:00,success,0
SV,LHE,LHR,LHE,PK,LON,GB,2027-01-30,2027-02-02,Winter,Business,0,Bus-1,Basic Bus,Business Basic,0 USD,2270.23,USD,Enuygun,bff_0,,Included,Included,Included,Unknown,Unknown,Unknown,Unknown,Paid,Paid,Unknown,Unknown,Unknown,Unknown,Unknown,Unknown,Unknown,Yes,,175.0,2026-07-28T07:01:31+00:00,success,0
SV,LHE,LHR,LHE,PK,LON,GB,2027-01-30,2027-02-02,Winter,Business,1,Bus-2,Flex Bus,Business Flex,+14.98 USD,2285.2,USD,Enuygun,bff_1,,Included,Included,Included,Unknown,Unknown,Unknown,Unknown,Included,Included,Unknown,Unknown,Unknown,Unknown,Unknown,Unknown,Unknown,Yes,,,2026-07-28T07:01:31+00:00,success,0
QR,LHE,LHR,LHE,PK,LON,GB,2026-09-29,2026-10-02,Summer,Economy,0,Eco-1,ECONOMY CLASSIC,Economy Standard,0.00 USD,714.35,USD,Ubfly,ECLASSIC-ECLASSIC-ECLASSIC,,Included,Included,Unknown,Included,Unknown,Unknown,Unknown,Paid,Paid,Unknown,Unknown,Unknown,Unknown,Unknown,Unknown,Unknown,Yes,,50.0,2026-07-28T07:01:31+00:00,success,0
QR,LHE,LHR,LHE,PK,LON,GB,2026-09-29,2026-10-02,Summer,Economy,1,Eco-2,ECONOMY CONVENIENCE,Economy — ECONOMY CONVENIENCE,+253.77 USD,968.12,USD,Ubfly,ECONVENIEN-ECONVENIEN-ECONVENIEN,,Included,Included,Included,Included,Unknown,Unknown,Unknown,Paid,Paid,Unknown,Unknown,Unknown,Unknown,Unknown,Unknown,Unknown,Yes,,75.0,2026-07-28T07:01:31+00:00,success,0
QR,LHE,LHR,LHE,PK,LON,GB,2026-09-29,2026-10-02,Summer,Economy,2,Eco-3,ECONOMY COMFORT,Economy Comfort,+767.99 USD,1482.34,USD,Ubfly,ECOMFORT-ECOMFORT-ECOMFORT,Uninterrupted return (up to the last 12 hours); Change with Penalty,Included,Included,Included,Included,Unknown,Unknown,Unknown,Paid,Paid,Unknown,Unknown,Unknown,Unknown,Unknown,Unknown,Unknown,Yes,,100.0,2026-07-28T07:01:31+00:00,success,0
QR,LHE,LHR,LHE,PK,LON,GB,2026-09-29,2026-10-02,Summer,Business,0,Bus-1,BCLASSIC,Business Standard,0.00 USD,2429.88,USD,Ubfly,BCLASSIC-BCLASSIC-BCLASSIC,125 PCT QMILES ACCUMULATION(F),Included,Included,Unknown,Included,Included,Unknown,Unknown,Paid,Paid,Unknown,Unknown,Unknown,Unknown,Unknown,Unknown,Unknown,,,,2026-07-28T07:01:31+00:00,success,0
QR,LHE,LHR,LHE,PK,LON,GB,2026-09-29,2026-10-02,Summer,Business,1,Bus-2,BUSINESS COMFORT,Business Comfort,"+1,047.26 USD",3477.14,USD,Ubfly,BCOMFORT-BCOMFORT-BCOMFORT,175 PCT QMILES ACCUMULATION(F),Included,Included,Included,Included,Included,Unknown,Unknown,Paid,Paid,Unknown,Unknown,Unknown,Unknown,Unknown,Unknown,Unknown,,,,2026-07-28T07:01:31+00:00,success,0
QR,LHE,LHR,LHE,PK,LON,GB,2026-09-29,2026-10-02,Summer,Business,2,Bus-3,BUSINESS ELITE,Business Lite,"+1,818.25 USD",4248.13,USD,Ubfly,BELITE-BELITE-BELITE,200 PCT QMILES ACCUMULATION(F); Uninterrupted return (up to the last 12 hours); Change with Penalty,Included,Included,Included,Included,Included,Unknown,Unknown,Paid,Paid,Unknown,Unknown,Unknown,Unknown,Unknown,Unknown,Unknown,,,,2026-07-28T07:01:31+00:00,success,0
QR,LHE,LHR,LHE,PK,LON,GB,2027-01-30,2027-02-02,Winter,Economy,0,Eco-1,ECONOMY CLASSIC,Economy Standard,0.00 USD,705.94,USD,Ubfly,ECLASSIC-ECLASSIC-ECLASSIC,,Included,Included,Unknown,Included,Unknown,Unknown,Unknown,Paid,Paid,Unknown,Unknown,Unknown,Unknown,Unknown,Unknown,Unknown,Yes,,50.0,2026-07-28T07:01:31+00:00,success,0
QR,LHE,LHR,LHE,PK,LON,GB,2027-01-30,2027-02-02,Winter,Economy,1,Eco-2,ECONOMY CONVENIENCE,Economy — ECONOMY CONVENIENCE,+271.71 USD,977.65,USD,Ubfly,ECONVENIEN-ECONVENIEN-ECONVENIEN,,Included,Included,Included,Included,Unknown,Unknown,Unknown,Paid,Paid,Unknown,Unknown,Unknown,Unknown,Unknown,Unknown,Unknown,Yes,,75.0,2026-07-28T07:01:31+00:00,success,0
QR,LHE,LHR,LHE,PK,LON,GB,2027-01-30,2027-02-02,Winter,Economy,2,Eco-3,ECONOMY COMFORT,Economy Comfort,+792.94 USD,1498.88,USD,Ubfly,ECOMFORT-ECOMFORT-ECOMFORT,Uninterrupted return (up to the last 12 hours); Change with Penalty,Included,Included,Included,Included,Unknown,Unknown,Unknown,Included,Included,Unknown,Unknown,Unknown,Unknown,Unknown,Unknown,Unknown,Yes,,100.0,2026-07-28T07:01:31+00:00,success,0
QR,LHE,LHR,LHE,PK,LON,GB,2027-01-30,2027-02-02,Winter,Business,0,Bus-1,Business Classic,Business Standard,0 USD,2467.26,USD,Enuygun,bff_0,,Included,Included,Unknown,Included,Included,Unknown,Unknown,Paid,Paid,Unknown,Unknown,Unknown,Unknown,Unknown,Unknown,Unknown,,,,2026-07-28T07:01:31+00:00,success,0
QR,LHE,LHR,LHE,PK,LON,GB,2027-01-30,2027-02-02,Winter,Business,1,Bus-2,Business Comfort,Business Comfort,+1157.55 USD,3624.81,USD,Enuygun,bff_1,,Included,Included,Included,Included,Included,Unknown,Unknown,Paid,Paid,Unknown,Unknown,Unknown,Unknown,Unknown,Unknown,Unknown,,,,2026-07-28T07:01:31+00:00,success,0
QR,LHE,LHR,LHE,PK,LON,GB,2027-01-30,2027-02-02,Winter,Business,2,Bus-3,Business Elite,Business Lite,+2009.57 USD,4476.83,USD,Enuygun,bff_2,,Included,Included,Included,Included,Included,Unknown,Unknown,Included,Included,Unknown,Unknown,Unknown,Unknown,Unknown,Unknown,Unknown,,,,2026-07-28T07:01:31+00:00,success,0
EK,LHE,LHR,LHE,PK,LON,GB,2026-09-29,2026-10-02,Summer,Economy,0,Eco-1,Economy Saver,Economy Basic,0.00 USD,544.35,USD,Ubfly,YP-42fd8c08ad9e4ca4af549a81c5bc7302,• Hot and cold refreshments; • ICE entertainment; • Mileage upgrade eligibility at time of check-in; Economy Cabin,Included,Included,Paid,Included,Unknown,Unknown,Unknown,Included,Not Included,Unknown,Unknown,Unknown,Included,Unknown,Unknown,Unknown,Yes,1125.0,,2026-07-28T07:01:31+00:00,success,0
EK,LHE,LHR,LHE,PK,LON,GB,2026-09-29,2026-10-02,Summer,Economy,1,Eco-2,Economy Flex,Economy Flex,+130.64 USD,674.99,USD,Ubfly,YS-96a017e4724946debefd56020b876854,• Hot and cold refreshments; • ICE entertainment; • Mileage upgrade eligibility; Economy Cabin,Included,Included,Included,Included,Unknown,Unknown,Unknown,Included,Not Included,Unknown,Unknown,Unknown,Included,Unknown,Unknown,Unknown,Yes,2813.0,,2026-07-28T07:01:31+00:00,success,0
EK,LHE,LHR,LHE,PK,LON,GB,2026-09-29,2026-10-02,Summer,Economy,2,Eco-3,Economy Flex Plus,Economy Comfort,+546.58 USD,1090.93,USD,Ubfly,YF-a5624e531b0c4399a8fbb58bf4ffb0b1,• Hot and cold refreshments; • ICE entertainment; • Mileage upgrade eligibility; Economy Cabin,Included,Included,Included,Included,Unknown,Unknown,Unknown,Not Included,Not Included,Unknown,Unknown,Unknown,Included,Unknown,Unknown,Unknown,Yes,3750.0,,2026-07-28T07:01:31+00:00,success,0
EK,LHE,LHR,LHE,PK,LON,GB,2026-09-29,2026-10-02,Summer,Premium Economy,0,PEco-1,Premium Economy FlexPlus,Premium Economy Comfort,+678.23 USD,1222.58,USD,Ubfly,WF-60aca6e320b04525b1a7ee3c6c27870a,• Hot and cold refreshments; • ICE entertainment; • Mileage upgrade eligibility; • Exclusive Premium Economy Class dining; Premium Economy Cabin,Included,Included,Included,Unknown,Unknown,Unknown,Unknown,Not Included,Not Included,Unknown,Unknown,Unknown,Included,Unknown,Unknown,Unknown,Yes,4125.0,,2026-07-28T07:01:31+00:00,success,0
EK,LHE,LHR,LHE,PK,LON,GB,2026-09-29,2026-10-02,Summer,Business,0,Bus-1,BSSAVER,Business Basic,0.00 USD,2553.89,USD,Ubfly,BSSAVER-BSSAVER,Premium check-in; Soft drink; In-flight entertainment; Chauffeur Drive; Internet Access,Included,Included,Included,Included,Included,Included,Included,Not Included,Paid,Unknown,Unknown,Unknown,Unknown,Unknown,Unknown,Unknown,Yes,,,2026-07-28T07:01:31+00:00,success,0
EK,LHE,LHR,LHE,PK,LON,GB,2026-09-29,2026-10-02,Summer,Business,1,Bus-2,BSFLEX,Business Flex,+466.78 USD,3020.67,USD,Ubfly,BSFLEX-BSFLEX,Premium check-in; Soft drink; In-flight entertainment; Chauffeur Drive; Internet Access,Included,Included,Included,Included,Included,Included,Included,Paid,Paid,Unknown,Unknown,Unknown,Unknown,Unknown,Unknown,Unknown,Yes,,175.0,2026-07-28T07:01:31+00:00,success,0
EK,LHE,LHR,LHE,PK,LON,GB,2026-09-29,2026-10-02,Summer,Business,2,Bus-3,BSFLXPLUS,Business Comfort,"+1,135.03 USD",3688.92,USD,Ubfly,BSFLXPLUS-BSFLXPLUS,Premium check-in; Soft drink; In-flight entertainment; Chauffeur Drive; Internet Access; Uninterrupted return (up to the last 12 hours); Change with Penalty,Included,Included,Included,Included,Included,Included,Included,Included,Included,Unknown,Unknown,Unknown,Unknown,Unknown,Unknown,Unknown,Yes,,190.0,2026-07-28T07:01:31+00:00,success,0
EK,LHE,LHR,LHE,PK,LON,GB,2027-01-30,2027-02-02,Winter,Economy,0,Eco-1,Economy Saver,Economy Basic,0.00 USD,544.35,USD,Ubfly,YP-fc082ae189d6443aa018f35edd6ad63c,• Hot and cold refreshments; • ICE entertainment; • Mileage upgrade eligibility at time of check-in; Economy Cabin,Included,Included,Paid,Included,Unknown,Unknown,Unknown,Included,Not Included,Unknown,Unknown,Unknown,Included,Unknown,Unknown,Unknown,Yes,1125.0,,2026-07-28T07:01:31+00:00,success,0
EK,LHE,LHR,LHE,PK,LON,GB,2027-01-30,2027-02-02,Winter,Economy,1,Eco-2,Economy Flex,Economy Flex,+130.64 USD,674.99,USD,Ubfly,YS-33615fff4ebf44b88b8f5988b78d742d,• Hot and cold refreshments; • ICE entertainment; • Mileage upgrade eligibility; Economy Cabin,Included,Included,Included,Included,Unknown,Unknown,Unknown,Included,Not Included,Unknown,Unknown,Unknown,Included,Unknown,Unknown,Unknown,Yes,2813.0,,2026-07-28T07:01:31+00:00,success,0
EK,LHE,LHR,LHE,PK,LON,GB,2027-01-30,2027-02-02,Winter,Economy,2,Eco-3,Economy Flex Plus,Economy Comfort,+546.58 USD,1090.93,USD,Ubfly,YF-16cb6178fde44f268208ccca32fd2eaf,• Hot and cold refreshments; • ICE entertainment; • Mileage upgrade eligibility; Economy Cabin,Included,Included,Included,Included,Unknown,Unknown,Unknown,Not Included,Not Included,Unknown,Unknown,Unknown,Included,Unknown,Unknown,Unknown,Yes,3750.0,,2026-07-28T07:01:31+00:00,success,0
EK,LHE,LHR,LHE,PK,LON,GB,2027-01-30,2027-02-02,Winter,Premium Economy,0,PEco-1,Premium Economy FlexPlus,Premium Economy Comfort,+678.23 USD,1222.58,USD,Ubfly,WF-a9e017ce7f6d46cca5dad63d56d32432,• Hot and cold refreshments; • ICE entertainment; • Mileage upgrade eligibility; • Exclusive Premium Economy Class dining; Premium Economy Cabin,Included,Included,Included,Unknown,Unknown,Unknown,Unknown,Not Included,Not Included,Unknown,Unknown,Unknown,Included,Unknown,Unknown,Unknown,Yes,4125.0,,2026-07-28T07:01:31+00:00,success,0
EK,LHE,LHR,LHE,PK,LON,GB,2027-01-30,2027-02-02,Winter,Business,0,Bus-1,BSSAVER,Business Basic,0.00 USD,2553.89,USD,Ubfly,BSSAVER-BSSAVER,Premium check-in; Soft drink; In-flight entertainment; Chauffeur Drive; Internet Access,Included,Included,Included,Included,Included,Included,Included,Not Included,Paid,Unknown,Unknown,Unknown,Unknown,Unknown,Unknown,Unknown,Yes,,,2026-07-28T07:01:31+00:00,success,0
EK,LHE,LHR,LHE,PK,LON,GB,2027-01-30,2027-02-02,Winter,Business,1,Bus-2,BSFLEX,Business Flex,+466.78 USD,3020.67,USD,Ubfly,BSFLEX-BSFLEX,Premium check-in; Soft drink; In-flight entertainment; Chauffeur Drive; Internet Access,Included,Included,Included,Included,Included,Included,Included,Paid,Paid,Unknown,Unknown,Unknown,Unknown,Unknown,Unknown,Unknown,Yes,,175.0,2026-07-28T07:01:31+00:00,success,0
EK,LHE,LHR,LHE,PK,LON,GB,2027-01-30,2027-02-02,Winter,Business,2,Bus-3,BSFLXPLUS,Business Comfort,"+1,135.03 USD",3688.92,USD,Ubfly,BSFLXPLUS-BSFLXPLUS,Premium check-in; Soft drink; In-flight entertainment; Chauffeur Drive; Internet Access; Uninterrupted return (up to the last 12 hours); Change with Penalty,Included,Included,Included,Included,Included,Included,Included,Included,Included,Unknown,Unknown,Unknown,Unknown,Unknown,Unknown,Unknown,Yes,,190.0,2026-07-28T07:01:31+00:00,success,0
TK,LHE,LHR,LHE,PK,LON,GB,2026-09-29,2026-10-02,Summer,Economy,0,Eco-1,ECOFLY,Economy Basic,0.00 USD,652.51,USD,Ubfly,CL-a59bcdc25291401eb305122d0325a592,Online Message Verification,Included,Included,Unknown,Included,Unknown,Unknown,Unknown,Not Included,Paid,Unknown,Unknown,Unknown,Unknown,Unknown,Unknown,Unknown,,,,2026-07-28T07:01:31+00:00,success,0
TK,LHE,LHR,LHE,PK,LON,GB,2026-09-29,2026-10-02,Summer,Economy,1,Eco-2,EXTRAFLY,Economy Standard,+40.47 USD,692.98,USD,Ubfly,LG-53092d1d492b456bbbb3dbce699fb17f,Online Message Verification,Included,Included,Unknown,Included,Unknown,Unknown,Unknown,Paid,Paid,Unknown,Unknown,Unknown,Unknown,Unknown,Unknown,Unknown,,,,2026-07-28T07:01:31+00:00,success,0
TK,LHE,LHR,LHE,PK,LON,GB,2026-09-29,2026-10-02,Summer,Economy,2,Eco-3,FLEXFLY,Economy Flex,+108.37 USD,760.88,USD,Ubfly,GN-ca36339aa9414797aff77c7f50e95b70,Online Message Verification,Included,Included,Included,Included,Unknown,Unknown,Unknown,Paid,Included,Unknown,Unknown,Unknown,Unknown,Unknown,Unknown,Unknown,Yes,,15.0,2026-07-28T07:01:31+00:00,success,0
TK,LHE,LHR,LHE,PK,LON,GB,2026-09-29,2026-10-02,Summer,Economy,3,Eco-4,Flexible,Economy Flex,+214.62 USD,867.13,USD,Ubfly,FL-608744e97f4542a09e0cb15c24018e6c,Online Message Verification,Included,Included,Included,Included,Unknown,Unknown,Included,Included,Included,Unknown,Unknown,Paid,Unknown,Unknown,Unknown,Unknown,Yes,,30.0,2026-07-28T07:01:31+00:00,success,0
TK,LHE,LHR,LHE,PK,LON,GB,2026-09-29,2026-10-02,Summer,Business,0,Bus-1,BUSINESS FLY,Business — BUSINESS FLY,0.00 USD,2835.49,USD,Ubfly,BF-5a3f4654789b45a5b608eb744b74092e,Priority Check-In,Included,Included,Included,Unknown,Included,Included,Included,Paid,Paid,Unknown,Unknown,Unknown,Included,Unknown,Unknown,Unknown,,,,2026-07-28T07:01:31+00:00,success,0
TK,LHE,LHR,LHE,PK,LON,GB,2026-09-29,2026-10-02,Summer,Business,1,Bus-2,BUSINESS PRIME,Business Premium,+324.15 USD,3159.64,USD,Ubfly,BL-a68bee93a03241d6afdc5390626d0e89,Priority Check-In,Included,Included,Included,Unknown,Included,Included,Included,Included,Included,Unknown,Unknown,Paid,Included,Unknown,Unknown,Unknown,Yes,,30.0,2026-07-28T07:01:31+00:00,success,0
TK,LHE,LHR,LHE,PK,LON,GB,2027-01-31,2027-02-03,Winter,Economy,0,Eco-1,ECOFLY,Economy Basic,0.00 USD,672.66,USD,Ubfly,CL-f8d02efaae774e9c8de4f34abcd8834f,Online Message Verification,Included,Included,Unknown,Included,Unknown,Unknown,Unknown,Not Included,Paid,Unknown,Unknown,Unknown,Unknown,Unknown,Unknown,Unknown,,,,2026-07-28T07:01:31+00:00,success,0
TK,LHE,LHR,LHE,PK,LON,GB,2027-01-31,2027-02-03,Winter,Economy,1,Eco-2,EXTRAFLY,Economy Standard,+40.47 USD,713.13,USD,Ubfly,LG-f1284e34f203470b8a8c4474e454d8ef,Online Message Verification,Included,Included,Unknown,Included,Unknown,Unknown,Unknown,Paid,Paid,Unknown,Unknown,Unknown,Unknown,Unknown,Unknown,Unknown,,,,2026-07-28T07:01:31+00:00,success,0
TK,LHE,LHR,LHE,PK,LON,GB,2027-01-31,2027-02-03,Winter,Economy,2,Eco-3,FLEXFLY,Economy Flex,+108.35 USD,781.01,USD,Ubfly,GN-baa08ca9a0f3413599257a9ee121945a,Online Message Verification,Included,Included,Included,Included,Unknown,Unknown,Unknown,Paid,Included,Unknown,Unknown,Unknown,Unknown,Unknown,Unknown,Unknown,Yes,,15.0,2026-07-28T07:01:31+00:00,success,0
TK,LHE,LHR,LHE,PK,LON,GB,2027-01-31,2027-02-03,Winter,Economy,3,Eco-4,Flexible,Economy Flex,+214.62 USD,887.28,USD,Ubfly,FL-58684098706545e6bc216f4c5a7c0635,Online Message Verification,Included,Included,Included,Included,Unknown,Unknown,Included,Included,Included,Unknown,Unknown,Paid,Unknown,Unknown,Unknown,Unknown,Yes,,30.0,2026-07-28T07:01:31+00:00,success,0
TK,LHE,LHR,LHE,PK,LON,GB,2027-01-31,2027-02-03,Winter,Business,0,Bus-1,BUSINESS FLY,Business — BUSINESS FLY,0.00 USD,2835.49,USD,Ubfly,BF-923375784a834caaacf4237aabeabdda,Priority Check-In,Included,Included,Included,Unknown,Included,Included,Included,Paid,Paid,Unknown,Unknown,Unknown,Included,Unknown,Unknown,Unknown,,,,2026-07-28T07:01:31+00:00,success,0
TK,LHE,LHR,LHE,PK,LON,GB,2027-01-31,2027-02-03,Winter,Business,1,Bus-2,BUSINESS PRIME,Business Premium,+324.15 USD,3159.64,USD,Ubfly,BL-0c960fb014714819880b33c0bf634e88,Priority Check-In,Included,Included,Included,Unknown,Included,Included,Included,Included,Included,Unknown,Unknown,Paid,Included,Unknown,Unknown,Unknown,Yes,,30.0,2026-07-28T07:01:31+00:00,success,0
QR,ISB,LHR,ISB,PK,LON,GB,2026-09-21,2026-09-24,Summer,Economy,0,Eco-1,ECONOMY CLASSIC,Economy Standard,0.00 USD,515.97,USD,Ubfly,ECLASSIC-ECLASSIC,,Included,Included,Unknown,Included,Unknown,Unknown,Unknown,Paid,Paid,Unknown,Unknown,Unknown,Unknown,Unknown,Unknown,Unknown,Yes,,50.0,2026-07-28T07:01:31+00:00,success,0
QR,ISB,LHR,ISB,PK,LON,GB,2026-09-21,2026-09-24,Summer,Economy,1,Eco-2,ECONOMY CONVENIENCE,Economy — ECONOMY CONVENIENCE,+284.67 USD,800.64,USD,Ubfly,ECONVENIEN-ECONVENIEN,,Included,Included,Included,Included,Unknown,Unknown,Unknown,Paid,Paid,Unknown,Unknown,Unknown,Unknown,Unknown,Unknown,Unknown,Yes,,75.0,2026-07-28T07:01:31+00:00,success,0
QR,ISB,LHR,ISB,PK,LON,GB,2026-09-21,2026-09-24,Summer,Economy,2,Eco-3,ECONOMY COMFORT,Economy Comfort,+743.06 USD,1259.03,USD,Ubfly,ECOMFORT-ECOMFORT,Uninterrupted return (up to the last 12 hours); Change with Penalty,Included,Included,Included,Included,Unknown,Unknown,Unknown,Paid,Paid,Unknown,Unknown,Unknown,Unknown,Unknown,Unknown,Unknown,Yes,,100.0,2026-07-28T07:01:31+00:00,success,0
QR,ISB,LHR,ISB,PK,LON,GB,2026-09-21,2026-09-24,Summer,Business,0,Bus-1,BLITE,Business Lite,0.00 USD,2101.26,USD,Ubfly,BLITE-BLITE,,Included,Included,Unknown,Included,Unknown,Unknown,Unknown,Paid,Paid,Unknown,Unknown,Unknown,Unknown,Unknown,Unknown,Unknown,Yes,,75.0,2026-07-28T07:01:31+00:00,success,0
QR,ISB,LHR,ISB,PK,LON,GB,2026-09-21,2026-09-24,Summer,Business,1,Bus-2,BCLASSIC,Business Standard,+304.20 USD,2405.46,USD,Ubfly,BCLASSIC-BCLASSIC,125 PCT QMILES ACCUMULATION(F),Included,Included,Unknown,Included,Included,Unknown,Unknown,Paid,Paid,Unknown,Unknown,Unknown,Unknown,Unknown,Unknown,Unknown,,,,2026-07-28T07:01:31+00:00,success,0
QR,ISB,LHR,ISB,PK,LON,GB,2026-09-21,2026-09-24,Summer,Business,2,Bus-3,BUSINESS COMFORT,Business Comfort,+968.46 USD,3069.72,USD,Ubfly,BCOMFORT-BCOMFORT,175 PCT QMILES ACCUMULATION(F),Included,Included,Included,Included,Included,Unknown,Unknown,Paid,Paid,Unknown,Unknown,Unknown,Unknown,Unknown,Unknown,Unknown,,,,2026-07-28T07:01:31+00:00,success,0
QR,ISB,LHR,ISB,PK,LON,GB,2026-09-21,2026-09-24,Summer,Business,3,Bus-4,BUSINESS ELITE,Business Lite,"+1,741.46 USD",3842.72,USD,Ubfly,BELITE-BELITE,200 PCT QMILES ACCUMULATION(F); Uninterrupted return (up to the last 12 hours); Change with Penalty,Included,Included,Included,Included,Included,Unknown,Unknown,Paid,Paid,Unknown,Unknown,Unknown,Unknown,Unknown,Unknown,Unknown,,,,2026-07-28T07:01:31+00:00,success,0
QR,ISB,LHR,ISB,PK,LON,GB,2027-02-13,2027-02-16,Winter,Economy,0,Eco-1,ECONOMY CLASSIC,Economy Standard,0 USD,785.48,USD,Enuygun,bff_0,,Included,Included,Unknown,Included,Unknown,Unknown,Unknown,Paid,Paid,Unknown,Unknown,Unknown,Unknown,Unknown,Unknown,Unknown,Yes,,,2026-07-28T07:01:31+00:00,success,0
QR,ISB,LHR,ISB,PK,LON,GB,2027-02-13,2027-02-16,Winter,Economy,1,Eco-2,ECONOMY CONVENIENCE,Economy — ECONOMY CONVENIENCE,+229.27 USD,1014.75,USD,Enuygun,bff_1,,Included,Included,Unknown,Included,Unknown,Unknown,Unknown,Paid,Paid,Unknown,Unknown,Unknown,Unknown,Unknown,Unknown,Unknown,,,,2026-07-28T07:01:31+00:00,success,0
QR,ISB,LHR,ISB,PK,LON,GB,2027-02-13,2027-02-16,Winter,Economy,2,Eco-3,ECONOMY COMFORT,Economy Comfort,+799.73 USD,1585.21,USD,Enuygun,bff_2,,Included,Included,Unknown,Included,Unknown,Unknown,Unknown,Included,Included,Unknown,Unknown,Unknown,Unknown,Unknown,Unknown,Unknown,,,,2026-07-28T07:01:31+00:00,success,0
QR,ISB,LHR,ISB,PK,LON,GB,2027-02-13,2027-02-16,Winter,Business,0,Bus-1,BLITE,Business Lite,0.00 USD,2123.8,USD,Ubfly,BLITE-BLITE,,Included,Included,Unknown,Included,Unknown,Unknown,Unknown,Paid,Paid,Unknown,Unknown,Unknown,Unknown,Unknown,Unknown,Unknown,Yes,,75.0,2026-07-28T07:01:31+00:00,success,0
QR,ISB,LHR,ISB,PK,LON,GB,2027-02-13,2027-02-16,Winter,Business,1,Bus-2,BCLASSIC,Business Standard,+304.20 USD,2428.0,USD,Ubfly,BCLASSIC-BCLASSIC,125 PCT QMILES ACCUMULATION(F),Included,Included,Unknown,Included,Included,Unknown,Unknown,Paid,Paid,Unknown,Unknown,Unknown,Unknown,Unknown,Unknown,Unknown,,,,2026-07-28T07:01:31+00:00,success,0
QR,ISB,LHR,ISB,PK,LON,GB,2027-02-13,2027-02-16,Winter,Business,2,Bus-3,BUSINESS COMFORT,Business Comfort,+968.46 USD,3092.26,USD,Ubfly,BCOMFORT-BCOMFORT,175 PCT QMILES ACCUMULATION(F),Included,Included,Included,Included,Included,Unknown,Unknown,Paid,Paid,Unknown,Unknown,Unknown,Unknown,Unknown,Unknown,Unknown,,,,2026-07-28T07:01:31+00:00,success,0
QR,ISB,LHR,ISB,PK,LON,GB,2027-02-13,2027-02-16,Winter,Business,3,Bus-4,BUSINESS ELITE,Business Lite,"+1,741.46 USD",3865.26,USD,Ubfly,BELITE-BELITE,200 PCT QMILES ACCUMULATION(F); Uninterrupted return (up to the last 12 hours); Change with Penalty,Included,Included,Included,Included,Included,Unknown,Unknown,Paid,Paid,Unknown,Unknown,Unknown,Unknown,Unknown,Unknown,Unknown,,,,2026-07-28T07:01:31+00:00,success,0
SV,ISB,LHR,ISB,PK,LON,GB,2026-09-21,2026-09-24,Summer,Economy,0,Eco-1,Basic Eco,Economy Basic,0.00 USD,641.05,USD,Ubfly,NBASICE-NBASICE,1 Free bag: 23 kg,Included,Included,Unknown,Unknown,Unknown,Unknown,Unknown,Paid,Paid,Unknown,Unknown,Unknown,Unknown,Unknown,Unknown,Unknown,Yes,,35.0,2026-07-28T07:01:31+00:00,success,0
SV,ISB,LHR,ISB,PK,LON,GB,2026-09-21,2026-09-24,Summer,Economy,1,Eco-2,Flex Eco,Economy Basic,+280.70 USD,921.75,USD,Ubfly,NFLEXE-NFLEXE,Change without penalty; Uninterrupted return (up to the last 12 hours); 2 Free bags: 23 kg,Included,Included,Included,Unknown,Unknown,Unknown,Unknown,Included,Included,Unknown,Unknown,Unknown,Unknown,Unknown,Unknown,Unknown,Yes,,,2026-07-28T07:01:31+00:00,success,0
SV,ISB,LHR,ISB,PK,LON,GB,2026-09-21,2026-09-24,Summer,Business,0,Bus-1,BASIC BUS,Business Basic,0.00 USD,3463.8,USD,Ubfly,NBASICB-NBASICB,Priority Services; Business/First Class: 2 free bags,Included,Included,Included,Unknown,Unknown,Unknown,Unknown,Paid,Paid,Unknown,Unknown,Unknown,Unknown,Unknown,Unknown,Unknown,Yes,,175.0,2026-07-28T07:01:31+00:00,success,0
SV,ISB,LHR,ISB,PK,LON,GB,2026-09-21,2026-09-24,Summer,Business,1,Bus-2,FLEX BUS,Business Flex,+131.66 USD,3595.46,USD,Ubfly,NFLEXB-NFLEXB,Priority Services; Change without penalty; Uninterrupted return (up to the last 12 hours); Business/First Class: 2 free bags,Included,Included,Included,Unknown,Unknown,Unknown,Unknown,Included,Included,Unknown,Unknown,Unknown,Unknown,Unknown,Unknown,Unknown,Yes,,,2026-07-28T07:01:31+00:00,success,0
SV,ISB,LHR,ISB,PK,LON,GB,2027-02-13,2027-02-16,Winter,Economy,0,Eco-1,Basic Eco,Economy Basic,0 USD,412.07,USD,Enuygun,bff_0,,Included,Included,Unknown,Unknown,Unknown,Unknown,Unknown,Paid,Paid,Unknown,Unknown,Unknown,Unknown,Unknown,Unknown,Unknown,Yes,,35.0,2026-07-28T07:01:31+00:00,success,0
SV,ISB,LHR,ISB,PK,LON,GB,2027-02-13,2027-02-16,Winter,Economy,1,Eco-2,Flex Eco,Economy Basic,+245.61 USD,657.69,USD,Enuygun,bff_1,,Included,Included,Included,Unknown,Unknown,Unknown,Unknown,Included,Included,Unknown,Unknown,Unknown,Unknown,Unknown,Unknown,Unknown,Yes,,,2026-07-28T07:01:31+00:00,success,0
EY,ISB,LHR,ISB,PK,LON,GB,2026-09-21,2026-09-24,Summer,Economy,0,Eco-1,YBASIC,Economy Basic,0.00 USD,511.19,USD,Ubfly,YBASIC-YBASIC,,Included,Not Included,Unknown,Included,Unknown,Unknown,Unknown,Not Included,Included,Unknown,Unknown,Unknown,Unknown,Unknown,Unknown,Unknown,Yes,,5.0,2026-07-28T07:01:31+00:00,success,0
EY,ISB,LHR,ISB,PK,LON,GB,2026-09-21,2026-09-24,Summer,Economy,1,Eco-2,YVALUE,Economy Basic,+19.52 USD,530.71,USD,Ubfly,YVALUE-YVALUE,,Included,Included,Unknown,Included,Unknown,Unknown,Unknown,Not Included,Paid,Unknown,Unknown,Unknown,Unknown,Unknown,Unknown,Unknown,Yes,,35.0,2026-07-28T07:01:31+00:00,success,0
EY,ISB,LHR,ISB,PK,LON,GB,2026-09-21,2026-09-24,Summer,Economy,2,Eco-3,YCOMFORT,Economy Comfort,+62.41 USD,573.6,USD,Ubfly,YCOMFORT-YCOMFORT,,Included,Included,Included,Included,Unknown,Unknown,Unknown,Paid,Paid,Unknown,Unknown,Unknown,Unknown,Unknown,Unknown,Unknown,Yes,,75.0,2026-07-28T07:01:31+00:00,success,0
EY,ISB,LHR,ISB,PK,LON,GB,2026-09-21,2026-09-24,Summer,Economy,3,Eco-4,YDELUXE,Economy — YDELUXE,+179.10 USD,690.29,USD,Ubfly,YDELUXE-YDELUXE,Change with Penalty; Uninterrupted return (up to the last 12 hours); Priority Access,Included,Included,Included,Included,Unknown,Unknown,Unknown,Included,Included,Unknown,Unknown,Unknown,Unknown,Unknown,Unknown,Unknown,Yes,,,2026-07-28T07:01:31+00:00,success,0
EY,ISB,LHR,ISB,PK,LON,GB,2026-09-21,2026-09-24,Summer,Business,0,Bus-1,JVALUE,Business Basic,0.00 USD,1741.99,USD,Ubfly,JVALUE-JVALUE,Priority Access,Included,Included,Unknown,Included,Unknown,Unknown,Unknown,Not Included,Paid,Unknown,Unknown,Unknown,Unknown,Unknown,Unknown,Unknown,Yes,,100.0,2026-07-28T07:01:31+00:00,success,0
EY,ISB,LHR,ISB,PK,LON,GB,2026-09-21,2026-09-24,Summer,Business,1,Bus-2,JCOMFORT,Business Comfort,+128.68 USD,1870.67,USD,Ubfly,JCOMFORT-JCOMFORT,Priority Access; ETIHAD UAE CHAUFFEUR(F),Included,Included,Included,Included,Included,Unknown,Unknown,Paid,Paid,Unknown,Unknown,Unknown,Unknown,Unknown,Unknown,Unknown,Yes,,,2026-07-28T07:01:31+00:00,success,0
EY,ISB,LHR,ISB,PK,LON,GB,2026-09-21,2026-09-24,Summer,Business,2,Bus-3,JDELUXE,Business — JDELUXE,"+1,178.94 USD",2920.93,USD,Ubfly,JDELUXE-JDELUXE,Change with Penalty; Uninterrupted return (up to the last 12 hours); Priority Access; ETIHAD UAE CHAUFFEUR(F); ETIHAD GLOBAL CHAUFFEUR(F),Included,Included,Included,Included,Included,Unknown,Unknown,Included,Included,Unknown,Unknown,Unknown,Unknown,Unknown,Unknown,Unknown,Yes,,,2026-07-28T07:01:31+00:00,success,0
EY,ISB,LHR,ISB,PK,LON,GB,2027-02-13,2027-02-16,Winter,Economy,0,Eco-1,YBASIC,Economy Basic,0.00 USD,705.7,USD,Ubfly,YBASIC-YBASIC,,Included,Not Included,Unknown,Included,Unknown,Unknown,Unknown,Not Included,Included,Unknown,Unknown,Unknown,Unknown,Unknown,Unknown,Unknown,Yes,,5.0,2026-07-28T07:01:31+00:00,success,0
EY,ISB,LHR,ISB,PK,LON,GB,2027-02-13,2027-02-16,Winter,Economy,1,Eco-2,YVALUE,Economy Basic,+19.49 USD,725.19,USD,Ubfly,YVALUE-YVALUE,,Included,Included,Unknown,Included,Unknown,Unknown,Unknown,Not Included,Paid,Unknown,Unknown,Unknown,Unknown,Unknown,Unknown,Unknown,Yes,,35.0,2026-07-28T07:01:31+00:00,success,0
EY,ISB,LHR,ISB,PK,LON,GB,2027-02-13,2027-02-16,Winter,Economy,2,Eco-3,YCOMFORT,Economy Comfort,+62.39 USD,768.09,USD,Ubfly,YCOMFORT-YCOMFORT,,Included,Included,Included,Included,Unknown,Unknown,Unknown,Paid,Paid,Unknown,Unknown,Unknown,Unknown,Unknown,Unknown,Unknown,Yes,,75.0,2026-07-28T07:01:31+00:00,success,0
EY,ISB,LHR,ISB,PK,LON,GB,2027-02-13,2027-02-16,Winter,Economy,3,Eco-4,YDELUXE,Economy — YDELUXE,+179.08 USD,884.78,USD,Ubfly,YDELUXE-YDELUXE,Uninterrupted return (up to the last 12 hours); Priority Access; Change with Penalty,Included,Included,Included,Included,Unknown,Unknown,Unknown,Included,Included,Unknown,Unknown,Unknown,Unknown,Unknown,Unknown,Unknown,Yes,,,2026-07-28T07:01:31+00:00,success,0
EY,ISB,LHR,ISB,PK,LON,GB,2027-02-13,2027-02-16,Winter,Business,0,Bus-1,JVALUE,Business Basic,0.00 USD,3302.86,USD,Ubfly,JVALUE-JVALUE,Priority Access,Included,Included,Unknown,Included,Unknown,Unknown,Unknown,Not Included,Paid,Unknown,Unknown,Unknown,Unknown,Unknown,Unknown,Unknown,Yes,,100.0,2026-07-28T07:01:31+00:00,success,0
EY,ISB,LHR,ISB,PK,LON,GB,2027-02-13,2027-02-16,Winter,Business,1,Bus-2,JCOMFORT,Business Comfort,+169.55 USD,3472.41,USD,Ubfly,JCOMFORT-JCOMFORT,Priority Access; ETIHAD UAE CHAUFFEUR(F),Included,Included,Included,Included,Included,Unknown,Unknown,Paid,Paid,Unknown,Unknown,Unknown,Unknown,Unknown,Unknown,Unknown,Yes,,,2026-07-28T07:01:31+00:00,success,0
EY,ISB,LHR,ISB,PK,LON,GB,2027-02-13,2027-02-16,Winter,Business,2,Bus-3,JDELUXE,Business — JDELUXE,+471.77 USD,3774.63,USD,Ubfly,JDELUXE-JDELUXE,Change with Penalty; Uninterrupted return (up to the last 12 hours); Priority Access; ETIHAD UAE CHAUFFEUR(F); ETIHAD GLOBAL CHAUFFEUR(F),Included,Included,Included,Included,Included,Unknown,Unknown,Included,Included,Unknown,Unknown,Unknown,Unknown,Unknown,Unknown,Unknown,Yes,,,2026-07-28T07:01:31+00:00,success,0
EK,ISB,LHR,ISB,PK,LON,GB,2026-09-21,2026-09-24,Summer,Economy,0,Eco-1,Economy Saver,Economy Basic,0.00 USD,551.34,USD,Ubfly,YP-289be0aec44f4034a8a2a2f5906c5bda,• Hot and cold refreshments; • ICE entertainment; • Mileage upgrade eligibility at time of check-in; Economy Cabin,Included,Included,Paid,Included,Unknown,Unknown,Unknown,Included,Not Included,Unknown,Unknown,Unknown,Included,Unknown,Unknown,Unknown,Yes,1125.0,,2026-07-28T07:01:31+00:00,success,0
EK,ISB,LHR,ISB,PK,LON,GB,2026-09-21,2026-09-24,Summer,Economy,1,Eco-2,Economy Flex,Economy Flex,+135.63 USD,686.97,USD,Ubfly,YS-68d9d6699a234eabbfb27dc3cc8a363e,• Hot and cold refreshments; • ICE entertainment; • Mileage upgrade eligibility; Economy Cabin,Included,Included,Included,Included,Unknown,Unknown,Unknown,Included,Not Included,Unknown,Unknown,Unknown,Included,Unknown,Unknown,Unknown,Yes,2813.0,,2026-07-28T07:01:31+00:00,success,0
EK,ISB,LHR,ISB,PK,LON,GB,2026-09-21,2026-09-24,Summer,Economy,2,Eco-3,Economy Flex Plus,Economy Comfort,+559.54 USD,1110.88,USD,Ubfly,YF-b17b8be2b68040de94f05f7f5b1830ea,• Hot and cold refreshments; • ICE entertainment; • Mileage upgrade eligibility; Economy Cabin,Included,Included,Included,Included,Unknown,Unknown,Unknown,Not Included,Not Included,Unknown,Unknown,Unknown,Included,Unknown,Unknown,Unknown,Yes,3750.0,,2026-07-28T07:01:31+00:00,success,0
EK,ISB,LHR,ISB,PK,LON,GB,2026-09-21,2026-09-24,Summer,Premium Economy,0,PEco-1,Premium Economy FlexPlus,Premium Economy Comfort,"+1,110.08 USD",1661.42,USD,Ubfly,WF-0159f51e34f64a0097c37078dad956da,• Hot and cold refreshments; • ICE entertainment; • Mileage upgrade eligibility; • Exclusive Premium Economy Class dining; Premium Economy Cabin,Included,Included,Included,Unknown,Unknown,Unknown,Unknown,Not Included,Not Included,Unknown,Unknown,Unknown,Included,Unknown,Unknown,Unknown,Yes,4125.0,,2026-07-28T07:01:31+00:00,success,0
EK,ISB,LHR,ISB,PK,LON,GB,2026-09-21,2026-09-24,Summer,Business,0,Bus-1,BSSAVER,Business Basic,0.00 USD,2448.17,USD,Ubfly,BSSAVER-BSSAVER,Premium check-in; Soft drink; In-flight entertainment; Chauffeur Drive; Internet Access,Included,Included,Included,Included,Included,Included,Included,Not Included,Paid,Unknown,Unknown,Unknown,Unknown,Unknown,Unknown,Unknown,Yes,,,2026-07-28T07:01:31+00:00,success,0
EK,ISB,LHR,ISB,PK,LON,GB,2026-09-21,2026-09-24,Summer,Business,1,Bus-2,BSFLEX,Business Flex,+469.76 USD,2917.93,USD,Ubfly,BSFLEX-BSFLEX,Premium check-in; Soft drink; In-flight entertainment; Chauffeur Drive; Internet Access,Included,Included,Included,Included,Included,Included,Included,Paid,Paid,Unknown,Unknown,Unknown,Unknown,Unknown,Unknown,Unknown,Yes,,175.0,2026-07-28T07:01:31+00:00,success,0
EK,ISB,LHR,ISB,PK,LON,GB,2026-09-21,2026-09-24,Summer,Business,2,Bus-3,BSFLXPLUS,Business Comfort,"+1,136.03 USD",3584.2,USD,Ubfly,BSFLXPLUS-BSFLXPLUS,Premium check-in; Soft drink; In-flight entertainment; Chauffeur Drive; Internet Access; Uninterrupted return (up to the last 12 hours); Change with Penalty,Included,Included,Included,Included,Included,Included,Included,Included,Included,Unknown,Unknown,Unknown,Unknown,Unknown,Unknown,Unknown,Yes,,190.0,2026-07-28T07:01:31+00:00,success,0
EK,ISB,LHR,ISB,PK,LON,GB,2027-02-13,2027-02-16,Winter,Economy,0,Eco-1,Economy Saver,Economy Basic,0.00 USD,551.34,USD,Ubfly,YP-e6043c33f7524116acbcd28c3ea9bcc0,• Hot and cold refreshments; • ICE entertainment; • Mileage upgrade eligibility at time of check-in; Economy Cabin,Included,Included,Paid,Included,Unknown,Unknown,Unknown,Included,Not Included,Unknown,Unknown,Unknown,Included,Unknown,Unknown,Unknown,Yes,1125.0,,2026-07-28T07:01:31+00:00,success,0
EK,ISB,LHR,ISB,PK,LON,GB,2027-02-13,2027-02-16,Winter,Economy,1,Eco-2,Economy Flex,Economy Flex,+135.63 USD,686.97,USD,Ubfly,YS-9f3b5f144746412a810cf26f06a15fc2,• Hot and cold refreshments; • ICE entertainment; • Mileage upgrade eligibility; Economy Cabin,Included,Included,Included,Included,Unknown,Unknown,Unknown,Included,Not Included,Unknown,Unknown,Unknown,Included,Unknown,Unknown,Unknown,Yes,2813.0,,2026-07-28T07:01:31+00:00,success,0
EK,ISB,LHR,ISB,PK,LON,GB,2027-02-13,2027-02-16,Winter,Economy,2,Eco-3,Economy Flex Plus,Economy Comfort,+559.54 USD,1110.88,USD,Ubfly,YF-a3a6593408c7404caceae9c588ab4bed,• Hot and cold refreshments; • ICE entertainment; • Mileage upgrade eligibility; Economy Cabin,Included,Included,Included,Included,Unknown,Unknown,Unknown,Not Included,Not Included,Unknown,Unknown,Unknown,Included,Unknown,Unknown,Unknown,Yes,3750.0,,2026-07-28T07:01:31+00:00,success,0
EK,ISB,LHR,ISB,PK,LON,GB,2027-02-13,2027-02-16,Winter,Premium Economy,0,PEco-1,Premium Economy FlexPlus,Premium Economy Comfort,+572.50 USD,1123.84,USD,Ubfly,WF-5d8f911d2ab94aa8890d94826cf118e7,• Hot and cold refreshments; • ICE entertainment; • Mileage upgrade eligibility; • Exclusive Premium Economy Class dining; Premium Economy Cabin,Included,Included,Included,Unknown,Unknown,Unknown,Unknown,Not Included,Not Included,Unknown,Unknown,Unknown,Included,Unknown,Unknown,Unknown,Yes,4125.0,,2026-07-28T07:01:31+00:00,success,0
EK,ISB,LHR,ISB,PK,LON,GB,2027-02-13,2027-02-16,Winter,Business,0,Bus-1,BSSAVER,Business Basic,0.00 USD,2448.17,USD,Ubfly,BSSAVER-BSSAVER,Premium check-in; Soft drink; In-flight entertainment; Chauffeur Drive; Internet Access,Included,Included,Included,Included,Included,Included,Included,Not Included,Paid,Unknown,Unknown,Unknown,Unknown,Unknown,Unknown,Unknown,Yes,,,2026-07-28T07:01:31+00:00,success,0
EK,ISB,LHR,ISB,PK,LON,GB,2027-02-13,2027-02-16,Winter,Business,1,Bus-2,BSFLEX,Business Flex,+469.76 USD,2917.93,USD,Ubfly,BSFLEX-BSFLEX,Premium check-in; Soft drink; In-flight entertainment; Chauffeur Drive; Internet Access,Included,Included,Included,Included,Included,Included,Included,Paid,Paid,Unknown,Unknown,Unknown,Unknown,Unknown,Unknown,Unknown,Yes,,175.0,2026-07-28T07:01:31+00:00,success,0
EK,ISB,LHR,ISB,PK,LON,GB,2027-02-13,2027-02-16,Winter,Business,2,Bus-3,BSFLXPLUS,Business Comfort,"+1,136.03 USD",3584.2,USD,Ubfly,BSFLXPLUS-BSFLXPLUS,Premium check-in; Soft drink; In-flight entertainment; Chauffeur Drive; Internet Access; Uninterrupted return (up to the last 12 hours); Change with Penalty,Included,Included,Included,Included,Included,Included,Included,Included,Included,Unknown,Unknown,Unknown,Unknown,Unknown,Unknown,Unknown,Yes,,190.0,2026-07-28T07:01:31+00:00,success,0
BA,ISB,LGW,ISB,PK,LON,GB,2027-04-13,2027-04-16,Summer,Economy,0,Eco-1,BASIC,Economy Basic,0.00 USD,721.65,USD,Ubfly,NOBAG,Personal Item: 40 x 30 x 15 cm,Included,Not Included,Unknown,Included,Unknown,Unknown,Unknown,Unknown,Unknown,Unknown,Unknown,Unknown,Unknown,Unknown,Unknown,Unknown,,,,2026-07-28T07:01:31+00:00,partial,0
BA,ISB,LGW,ISB,PK,LON,GB,2027-04-13,2027-04-16,Summer,Economy,1,Eco-2,ECONOMY BASIC,Economy Basic,+52.28 USD,773.93,USD,Ubfly,BAG,Personal Item: 40 x 30 x 15 cm; 1 Piece Luggage (23 Kg); 2ND BAG MAX 23KG 51LB 208LCM(F),Included,Included,Unknown,Included,Unknown,Unknown,Unknown,Unknown,Unknown,Unknown,Unknown,Unknown,Unknown,Unknown,Unknown,Unknown,,,,2026-07-28T07:01:31+00:00,partial,0
BA,ISB,LGW,ISB,PK,LON,GB,2027-04-13,2027-04-16,Summer,Economy,2,Eco-3,PLUS SELECT,Economy Comfort,+221.43 USD,943.08,USD,Ubfly,ECONSEL,Personal Item: 40 x 30 x 15 cm; 1 Piece Luggage (23 Kg); 2ND BAG MAX 23KG 51LB 208LCM(F); Change without penalty before flight,Included,Included,Unknown,Included,Unknown,Unknown,Unknown,Unknown,Included,Unknown,Unknown,Unknown,Unknown,Unknown,Unknown,Unknown,,,,2026-07-28T07:01:31+00:00,partial,0
BA,ISB,LGW,ISB,PK,LON,GB,2027-04-13,2027-04-16,Summer,Economy,3,Eco-4,ECONPRO,Economy — ECONPRO,+305.22 USD,1026.87,USD,Ubfly,ECONPRO,Personal Item: 40 x 30 x 15 cm; 1 Piece Luggage (23 Kg); 2ND BAG MAX 23KG 51LB 208LCM(F); Change without penalty before flight,Included,Included,Included,Included,Unknown,Unknown,Unknown,Included,Included,Unknown,Unknown,Unknown,Unknown,Unknown,Unknown,Unknown,,,,2026-07-28T07:01:31+00:00,partial,0
BA,ISB,LGW,ISB,PK,LON,GB,2027-04-13,2027-04-16,Summer,Economy,4,Eco-5,PLUS FLEX,Economy Comfort,"+1,707.56 USD",2429.21,USD,Ubfly,ECONFLEX,Personal Item: 40 x 30 x 15 cm; 1 Piece Luggage (23 Kg); 2ND BAG MAX 23KG 51LB 208LCM(F); Change without penalty before flight,Included,Included,Included,Included,Unknown,Unknown,Unknown,Included,Included,Unknown,Unknown,Unknown,Unknown,Unknown,Unknown,Unknown,,,,2026-07-28T07:01:31+00:00,partial,0
BA,ISB,LGW,ISB,PK,LON,GB,2027-04-13,2027-04-16,Summer,Premium Economy,0,PEco-1,PREMECON,Premium Economy — PREMECON,+533.61 USD,1255.26,USD,Ubfly,PREMECON,Personal Item: 40 x 30 x 15 cm,Included,Included,Unknown,Included,Unknown,Unknown,Unknown,Unknown,Unknown,Unknown,Unknown,Unknown,Unknown,Unknown,Unknown,Unknown,,,,2026-07-28T07:01:31+00:00,partial,0
BA,ISB,LGW,ISB,PK,LON,GB,2027-04-13,2027-04-16,Summer,Premium Economy,1,PEco-2,PESEL,Premium Economy — PESEL,+789.94 USD,1511.59,USD,Ubfly,PESEL,Personal Item: 40 x 30 x 15 cm; Change without penalty before flight,Included,Included,Unknown,Included,Unknown,Unknown,Unknown,Unknown,Included,Unknown,Unknown,Unknown,Unknown,Unknown,Unknown,Unknown,,,,2026-07-28T07:01:31+00:00,partial,0
BA,ISB,LGW,ISB,PK,LON,GB,2027-04-13,2027-04-16,Summer,Premium Economy,2,PEco-3,PEPRO,Premium Economy — PEPRO,+919.61 USD,1641.26,USD,Ubfly,PEPRO,Personal Item: 40 x 30 x 15 cm; Change without penalty before flight,Included,Included,Included,Included,Unknown,Unknown,Unknown,Included,Included,Unknown,Unknown,Unknown,Unknown,Unknown,Unknown,Unknown,,,,2026-07-28T07:01:31+00:00,partial,0
BA,ISB,LGW,ISB,PK,LON,GB,2027-04-13,2027-04-16,Summer,Premium Economy,3,PEco-4,PEFLEX,Premium Economy Flex,"+1,945.93 USD",2667.58,USD,Ubfly,PEFLEX,Personal Item: 40 x 30 x 15 cm; Change without penalty before flight,Included,Included,Included,Included,Unknown,Unknown,Unknown,Included,Included,Unknown,Unknown,Unknown,Unknown,Unknown,Unknown,Unknown,,,,2026-07-28T07:01:31+00:00,partial,0
BA,ISB,LGW,ISB,PK,LON,GB,2027-04-13,2027-04-16,Summer,Business,0,Bus-1,BUSINESS,Business — BUSINESS,0.00 USD,1922.55,USD,Ubfly,BUSINESS,Personal Item: 40 x 30 x 15 cm; Dedicated check-in area,Included,Included,Unknown,Included,Included,Unknown,Included,Unknown,Unknown,Unknown,Unknown,Unknown,Unknown,Unknown,Unknown,Unknown,,,,2026-07-28T07:01:31+00:00,partial,0
BA,ISB,LGW,ISB,PK,LON,GB,2027-04-13,2027-04-16,Summer,Business,1,Bus-2,BUSINESS PLUS SELECT,Business Comfort,+512.65 USD,2435.2,USD,Ubfly,BIZSEL,Personal Item: 40 x 30 x 15 cm; Dedicated check-in area; Change without penalty before flight,Included,Included,Included,Included,Included,Unknown,Included,Unknown,Included,Unknown,Unknown,Unknown,Unknown,Unknown,Unknown,Unknown,,,,2026-07-28T07:01:31+00:00,partial,0
BA,ISB,LGW,ISB,PK,LON,GB,2027-04-13,2027-04-16,Summer,Business,2,Bus-3,BIZPRO,Business — BIZPRO,+764.99 USD,2687.54,USD,Ubfly,BIZPRO,Personal Item: 40 x 30 x 15 cm; Dedicated check-in area; Change without penalty before flight,Included,Included,Included,Included,Included,Unknown,Included,Included,Included,Unknown,Unknown,Unknown,Unknown,Unknown,Unknown,Unknown,,,,2026-07-28T07:01:31+00:00,partial,0
BA,ISB,LGW,ISB,PK,LON,GB,2027-04-13,2027-04-16,Summer,Business,3,Bus-4,BUSINESS FLEX,Business Flex,"+1,469.15 USD",3391.7,USD,Ubfly,BIZFLEX,Personal Item: 40 x 30 x 15 cm; Dedicated check-in area; Change without penalty before flight,Included,Included,Included,Included,Included,Unknown,Included,Included,Included,Unknown,Unknown,Unknown,Unknown,Unknown,Unknown,Unknown,,,,2026-07-28T07:01:31+00:00,partial,0
BA,ISB,LGW,ISB,PK,LON,GB,2026-11-04,2026-11-07,Winter,Economy,0,Eco-1,BASIC,Economy Basic,0.00 USD,575.05,USD,Ubfly,NOBAG,Personal Item: 40 x 30 x 15 cm,Included,Not Included,Unknown,Included,Unknown,Unknown,Unknown,Unknown,Unknown,Unknown,Unknown,Unknown,Unknown,Unknown,Unknown,Unknown,,,,2026-07-28T07:01:31+00:00,partial,0
BA,ISB,LGW,ISB,PK,LON,GB,2026-11-04,2026-11-07,Winter,Economy,1,Eco-2,ECONOMY BASIC,Economy Basic,+52.28 USD,627.33,USD,Ubfly,BAG,Personal Item: 40 x 30 x 15 cm; 1 Piece Luggage (23 Kg); 2ND BAG MAX 23KG 51LB 208LCM(F),Included,Included,Unknown,Included,Unknown,Unknown,Unknown,Unknown,Unknown,Unknown,Unknown,Unknown,Unknown,Unknown,Unknown,Unknown,,,,2026-07-28T07:01:31+00:00,partial,0
BA,ISB,LGW,ISB,PK,LON,GB,2026-11-04,2026-11-07,Winter,Economy,2,Eco-3,PLUS SELECT,Economy Comfort,+221.41 USD,796.46,USD,Ubfly,ECONSEL,Personal Item: 40 x 30 x 15 cm; 1 Piece Luggage (23 Kg); 2ND BAG MAX 23KG 51LB 208LCM(F); Change without penalty before flight,Included,Included,Unknown,Included,Unknown,Unknown,Unknown,Unknown,Included,Unknown,Unknown,Unknown,Unknown,Unknown,Unknown,Unknown,,,,2026-07-28T07:01:31+00:00,partial,0
BA,ISB,LGW,ISB,PK,LON,GB,2026-11-04,2026-11-07,Winter,Economy,3,Eco-4,ECONPRO,Economy — ECONPRO,+305.19 USD,880.24,USD,Ubfly,ECONPRO,Personal Item: 40 x 30 x 15 cm; 1 Piece Luggage (23 Kg); 2ND BAG MAX 23KG 51LB 208LCM(F); Change without penalty before flight,Included,Included,Included,Included,Unknown,Unknown,Unknown,Included,Included,Unknown,Unknown,Unknown,Unknown,Unknown,Unknown,Unknown,,,,2026-07-28T07:01:31+00:00,partial,0
BA,ISB,LGW,ISB,PK,LON,GB,2026-11-04,2026-11-07,Winter,Economy,4,Eco-5,PLUS FLEX,Economy Comfort,"+1,854.16 USD",2429.21,USD,Ubfly,ECONFLEX,Personal Item: 40 x 30 x 15 cm; 1 Piece Luggage (23 Kg); 2ND BAG MAX 23KG 51LB 208LCM(F); Change without penalty before flight,Included,Included,Included,Included,Unknown,Unknown,Unknown,Included,Included,Unknown,Unknown,Unknown,Unknown,Unknown,Unknown,Unknown,,,,2026-07-28T07:01:31+00:00,partial,0
BA,ISB,LGW,ISB,PK,LON,GB,2026-11-04,2026-11-07,Winter,Premium Economy,0,PEco-1,PREMECON,Premium Economy — PREMECON,+276.27 USD,851.32,USD,Ubfly,PREMECON,Personal Item: 40 x 30 x 15 cm,Included,Included,Unknown,Included,Unknown,Unknown,Unknown,Unknown,Unknown,Unknown,Unknown,Unknown,Unknown,Unknown,Unknown,Unknown,,,,2026-07-28T07:01:31+00:00,partial,0
BA,ISB,LGW,ISB,PK,LON,GB,2026-11-04,2026-11-07,Winter,Premium Economy,1,PEco-2,PESEL,Premium Economy — PESEL,+532.60 USD,1107.65,USD,Ubfly,PESEL,Personal Item: 40 x 30 x 15 cm; Change without penalty before flight,Included,Included,Unknown,Included,Unknown,Unknown,Unknown,Unknown,Included,Unknown,Unknown,Unknown,Unknown,Unknown,Unknown,Unknown,,,,2026-07-28T07:01:31+00:00,partial,0
BA,ISB,LGW,ISB,PK,LON,GB,2026-11-04,2026-11-07,Winter,Premium Economy,2,PEco-3,PEPRO,Premium Economy — PEPRO,+662.27 USD,1237.32,USD,Ubfly,PEPRO,Personal Item: 40 x 30 x 15 cm; Change without penalty before flight,Included,Included,Included,Included,Unknown,Unknown,Unknown,Included,Included,Unknown,Unknown,Unknown,Unknown,Unknown,Unknown,Unknown,,,,2026-07-28T07:01:31+00:00,partial,0
BA,ISB,LGW,ISB,PK,LON,GB,2026-11-04,2026-11-07,Winter,Premium Economy,3,PEco-4,PEFLEX,Premium Economy Flex,"+2,092.54 USD",2667.59,USD,Ubfly,PEFLEX,Personal Item: 40 x 30 x 15 cm; Change without penalty before flight,Included,Included,Included,Included,Unknown,Unknown,Unknown,Included,Included,Unknown,Unknown,Unknown,Unknown,Unknown,Unknown,Unknown,,,,2026-07-28T07:01:31+00:00,partial,0
BA,ISB,LGW,ISB,PK,LON,GB,2026-11-04,2026-11-07,Winter,Business,0,Bus-1,BUSINESS,Business — BUSINESS,0.00 USD,2552.89,USD,Ubfly,BUSINESS,Personal Item: 40 x 30 x 15 cm; Dedicated check-in area,Included,Included,Unknown,Included,Included,Unknown,Included,Not Included,Paid,Unknown,Unknown,Unknown,Unknown,Unknown,Unknown,Unknown,,,,2026-07-28T07:01:31+00:00,partial,0
BA,ISB,LGW,ISB,PK,LON,GB,2026-11-04,2026-11-07,Winter,Business,1,Bus-2,BUSINESS PLUS SELECT,Business Comfort,+512.68 USD,3065.57,USD,Ubfly,BIZSEL,Personal Item: 40 x 30 x 15 cm; Dedicated check-in area; Change without penalty before flight,Included,Included,Included,Included,Included,Unknown,Included,Unknown,Included,Unknown,Unknown,Unknown,Unknown,Unknown,Unknown,Unknown,,,,2026-07-28T07:01:31+00:00,partial,0
BA,ISB,LGW,ISB,PK,LON,GB,2026-11-04,2026-11-07,Winter,Business,2,Bus-3,BIZPRO,Business — BIZPRO,+765.01 USD,3317.9,USD,Ubfly,BIZPRO,Personal Item: 40 x 30 x 15 cm; Dedicated check-in area; Change without penalty before flight,Included,Included,Included,Included,Included,Unknown,Included,Included,Included,Unknown,Unknown,Unknown,Unknown,Unknown,Unknown,Unknown,,,,2026-07-28T07:01:31+00:00,partial,0
BA,ISB,LGW,ISB,PK,LON,GB,2026-11-04,2026-11-07,Winter,Business,3,Bus-4,BUSINESS FLEX,Business Flex,+838.81 USD,3391.7,USD,Ubfly,BIZFLEX,Personal Item: 40 x 30 x 15 cm; Dedicated check-in area; Change without penalty before flight,Included,Included,Included,Included,Included,Unknown,Included,Included,Included,Unknown,Unknown,Unknown,Unknown,Unknown,Unknown,Unknown,,,,2026-07-28T07:01:31+00:00,partial,0
EK,ISB,LGW,ISB,PK,LON,GB,2027-04-13,2027-04-16,Summer,Economy,0,Eco-1,ECOFLEX,Economy Flex,0.00 USD,690.14,USD,Ubfly,ECOFLEX-ECOFLEX,Soft drink; In-flight entertainment,Included,Included,Unknown,Included,Unknown,Unknown,Unknown,Paid,Paid,Unknown,Unknown,Unknown,Unknown,Unknown,Unknown,Unknown,Yes,,70.0,2026-07-28T07:01:31+00:00,success,0
EK,ISB,LGW,ISB,PK,LON,GB,2027-04-13,2027-04-16,Summer,Economy,1,Eco-2,ECOFLXPLUS,Economy Comfort,+423.89 USD,1114.03,USD,Ubfly,ECOFLXPLUS-ECOFLXPLUS,Soft drink; In-flight entertainment; Uninterrupted return (up to the last 12 hours); Change with Penalty,Included,Included,Unknown,Included,Unknown,Unknown,Unknown,Included,Included,Unknown,Unknown,Unknown,Unknown,Unknown,Unknown,Unknown,Yes,,100.0,2026-07-28T07:01:31+00:00,success,0
EK,ISB,LGW,ISB,PK,LON,GB,2027-04-13,2027-04-16,Summer,Business,0,Bus-1,BSSAVER,Business Basic,0.00 USD,2445.27,USD,Ubfly,BSSAVER-BSSAVER,Premium check-in; Soft drink; In-flight entertainment; Chauffeur Drive; Internet Access,Included,Included,Included,Included,Included,Included,Included,Not Included,Paid,Unknown,Unknown,Unknown,Unknown,Unknown,Unknown,Unknown,Yes,,,2026-07-28T07:01:31+00:00,success,0
EK,ISB,LGW,ISB,PK,LON,GB,2027-04-13,2027-04-16,Summer,Business,1,Bus-2,BSFLEX,Business Flex,+469.76 USD,2915.03,USD,Ubfly,BSFLEX-BSFLEX,Premium check-in; Soft drink; In-flight entertainment; Chauffeur Drive; Internet Access,Included,Included,Included,Included,Included,Included,Included,Paid,Paid,Unknown,Unknown,Unknown,Unknown,Unknown,Unknown,Unknown,Yes,,175.0,2026-07-28T07:01:31+00:00,success,0
EK,ISB,LGW,ISB,PK,LON,GB,2027-04-13,2027-04-16,Summer,Business,2,Bus-3,BSFLXPLUS,Business Comfort,"+1,136.03 USD",3581.3,USD,Ubfly,BSFLXPLUS-BSFLXPLUS,Premium check-in; Soft drink; In-flight entertainment; Chauffeur Drive; Internet Access; Uninterrupted return (up to the last 12 hours); Change with Penalty,Included,Included,Included,Included,Included,Included,Included,Included,Included,Unknown,Unknown,Unknown,Unknown,Unknown,Unknown,Unknown,Yes,,190.0,2026-07-28T07:01:31+00:00,success,0
EK,ISB,LGW,ISB,PK,LON,GB,2026-11-04,2026-11-07,Winter,Economy,0,Eco-1,Economy Saver,Economy Basic,0.00 USD,551.76,USD,Ubfly,YP-c6c163d855494ed88519155492d54d8a,• Hot and cold refreshments; • ICE entertainment; • Mileage upgrade eligibility at time of check-in; Economy Cabin,Included,Included,Paid,Included,Unknown,Unknown,Unknown,Included,Not Included,Unknown,Unknown,Unknown,Included,Unknown,Unknown,Unknown,Yes,1125.0,,2026-07-28T07:01:31+00:00,success,0
EK,ISB,LGW,ISB,PK,LON,GB,2026-11-04,2026-11-07,Winter,Economy,1,Eco-2,Economy Flex,Economy Flex,+135.63 USD,687.39,USD,Ubfly,YS-6fd370dccb3143598536dac1eae80541,• Hot and cold refreshments; • ICE entertainment; • Mileage upgrade eligibility; Economy Cabin,Included,Included,Included,Included,Unknown,Unknown,Unknown,Included,Not Included,Unknown,Unknown,Unknown,Included,Unknown,Unknown,Unknown,Yes,2813.0,,2026-07-28T07:01:31+00:00,success,0
EK,ISB,LGW,ISB,PK,LON,GB,2026-11-04,2026-11-07,Winter,Economy,2,Eco-3,Economy Flex Plus,Economy Comfort,+559.54 USD,1111.3,USD,Ubfly,YF-06caed508b504d07b4d5d2ca5eb7512e,• Hot and cold refreshments; • ICE entertainment; • Mileage upgrade eligibility; Economy Cabin,Included,Included,Included,Included,Unknown,Unknown,Unknown,Not Included,Not Included,Unknown,Unknown,Unknown,Included,Unknown,Unknown,Unknown,Yes,3750.0,,2026-07-28T07:01:31+00:00,success,0
EK,ISB,LGW,ISB,PK,LON,GB,2026-11-04,2026-11-07,Winter,Premium Economy,0,PEco-1,Premium Economy FlexPlus,Premium Economy Comfort,+572.50 USD,1124.26,USD,Ubfly,WF-c8776b12ae4a4a63a6a192c7b393d9a3,• Hot and cold refreshments; • ICE entertainment; • Mileage upgrade eligibility; • Exclusive Premium Economy Class dining; Premium Economy Cabin,Included,Included,Included,Unknown,Unknown,Unknown,Unknown,Not Included,Not Included,Unknown,Unknown,Unknown,Included,Unknown,Unknown,Unknown,Yes,4125.0,,2026-07-28T07:01:31+00:00,success,0
EK,ISB,LGW,ISB,PK,LON,GB,2026-11-04,2026-11-07,Winter,Business,0,Bus-1,BSSAVER,Business Basic,0.00 USD,2445.27,USD,Ubfly,BSSAVER-BSSAVER,Premium check-in; Soft drink; In-flight entertainment; Chauffeur Drive; Internet Access,Included,Included,Included,Included,Included,Included,Included,Not Included,Paid,Unknown,Unknown,Unknown,Unknown,Unknown,Unknown,Unknown,Yes,,,2026-07-28T07:01:31+00:00,success,0
EK,ISB,LGW,ISB,PK,LON,GB,2026-11-04,2026-11-07,Winter,Business,1,Bus-2,BSFLEX,Business Flex,+469.76 USD,2915.03,USD,Ubfly,BSFLEX-BSFLEX,Premium check-in; Soft drink; In-flight entertainment; Chauffeur Drive; Internet Access,Included,Included,Included,Included,Included,Included,Included,Paid,Paid,Unknown,Unknown,Unknown,Unknown,Unknown,Unknown,Unknown,Yes,,175.0,2026-07-28T07:01:31+00:00,success,0
EK,ISB,LGW,ISB,PK,LON,GB,2026-11-04,2026-11-07,Winter,Business,2,Bus-3,BSFLXPLUS,Business Comfort,"+1,136.03 USD",3581.3,USD,Ubfly,BSFLXPLUS-BSFLXPLUS,Premium check-in; Soft drink; In-flight entertainment; Chauffeur Drive; Internet Access; Uninterrupted return (up to the last 12 hours); Change with Penalty,Included,Included,Included,Included,Included,Included,Included,Included,Included,Unknown,Unknown,Unknown,Unknown,Unknown,Unknown,Unknown,Yes,,190.0,2026-07-28T07:01:31+00:00,success,0
TK,ISB,LGW,ISB,PK,LON,GB,2027-04-13,2027-04-16,Summer,Business,0,Bus-1,BUSINESS FLY,Business — BUSINESS FLY,0.00 USD,2698.4,USD,Ubfly,BF-fbd420ab0f3f40ab9d2a935d0d0a2da9,Priority Check-In,Included,Included,Included,Unknown,Included,Included,Included,Paid,Paid,Unknown,Unknown,Unknown,Included,Unknown,Unknown,Unknown,,,,2026-07-28T07:01:31+00:00,success,0
TK,ISB,LGW,ISB,PK,LON,GB,2027-04-13,2027-04-16,Summer,Business,1,Bus-2,BUSINESS PRIME,Business Premium,+324.15 USD,3022.55,USD,Ubfly,BL-1b0b4e31308d4bbb88adb0502a24ffa2,Priority Check-In,Included,Included,Included,Unknown,Included,Included,Included,Included,Included,Unknown,Unknown,Paid,Included,Unknown,Unknown,Unknown,Yes,,30.0,2026-07-28T07:01:31+00:00,success,0
TK,ISB,LGW,ISB,PK,LON,GB,2027-04-13,2027-04-16,Summer,Economy,0,Eco-1,Eco Fly,Economy Basic,0 USD,641.23,USD,Enuygun,bff_0,,Included,Included,Unknown,Included,Unknown,Unknown,Unknown,Unknown,Paid,Unknown,Unknown,Unknown,Unknown,Unknown,Unknown,Unknown,,,,2026-07-28T07:01:31+00:00,success,0
TK,ISB,LGW,ISB,PK,LON,GB,2027-04-13,2027-04-16,Summer,Economy,1,Eco-2,Extra Fly,Economy — Extra Fly,+48.11 USD,689.34,USD,Enuygun,bff_1,,Included,Included,Unknown,Included,Unknown,Unknown,Unknown,Paid,Paid,Unknown,Unknown,Unknown,Unknown,Unknown,Unknown,Unknown,,,,2026-07-28T07:01:31+00:00,success,0
TK,ISB,LGW,ISB,PK,LON,GB,2027-04-13,2027-04-16,Summer,Economy,2,Eco-3,Flex Fly,Economy Flex,+119.41 USD,760.64,USD,Enuygun,bff_2,,Included,Included,Unknown,Included,Unknown,Unknown,Unknown,Paid,Included,Unknown,Unknown,Unknown,Unknown,Unknown,Unknown,Unknown,,,,2026-07-28T07:01:31+00:00,success,0
TK,ISB,LGW,ISB,PK,LON,GB,2027-04-13,2027-04-16,Summer,Economy,3,Eco-4,Prime Fly,Economy Premium,+238.82 USD,880.05,USD,Enuygun,bff_3,,Included,Included,Unknown,Included,Unknown,Unknown,Unknown,Included,Included,Unknown,Unknown,Unknown,Unknown,Unknown,Unknown,Unknown,,,,2026-07-28T07:01:31+00:00,success,0
TK,ISB,LGW,ISB,PK,LON,GB,2026-11-04,2026-11-07,Winter,Economy,0,Eco-1,ECOFLY,Economy Basic,0.00 USD,618.16,USD,Ubfly,CL-af52952052274098a7a97fcf0ccd1428,Online Message Verification,Included,Included,Unknown,Included,Unknown,Unknown,Unknown,Not Included,Paid,Unknown,Unknown,Unknown,Unknown,Unknown,Unknown,Unknown,,,,2026-07-28T07:01:31+00:00,success,0
TK,ISB,LGW,ISB,PK,LON,GB,2026-11-04,2026-11-07,Winter,Economy,1,Eco-2,EXTRAFLY,Economy Standard,+40.49 USD,658.65,USD,Ubfly,LG-a537ed520fea4d70a0f1e94a24fd8877,Online Message Verification,Included,Included,Unknown,Included,Unknown,Unknown,Unknown,Paid,Paid,Unknown,Unknown,Unknown,Unknown,Unknown,Unknown,Unknown,,,,2026-07-28T07:01:31+00:00,success,0
TK,ISB,LGW,ISB,PK,LON,GB,2026-11-04,2026-11-07,Winter,Economy,2,Eco-3,FLEXFLY,Economy Flex,+108.37 USD,726.53,USD,Ubfly,GN-c3a52f02b3ef473d8dbf80d0db9b67a4,Online Message Verification,Included,Included,Included,Included,Unknown,Unknown,Unknown,Paid,Included,Unknown,Unknown,Unknown,Unknown,Unknown,Unknown,Unknown,Yes,,15.0,2026-07-28T07:01:31+00:00,success,0
TK,ISB,LGW,ISB,PK,LON,GB,2026-11-04,2026-11-07,Winter,Economy,3,Eco-4,Flexible,Economy Flex,+214.64 USD,832.8,USD,Ubfly,FL-67ae2b64706f4a2faf2d5ce95a6f4454,Online Message Verification,Included,Included,Included,Included,Unknown,Unknown,Included,Included,Included,Unknown,Unknown,Paid,Unknown,Unknown,Unknown,Unknown,Yes,,30.0,2026-07-28T07:01:31+00:00,success,0
TK,ISB,LGW,ISB,PK,LON,GB,2026-11-04,2026-11-07,Winter,Business,0,Bus-1,BUSINESS FLY,Business — BUSINESS FLY,0.00 USD,2698.4,USD,Ubfly,BF-7f02662807bb4d0e8dff7fff5163e84d,Priority Check-In,Included,Included,Included,Unknown,Included,Included,Included,Paid,Paid,Unknown,Unknown,Unknown,Included,Unknown,Unknown,Unknown,,,,2026-07-28T07:01:31+00:00,success,0
TK,ISB,LGW,ISB,PK,LON,GB,2026-11-04,2026-11-07,Winter,Business,1,Bus-2,BUSINESS PRIME,Business Premium,+324.15 USD,3022.55,USD,Ubfly,BL-9ea0c73dbd9f4af3a562741de64e63f0,Priority Check-In,Included,Included,Included,Unknown,Included,Included,Included,Included,Included,Unknown,Unknown,Paid,Included,Unknown,Unknown,Unknown,Yes,,30.0,2026-07-28T07:01:31+00:00,success,0
GF,ISB,LGW,ISB,PK,LON,GB,2027-04-13,2027-04-16,Summer,Economy,0,Eco-1,ECOLITE,Economy Lite,0.00 USD,502.5,USD,Ubfly,ECOLITE-ECOLITE,,Included,Included,Unknown,Included,Unknown,Unknown,Unknown,Paid,Paid,Unknown,Unknown,Unknown,Unknown,Unknown,Unknown,Unknown,Yes,,,2026-07-28T07:01:31+00:00,success,0
GF,ISB,LGW,ISB,PK,LON,GB,2027-04-13,2027-04-16,Summer,Economy,1,Eco-2,ECOSMART,Economy Standard,+37.19 USD,539.69,USD,Ubfly,ECOSMART-ECOSMART,,Included,Included,Included,Included,Unknown,Unknown,Unknown,Paid,Paid,Unknown,Unknown,Unknown,Unknown,Unknown,Unknown,Unknown,Yes,,75.0,2026-07-28T07:01:31+00:00,success,0
GF,ISB,LGW,ISB,PK,LON,GB,2027-04-13,2027-04-16,Summer,Economy,2,Eco-3,ECOFLEX,Economy Flex,+98.03 USD,600.53,USD,Ubfly,ECOFLEX-ECOFLEX,,Included,Included,Included,Included,Unknown,Unknown,Unknown,Included,Unknown,Unknown,Unknown,Unknown,Unknown,Unknown,Unknown,Unknown,Yes,,,2026-07-28T07:01:31+00:00,success,0
GF,ISB,LGW,ISB,PK,LON,GB,2027-04-13,2027-04-16,Summer,Business,0,Bus-1,BIZSMART,Business Standard,0.00 USD,2738.69,USD,Ubfly,BIZSMART-BIZSMART,Privileged check-in,Included,Included,Included,Included,Included,Unknown,Unknown,Paid,Paid,Unknown,Unknown,Unknown,Unknown,Unknown,Unknown,Unknown,Yes,,,2026-07-28T07:01:31+00:00,success,0
GF,ISB,LGW,ISB,PK,LON,GB,2027-04-13,2027-04-16,Summer,Business,1,Bus-2,BUSINESS FLEX,Business Flex,+143.63 USD,2882.32,USD,Ubfly,BIZFLEX-BIZFLEX,Change with Penalty; Uninterrupted return (up to the last 12 hours); Privileged check-in,Included,Included,Included,Included,Included,Unknown,Unknown,Included,Unknown,Unknown,Unknown,Unknown,Unknown,Unknown,Unknown,Unknown,Yes,,,2026-07-28T07:01:31+00:00,success,0
GF,ISB,LGW,ISB,PK,LON,GB,2026-11-05,2026-11-08,Winter,Economy,0,Eco-1,ECOFLY,Economy Basic,0.00 USD,1012.1,USD,Ubfly,CL-5fe327fc88164a9b8a9b675831b28f0a,Online Message Verification,Included,Included,Unknown,Included,Unknown,Unknown,Unknown,Not Included,Unknown,Unknown,Unknown,Unknown,Unknown,Unknown,Unknown,Unknown,,,,2026-07-28T07:01:31+00:00,success,0
GF,ISB,LGW,ISB,PK,LON,GB,2026-11-05,2026-11-08,Winter,Economy,1,Eco-2,EXTRAFLY,Economy Standard,+40.49 USD,1052.59,USD,Ubfly,LG-3ec34402909b483b848e9d6a291bf010,Online Message Verification,Included,Included,Unknown,Included,Unknown,Unknown,Unknown,Unknown,Unknown,Unknown,Unknown,Unknown,Unknown,Unknown,Unknown,Unknown,,,,2026-07-28T07:01:31+00:00,success,0
GF,ISB,LGW,ISB,PK,LON,GB,2026-11-05,2026-11-08,Winter,Economy,2,Eco-3,FLEXFLY,Economy Flex,+108.37 USD,1120.47,USD,Ubfly,GN-be570d78c3c441419bcd8a12d8e9fdfd,Online Message Verification,Included,Included,Included,Included,Unknown,Unknown,Unknown,Unknown,Unknown,Unknown,Unknown,Unknown,Unknown,Unknown,Unknown,Unknown,Yes,,15.0,2026-07-28T07:01:31+00:00,success,0
GF,ISB,LGW,ISB,PK,LON,GB,2026-11-05,2026-11-08,Winter,Economy,3,Eco-4,Flexible,Economy Flex,+214.64 USD,1226.74,USD,Ubfly,FL-96e1bf9698734e4e8e7216583ae526f3,Online Message Verification,Included,Included,Included,Included,Unknown,Unknown,Included,Unknown,Unknown,Unknown,Unknown,Paid,Unknown,Unknown,Unknown,Unknown,Yes,,30.0,2026-07-28T07:01:31+00:00,success,0
GF,ISB,LGW,ISB,PK,LON,GB,2026-11-05,2026-11-08,Winter,Business,0,Bus-1,BIZSMART,Business Standard,0.00 USD,2738.69,USD,Ubfly,BIZSMART-BIZSMART,Privileged check-in,Included,Included,Included,Included,Included,Unknown,Unknown,Paid,Paid,Unknown,Unknown,Unknown,Unknown,Unknown,Unknown,Unknown,Yes,,,2026-07-28T07:01:31+00:00,success,0
GF,ISB,LGW,ISB,PK,LON,GB,2026-11-05,2026-11-08,Winter,Business,1,Bus-2,BUSINESS FLEX,Business Flex,+143.63 USD,2882.32,USD,Ubfly,BIZFLEX-BIZFLEX,Change with Penalty; Uninterrupted return (up to the last 12 hours); Privileged check-in,Included,Included,Included,Included,Included,Unknown,Unknown,Included,Unknown,Unknown,Unknown,Unknown,Unknown,Unknown,Unknown,Unknown,Yes,,,2026-07-28T07:01:31+00:00,success,0
QR,LHR,ISB,LON,GB,ISB,PK,2027-04-10,2027-04-13,Summer,Economy,0,Eco-1,ECONOMY BASIC,Economy Basic,0.00 USD,1000.25,USD,Ubfly,BAG-BAG,Personal Item: 40 x 30 x 15 cm; 1 Piece Luggage (23 Kg); 2ND BAG MAX 23KG 51LB 208LCM(F),Included,Included,Unknown,Included,Unknown,Unknown,Unknown,Unknown,Unknown,Unknown,Unknown,Unknown,Unknown,Unknown,Unknown,Unknown,,,,2026-07-28T07:01:31+00:00,partial,0
QR,LHR,ISB,LON,GB,ISB,PK,2027-04-10,2027-04-13,Summer,Economy,1,Eco-2,PLUS SELECT,Economy Comfort,+184.25 USD,1184.5,USD,Ubfly,ECONSEL-ECONSEL,Personal Item: 40 x 30 x 15 cm; 1 Piece Luggage (23 Kg); 2ND BAG MAX 23KG 51LB 208LCM(F); Change without penalty before flight,Included,Included,Unknown,Included,Unknown,Unknown,Unknown,Unknown,Included,Unknown,Unknown,Unknown,Unknown,Unknown,Unknown,Unknown,,,,2026-07-28T07:01:31+00:00,partial,0
QR,LHR,ISB,LON,GB,ISB,PK,2027-04-10,2027-04-13,Summer,Economy,2,Eco-3,ECONPRO,Economy — ECONPRO,+314.68 USD,1314.93,USD,Ubfly,ECONPRO-ECONPRO,Personal Item: 40 x 30 x 15 cm; 1 Piece Luggage (23 Kg); 2ND BAG MAX 23KG 51LB 208LCM(F); Change without penalty before flight,Included,Included,Included,Included,Unknown,Unknown,Unknown,Included,Included,Unknown,Unknown,Unknown,Unknown,Unknown,Unknown,Unknown,,,,2026-07-28T07:01:31+00:00,partial,0
QR,LHR,ISB,LON,GB,ISB,PK,2027-04-10,2027-04-13,Summer,Economy,3,Eco-4,PLUS FLEX,Economy Comfort,"+1,452.65 USD",2452.9,USD,Ubfly,ECONFLEX-ECONFLEX,Personal Item: 40 x 30 x 15 cm; 1 Piece Luggage (23 Kg); 2ND BAG MAX 23KG 51LB 208LCM(F); Change without penalty before flight,Included,Included,Included,Included,Unknown,Unknown,Unknown,Included,Included,Unknown,Unknown,Unknown,Unknown,Unknown,Unknown,Unknown,,,,2026-07-28T07:01:31+00:00,partial,0
QR,LHR,ISB,LON,GB,ISB,PK,2027-04-10,2027-04-13,Summer,Business,0,Bus-1,BIZPROMO,Business Basic,0.00 USD,4460.52,USD,Ubfly,BIZPROMO-BIZPROMO,Personal Item: 40 x 30 x 15 cm; Dedicated check-in area,Included,Included,Unknown,Included,Included,Unknown,Included,Unknown,Unknown,Unknown,Unknown,Unknown,Unknown,Unknown,Unknown,Unknown,,,,2026-07-28T07:01:31+00:00,partial,0
QR,LHR,ISB,LON,GB,ISB,PK,2027-04-10,2027-04-13,Summer,Business,1,Bus-2,BUSINESS PLUS SELECT,Business Comfort,+605.58 USD,5066.1,USD,Ubfly,BIZSEL-BIZSEL,Personal Item: 40 x 30 x 15 cm; Dedicated check-in area,Included,Included,Included,Included,Included,Unknown,Included,Unknown,Unknown,Unknown,Unknown,Unknown,Unknown,Unknown,Unknown,Unknown,,,,2026-07-28T07:01:31+00:00,partial,0
QR,LHR,ISB,LON,GB,ISB,PK,2027-04-10,2027-04-13,Summer,Business,2,Bus-3,BIZPRO,Business — BIZPRO,"+1,082.07 USD",5542.59,USD,Ubfly,BIZPRO-BIZPRO,Personal Item: 40 x 30 x 15 cm; Dedicated check-in area; Change without penalty before flight,Included,Included,Included,Included,Included,Unknown,Included,Included,Included,Unknown,Unknown,Unknown,Unknown,Unknown,Unknown,Unknown,,,,2026-07-28T07:01:31+00:00,partial,0
QR,LHR,ISB,LON,GB,ISB,PK,2027-04-10,2027-04-13,Summer,Business,3,Bus-4,BUSINESS FLEX,Business Flex,"+2,085.62 USD",6546.14,USD,Ubfly,BIZFLEX-BIZFLEX,Personal Item: 40 x 30 x 15 cm; Dedicated check-in area; Change without penalty before flight,Included,Included,Included,Included,Included,Unknown,Included,Included,Included,Unknown,Unknown,Unknown,Unknown,Unknown,Unknown,Unknown,,,,2026-07-28T07:01:31+00:00,partial,0
QR,LHR,ISB,LON,GB,ISB,PK,2027-01-01,2027-01-04,Winter,Economy,0,Eco-1,ECONOMY BASIC,Economy Basic,0.00 USD,993.22,USD,Ubfly,BAG-BAG,Personal Item: 40 x 30 x 15 cm; 1 Piece Luggage (23 Kg); 2ND BAG MAX 23KG 51LB 208LCM(F),Included,Included,Unknown,Included,Unknown,Unknown,Unknown,Unknown,Unknown,Unknown,Unknown,Unknown,Unknown,Unknown,Unknown,Unknown,,,,2026-07-28T07:01:31+00:00,partial,0
QR,LHR,ISB,LON,GB,ISB,PK,2027-01-01,2027-01-04,Winter,Economy,1,Eco-2,PLUS SELECT,Economy Comfort,+184.25 USD,1177.47,USD,Ubfly,ECONSEL-ECONSEL,Personal Item: 40 x 30 x 15 cm; 1 Piece Luggage (23 Kg); 2ND BAG MAX 23KG 51LB 208LCM(F); Change without penalty before flight,Included,Included,Unknown,Included,Unknown,Unknown,Unknown,Unknown,Included,Unknown,Unknown,Unknown,Unknown,Unknown,Unknown,Unknown,,,,2026-07-28T07:01:31+00:00,partial,0
QR,LHR,ISB,LON,GB,ISB,PK,2027-01-01,2027-01-04,Winter,Economy,2,Eco-3,ECONPRO,Economy — ECONPRO,+314.68 USD,1307.9,USD,Ubfly,ECONPRO-ECONPRO,Personal Item: 40 x 30 x 15 cm; 1 Piece Luggage (23 Kg); 2ND BAG MAX 23KG 51LB 208LCM(F); Change without penalty before flight,Included,Included,Included,Included,Unknown,Unknown,Unknown,Included,Included,Unknown,Unknown,Unknown,Unknown,Unknown,Unknown,Unknown,,,,2026-07-28T07:01:31+00:00,partial,0
QR,LHR,ISB,LON,GB,ISB,PK,2027-01-01,2027-01-04,Winter,Economy,3,Eco-4,PLUS FLEX,Economy Comfort,"+1,452.65 USD",2445.87,USD,Ubfly,ECONFLEX-ECONFLEX,Personal Item: 40 x 30 x 15 cm; 1 Piece Luggage (23 Kg); 2ND BAG MAX 23KG 51LB 208LCM(F); Change without penalty before flight,Included,Included,Included,Included,Unknown,Unknown,Unknown,Included,Included,Unknown,Unknown,Unknown,Unknown,Unknown,Unknown,Unknown,,,,2026-07-28T07:01:31+00:00,partial,0
QR,LHR,ISB,LON,GB,ISB,PK,2027-01-01,2027-01-04,Winter,Business,0,Bus-1,BIZPROMO,Business Basic,0.00 USD,4452.37,USD,Ubfly,BIZPROMO-BIZPROMO,Personal Item: 40 x 30 x 15 cm; Dedicated check-in area,Included,Included,Unknown,Included,Included,Unknown,Included,Unknown,Unknown,Unknown,Unknown,Unknown,Unknown,Unknown,Unknown,Unknown,,,,2026-07-28T07:01:31+00:00,partial,0
QR,LHR,ISB,LON,GB,ISB,PK,2027-01-01,2027-01-04,Winter,Business,1,Bus-2,BUSINESS PLUS SELECT,Business Comfort,+605.58 USD,5057.95,USD,Ubfly,BIZSEL-BIZSEL,Personal Item: 40 x 30 x 15 cm; Dedicated check-in area,Included,Included,Included,Included,Included,Unknown,Included,Unknown,Unknown,Unknown,Unknown,Unknown,Unknown,Unknown,Unknown,Unknown,,,,2026-07-28T07:01:31+00:00,partial,0
QR,LHR,ISB,LON,GB,ISB,PK,2027-01-01,2027-01-04,Winter,Business,2,Bus-3,BIZPRO,Business — BIZPRO,"+1,082.07 USD",5534.44,USD,Ubfly,BIZPRO-BIZPRO,Personal Item: 40 x 30 x 15 cm; Dedicated check-in area; Change without penalty before flight,Included,Included,Included,Included,Included,Unknown,Included,Included,Included,Unknown,Unknown,Unknown,Unknown,Unknown,Unknown,Unknown,,,,2026-07-28T07:01:31+00:00,partial,0
QR,LHR,ISB,LON,GB,ISB,PK,2027-01-01,2027-01-04,Winter,Business,3,Bus-4,BUSINESS FLEX,Business Flex,"+2,085.62 USD",6537.99,USD,Ubfly,BIZFLEX-BIZFLEX,Personal Item: 40 x 30 x 15 cm; Dedicated check-in area; Change without penalty before flight,Included,Included,Included,Included,Included,Unknown,Included,Included,Included,Unknown,Unknown,Unknown,Unknown,Unknown,Unknown,Unknown,,,,2026-07-28T07:01:31+00:00,partial,0
SV,LHR,ISB,LON,GB,ISB,PK,2027-04-10,2027-04-13,Summer,Economy,0,Eco-1,Basic Eco,Economy Basic,0 USD,568.05,USD,Enuygun,bff_0,,Included,Included,Unknown,Unknown,Unknown,Unknown,Unknown,Paid,Paid,Unknown,Unknown,Unknown,Unknown,Unknown,Unknown,Unknown,Yes,,35.0,2026-07-28T07:01:31+00:00,success,0
SV,LHR,ISB,LON,GB,ISB,PK,2027-04-10,2027-04-13,Summer,Economy,1,Eco-2,Semi Flex Eco,Economy Basic,+50.92 USD,618.97,USD,Enuygun,bff_1,,Included,Included,Unknown,Unknown,Unknown,Unknown,Unknown,Paid,Paid,Unknown,Unknown,Unknown,Unknown,Unknown,Unknown,Unknown,Yes,,,2026-07-28T07:01:31+00:00,success,0
SV,LHR,ISB,LON,GB,ISB,PK,2027-04-10,2027-04-13,Summer,Economy,2,Eco-3,Flex Eco,Economy Basic,+101.84 USD,669.89,USD,Enuygun,bff_2,,Included,Included,Included,Unknown,Unknown,Unknown,Unknown,Included,Included,Unknown,Unknown,Unknown,Unknown,Unknown,Unknown,Unknown,Yes,,,2026-07-28T07:01:31+00:00,success,0
SV,LHR,ISB,LON,GB,ISB,PK,2027-04-10,2027-04-13,Summer,Business,0,Bus-1,Basic Bus,Business Basic,0 USD,3031.01,USD,Enuygun,bff_0,,Included,Included,Included,Unknown,Unknown,Unknown,Unknown,Paid,Paid,Unknown,Unknown,Unknown,Unknown,Unknown,Unknown,Unknown,Yes,,175.0,2026-07-28T07:01:31+00:00,success,0
SV,LHR,ISB,LON,GB,ISB,PK,2027-04-10,2027-04-13,Summer,Business,1,Bus-2,Semi Flex Bus,Business Flex,+23.96 USD,3054.97,USD,Enuygun,bff_1,,Included,Included,Included,Unknown,Unknown,Unknown,Unknown,Paid,Paid,Unknown,Unknown,Unknown,Unknown,Unknown,Unknown,Unknown,Yes,,225.0,2026-07-28T07:01:31+00:00,success,0
SV,LHR,ISB,LON,GB,ISB,PK,2027-04-10,2027-04-13,Summer,Business,2,Bus-3,Flex Bus,Business Flex,+44.93 USD,3075.94,USD,Enuygun,bff_2,,Included,Included,Included,Unknown,Unknown,Unknown,Unknown,Included,Included,Unknown,Unknown,Unknown,Unknown,Unknown,Unknown,Unknown,Yes,,,2026-07-28T07:01:31+00:00,success,0
SV,LHR,ISB,LON,GB,ISB,PK,2027-01-01,2027-01-04,Winter,Economy,0,Eco-1,Basic Eco,Economy Basic,0 USD,871.82,USD,Enuygun,bff_0,,Included,Included,Unknown,Unknown,Unknown,Unknown,Unknown,Paid,Paid,Unknown,Unknown,Unknown,Unknown,Unknown,Unknown,Unknown,Yes,,35.0,2026-07-28T07:01:31+00:00,success,0
SV,LHR,ISB,LON,GB,ISB,PK,2027-01-01,2027-01-04,Winter,Economy,1,Eco-2,Semi Flex Eco,Economy Basic,+44.93 USD,916.75,USD,Enuygun,bff_1,,Included,Included,Unknown,Unknown,Unknown,Unknown,Unknown,Paid,Paid,Unknown,Unknown,Unknown,Unknown,Unknown,Unknown,Unknown,Yes,,,2026-07-28T07:01:31+00:00,success,0
SV,LHR,ISB,LON,GB,ISB,PK,2027-01-01,2027-01-04,Winter,Economy,2,Eco-3,Flex Eco,Economy Basic,+86.86 USD,958.69,USD,Enuygun,bff_2,,Included,Included,Included,Unknown,Unknown,Unknown,Unknown,Included,Included,Unknown,Unknown,Unknown,Unknown,Unknown,Unknown,Unknown,Yes,,,2026-07-28T07:01:31+00:00,success,0
SV,LHR,ISB,LON,GB,ISB,PK,2027-01-01,2027-01-04,Winter,Business,0,Bus-1,Basic Bus,Business Basic,0 USD,3020.07,USD,Enuygun,bff_0,,Included,Included,Included,Unknown,Unknown,Unknown,Unknown,Paid,Paid,Unknown,Unknown,Unknown,Unknown,Unknown,Unknown,Unknown,Yes,,175.0,2026-07-28T07:01:31+00:00,success,0
SV,LHR,ISB,LON,GB,ISB,PK,2027-01-01,2027-01-04,Winter,Business,1,Bus-2,Semi Flex Bus,Business Flex,+23.96 USD,3044.04,USD,Enuygun,bff_1,,Included,Included,Included,Unknown,Unknown,Unknown,Unknown,Paid,Paid,Unknown,Unknown,Unknown,Unknown,Unknown,Unknown,Unknown,Yes,,225.0,2026-07-28T07:01:31+00:00,success,0
SV,LHR,ISB,LON,GB,ISB,PK,2027-01-01,2027-01-04,Winter,Business,2,Bus-3,Flex Bus,Business Flex,+44.93 USD,3065.0,USD,Enuygun,bff_2,,Included,Included,Included,Unknown,Unknown,Unknown,Unknown,Included,Included,Unknown,Unknown,Unknown,Unknown,Unknown,Unknown,Unknown,Yes,,,2026-07-28T07:01:31+00:00,success,0
GF,LHR,ISB,LON,GB,ISB,PK,2027-04-11,2027-04-14,Summer,Economy,0,Eco-1,ECOLITE,Economy Lite,0.00 USD,468.61,USD,Ubfly,ECOLITE-ECOLITE,,Included,Included,Unknown,Included,Unknown,Unknown,Unknown,Paid,Paid,Unknown,Unknown,Unknown,Unknown,Unknown,Unknown,Unknown,Yes,,,2026-07-28T07:01:31+00:00,success,0
GF,LHR,ISB,LON,GB,ISB,PK,2027-04-11,2027-04-14,Summer,Economy,1,Eco-2,ECOSMART,Economy Standard,+36.87 USD,505.48,USD,Ubfly,ECOSMART-ECOSMART,,Included,Included,Included,Included,Unknown,Unknown,Unknown,Paid,Paid,Unknown,Unknown,Unknown,Unknown,Unknown,Unknown,Unknown,Yes,,75.0,2026-07-28T07:01:31+00:00,success,0
GF,LHR,ISB,LON,GB,ISB,PK,2027-04-11,2027-04-14,Summer,Economy,2,Eco-3,ECOFLEX,Economy Flex,+98.09 USD,566.7,USD,Ubfly,ECOFLEX-ECOFLEX,,Included,Included,Included,Included,Unknown,Unknown,Unknown,Included,Included,Unknown,Unknown,Unknown,Unknown,Unknown,Unknown,Unknown,Yes,,,2026-07-28T07:01:31+00:00,success,0
GF,LHR,ISB,LON,GB,ISB,PK,2027-04-11,2027-04-14,Summer,Business,0,Bus-1,BIZSMART,Business Standard,0.00 USD,2787.98,USD,Ubfly,BIZSMART-BIZSMART,Privileged check-in,Included,Included,Included,Included,Included,Unknown,Unknown,Paid,Paid,Unknown,Unknown,Unknown,Unknown,Unknown,Unknown,Unknown,Yes,,,2026-07-28T07:01:31+00:00,success,0
GF,LHR,ISB,LON,GB,ISB,PK,2027-04-11,2027-04-14,Summer,Business,1,Bus-2,BUSINESS FLEX,Business Flex,+150.40 USD,2938.38,USD,Ubfly,BIZFLEX-BIZFLEX,Change with Penalty; Uninterrupted return (up to the last 12 hours); Privileged check-in,Included,Included,Included,Included,Included,Unknown,Unknown,Included,Unknown,Unknown,Unknown,Unknown,Unknown,Unknown,Unknown,Unknown,Yes,,,2026-07-28T07:01:31+00:00,success,0
GF,LHR,ISB,LON,GB,ISB,PK,2027-01-01,2027-01-04,Winter,Economy,0,Eco-1,ECOLITE,Economy Lite,0.00 USD,701.09,USD,Ubfly,ECOLITE-ECOLITE,,Included,Included,Unknown,Included,Unknown,Unknown,Unknown,Paid,Paid,Unknown,Unknown,Unknown,Unknown,Unknown,Unknown,Unknown,Yes,,,2026-07-28T07:01:31+00:00,success,0
GF,LHR,ISB,LON,GB,ISB,PK,2027-01-01,2027-01-04,Winter,Economy,1,Eco-2,ECOSMART,Economy Standard,+36.87 USD,737.96,USD,Ubfly,ECOSMART-ECOSMART,,Included,Included,Included,Included,Unknown,Unknown,Unknown,Paid,Paid,Unknown,Unknown,Unknown,Unknown,Unknown,Unknown,Unknown,Yes,,75.0,2026-07-28T07:01:31+00:00,success,0
GF,LHR,ISB,LON,GB,ISB,PK,2027-01-01,2027-01-04,Winter,Economy,2,Eco-3,ECOFLEX,Economy Flex,+98.09 USD,799.18,USD,Ubfly,ECOFLEX-ECOFLEX,,Included,Included,Included,Included,Unknown,Unknown,Unknown,Included,Included,Unknown,Unknown,Unknown,Unknown,Unknown,Unknown,Unknown,Yes,,,2026-07-28T07:01:31+00:00,success,0
GF,LHR,ISB,LON,GB,ISB,PK,2027-01-01,2027-01-04,Winter,Business,0,Bus-1,BIZSMART,Business Standard,0.00 USD,2810.66,USD,Ubfly,BIZSMART-BIZSMART,Privileged check-in,Included,Included,Included,Included,Included,Unknown,Unknown,Paid,Paid,Unknown,Unknown,Unknown,Unknown,Unknown,Unknown,Unknown,Yes,,,2026-07-28T07:01:31+00:00,success,0
GF,LHR,ISB,LON,GB,ISB,PK,2027-01-01,2027-01-04,Winter,Business,1,Bus-2,BUSINESS FLEX,Business Flex,+150.40 USD,2961.06,USD,Ubfly,BIZFLEX-BIZFLEX,Change with Penalty; Uninterrupted return (up to the last 12 hours); Privileged check-in,Included,Included,Included,Included,Included,Unknown,Unknown,Included,Unknown,Unknown,Unknown,Unknown,Unknown,Unknown,Unknown,Unknown,Yes,,,2026-07-28T07:01:31+00:00,success,0
EY,LHR,ISB,LON,GB,ISB,PK,2027-04-10,2027-04-13,Summer,Economy,0,Eco-1,YBASIC,Economy Basic,0.00 USD,545.05,USD,Ubfly,YBASIC-YBASIC,,Included,Not Included,Unknown,Included,Unknown,Unknown,Unknown,Not Included,Included,Unknown,Unknown,Unknown,Unknown,Unknown,Unknown,Unknown,Yes,,5.0,2026-07-28T07:01:31+00:00,success,0
EY,LHR,ISB,LON,GB,ISB,PK,2027-04-10,2027-04-13,Summer,Economy,1,Eco-2,YVALUE,Economy Basic,+24.52 USD,569.57,USD,Ubfly,YVALUE-YVALUE,,Included,Included,Unknown,Included,Unknown,Unknown,Unknown,Not Included,Paid,Unknown,Unknown,Unknown,Unknown,Unknown,Unknown,Unknown,Yes,,35.0,2026-07-28T07:01:31+00:00,success,0
EY,LHR,ISB,LON,GB,ISB,PK,2027-04-10,2027-04-13,Summer,Economy,2,Eco-3,YCOMFORT,Economy Comfort,+51.14 USD,596.19,USD,Ubfly,YCOMFORT-YCOMFORT,,Included,Included,Included,Included,Unknown,Unknown,Unknown,Paid,Paid,Unknown,Unknown,Unknown,Unknown,Unknown,Unknown,Unknown,Yes,,75.0,2026-07-28T07:01:31+00:00,success,0
EY,LHR,ISB,LON,GB,ISB,PK,2027-04-10,2027-04-13,Summer,Economy,3,Eco-4,YDELUXE,Economy — YDELUXE,+134.98 USD,680.03,USD,Ubfly,YDELUXE-YDELUXE,Change with Penalty; Uninterrupted return (up to the last 12 hours); Priority Access,Included,Included,Included,Included,Unknown,Unknown,Unknown,Included,Included,Unknown,Unknown,Unknown,Unknown,Unknown,Unknown,Unknown,Yes,,,2026-07-28T07:01:31+00:00,success,0
EY,LHR,ISB,LON,GB,ISB,PK,2027-04-10,2027-04-13,Summer,Business,0,Bus-1,JVALUE,Business Basic,0.00 USD,3498.47,USD,Ubfly,JVALUE-JVALUE,Priority Access,Included,Included,Unknown,Included,Unknown,Unknown,Unknown,Not Included,Paid,Unknown,Unknown,Unknown,Unknown,Unknown,Unknown,Unknown,Yes,,100.0,2026-07-28T07:01:31+00:00,success,0
EY,LHR,ISB,LON,GB,ISB,PK,2027-04-10,2027-04-13,Summer,Business,1,Bus-2,JCOMFORT,Business Comfort,+284.82 USD,3783.29,USD,Ubfly,JCOMFORT-JCOMFORT,Priority Access; ETIHAD UAE CHAUFFEUR(F),Included,Included,Included,Included,Included,Unknown,Unknown,Paid,Paid,Unknown,Unknown,Unknown,Unknown,Unknown,Unknown,Unknown,Yes,,,2026-07-28T07:01:31+00:00,success,0
EY,LHR,ISB,LON,GB,ISB,PK,2027-04-10,2027-04-13,Summer,Business,2,Bus-3,JDELUXE,Business — JDELUXE,+578.96 USD,4077.43,USD,Ubfly,JDELUXE-JDELUXE,Change with Penalty; Uninterrupted return (up to the last 12 hours); Priority Access; ETIHAD UAE CHAUFFEUR(F); ETIHAD GLOBAL CHAUFFEUR(F),Included,Included,Included,Included,Included,Unknown,Unknown,Included,Included,Unknown,Unknown,Unknown,Unknown,Unknown,Unknown,Unknown,Yes,,,2026-07-28T07:01:31+00:00,success,0
EY,LHR,ISB,LON,GB,ISB,PK,2027-01-01,2027-01-04,Winter,Economy,0,Eco-1,YBASIC,Economy Basic,0.00 USD,491.36,USD,Ubfly,YBASIC-YBASIC,,Included,Not Included,Unknown,Included,Unknown,Unknown,Unknown,Not Included,Included,Unknown,Unknown,Unknown,Unknown,Unknown,Unknown,Unknown,Yes,,5.0,2026-07-28T07:01:31+00:00,success,0
EY,LHR,ISB,LON,GB,ISB,PK,2027-01-01,2027-01-04,Winter,Economy,1,Eco-2,YVALUE,Economy Basic,+24.52 USD,515.88,USD,Ubfly,YVALUE-YVALUE,,Included,Included,Unknown,Included,Unknown,Unknown,Unknown,Not Included,Paid,Unknown,Unknown,Unknown,Unknown,Unknown,Unknown,Unknown,Yes,,35.0,2026-07-28T07:01:31+00:00,success,0
EY,LHR,ISB,LON,GB,ISB,PK,2027-01-01,2027-01-04,Winter,Economy,2,Eco-3,YCOMFORT,Economy Comfort,+51.14 USD,542.5,USD,Ubfly,YCOMFORT-YCOMFORT,,Included,Included,Included,Included,Unknown,Unknown,Unknown,Paid,Paid,Unknown,Unknown,Unknown,Unknown,Unknown,Unknown,Unknown,Yes,,75.0,2026-07-28T07:01:31+00:00,success,0
EY,LHR,ISB,LON,GB,ISB,PK,2027-01-01,2027-01-04,Winter,Economy,3,Eco-4,YDELUXE,Economy — YDELUXE,+128.33 USD,619.69,USD,Ubfly,YDELUXE-YDELUXE,Change with Penalty; Uninterrupted return (up to the last 12 hours); Priority Access,Included,Included,Included,Included,Unknown,Unknown,Unknown,Included,Included,Unknown,Unknown,Unknown,Unknown,Unknown,Unknown,Unknown,Yes,,,2026-07-28T07:01:31+00:00,success,0
EY,LHR,ISB,LON,GB,ISB,PK,2027-01-01,2027-01-04,Winter,Business,0,Bus-1,JVALUE,Business Basic,0.00 USD,2474.3,USD,Ubfly,JVALUE-JVALUE,Priority Access,Included,Included,Unknown,Included,Unknown,Unknown,Unknown,Not Included,Paid,Unknown,Unknown,Unknown,Unknown,Unknown,Unknown,Unknown,Yes,,100.0,2026-07-28T07:01:31+00:00,success,0
EY,LHR,ISB,LON,GB,ISB,PK,2027-01-01,2027-01-04,Winter,Business,1,Bus-2,JCOMFORT,Business Comfort,+210.29 USD,2684.59,USD,Ubfly,JCOMFORT-JCOMFORT,Priority Access; ETIHAD UAE CHAUFFEUR(F),Included,Included,Included,Included,Included,Unknown,Unknown,Paid,Paid,Unknown,Unknown,Unknown,Unknown,Unknown,Unknown,Unknown,Yes,,,2026-07-28T07:01:31+00:00,success,0
EY,LHR,ISB,LON,GB,ISB,PK,2027-01-01,2027-01-04,Winter,Business,2,Bus-3,JDELUXE,Business — JDELUXE,+504.42 USD,2978.72,USD,Ubfly,JDELUXE-JDELUXE,Change with Penalty; Uninterrupted return (up to the last 12 hours); Priority Access; ETIHAD UAE CHAUFFEUR(F); ETIHAD GLOBAL CHAUFFEUR(F),Included,Included,Included,Included,Included,Unknown,Unknown,Included,Included,Unknown,Unknown,Unknown,Unknown,Unknown,Unknown,Unknown,Yes,,,2026-07-28T07:01:31+00:00,success,0
QR,LHR,LHE,LON,GB,LHE,PK,2027-04-07,2027-04-10,Summer,Economy,0,Eco-1,ECONOMY CLASSIC,Economy Standard,0 USD,638.63,USD,Enuygun,bff_0,,Included,Included,Unknown,Unknown,Unknown,Unknown,Unknown,Unknown,Paid,Unknown,Unknown,Unknown,Unknown,Unknown,Unknown,Unknown,,,,2026-07-28T07:01:31+00:00,success,0
QR,LHR,LHE,LON,GB,LHE,PK,2027-04-07,2027-04-10,Summer,Economy,1,Eco-2,ECONOMY CONVENIENCE,Economy — ECONOMY CONVENIENCE,+54.17 USD,692.8,USD,Enuygun,bff_1,,Included,Included,Included,Included,Unknown,Unknown,Unknown,Paid,Paid,Unknown,Unknown,Unknown,Unknown,Unknown,Unknown,Unknown,Yes,,75.0,2026-07-28T07:01:31+00:00,success,0
QR,LHR,LHE,LON,GB,LHE,PK,2027-04-07,2027-04-10,Summer,Economy,2,Eco-3,ECONOMY COMFORT,Economy Comfort,+524.09 USD,1162.73,USD,Enuygun,bff_2,,Included,Included,Included,Included,Unknown,Unknown,Unknown,Paid,Paid,Unknown,Unknown,Unknown,Unknown,Unknown,Unknown,Unknown,Yes,,100.0,2026-07-28T07:01:31+00:00,success,0
QR,LHR,LHE,LON,GB,LHE,PK,2027-04-07,2027-04-10,Summer,Business,0,Bus-1,BUSINESS COMFORT,Business Comfort,0.00 USD,3132.76,USD,Ubfly,BCOMFORT-BCOMFORT,175 PCT QMILES ACCUMULATION(F),Included,Included,Included,Included,Included,Unknown,Unknown,Paid,Paid,Unknown,Unknown,Unknown,Unknown,Unknown,Unknown,Unknown,,,,2026-07-28T07:01:31+00:00,success,0
QR,LHR,LHE,LON,GB,LHE,PK,2027-04-07,2027-04-10,Summer,Business,1,Bus-2,BUSINESS ELITE,Business Lite,"+1,110.04 USD",4242.8,USD,Ubfly,BELITE-BELITE,200 PCT QMILES ACCUMULATION(F); Uninterrupted return (up to the last 12 hours); Change with Penalty,Included,Included,Included,Included,Included,Unknown,Unknown,Included,Included,Unknown,Unknown,Unknown,Unknown,Unknown,Unknown,Unknown,,,,2026-07-28T07:01:31+00:00,success,0
QR,LHR,LHE,LON,GB,LHE,PK,2026-11-08,2026-11-11,Winter,Economy,0,Eco-1,ECONOMY CLASSIC,Economy Standard,0.00 USD,559.62,USD,Ubfly,ECLASSIC-ECLASSIC,,Included,Included,Unknown,Included,Unknown,Unknown,Unknown,Unknown,Paid,Unknown,Unknown,Unknown,Unknown,Unknown,Unknown,Unknown,Yes,,50.0,2026-07-28T07:01:31+00:00,success,0
QR,LHR,LHE,LON,GB,LHE,PK,2026-11-08,2026-11-11,Winter,Economy,1,Eco-2,ECONOMY CONVENIENCE,Economy — ECONOMY CONVENIENCE,+140.49 USD,700.11,USD,Ubfly,ECONVENIEN-ECONVENIEN,,Included,Included,Included,Included,Unknown,Unknown,Unknown,Paid,Paid,Unknown,Unknown,Unknown,Unknown,Unknown,Unknown,Unknown,Yes,,75.0,2026-07-28T07:01:31+00:00,success,0
QR,LHR,LHE,LON,GB,LHE,PK,2026-11-08,2026-11-11,Winter,Economy,2,Eco-3,ECONOMY COMFORT,Economy Comfort,+564.33 USD,1123.95,USD,Ubfly,ECOMFORT-ECOMFORT,Uninterrupted return (up to the last 12 hours); Change with Penalty,Included,Included,Included,Included,Unknown,Unknown,Unknown,Paid,Paid,Unknown,Unknown,Unknown,Unknown,Unknown,Unknown,Unknown,Yes,,100.0,2026-07-28T07:01:31+00:00,success,0
QR,LHR,LHE,LON,GB,LHE,PK,2026-11-08,2026-11-11,Winter,Business,0,Bus-1,BUSINESS COMFORT,Business Comfort,0.00 USD,3657.24,USD,Ubfly,BCOMFORT-BCOMFORT,175 PCT QMILES ACCUMULATION(F),Included,Included,Included,Included,Included,Unknown,Unknown,Paid,Paid,Unknown,Unknown,Unknown,Unknown,Unknown,Unknown,Unknown,,,,2026-07-28T07:01:31+00:00,success,0
QR,LHR,LHE,LON,GB,LHE,PK,2026-11-08,2026-11-11,Winter,Business,1,Bus-2,BUSINESS ELITE,Business Lite,+673.46 USD,4330.7,USD,Ubfly,BELITE-BELITE,200 PCT QMILES ACCUMULATION(F); Uninterrupted return (up to the last 12 hours); Change with Penalty,Included,Included,Included,Included,Included,Unknown,Unknown,Included,Included,Unknown,Unknown,Unknown,Unknown,Unknown,Unknown,Unknown,,,,2026-07-28T07:01:31+00:00,success,0
SV,LHR,LHE,LON,GB,LHE,PK,2027-04-07,2027-04-10,Summer,Economy,0,Eco-1,Basic Eco,Economy Basic,0.00 USD,923.03,USD,Ubfly,NBASICE-NBASICE,1 Free bag: 23 kg,Included,Included,Unknown,Unknown,Unknown,Unknown,Unknown,Paid,Paid,Unknown,Unknown,Unknown,Unknown,Unknown,Unknown,Unknown,Yes,,35.0,2026-07-28T07:01:31+00:00,success,0
SV,LHR,LHE,LON,GB,LHE,PK,2027-04-07,2027-04-10,Summer,Economy,1,Eco-2,Semi Flex Eco,Economy Basic,+61.97 USD,985.0,USD,Ubfly,NSEMIFLEXE-NSEMIFLEXE,1 Free bag: 23 kg,Included,Included,Unknown,Unknown,Unknown,Unknown,Unknown,Paid,Paid,Unknown,Unknown,Unknown,Unknown,Unknown,Unknown,Unknown,Yes,,,2026-07-28T07:01:31+00:00,success,0
SV,LHR,LHE,LON,GB,LHE,PK,2027-04-07,2027-04-10,Summer,Economy,2,Eco-3,Flex Eco,Economy Basic,+121.88 USD,1044.91,USD,Ubfly,NFLEXE-NFLEXE,Change without penalty; Uninterrupted return (up to the last 12 hours); 2 Free bags: 23 kg,Included,Included,Included,Unknown,Unknown,Unknown,Unknown,Included,Included,Unknown,Unknown,Unknown,Unknown,Unknown,Unknown,Unknown,Yes,,,2026-07-28T07:01:31+00:00,success,0
SV,LHR,LHE,LON,GB,LHE,PK,2027-04-07,2027-04-10,Summer,Business,0,Bus-1,Basic Bus,Business Basic,0 USD,3025.54,USD,Enuygun,bff_0,,Included,Included,Included,Unknown,Unknown,Unknown,Unknown,Paid,Paid,Unknown,Unknown,Unknown,Unknown,Unknown,Unknown,Unknown,Yes,,175.0,2026-07-28T07:01:31+00:00,success,0
SV,LHR,LHE,LON,GB,LHE,PK,2027-04-07,2027-04-10,Summer,Business,1,Bus-2,Semi Flex Bus,Business Flex,+23.96 USD,3049.5,USD,Enuygun,bff_1,,Included,Included,Included,Unknown,Unknown,Unknown,Unknown,Paid,Paid,Unknown,Unknown,Unknown,Unknown,Unknown,Unknown,Unknown,Yes,,225.0,2026-07-28T07:01:31+00:00,success,0
SV,LHR,LHE,LON,GB,LHE,PK,2027-04-07,2027-04-10,Summer,Business,2,Bus-3,Flex Bus,Business Flex,+44.93 USD,3070.47,USD,Enuygun,bff_2,,Included,Included,Included,Unknown,Unknown,Unknown,Unknown,Included,Included,Unknown,Unknown,Unknown,Unknown,Unknown,Unknown,Unknown,Yes,,,2026-07-28T07:01:31+00:00,success,0
SV,LHR,LHE,LON,GB,LHE,PK,2026-11-08,2026-11-11,Winter,Economy,0,Eco-1,Basic Eco,Economy Basic,0 USD,871.82,USD,Enuygun,bff_0,,Included,Included,Unknown,Unknown,Unknown,Unknown,Unknown,Paid,Paid,Unknown,Unknown,Unknown,Unknown,Unknown,Unknown,Unknown,Yes,,35.0,2026-07-28T07:01:31+00:00,success,0
SV,LHR,LHE,LON,GB,LHE,PK,2026-11-08,2026-11-11,Winter,Economy,1,Eco-2,Semi Flex Eco,Economy Basic,+44.93 USD,916.75,USD,Enuygun,bff_1,,Included,Included,Unknown,Unknown,Unknown,Unknown,Unknown,Paid,Paid,Unknown,Unknown,Unknown,Unknown,Unknown,Unknown,Unknown,Yes,,,2026-07-28T07:01:31+00:00,success,0
SV,LHR,LHE,LON,GB,LHE,PK,2026-11-08,2026-11-11,Winter,Economy,2,Eco-3,Flex Eco,Economy Basic,+83.87 USD,955.69,USD,Enuygun,bff_2,,Included,Included,Included,Unknown,Unknown,Unknown,Unknown,Included,Included,Unknown,Unknown,Unknown,Unknown,Unknown,Unknown,Unknown,Yes,,,2026-07-28T07:01:31+00:00,success,0
SV,LHR,LHE,LON,GB,LHE,PK,2026-11-08,2026-11-11,Winter,Business,0,Bus-1,Basic Bus,Business Basic,0 USD,3367.62,USD,Enuygun,bff_0,,Included,Included,Included,Unknown,Unknown,Unknown,Unknown,Paid,Paid,Unknown,Unknown,Unknown,Unknown,Unknown,Unknown,Unknown,Yes,,175.0,2026-07-28T07:01:31+00:00,success,0
SV,LHR,LHE,LON,GB,LHE,PK,2026-11-08,2026-11-11,Winter,Business,1,Bus-2,Semi Flex Bus,Business Flex,+14.98 USD,3382.6,USD,Enuygun,bff_1,,Included,Included,Included,Unknown,Unknown,Unknown,Unknown,Paid,Paid,Unknown,Unknown,Unknown,Unknown,Unknown,Unknown,Unknown,Yes,,225.0,2026-07-28T07:01:31+00:00,success,0
SV,LHR,LHE,LON,GB,LHE,PK,2026-11-08,2026-11-11,Winter,Business,2,Bus-3,Flex Bus,Business Flex,+26.96 USD,3394.58,USD,Enuygun,bff_2,,Included,Included,Included,Unknown,Unknown,Unknown,Unknown,Included,Included,Unknown,Unknown,Unknown,Unknown,Unknown,Unknown,Unknown,Yes,,,2026-07-28T07:01:31+00:00,success,0
EK,LHR,LHE,LON,GB,LHE,PK,2027-04-07,2027-04-10,Summer,Economy,0,Eco-1,ECOFLEX,Economy Flex,0.00 USD,895.53,USD,Ubfly,ECOFLEX-ECOFLEX,Soft drink; In-flight entertainment,Included,Included,Unknown,Included,Unknown,Unknown,Unknown,Unknown,Unknown,Unknown,Unknown,Unknown,Unknown,Unknown,Unknown,Unknown,Yes,,70.0,2026-07-28T07:01:31+00:00,success,0
EK,LHR,LHE,LON,GB,LHE,PK,2027-04-07,2027-04-10,Summer,Economy,1,Eco-2,ECOFLXPLUS,Economy Comfort,+456.50 USD,1352.03,USD,Ubfly,ECOFLXPLUS-ECOFLXPLUS,Soft drink; In-flight entertainment; Uninterrupted return (up to the last 12 hours); Change with Penalty,Included,Included,Unknown,Included,Unknown,Unknown,Unknown,Unknown,Unknown,Unknown,Unknown,Unknown,Unknown,Unknown,Unknown,Unknown,Yes,,100.0,2026-07-28T07:01:31+00:00,success,0
EK,LHR,LHE,LON,GB,LHE,PK,2027-04-07,2027-04-10,Summer,Economy,2,Eco-3,PYFLXPLUS,Economy Comfort,+861.96 USD,1757.49,USD,Ubfly,PYFLXPLUS-PYFLXPLUS,Soft drink; In-flight entertainment; Uninterrupted return (up to the last 12 hours); Change with Penalty,Included,Included,Included,Included,Unknown,Unknown,Unknown,Unknown,Unknown,Unknown,Unknown,Unknown,Unknown,Unknown,Unknown,Unknown,Yes,,,2026-07-28T07:01:31+00:00,success,0
EK,LHR,LHE,LON,GB,LHE,PK,2027-04-07,2027-04-10,Summer,Business,0,Bus-1,BSSAVER,Business Basic,0.00 USD,2682.51,USD,Ubfly,BSSAVER-BSSAVER,Premium check-in; Soft drink; In-flight entertainment; Chauffeur Drive; Internet Access,Included,Included,Included,Included,Included,Included,Included,Paid,Paid,Unknown,Unknown,Unknown,Unknown,Unknown,Unknown,Unknown,Yes,,,2026-07-28T07:01:31+00:00,success,0
EK,LHR,LHE,LON,GB,LHE,PK,2027-04-07,2027-04-10,Summer,Business,1,Bus-2,BSFLEX,Business Flex,+547.02 USD,3229.53,USD,Ubfly,BSFLEX-BSFLEX,Premium check-in; Soft drink; In-flight entertainment; Chauffeur Drive; Internet Access,Included,Included,Included,Included,Included,Included,Included,Paid,Paid,Unknown,Unknown,Unknown,Unknown,Unknown,Unknown,Unknown,Yes,,175.0,2026-07-28T07:01:31+00:00,success,0
EK,LHR,LHE,LON,GB,LHE,PK,2027-04-07,2027-04-10,Summer,Business,2,Bus-3,BSFLXPLUS,Business Comfort,"+1,639.73 USD",4322.24,USD,Ubfly,BSFLXPLUS-BSFLXPLUS,Premium check-in; Soft drink; In-flight entertainment; Chauffeur Drive; Internet Access; Uninterrupted return (up to the last 12 hours); Change with Penalty,Included,Included,Included,Included,Included,Included,Included,Included,Included,Unknown,Unknown,Unknown,Unknown,Unknown,Unknown,Unknown,Yes,,190.0,2026-07-28T07:01:31+00:00,success,0
EK,LHR,LHE,LON,GB,LHE,PK,2026-11-08,2026-11-11,Winter,Economy,0,Eco-1,ECOFLEX,Economy Flex,0.00 USD,891.1,USD,Ubfly,ECOFLEX-ECOFLEX,Soft drink; In-flight entertainment,Included,Included,Unknown,Included,Unknown,Unknown,Unknown,Unknown,Unknown,Unknown,Unknown,Unknown,Unknown,Unknown,Unknown,Unknown,Yes,,70.0,2026-07-28T07:01:31+00:00,success,0
EK,LHR,LHE,LON,GB,LHE,PK,2026-11-08,2026-11-11,Winter,Economy,1,Eco-2,ECOFLXPLUS,Economy Comfort,+456.50 USD,1347.6,USD,Ubfly,ECOFLXPLUS-ECOFLXPLUS,Soft drink; In-flight entertainment; Uninterrupted return (up to the last 12 hours); Change with Penalty,Included,Included,Unknown,Included,Unknown,Unknown,Unknown,Unknown,Unknown,Unknown,Unknown,Unknown,Unknown,Unknown,Unknown,Unknown,Yes,,100.0,2026-07-28T07:01:31+00:00,success,0
EK,LHR,LHE,LON,GB,LHE,PK,2026-11-08,2026-11-11,Winter,Economy,2,Eco-3,PYFLXPLUS,Economy Comfort,+855.81 USD,1746.91,USD,Ubfly,PYFLXPLUS-PYFLXPLUS,Soft drink; In-flight entertainment; Uninterrupted return (up to the last 12 hours); Change with Penalty,Included,Included,Included,Included,Unknown,Unknown,Unknown,Unknown,Unknown,Unknown,Unknown,Unknown,Unknown,Unknown,Unknown,Unknown,Yes,,,2026-07-28T07:01:31+00:00,success,0
EK,LHR,LHE,LON,GB,LHE,PK,2026-11-08,2026-11-11,Winter,Business,0,Bus-1,BSSAVER,Business Basic,0.00 USD,2671.93,USD,Ubfly,BSSAVER-BSSAVER,Premium check-in; Soft drink; In-flight entertainment; Chauffeur Drive; Internet Access,Included,Included,Included,Included,Included,Included,Included,Not Included,Paid,Unknown,Unknown,Unknown,Unknown,Unknown,Unknown,Unknown,Yes,,,2026-07-28T07:01:31+00:00,success,0
EK,LHR,LHE,LON,GB,LHE,PK,2026-11-08,2026-11-11,Winter,Business,1,Bus-2,BSFLEX,Business Flex,+547.02 USD,3218.95,USD,Ubfly,BSFLEX-BSFLEX,Premium check-in; Soft drink; In-flight entertainment; Chauffeur Drive; Internet Access,Included,Included,Included,Included,Included,Included,Included,Paid,Paid,Unknown,Unknown,Unknown,Unknown,Unknown,Unknown,Unknown,Yes,,175.0,2026-07-28T07:01:31+00:00,success,0
EK,LHR,LHE,LON,GB,LHE,PK,2026-11-08,2026-11-11,Winter,Business,2,Bus-3,BSFLXPLUS,Business Comfort,"+1,639.73 USD",4311.66,USD,Ubfly,BSFLXPLUS-BSFLXPLUS,Premium check-in; Soft drink; In-flight entertainment; Chauffeur Drive; Internet Access; Uninterrupted return (up to the last 12 hours); Change with Penalty,Included,Included,Included,Included,Included,Included,Included,Included,Included,Unknown,Unknown,Unknown,Unknown,Unknown,Unknown,Unknown,Yes,,190.0,2026-07-28T07:01:31+00:00,success,0
TK,LHR,LHE,LON,GB,LHE,PK,2027-04-07,2027-04-10,Summer,Economy,0,Eco-1,ECOFLY,Economy Basic,0.00 USD,812.38,USD,Ubfly,CL-308d2afb471d48e8b1a78b837cf94099,Online Message Verification,Included,Included,Unknown,Included,Unknown,Unknown,Unknown,Not Included,Paid,Unknown,Unknown,Unknown,Unknown,Unknown,Unknown,Unknown,,,,2026-07-28T07:01:31+00:00,success,0
TK,LHR,LHE,LON,GB,LHE,PK,2027-04-07,2027-04-10,Summer,Economy,1,Eco-2,EXTRAFLY,Economy Standard,+28.20 USD,840.58,USD,Ubfly,LG-a460b652fb87454db17cc9acdf4f5bdd,Online Message Verification,Included,Included,Unknown,Included,Unknown,Unknown,Unknown,Paid,Paid,Unknown,Unknown,Unknown,Unknown,Unknown,Unknown,Unknown,,,,2026-07-28T07:01:31+00:00,success,0
TK,LHR,LHE,LON,GB,LHE,PK,2027-04-07,2027-04-10,Summer,Economy,2,Eco-3,FLEXFLY,Economy Flex,+57.90 USD,870.28,USD,Ubfly,GN-dd93a79fc6d2432696cb4a830a1e9f2f,Online Message Verification,Included,Included,Included,Included,Unknown,Unknown,Unknown,Paid,Included,Unknown,Unknown,Unknown,Unknown,Unknown,Unknown,Unknown,Yes,,15.0,2026-07-28T07:01:31+00:00,success,0
TK,LHR,LHE,LON,GB,LHE,PK,2027-04-07,2027-04-10,Summer,Economy,3,Eco-4,Flexible,Economy Flex,+126.97 USD,939.35,USD,Ubfly,FL-11898636524a4839b659d741c2832c5d,Online Message Verification,Included,Included,Included,Included,Unknown,Unknown,Included,Included,Included,Unknown,Unknown,Paid,Unknown,Unknown,Unknown,Unknown,Yes,,30.0,2026-07-28T07:01:31+00:00,success,0
TK,LHR,LHE,LON,GB,LHE,PK,2027-04-07,2027-04-10,Summer,Business,0,Bus-1,BUSINESS FLY,Business — BUSINESS FLY,0.00 USD,3323.38,USD,Ubfly,BF-b8d4d142398143fe9a4c709ebc62b94e,Priority Check-In,Included,Included,Included,Unknown,Included,Included,Included,Paid,Paid,Unknown,Unknown,Unknown,Included,Unknown,Unknown,Unknown,,,,2026-07-28T07:01:31+00:00,success,0
TK,LHR,LHE,LON,GB,LHE,PK,2027-04-07,2027-04-10,Summer,Business,1,Bus-2,BUSINESS PRIME,Business Premium,+199.65 USD,3523.03,USD,Ubfly,BL-0272f25fdfb14c00b7bf475c03c80497,Priority Check-In,Included,Included,Included,Unknown,Included,Included,Included,Included,Included,Unknown,Unknown,Paid,Included,Unknown,Unknown,Unknown,Yes,,30.0,2026-07-28T07:01:31+00:00,success,0
TK,LHR,LHE,LON,GB,LHE,PK,2026-11-08,2026-11-11,Winter,Economy,0,Eco-1,ECOFLY,Economy Basic,0.00 USD,1250.9,USD,Ubfly,CL-6e75b594bb824b07864ad62ff04996cb,Online Message Verification,Included,Included,Unknown,Included,Unknown,Unknown,Unknown,Not Included,Paid,Unknown,Unknown,Unknown,Unknown,Unknown,Unknown,Unknown,,,,2026-07-28T07:01:31+00:00,success,0
TK,LHR,LHE,LON,GB,LHE,PK,2026-11-08,2026-11-11,Winter,Economy,1,Eco-2,EXTRAFLY,Economy Standard,+28.20 USD,1279.1,USD,Ubfly,LG-f597e7b58e4e4130b72f630919bc747b,Online Message Verification,Included,Included,Unknown,Included,Unknown,Unknown,Unknown,Paid,Paid,Unknown,Unknown,Unknown,Unknown,Unknown,Unknown,Unknown,,,,2026-07-28T07:01:31+00:00,success,0
TK,LHR,LHE,LON,GB,LHE,PK,2026-11-08,2026-11-11,Winter,Economy,2,Eco-3,FLEXFLY,Economy Flex,+57.88 USD,1308.78,USD,Ubfly,GN-1b5d27b3c37d4a13aa3519c876f84f9e,Online Message Verification,Included,Included,Included,Included,Unknown,Unknown,Unknown,Paid,Included,Unknown,Unknown,Unknown,Unknown,Unknown,Unknown,Unknown,Yes,,15.0,2026-07-28T07:01:31+00:00,success,0
TK,LHR,LHE,LON,GB,LHE,PK,2026-11-08,2026-11-11,Winter,Economy,3,Eco-4,Flexible,Economy Flex,+126.95 USD,1377.85,USD,Ubfly,FL-ee879e0392b74c698c424482318bfeb7,Online Message Verification,Included,Included,Included,Included,Unknown,Unknown,Included,Included,Included,Unknown,Unknown,Paid,Unknown,Unknown,Unknown,Unknown,Yes,,30.0,2026-07-28T07:01:31+00:00,success,0
TK,LHR,LHE,LON,GB,LHE,PK,2026-11-08,2026-11-11,Winter,Business,0,Bus-1,BUSINESS FLY,Business — BUSINESS FLY,0.00 USD,4153.64,USD,Ubfly,BF-cb586db44344491eb3755835febe9f94,Priority Check-In,Included,Included,Included,Unknown,Included,Included,Included,Paid,Paid,Unknown,Unknown,Unknown,Included,Unknown,Unknown,Unknown,,,,2026-07-28T07:01:31+00:00,success,0
TK,LHR,LHE,LON,GB,LHE,PK,2026-11-08,2026-11-11,Winter,Business,1,Bus-2,BUSINESS PRIME,Business Premium,+199.65 USD,4353.29,USD,Ubfly,BL-7b074aac93f041f58a2453f3793bd88f,Priority Check-In,Included,Included,Included,Unknown,Included,Included,Included,Included,Included,Unknown,Unknown,Paid,Included,Unknown,Unknown,Unknown,Yes,,30.0,2026-07-28T07:01:31+00:00,success,0
BA,LGW,ISB,LON,GB,ISB,PK,2027-04-28,2027-05-01,Summer,Economy,0,Eco-1,BASIC,Economy Basic,0.00 USD,931.32,USD,Ubfly,NOBAG,Personal Item: 40 x 30 x 15 cm,Included,Not Included,Unknown,Included,Unknown,Unknown,Unknown,Unknown,Unknown,Unknown,Unknown,Unknown,Unknown,Unknown,Unknown,Unknown,,,,2026-07-28T07:01:31+00:00,partial,0
BA,LGW,ISB,LON,GB,ISB,PK,2027-04-28,2027-05-01,Summer,Economy,1,Eco-2,ECONOMY BASIC,Economy Basic,+59.33 USD,990.65,USD,Ubfly,BAG,Personal Item: 40 x 30 x 15 cm; 1 Piece Luggage (23 Kg); 2ND BAG MAX 23KG 51LB 208LCM(F),Included,Included,Unknown,Included,Unknown,Unknown,Unknown,Unknown,Unknown,Unknown,Unknown,Unknown,Unknown,Unknown,Unknown,Unknown,,,,2026-07-28T07:01:31+00:00,partial,0
BA,LGW,ISB,LON,GB,ISB,PK,2027-04-28,2027-05-01,Summer,Economy,2,Eco-3,PLUS SELECT,Economy Comfort,+189.01 USD,1120.33,USD,Ubfly,ECONSEL,Personal Item: 40 x 30 x 15 cm; 1 Piece Luggage (23 Kg); 2ND BAG MAX 23KG 51LB 208LCM(F); Change without penalty before flight,Included,Included,Unknown,Included,Unknown,Unknown,Unknown,Unknown,Included,Unknown,Unknown,Unknown,Unknown,Unknown,Unknown,Unknown,,,,2026-07-28T07:01:31+00:00,partial,0
BA,LGW,ISB,LON,GB,ISB,PK,2027-04-28,2027-05-01,Summer,Economy,3,Eco-4,ECONPRO,Economy — ECONPRO,+255.55 USD,1186.87,USD,Ubfly,ECONPRO,Personal Item: 40 x 30 x 15 cm; 1 Piece Luggage (23 Kg); 2ND BAG MAX 23KG 51LB 208LCM(F); Change without penalty before flight,Included,Included,Included,Included,Unknown,Unknown,Unknown,Included,Included,Unknown,Unknown,Unknown,Unknown,Unknown,Unknown,Unknown,,,,2026-07-28T07:01:31+00:00,partial,0
BA,LGW,ISB,LON,GB,ISB,PK,2027-04-28,2027-05-01,Summer,Economy,4,Eco-5,PLUS FLEX,Economy Comfort,"+2,104.26 USD",3035.58,USD,Ubfly,ECONFLEX,Personal Item: 40 x 30 x 15 cm; 1 Piece Luggage (23 Kg); 2ND BAG MAX 23KG 51LB 208LCM(F); Change without penalty before flight,Included,Included,Included,Included,Unknown,Unknown,Unknown,Included,Included,Unknown,Unknown,Unknown,Unknown,Unknown,Unknown,Unknown,,,,2026-07-28T07:01:31+00:00,partial,0
BA,LGW,ISB,LON,GB,ISB,PK,2027-04-28,2027-05-01,Summer,Premium Economy,0,PEco-1,PREMECON,Premium Economy — PREMECON,+573.16 USD,1504.48,USD,Ubfly,PREMECON,Personal Item: 40 x 30 x 15 cm,Included,Included,Unknown,Included,Unknown,Unknown,Unknown,Unknown,Unknown,Unknown,Unknown,Unknown,Unknown,Unknown,Unknown,Unknown,,,,2026-07-28T07:01:31+00:00,partial,0
BA,LGW,ISB,LON,GB,ISB,PK,2027-04-28,2027-05-01,Summer,Premium Economy,1,PEco-2,PESEL,Premium Economy — PESEL,+706.25 USD,1637.57,USD,Ubfly,PESEL,Personal Item: 40 x 30 x 15 cm; Change without penalty before flight,Included,Included,Unknown,Included,Unknown,Unknown,Unknown,Unknown,Included,Unknown,Unknown,Unknown,Unknown,Unknown,Unknown,Unknown,,,,2026-07-28T07:01:31+00:00,partial,0
BA,LGW,ISB,LON,GB,ISB,PK,2027-04-28,2027-05-01,Summer,Premium Economy,2,PEco-3,PEPRO,Premium Economy — PEPRO,+806.07 USD,1737.39,USD,Ubfly,PEPRO,Personal Item: 40 x 30 x 15 cm; Change without penalty before flight,Included,Included,Included,Included,Unknown,Unknown,Unknown,Included,Included,Unknown,Unknown,Unknown,Unknown,Unknown,Unknown,Unknown,,,,2026-07-28T07:01:31+00:00,partial,0
BA,LGW,ISB,LON,GB,ISB,PK,2027-04-28,2027-05-01,Summer,Premium Economy,3,PEco-4,PEFLEX,Premium Economy Flex,"+2,576.24 USD",3507.56,USD,Ubfly,PEFLEX,Personal Item: 40 x 30 x 15 cm; Change without penalty before flight,Included,Included,Included,Included,Unknown,Unknown,Unknown,Included,Included,Unknown,Unknown,Unknown,Unknown,Unknown,Unknown,Unknown,,,,2026-07-28T07:01:31+00:00,partial,0
BA,LGW,ISB,LON,GB,ISB,PK,2027-04-28,2027-05-01,Summer,Business,0,Bus-1,Business Promo,Business Basic,0 USD,3169.24,USD,Enuygun,bff_0,priority_check_in: Öncelikli Check-in,Included,Included,Unknown,Included,Included,Unknown,Included,Not Included,Paid,Unknown,Unknown,Unknown,Unknown,Unknown,Unknown,Unknown,,,,2026-07-28T07:01:31+00:00,partial,0
BA,LGW,ISB,LON,GB,ISB,PK,2027-04-28,2027-05-01,Summer,Business,1,Bus-2,Business Select,Business — Business Select,+660.39 USD,3829.62,USD,Enuygun,bff_1,priority_check_in: Öncelikli Check-in,Included,Included,Included,Included,Included,Unknown,Included,Not Included,Paid,Unknown,Unknown,Unknown,Unknown,Unknown,Unknown,Unknown,,,,2026-07-28T07:01:31+00:00,partial,0
BA,LGW,ISB,LON,GB,ISB,PK,2027-04-28,2027-05-01,Summer,Business,2,Bus-3,Business Select Pro,Business — Business Select Pro,+1142.63 USD,4311.87,USD,Enuygun,bff_2,priority_check_in: Öncelikli Check-in,Included,Included,Included,Included,Included,Unknown,Included,Not Included,Included,Unknown,Unknown,Unknown,Unknown,Unknown,Unknown,Unknown,,,,2026-07-28T07:01:31+00:00,partial,0
BA,LGW,ISB,LON,GB,ISB,PK,2027-04-28,2027-05-01,Summer,Business,3,Bus-4,Business Fully Flex,Business Flex,+3343.3 USD,6512.54,USD,Enuygun,bff_3,priority_check_in: Öncelikli Check-in,Included,Included,Included,Included,Included,Unknown,Included,Included,Included,Unknown,Unknown,Unknown,Unknown,Unknown,Unknown,Unknown,,,,2026-07-28T07:01:31+00:00,partial,0
BA,LGW,ISB,LON,GB,ISB,PK,2026-12-11,2026-12-14,Winter,Economy,0,Eco-1,BASIC,Economy Basic,0.00 USD,1495.22,USD,Ubfly,NOBAG,Personal Item: 40 x 30 x 15 cm,Included,Not Included,Unknown,Included,Unknown,Unknown,Unknown,Unknown,Unknown,Unknown,Unknown,Unknown,Unknown,Unknown,Unknown,Unknown,,,,2026-07-28T07:01:31+00:00,partial,0
BA,LGW,ISB,LON,GB,ISB,PK,2026-12-11,2026-12-14,Winter,Economy,1,Eco-2,ECONOMY BASIC,Economy Basic,+59.31 USD,1554.53,USD,Ubfly,BAG,Personal Item: 40 x 30 x 15 cm; 1 Piece Luggage (23 Kg); 2ND BAG MAX 23KG 51LB 208LCM(F),Included,Included,Unknown,Included,Unknown,Unknown,Unknown,Unknown,Unknown,Unknown,Unknown,Unknown,Unknown,Unknown,Unknown,Unknown,,,,2026-07-28T07:01:31+00:00,partial,0
BA,LGW,ISB,LON,GB,ISB,PK,2026-12-11,2026-12-14,Winter,Economy,2,Eco-3,PLUS SELECT,Economy Comfort,+188.99 USD,1684.21,USD,Ubfly,ECONSEL,Personal Item: 40 x 30 x 15 cm; 1 Piece Luggage (23 Kg); 2ND BAG MAX 23KG 51LB 208LCM(F); Change without penalty before flight,Included,Included,Unknown,Included,Unknown,Unknown,Unknown,Unknown,Included,Unknown,Unknown,Unknown,Unknown,Unknown,Unknown,Unknown,,,,2026-07-28T07:01:31+00:00,partial,0
BA,LGW,ISB,LON,GB,ISB,PK,2026-12-11,2026-12-14,Winter,Economy,3,Eco-4,ECONPRO,Economy — ECONPRO,+255.55 USD,1750.77,USD,Ubfly,ECONPRO,Personal Item: 40 x 30 x 15 cm; 1 Piece Luggage (23 Kg); 2ND BAG MAX 23KG 51LB 208LCM(F); Change without penalty before flight,Included,Included,Included,Included,Unknown,Unknown,Unknown,Included,Included,Unknown,Unknown,Unknown,Unknown,Unknown,Unknown,Unknown,,,,2026-07-28T07:01:31+00:00,partial,0
BA,LGW,ISB,LON,GB,ISB,PK,2026-12-11,2026-12-14,Winter,Economy,4,Eco-5,PLUS FLEX,Economy Comfort,"+1,526.61 USD",3021.83,USD,Ubfly,ECONFLEX,Personal Item: 40 x 30 x 15 cm; 1 Piece Luggage (23 Kg); 2ND BAG MAX 23KG 51LB 208LCM(F); Change without penalty before flight,Included,Included,Included,Included,Unknown,Unknown,Unknown,Included,Included,Unknown,Unknown,Unknown,Unknown,Unknown,Unknown,Unknown,,,,2026-07-28T07:01:31+00:00,partial,0
BA,LGW,ISB,LON,GB,ISB,PK,2026-12-11,2026-12-14,Winter,Premium Economy,0,PEco-1,PREMECON,Premium Economy — PREMECON,+495.11 USD,1990.33,USD,Ubfly,PREMECON,Personal Item: 40 x 30 x 15 cm,Included,Included,Unknown,Included,Unknown,Unknown,Unknown,Unknown,Unknown,Unknown,Unknown,Unknown,Unknown,Unknown,Unknown,Unknown,,,,2026-07-28T07:01:31+00:00,partial,0
BA,LGW,ISB,LON,GB,ISB,PK,2026-12-11,2026-12-14,Winter,Premium Economy,1,PEco-2,PESEL,Premium Economy — PESEL,+628.22 USD,2123.44,USD,Ubfly,PESEL,Personal Item: 40 x 30 x 15 cm; Change without penalty before flight,Included,Included,Unknown,Included,Unknown,Unknown,Unknown,Unknown,Included,Unknown,Unknown,Unknown,Unknown,Unknown,Unknown,Unknown,,,,2026-07-28T07:01:31+00:00,partial,0
BA,LGW,ISB,LON,GB,ISB,PK,2026-12-11,2026-12-14,Winter,Premium Economy,2,PEco-3,PEPRO,Premium Economy — PEPRO,+728.02 USD,2223.24,USD,Ubfly,PEPRO,Personal Item: 40 x 30 x 15 cm; Change without penalty before flight,Included,Included,Included,Included,Unknown,Unknown,Unknown,Included,Included,Unknown,Unknown,Unknown,Unknown,Unknown,Unknown,Unknown,,,,2026-07-28T07:01:31+00:00,partial,0
BA,LGW,ISB,LON,GB,ISB,PK,2026-12-11,2026-12-14,Winter,Premium Economy,3,PEco-4,PEFLEX,Premium Economy Flex,"+1,987.12 USD",3482.34,USD,Ubfly,PEFLEX,Personal Item: 40 x 30 x 15 cm; Change without penalty before flight,Included,Included,Included,Included,Unknown,Unknown,Unknown,Included,Included,Unknown,Unknown,Unknown,Unknown,Unknown,Unknown,Unknown,,,,2026-07-28T07:01:31+00:00,partial,0
BA,LGW,ISB,LON,GB,ISB,PK,2026-12-11,2026-12-14,Winter,Business,0,Bus-1,Business Promo,Business Basic,0 USD,3606.91,USD,Enuygun,bff_0,priority_check_in: Öncelikli Check-in,Included,Included,Unknown,Included,Included,Unknown,Included,Not Included,Paid,Unknown,Unknown,Unknown,Unknown,Unknown,Unknown,Unknown,,,,2026-07-28T07:01:31+00:00,partial,0
BA,LGW,ISB,LON,GB,ISB,PK,2026-12-11,2026-12-14,Winter,Business,1,Bus-2,Business Select,Business — Business Select,+614.04 USD,4220.95,USD,Enuygun,bff_1,priority_check_in: Öncelikli Check-in,Included,Included,Included,Included,Included,Unknown,Included,Not Included,Paid,Unknown,Unknown,Unknown,Unknown,Unknown,Unknown,Unknown,,,,2026-07-28T07:01:31+00:00,partial,0
BA,LGW,ISB,LON,GB,ISB,PK,2026-12-11,2026-12-14,Winter,Business,2,Bus-3,Business Select Pro,Business — Business Select Pro,+1221.21 USD,4828.12,USD,Enuygun,bff_2,priority_check_in: Öncelikli Check-in,Included,Included,Included,Included,Included,Unknown,Included,Not Included,Included,Unknown,Unknown,Unknown,Unknown,Unknown,Unknown,Unknown,,,,2026-07-28T07:01:31+00:00,partial,0
BA,LGW,ISB,LON,GB,ISB,PK,2026-12-11,2026-12-14,Winter,Business,3,Bus-4,Business Fully Flex,Business Flex,+2961.48 USD,6568.39,USD,Enuygun,bff_3,priority_check_in: Öncelikli Check-in,Included,Included,Included,Included,Included,Unknown,Included,Included,Included,Unknown,Unknown,Unknown,Unknown,Unknown,Unknown,Unknown,,,,2026-07-28T07:01:31+00:00,partial,0
TK,LGW,ISB,LON,GB,ISB,PK,2027-04-28,2027-05-01,Summer,Economy,0,Eco-1,ECOFLY,Economy Basic,0.00 USD,707.02,USD,Ubfly,CL-41d56169a700450bb121e053d393ec61,Online Message Verification,Included,Included,Unknown,Included,Unknown,Unknown,Unknown,Not Included,Paid,Unknown,Unknown,Unknown,Unknown,Unknown,Unknown,Unknown,,,,2026-07-28T07:01:31+00:00,success,0
TK,LGW,ISB,LON,GB,ISB,PK,2027-04-28,2027-05-01,Summer,Economy,1,Eco-2,EXTRAFLY,Economy Standard,+28.20 USD,735.22,USD,Ubfly,LG-9c5dd7e4b19f4ad9883ac9e74abacb48,Online Message Verification,Included,Included,Unknown,Included,Unknown,Unknown,Unknown,Paid,Paid,Unknown,Unknown,Unknown,Unknown,Unknown,Unknown,Unknown,,,,2026-07-28T07:01:31+00:00,success,0
TK,LGW,ISB,LON,GB,ISB,PK,2027-04-28,2027-05-01,Summer,Economy,2,Eco-3,FLEXFLY,Economy Flex,+57.88 USD,764.9,USD,Ubfly,GN-fb6a2b12a2164fbc9179a1b16475e791,Online Message Verification,Included,Included,Included,Included,Unknown,Unknown,Unknown,Paid,Included,Unknown,Unknown,Unknown,Unknown,Unknown,Unknown,Unknown,Yes,,15.0,2026-07-28T07:01:31+00:00,success,0
TK,LGW,ISB,LON,GB,ISB,PK,2027-04-28,2027-05-01,Summer,Economy,3,Eco-4,Flexible,Economy Flex,+126.97 USD,833.99,USD,Ubfly,FL-bf412352e6884f1b98d8b8fedf1622bc,Online Message Verification,Included,Included,Included,Included,Unknown,Unknown,Included,Included,Included,Unknown,Unknown,Paid,Unknown,Unknown,Unknown,Unknown,Yes,,30.0,2026-07-28T07:01:31+00:00,success,0
TK,LGW,ISB,LON,GB,ISB,PK,2027-04-28,2027-05-01,Summer,Business,0,Bus-1,BUSINESS FLY,Business — BUSINESS FLY,0.00 USD,3149.42,USD,Ubfly,BF-b3739e9334e74af2b24e8417812f5728,Priority Check-In,Included,Included,Included,Unknown,Included,Included,Included,Paid,Paid,Unknown,Unknown,Unknown,Included,Unknown,Unknown,Unknown,,,,2026-07-28T07:01:31+00:00,success,0
TK,LGW,ISB,LON,GB,ISB,PK,2027-04-28,2027-05-01,Summer,Business,1,Bus-2,BUSINESS PRIME,Business Premium,+199.63 USD,3349.05,USD,Ubfly,BL-9e7fc824616f4f2ca27862ed6c97d1f7,Priority Check-In,Included,Included,Included,Unknown,Included,Included,Included,Included,Included,Unknown,Unknown,Paid,Included,Unknown,Unknown,Unknown,Yes,,30.0,2026-07-28T07:01:31+00:00,success,0
TK,LGW,ISB,LON,GB,ISB,PK,2026-12-11,2026-12-14,Winter,Economy,0,Eco-1,ECOFLY,Economy Basic,0.00 USD,1202.93,USD,Ubfly,CL-722b8ccbe4b9459f873cfc12b516a2ec,Online Message Verification,Included,Included,Unknown,Included,Unknown,Unknown,Unknown,Not Included,Paid,Unknown,Unknown,Unknown,Unknown,Unknown,Unknown,Unknown,,,,2026-07-28T07:01:31+00:00,success,0
TK,LGW,ISB,LON,GB,ISB,PK,2026-12-11,2026-12-14,Winter,Economy,1,Eco-2,EXTRAFLY,Economy Standard,+28.20 USD,1231.13,USD,Ubfly,LG-4434d58b88254ba4a70b56487196e00e,Online Message Verification,Included,Included,Unknown,Included,Unknown,Unknown,Unknown,Paid,Paid,Unknown,Unknown,Unknown,Unknown,Unknown,Unknown,Unknown,,,,2026-07-28T07:01:31+00:00,success,0
TK,LGW,ISB,LON,GB,ISB,PK,2026-12-11,2026-12-14,Winter,Economy,2,Eco-3,FLEXFLY,Economy Flex,+57.88 USD,1260.81,USD,Ubfly,GN-87950b6b7bf74581a22bccf92d3e3087,Online Message Verification,Included,Included,Included,Included,Unknown,Unknown,Unknown,Paid,Included,Unknown,Unknown,Unknown,Unknown,Unknown,Unknown,Unknown,Yes,,15.0,2026-07-28T07:01:31+00:00,success,0
TK,LGW,ISB,LON,GB,ISB,PK,2026-12-11,2026-12-14,Winter,Economy,3,Eco-4,Flexible,Economy Flex,+126.97 USD,1329.9,USD,Ubfly,FL-15239f3bc41f4cf1b6cf880f46b09e51,Online Message Verification,Included,Included,Included,Included,Unknown,Unknown,Included,Included,Included,Unknown,Unknown,Paid,Unknown,Unknown,Unknown,Unknown,Yes,,30.0,2026-07-28T07:01:31+00:00,success,0
TK,LGW,ISB,LON,GB,ISB,PK,2026-12-11,2026-12-14,Winter,Business,0,Bus-1,BUSINESS FLY,Business — BUSINESS FLY,0.00 USD,4033.88,USD,Ubfly,BF-554f35649d4e46579f45b75e511ea7e2,Priority Check-In,Included,Included,Included,Unknown,Included,Included,Included,Paid,Paid,Unknown,Unknown,Unknown,Included,Unknown,Unknown,Unknown,,,,2026-07-28T07:01:31+00:00,success,0
TK,LGW,ISB,LON,GB,ISB,PK,2026-12-11,2026-12-14,Winter,Business,1,Bus-2,BUSINESS PRIME,Business Premium,+199.65 USD,4233.53,USD,Ubfly,BL-cfd2f270027d41af8b321398a013b3f5,Priority Check-In,Included,Included,Included,Unknown,Included,Included,Included,Included,Included,Unknown,Unknown,Paid,Included,Unknown,Unknown,Unknown,Yes,,30.0,2026-07-28T07:01:31+00:00,success,0
QR,LGW,ISB,LON,GB,ISB,PK,2027-04-28,2027-05-01,Summer,Economy,0,Eco-1,ECONOMY BASIC,Economy Basic,0.00 USD,629.72,USD,Ubfly,BAG-BAG,Personal Item: 40 x 30 x 15 cm; 1 Piece Luggage (23 Kg); 2ND BAG MAX 23KG 51LB 208LCM(F),Included,Included,Unknown,Included,Unknown,Unknown,Unknown,Unknown,Unknown,Unknown,Unknown,Unknown,Unknown,Unknown,Unknown,Unknown,,,,2026-07-28T07:01:31+00:00,partial,0
QR,LGW,ISB,LON,GB,ISB,PK,2027-04-28,2027-05-01,Summer,Economy,1,Eco-2,PLUS SELECT,Economy Comfort,+178.93 USD,808.65,USD,Ubfly,ECONSEL-ECONSEL,Personal Item: 40 x 30 x 15 cm; 1 Piece Luggage (23 Kg); 2ND BAG MAX 23KG 51LB 208LCM(F); Change without penalty before flight,Included,Included,Unknown,Included,Unknown,Unknown,Unknown,Unknown,Included,Unknown,Unknown,Unknown,Unknown,Unknown,Unknown,Unknown,,,,2026-07-28T07:01:31+00:00,partial,0
QR,LGW,ISB,LON,GB,ISB,PK,2027-04-28,2027-05-01,Summer,Economy,2,Eco-3,ECONPRO,Economy — ECONPRO,+309.36 USD,939.08,USD,Ubfly,ECONPRO-ECONPRO,Personal Item: 40 x 30 x 15 cm; 1 Piece Luggage (23 Kg); 2ND BAG MAX 23KG 51LB 208LCM(F); Change without penalty before flight,Included,Included,Included,Included,Unknown,Unknown,Unknown,Included,Included,Unknown,Unknown,Unknown,Unknown,Unknown,Unknown,Unknown,,,,2026-07-28T07:01:31+00:00,partial,0
QR,LGW,ISB,LON,GB,ISB,PK,2027-04-28,2027-05-01,Summer,Economy,3,Eco-4,PLUS FLEX,Economy Comfort,"+1,750.79 USD",2380.51,USD,Ubfly,ECONFLEX-ECONFLEX,Personal Item: 40 x 30 x 15 cm; 1 Piece Luggage (23 Kg); 2ND BAG MAX 23KG 51LB 208LCM(F); Change without penalty before flight,Included,Included,Included,Included,Unknown,Unknown,Unknown,Included,Included,Unknown,Unknown,Unknown,Unknown,Unknown,Unknown,Unknown,,,,2026-07-28T07:01:31+00:00,partial,0
QR,LGW,ISB,LON,GB,ISB,PK,2027-04-28,2027-05-01,Summer,Business,0,Bus-1,BIZPROMO,Business Basic,0.00 USD,3253.02,USD,Ubfly,BIZPROMO-BIZPROMO,Personal Item: 40 x 30 x 15 cm; Dedicated check-in area,Included,Included,Unknown,Included,Included,Unknown,Included,Unknown,Unknown,Unknown,Unknown,Unknown,Unknown,Unknown,Unknown,Unknown,,,,2026-07-28T07:01:31+00:00,partial,0
QR,LGW,ISB,LON,GB,ISB,PK,2027-04-28,2027-05-01,Summer,Business,1,Bus-2,BUSINESS PLUS SELECT,Business Comfort,+605.58 USD,3858.6,USD,Ubfly,BIZSEL-BIZSEL,Personal Item: 40 x 30 x 15 cm; Dedicated check-in area,Included,Included,Included,Included,Included,Unknown,Included,Unknown,Unknown,Unknown,Unknown,Unknown,Unknown,Unknown,Unknown,Unknown,,,,2026-07-28T07:01:31+00:00,partial,0
QR,LGW,ISB,LON,GB,ISB,PK,2027-04-28,2027-05-01,Summer,Business,2,Bus-3,BIZPRO,Business — BIZPRO,"+1,082.07 USD",4335.09,USD,Ubfly,BIZPRO-BIZPRO,Personal Item: 40 x 30 x 15 cm; Dedicated check-in area; Change without penalty before flight,Included,Included,Included,Included,Included,Unknown,Included,Included,Included,Unknown,Unknown,Unknown,Unknown,Unknown,Unknown,Unknown,,,,2026-07-28T07:01:31+00:00,partial,0
QR,LGW,ISB,LON,GB,ISB,PK,2027-04-28,2027-05-01,Summer,Business,3,Bus-4,BUSINESS FLEX,Business Flex,"+3,134.42 USD",6387.44,USD,Ubfly,BIZFLEX-BIZFLEX,Personal Item: 40 x 30 x 15 cm; Dedicated check-in area; Change without penalty before flight,Included,Included,Included,Included,Included,Unknown,Included,Included,Included,Unknown,Unknown,Unknown,Unknown,Unknown,Unknown,Unknown,,,,2026-07-28T07:01:31+00:00,partial,0
QR,LGW,ISB,LON,GB,ISB,PK,2026-12-11,2026-12-14,Winter,Economy,0,Eco-1,ECONOMY BASIC,Economy Basic,0.00 USD,1144.43,USD,Ubfly,BAG-BAG,Personal Item: 40 x 30 x 15 cm; 1 Piece Luggage (23 Kg); 2ND BAG MAX 23KG 51LB 208LCM(F),Included,Included,Unknown,Included,Unknown,Unknown,Unknown,Unknown,Unknown,Unknown,Unknown,Unknown,Unknown,Unknown,Unknown,Unknown,,,,2026-07-28T07:01:31+00:00,partial,0
QR,LGW,ISB,LON,GB,ISB,PK,2026-12-11,2026-12-14,Winter,Economy,1,Eco-2,PLUS SELECT,Economy Comfort,+88.41 USD,1232.84,USD,Ubfly,ECONSEL-ECONSEL,Personal Item: 40 x 30 x 15 cm; 1 Piece Luggage (23 Kg); 2ND BAG MAX 23KG 51LB 208LCM(F); Change without penalty before flight,Included,Included,Unknown,Included,Unknown,Unknown,Unknown,Unknown,Included,Unknown,Unknown,Unknown,Unknown,Unknown,Unknown,Unknown,,,,2026-07-28T07:01:31+00:00,partial,0
QR,LGW,ISB,LON,GB,ISB,PK,2026-12-11,2026-12-14,Winter,Economy,2,Eco-3,ECONPRO,Economy — ECONPRO,+218.87 USD,1363.3,USD,Ubfly,ECONPRO-ECONPRO,Personal Item: 40 x 30 x 15 cm; 1 Piece Luggage (23 Kg); 2ND BAG MAX 23KG 51LB 208LCM(F); Change without penalty before flight,Included,Included,Included,Included,Unknown,Unknown,Unknown,Included,Included,Unknown,Unknown,Unknown,Unknown,Unknown,Unknown,Unknown,,,,2026-07-28T07:01:31+00:00,partial,0
QR,LGW,ISB,LON,GB,ISB,PK,2026-12-11,2026-12-14,Winter,Economy,3,Eco-4,PLUS FLEX,Economy Comfort,"+1,414.06 USD",2558.49,USD,Ubfly,ECONFLEX-ECONFLEX,Personal Item: 40 x 30 x 15 cm; 1 Piece Luggage (23 Kg); 2ND BAG MAX 23KG 51LB 208LCM(F); Change without penalty before flight,Included,Included,Included,Included,Unknown,Unknown,Unknown,Included,Included,Unknown,Unknown,Unknown,Unknown,Unknown,Unknown,Unknown,,,,2026-07-28T07:01:31+00:00,partial,0
QR,LGW,ISB,LON,GB,ISB,PK,2026-12-11,2026-12-14,Winter,Business,0,Bus-1,BIZPROMO,Business Basic,0.00 USD,3686.23,USD,Ubfly,BIZPROMO-BIZPROMO,Personal Item: 40 x 30 x 15 cm; Dedicated check-in area,Included,Included,Unknown,Included,Included,Unknown,Included,Unknown,Unknown,Unknown,Unknown,Unknown,Unknown,Unknown,Unknown,Unknown,,,,2026-07-28T07:01:31+00:00,partial,0
QR,LGW,ISB,LON,GB,ISB,PK,2026-12-11,2026-12-14,Winter,Business,1,Bus-2,BUSINESS PLUS SELECT,Business Comfort,+605.58 USD,4291.81,USD,Ubfly,BIZSEL-BIZSEL,Personal Item: 40 x 30 x 15 cm; Dedicated check-in area,Included,Included,Included,Included,Included,Unknown,Included,Unknown,Unknown,Unknown,Unknown,Unknown,Unknown,Unknown,Unknown,Unknown,,,,2026-07-28T07:01:31+00:00,partial,0
QR,LGW,ISB,LON,GB,ISB,PK,2026-12-11,2026-12-14,Winter,Business,2,Bus-3,BIZPRO,Business — BIZPRO,"+1,082.07 USD",4768.3,USD,Ubfly,BIZPRO-BIZPRO,Personal Item: 40 x 30 x 15 cm; Dedicated check-in area; Change without penalty before flight,Included,Included,Included,Included,Included,Unknown,Included,Included,Included,Unknown,Unknown,Unknown,Unknown,Unknown,Unknown,Unknown,,,,2026-07-28T07:01:31+00:00,partial,0
QR,LGW,ISB,LON,GB,ISB,PK,2026-12-11,2026-12-14,Winter,Business,3,Bus-4,BUSINESS FLEX,Business Flex,"+2,796.36 USD",6482.59,USD,Ubfly,BIZFLEX-BIZFLEX,Personal Item: 40 x 30 x 15 cm; Dedicated check-in area; Change without penalty before flight,Included,Included,Included,Included,Included,Unknown,Included,Included,Included,Unknown,Unknown,Unknown,Unknown,Unknown,Unknown,Unknown,,,,2026-07-28T07:01:31+00:00,partial,0
EK,LGW,ISB,LON,GB,ISB,PK,2027-04-28,2027-05-01,Summer,Economy,0,Eco-1,ECOFLEX,Economy Flex,0.00 USD,850.48,USD,Ubfly,ECOFLEX-ECOFLEX,Soft drink; In-flight entertainment,Included,Included,Unknown,Included,Unknown,Unknown,Unknown,Unknown,Unknown,Unknown,Unknown,Unknown,Unknown,Unknown,Unknown,Unknown,Yes,,70.0,2026-07-28T07:01:31+00:00,success,0
EK,LGW,ISB,LON,GB,ISB,PK,2027-04-28,2027-05-01,Summer,Economy,1,Eco-2,ECOFLXPLUS,Economy Comfort,+455.20 USD,1305.68,USD,Ubfly,ECOFLXPLUS-ECOFLXPLUS,Soft drink; In-flight entertainment; Uninterrupted return (up to the last 12 hours); Change with Penalty,Included,Included,Unknown,Included,Unknown,Unknown,Unknown,Unknown,Unknown,Unknown,Unknown,Unknown,Unknown,Unknown,Unknown,Unknown,Yes,,100.0,2026-07-28T07:01:31+00:00,success,0
EK,LGW,ISB,LON,GB,ISB,PK,2027-04-28,2027-05-01,Summer,Economy,2,Eco-3,PYFLXPLUS,Economy Comfort,+861.96 USD,1712.44,USD,Ubfly,PYFLXPLUS-PYFLXPLUS,Soft drink; In-flight entertainment; Uninterrupted return (up to the last 12 hours); Change with Penalty,Included,Included,Included,Included,Unknown,Unknown,Unknown,Unknown,Unknown,Unknown,Unknown,Unknown,Unknown,Unknown,Unknown,Unknown,Yes,,,2026-07-28T07:01:31+00:00,success,0
EK,LGW,ISB,LON,GB,ISB,PK,2027-04-28,2027-05-01,Summer,Business,0,Bus-1,BSSAVER,Business Basic,0.00 USD,2649.79,USD,Ubfly,BSSAVER-BSSAVER,Premium check-in; Soft drink; In-flight entertainment; Chauffeur Drive; Internet Access,Included,Included,Included,Included,Included,Included,Included,Not Included,Paid,Unknown,Unknown,Unknown,Unknown,Unknown,Unknown,Unknown,Yes,,,2026-07-28T07:01:31+00:00,success,0
EK,LGW,ISB,LON,GB,ISB,PK,2027-04-28,2027-05-01,Summer,Business,1,Bus-2,BSFLEX,Business Flex,+547.02 USD,3196.81,USD,Ubfly,BSFLEX-BSFLEX,Premium check-in; Soft drink; In-flight entertainment; Chauffeur Drive; Internet Access,Included,Included,Included,Included,Included,Included,Included,Paid,Paid,Unknown,Unknown,Unknown,Unknown,Unknown,Unknown,Unknown,Yes,,175.0,2026-07-28T07:01:31+00:00,success,0
EK,LGW,ISB,LON,GB,ISB,PK,2027-04-28,2027-05-01,Summer,Business,2,Bus-3,BSFLXPLUS,Business Comfort,"+1,639.73 USD",4289.52,USD,Ubfly,BSFLXPLUS-BSFLXPLUS,Premium check-in; Soft drink; In-flight entertainment; Chauffeur Drive; Internet Access; Uninterrupted return (up to the last 12 hours); Change with Penalty,Included,Included,Included,Included,Included,Included,Included,Included,Included,Unknown,Unknown,Unknown,Unknown,Unknown,Unknown,Unknown,Yes,,190.0,2026-07-28T07:01:31+00:00,success,0
EK,LGW,ISB,LON,GB,ISB,PK,2026-12-11,2026-12-14,Winter,Economy,0,Eco-1,ECOFLEX,Economy Flex,0.00 USD,1120.24,USD,Ubfly,ECOFLEX-ECOFLEX,Soft drink; In-flight entertainment,Included,Included,Unknown,Included,Unknown,Unknown,Unknown,Unknown,Unknown,Unknown,Unknown,Unknown,Unknown,Unknown,Unknown,Unknown,Yes,,70.0,2026-07-28T07:01:31+00:00,success,0
EK,LGW,ISB,LON,GB,ISB,PK,2026-12-11,2026-12-14,Winter,Economy,1,Eco-2,ECOFLXPLUS,Economy Comfort,+472.48 USD,1592.72,USD,Ubfly,ECOFLXPLUS-ECOFLXPLUS,Soft drink; In-flight entertainment; Uninterrupted return (up to the last 12 hours); Change with Penalty,Included,Included,Unknown,Included,Unknown,Unknown,Unknown,Unknown,Unknown,Unknown,Unknown,Unknown,Unknown,Unknown,Unknown,Unknown,Yes,,100.0,2026-07-28T07:01:31+00:00,success,0
EK,LGW,ISB,LON,GB,ISB,PK,2026-12-11,2026-12-14,Winter,Economy,2,Eco-3,PYFLXPLUS,Economy Comfort,"+1,748.89 USD",2869.13,USD,Ubfly,PYFLXPLUS-PYFLXPLUS,Soft drink; In-flight entertainment; Uninterrupted return (up to the last 12 hours); Change with Penalty,Included,Included,Included,Included,Unknown,Unknown,Unknown,Unknown,Unknown,Unknown,Unknown,Unknown,Unknown,Unknown,Unknown,Unknown,Yes,,,2026-07-28T07:01:31+00:00,success,0
EK,LGW,ISB,LON,GB,ISB,PK,2026-12-11,2026-12-14,Winter,Business,0,Bus-1,BSSAVER,Business Basic,0.00 USD,2731.03,USD,Ubfly,BSSAVER-BSSAVER,Premium check-in; Soft drink; In-flight entertainment; Chauffeur Drive; Internet Access,Included,Included,Included,Included,Included,Included,Included,Not Included,Paid,Unknown,Unknown,Unknown,Unknown,Unknown,Unknown,Unknown,Yes,,,2026-07-28T07:01:31+00:00,success,0
EK,LGW,ISB,LON,GB,ISB,PK,2026-12-11,2026-12-14,Winter,Business,1,Bus-2,BSFLEX,Business Flex,+572.31 USD,3303.34,USD,Ubfly,BSFLEX-BSFLEX,Premium check-in; Soft drink; In-flight entertainment; Chauffeur Drive; Internet Access,Included,Included,Included,Included,Included,Included,Included,Paid,Paid,Unknown,Unknown,Unknown,Unknown,Unknown,Unknown,Unknown,Yes,,175.0,2026-07-28T07:01:31+00:00,success,0
EK,LGW,ISB,LON,GB,ISB,PK,2026-12-11,2026-12-14,Winter,Business,2,Bus-3,BSFLXPLUS,Business Comfort,"+1,714.29 USD",4445.32,USD,Ubfly,BSFLXPLUS-BSFLXPLUS,Premium check-in; Soft drink; In-flight entertainment; Chauffeur Drive; Internet Access; Uninterrupted return (up to the last 12 hours); Change with Penalty,Included,Included,Included,Included,Included,Included,Included,Included,Included,Unknown,Unknown,Unknown,Unknown,Unknown,Unknown,Unknown,Yes,,190.0,2026-07-28T07:01:31+00:00,success,0
EK,HAN,PRG,HAN,VN,PRG,CZ,2026-09-25,2026-09-28,Summer,Economy,0,Eco-1,ECOSAVER,Economy Basic,0.00 USD,705.15,USD,Ubfly,ECOSAVER-ECOSAVER,Soft drink; In-flight entertainment,Included,Included,Unknown,Included,Unknown,Unknown,Unknown,Not Included,Paid,Unknown,Unknown,Unknown,Unknown,Unknown,Unknown,Unknown,Yes,,30.0,2026-07-28T07:01:31+00:00,success,0
EK,HAN,PRG,HAN,VN,PRG,CZ,2026-09-25,2026-09-28,Summer,Economy,1,Eco-2,ECOFLEX,Economy Flex,+120.68 USD,825.83,USD,Ubfly,ECOFLEX-ECOFLEX,Soft drink; In-flight entertainment,Included,Included,Unknown,Included,Unknown,Unknown,Unknown,Paid,Paid,Unknown,Unknown,Unknown,Unknown,Unknown,Unknown,Unknown,Yes,,70.0,2026-07-28T07:01:31+00:00,success,0
EK,HAN,PRG,HAN,VN,PRG,CZ,2026-09-25,2026-09-28,Summer,Economy,2,Eco-3,ECOFLXPLUS,Economy Comfort,+479.75 USD,1184.9,USD,Ubfly,ECOFLXPLUS-ECOFLXPLUS,Soft drink; In-flight entertainment; Uninterrupted return (up to the last 12 hours); Change with Penalty,Included,Included,Unknown,Included,Unknown,Unknown,Unknown,Included,Included,Unknown,Unknown,Unknown,Unknown,Unknown,Unknown,Unknown,Yes,,100.0,2026-07-28T07:01:31+00:00,success,0
EK,HAN,PRG,HAN,VN,PRG,CZ,2026-09-25,2026-09-28,Summer,Business,0,Bus-1,BSSAVER,Business Basic,0.00 USD,2449.59,USD,Ubfly,BSSAVER-BSSAVER,Soft drink; Premium check-in; In-flight entertainment; Chauffeur Drive; Internet Access,Included,Included,Included,Included,Included,Included,Included,Not Included,Paid,Unknown,Unknown,Unknown,Unknown,Unknown,Unknown,Unknown,Yes,,,2026-07-28T07:01:31+00:00,success,0
EK,HAN,PRG,HAN,VN,PRG,CZ,2026-09-25,2026-09-28,Summer,Business,1,Bus-2,BSFLEX,Business Flex,+418.91 USD,2868.5,USD,Ubfly,BSFLEX-BSFLEX,Premium check-in; Soft drink; In-flight entertainment; Chauffeur Drive; Internet Access,Included,Included,Included,Included,Included,Included,Included,Paid,Paid,Unknown,Unknown,Unknown,Unknown,Unknown,Unknown,Unknown,Yes,,175.0,2026-07-28T07:01:31+00:00,success,0
EK,HAN,PRG,HAN,VN,PRG,CZ,2026-09-25,2026-09-28,Summer,Business,2,Bus-3,BSFLXPLUS,Business Comfort,"+1,048.28 USD",3497.87,USD,Ubfly,BSFLXPLUS-BSFLXPLUS,Premium check-in; Soft drink; In-flight entertainment; Chauffeur Drive; Internet Access; Uninterrupted return (up to the last 12 hours); Change with Penalty,Included,Included,Included,Included,Included,Included,Included,Included,Included,Unknown,Unknown,Unknown,Unknown,Unknown,Unknown,Unknown,Yes,,190.0,2026-07-28T07:01:31+00:00,success,0
EK,HAN,PRG,HAN,VN,PRG,CZ,2026-12-10,2026-12-13,Winter,Economy,0,Eco-1,Economy Saver,Economy Basic,0.00 USD,642.57,USD,Ubfly,YP-ee2aa4cb223b4583ae7d18a2eda8f38d,• Hot and cold refreshments; • ICE entertainment; • Mileage upgrade eligibility at time of check-in; Economy Cabin,Included,Included,Paid,Included,Unknown,Unknown,Unknown,Included,Not Included,Unknown,Unknown,Unknown,Included,Unknown,Unknown,Unknown,Yes,1800.0,,2026-07-28T07:01:31+00:00,success,0
EK,HAN,PRG,HAN,VN,PRG,CZ,2026-12-10,2026-12-13,Winter,Economy,1,Eco-2,Economy Flex,Economy Flex,+172.55 USD,815.12,USD,Ubfly,YS-83bb7bba3c0b49d79e9f47af6b5fcbc9,• Hot and cold refreshments; • ICE entertainment; • Mileage upgrade eligibility; Economy Cabin,Included,Included,Included,Included,Unknown,Unknown,Unknown,Included,Not Included,Unknown,Unknown,Unknown,Included,Unknown,Unknown,Unknown,Yes,4500.0,,2026-07-28T07:01:31+00:00,success,0
EK,HAN,PRG,HAN,VN,PRG,CZ,2026-12-10,2026-12-13,Winter,Economy,2,Eco-3,Economy Flex Plus,Economy Comfort,+530.60 USD,1173.17,USD,Ubfly,YF-3ff373e108fd4d5389fae2555b04a4b6,• Hot and cold refreshments; • ICE entertainment; • Mileage upgrade eligibility; Economy Cabin,Included,Included,Included,Included,Unknown,Unknown,Unknown,Not Included,Not Included,Unknown,Unknown,Unknown,Included,Unknown,Unknown,Unknown,Yes,6000.0,,2026-07-28T07:01:31+00:00,success,0
EK,HAN,PRG,HAN,VN,PRG,CZ,2026-12-10,2026-12-13,Winter,Premium Economy,0,PEco-1,Premium Economy FlexPlus,Premium Economy Comfort,+559.54 USD,1202.11,USD,Ubfly,WF-f8f1f7a12f044ad5b298095f1ba307f4,• Hot and cold refreshments; • ICE entertainment; • Mileage upgrade eligibility; • Exclusive Premium Economy Class dining; Premium Economy Cabin,Included,Included,Included,Unknown,Unknown,Unknown,Unknown,Not Included,Not Included,Unknown,Unknown,Unknown,Included,Unknown,Unknown,Unknown,Yes,6600.0,,2026-07-28T07:01:31+00:00,success,0
EK,HAN,PRG,HAN,VN,PRG,CZ,2026-12-10,2026-12-13,Winter,Business,0,Bus-1,BSSAVER,Business Basic,0.00 USD,2449.59,USD,Ubfly,BSSAVER-BSSAVER,Soft drink; Internet Access; Premium check-in; In-flight entertainment; Chauffeur Drive,Included,Included,Included,Included,Included,Included,Included,Not Included,Paid,Unknown,Unknown,Unknown,Unknown,Unknown,Unknown,Unknown,Yes,,,2026-07-28T07:01:31+00:00,success,0
EK,HAN,PRG,HAN,VN,PRG,CZ,2026-12-10,2026-12-13,Winter,Business,1,Bus-2,BSFLEX,Business Flex,+418.91 USD,2868.5,USD,Ubfly,BSFLEX-BSFLEX,Premium check-in; Soft drink; In-flight entertainment; Chauffeur Drive; Internet Access,Included,Included,Included,Included,Included,Included,Included,Paid,Paid,Unknown,Unknown,Unknown,Unknown,Unknown,Unknown,Unknown,Yes,,175.0,2026-07-28T07:01:31+00:00,success,0
EK,HAN,PRG,HAN,VN,PRG,CZ,2026-12-10,2026-12-13,Winter,Business,2,Bus-3,BSFLXPLUS,Business Comfort,"+1,048.28 USD",3497.87,USD,Ubfly,BSFLXPLUS-BSFLXPLUS,Premium check-in; Soft drink; In-flight entertainment; Chauffeur Drive; Internet Access; Uninterrupted return (up to the last 12 hours); Change with Penalty,Included,Included,Included,Included,Included,Included,Included,Included,Included,Unknown,Unknown,Unknown,Unknown,Unknown,Unknown,Unknown,Yes,,190.0,2026-07-28T07:01:31+00:00,success,0
QR,HAN,PRG,HAN,VN,PRG,CZ,2026-09-25,2026-09-28,Summer,Economy,0,Eco-1,ECONOMY CLASSIC,Economy Standard,0 USD,568.54,USD,Enuygun,bff_0,,Included,Included,Unknown,Included,Unknown,Unknown,Unknown,Unknown,Paid,Unknown,Unknown,Unknown,Unknown,Unknown,Unknown,Unknown,Yes,,50.0,2026-07-28T07:01:31+00:00,success,0
QR,HAN,PRG,HAN,VN,PRG,CZ,2026-09-25,2026-09-28,Summer,Economy,1,Eco-2,ECONOMY CONVENIENCE,Economy — ECONOMY CONVENIENCE,+204.06 USD,772.6,USD,Enuygun,bff_1,,Included,Included,Included,Included,Unknown,Unknown,Unknown,Paid,Paid,Unknown,Unknown,Unknown,Unknown,Unknown,Unknown,Unknown,Yes,,75.0,2026-07-28T07:01:31+00:00,success,0
QR,HAN,PRG,HAN,VN,PRG,CZ,2026-09-25,2026-09-28,Summer,Economy,2,Eco-3,ECONOMY COMFORT,Economy Comfort,+709.79 USD,1278.33,USD,Enuygun,bff_2,,Included,Included,Included,Included,Unknown,Unknown,Unknown,Paid,Paid,Unknown,Unknown,Unknown,Unknown,Unknown,Unknown,Unknown,Yes,,100.0,2026-07-28T07:01:31+00:00,success,0
QR,HAN,PRG,HAN,VN,PRG,CZ,2026-09-25,2026-09-28,Summer,Business,0,Bus-1,BCLASSIC,Business Standard,0.00 USD,2264.29,USD,Ubfly,BCLASSIC-BCLASSIC,125 PCT QMILES ACCUMULATION(F),Included,Included,Unknown,Included,Included,Unknown,Unknown,Paid,Paid,Unknown,Unknown,Unknown,Unknown,Unknown,Unknown,Unknown,,,,2026-07-28T07:01:31+00:00,success,0
QR,HAN,PRG,HAN,VN,PRG,CZ,2026-09-25,2026-09-28,Summer,Business,1,Bus-2,BUSINESS COMFORT,Business Comfort,+549.55 USD,2813.84,USD,Ubfly,BCOMFORT-BCOMFORT,175 PCT QMILES ACCUMULATION(F),Included,Included,Included,Included,Included,Unknown,Unknown,Paid,Paid,Unknown,Unknown,Unknown,Unknown,Unknown,Unknown,Unknown,,,,2026-07-28T07:01:31+00:00,success,0
QR,HAN,PRG,HAN,VN,PRG,CZ,2026-09-25,2026-09-28,Summer,Business,2,Bus-3,BUSINESS ELITE,Business Lite,"+1,117.07 USD",3381.36,USD,Ubfly,BELITE-BELITE,200 PCT QMILES ACCUMULATION(F); Uninterrupted return (up to the last 12 hours); Change with Penalty,Included,Included,Included,Included,Included,Unknown,Unknown,Included,Included,Unknown,Unknown,Unknown,Unknown,Unknown,Unknown,Unknown,,,,2026-07-28T07:01:31+00:00,success,0
QR,HAN,PRG,HAN,VN,PRG,CZ,2026-12-10,2026-12-13,Winter,Economy,0,Eco-1,ECONOMY CLASSIC,Economy Standard,0 USD,568.54,USD,Enuygun,bff_0,,Included,Included,Unknown,Included,Unknown,Unknown,Unknown,Unknown,Paid,Unknown,Unknown,Unknown,Unknown,Unknown,Unknown,Unknown,Yes,,50.0,2026-07-28T07:01:31+00:00,success,0
QR,HAN,PRG,HAN,VN,PRG,CZ,2026-12-10,2026-12-13,Winter,Economy,1,Eco-2,ECONOMY CONVENIENCE,Economy — ECONOMY CONVENIENCE,+204.06 USD,772.6,USD,Enuygun,bff_1,,Included,Included,Included,Included,Unknown,Unknown,Unknown,Paid,Paid,Unknown,Unknown,Unknown,Unknown,Unknown,Unknown,Unknown,Yes,,75.0,2026-07-28T07:01:31+00:00,success,0
QR,HAN,PRG,HAN,VN,PRG,CZ,2026-12-10,2026-12-13,Winter,Economy,2,Eco-3,ECONOMY COMFORT,Economy Comfort,+709.79 USD,1278.33,USD,Enuygun,bff_2,,Included,Included,Included,Included,Unknown,Unknown,Unknown,Paid,Paid,Unknown,Unknown,Unknown,Unknown,Unknown,Unknown,Unknown,Yes,,100.0,2026-07-28T07:01:31+00:00,success,0
QR,HAN,PRG,HAN,VN,PRG,CZ,2026-12-10,2026-12-13,Winter,Business,0,Bus-1,BUSINESS COMFORT,Business Comfort,0 USD,3170.71,USD,Enuygun,bff_0,,Included,Included,Included,Included,Included,Unknown,Unknown,Paid,Paid,Unknown,Unknown,Unknown,Unknown,Unknown,Unknown,Unknown,,,,2026-07-28T07:01:31+00:00,success,0
QR,HAN,PRG,HAN,VN,PRG,CZ,2026-12-10,2026-12-13,Winter,Business,1,Bus-2,BUSINESS ELITE,Business Lite,+381.77 USD,3552.48,USD,Enuygun,bff_1,,Included,Included,Included,Included,Included,Unknown,Unknown,Included,Included,Unknown,Unknown,Unknown,Unknown,Unknown,Unknown,Unknown,,,,2026-07-28T07:01:31+00:00,success,0
EY,HAN,PRG,HAN,VN,PRG,CZ,2026-09-26,2026-09-29,Summer,Economy,0,Eco-1,Economy Basic,Economy Basic,0 USD,1171.44,USD,Enuygun,bff_0,,Included,Included,Unknown,Included,Unknown,Unknown,Unknown,Not Included,Included,Unknown,Unknown,Unknown,Unknown,Unknown,Unknown,Unknown,,,,2026-07-28T07:01:31+00:00,partial,0
EY,HAN,PRG,HAN,VN,PRG,CZ,2026-09-26,2026-09-29,Summer,Economy,1,Eco-2,Economy Value,Economy Basic,+27.3 USD,1198.73,USD,Enuygun,bff_1,,Included,Included,Unknown,Included,Unknown,Unknown,Unknown,Not Included,Paid,Unknown,Unknown,Unknown,Unknown,Unknown,Unknown,Unknown,,,,2026-07-28T07:01:31+00:00,partial,0
EY,HAN,PRG,HAN,VN,PRG,CZ,2026-09-26,2026-09-29,Summer,Economy,2,Eco-3,Economy Comfort,Economy Comfort,+61.63 USD,1233.07,USD,Enuygun,bff_2,,Included,Included,Unknown,Included,Unknown,Unknown,Unknown,Paid,Paid,Unknown,Unknown,Unknown,Unknown,Unknown,Unknown,Unknown,,,,2026-07-28T07:01:31+00:00,partial,0
EY,HAN,PRG,HAN,VN,PRG,CZ,2026-09-26,2026-09-29,Summer,Economy,3,Eco-4,Economy Deluxe,Economy — Economy Deluxe,+252.41 USD,1423.85,USD,Enuygun,bff_3,priority_check_in: Öncelikli Check-in,Included,Included,Unknown,Included,Unknown,Unknown,Unknown,Included,Included,Unknown,Unknown,Unknown,Unknown,Unknown,Unknown,Unknown,,,,2026-07-28T07:01:31+00:00,partial,0
EY,HAN,PRG,HAN,VN,PRG,CZ,2026-09-26,2026-09-29,Summer,Business,0,Bus-1,Business Value,Business Basic,0 USD,2007.95,USD,Enuygun,bff_0,priority_check_in: Öncelikli Check-in,Included,Included,Unknown,Included,Unknown,Unknown,Unknown,Not Included,Paid,Unknown,Unknown,Unknown,Unknown,Unknown,Unknown,Unknown,,,,2026-07-28T07:01:31+00:00,partial,0
EY,HAN,PRG,HAN,VN,PRG,CZ,2026-09-26,2026-09-29,Summer,Business,1,Bus-2,Business Comfort,Business Comfort,+78.99 USD,2086.93,USD,Enuygun,bff_1,priority_check_in: Öncelikli Check-in,Included,Included,Unknown,Included,Included,Unknown,Unknown,Paid,Paid,Unknown,Unknown,Unknown,Unknown,Unknown,Unknown,Unknown,,,,2026-07-28T07:01:31+00:00,partial,0
EY,HAN,PRG,HAN,VN,PRG,CZ,2026-09-26,2026-09-29,Summer,Business,2,Bus-3,Business Deluxe,Business — Business Deluxe,+742.47 USD,2750.42,USD,Enuygun,bff_2,priority_check_in: Öncelikli Check-in,Included,Included,Unknown,Included,Included,Unknown,Unknown,Included,Included,Unknown,Unknown,Unknown,Unknown,Unknown,Unknown,Unknown,,,,2026-07-28T07:01:31+00:00,partial,0
EY,HAN,PRG,HAN,VN,PRG,CZ,2026-12-10,2026-12-13,Winter,Economy,0,Eco-1,YBASIC,Economy Basic,0.00 USD,560.55,USD,Ubfly,YBASIC-YBASIC,,Included,Not Included,Unknown,Included,Unknown,Unknown,Unknown,Not Included,Included,Unknown,Unknown,Unknown,Unknown,Unknown,Unknown,Unknown,Yes,,5.0,2026-07-28T07:01:31+00:00,success,0
EY,HAN,PRG,HAN,VN,PRG,CZ,2026-12-10,2026-12-13,Winter,Economy,1,Eco-2,YVALUE,Economy Basic,+24.50 USD,585.05,USD,Ubfly,YVALUE-YVALUE,,Included,Included,Unknown,Included,Unknown,Unknown,Unknown,Not Included,Paid,Unknown,Unknown,Unknown,Unknown,Unknown,Unknown,Unknown,Yes,,35.0,2026-07-28T07:01:31+00:00,success,0
EY,HAN,PRG,HAN,VN,PRG,CZ,2026-12-10,2026-12-13,Winter,Economy,2,Eco-3,YCOMFORT,Economy Comfort,+46.43 USD,606.98,USD,Ubfly,YCOMFORT-YCOMFORT,,Included,Included,Included,Included,Unknown,Unknown,Unknown,Paid,Paid,Unknown,Unknown,Unknown,Unknown,Unknown,Unknown,Unknown,Yes,,75.0,2026-07-28T07:01:31+00:00,success,0
EY,HAN,PRG,HAN,VN,PRG,CZ,2026-12-10,2026-12-13,Winter,Economy,3,Eco-4,YDELUXE,Economy — YDELUXE,+157.15 USD,717.7,USD,Ubfly,YDELUXE-YDELUXE,Change with Penalty; Uninterrupted return (up to the last 12 hours); Priority Access,Included,Included,Included,Included,Unknown,Unknown,Unknown,Included,Included,Unknown,Unknown,Unknown,Unknown,Unknown,Unknown,Unknown,Yes,,,2026-07-28T07:01:31+00:00,success,0
EY,HAN,PRG,HAN,VN,PRG,CZ,2026-12-10,2026-12-13,Winter,Business,0,Bus-1,JVALUE,Business Basic,0.00 USD,1934.96,USD,Ubfly,JVALUE-JVALUE,Priority Access,Included,Included,Unknown,Included,Unknown,Unknown,Unknown,Not Included,Paid,Unknown,Unknown,Unknown,Unknown,Unknown,Unknown,Unknown,Yes,,100.0,2026-07-28T07:01:31+00:00,success,0
EY,HAN,PRG,HAN,VN,PRG,CZ,2026-12-10,2026-12-13,Winter,Business,1,Bus-2,JCOMFORT,Business Comfort,+71.81 USD,2006.77,USD,Ubfly,JCOMFORT-JCOMFORT,Priority Access; ETIHAD UAE CHAUFFEUR(F),Included,Included,Included,Included,Included,Unknown,Unknown,Paid,Paid,Unknown,Unknown,Unknown,Unknown,Unknown,Unknown,Unknown,Yes,,,2026-07-28T07:01:31+00:00,success,0
EY,HAN,PRG,HAN,VN,PRG,CZ,2026-12-10,2026-12-13,Winter,Business,2,Bus-3,JDELUXE,Business — JDELUXE,+647.31 USD,2582.27,USD,Ubfly,JDELUXE-JDELUXE,Change with Penalty; Uninterrupted return (up to the last 12 hours); Priority Access; ETIHAD UAE CHAUFFEUR(F); ETIHAD GLOBAL CHAUFFEUR(F),Included,Included,Included,Included,Included,Unknown,Unknown,Included,Included,Unknown,Unknown,Unknown,Unknown,Unknown,Unknown,Unknown,Yes,,,2026-07-28T07:01:31+00:00,success,0
TK,HAN,PRG,HAN,VN,PRG,CZ,2026-09-25,2026-09-28,Summer,Economy,0,Eco-1,ECOFLY,Economy Basic,0.00 USD,626.57,USD,Ubfly,CL-5c6882730be148d08e04bb44841aee0d,Online Message Verification,Included,Included,Unknown,Included,Unknown,Unknown,Unknown,Not Included,Paid,Unknown,Unknown,Unknown,Unknown,Unknown,Unknown,Unknown,,,,2026-07-28T07:01:31+00:00,success,0
TK,HAN,PRG,HAN,VN,PRG,CZ,2026-09-25,2026-09-28,Summer,Economy,1,Eco-2,EXTRAFLY,Economy Standard,+66.41 USD,692.98,USD,Ubfly,LG-87c5eff4c85e4f5db0e881908c58096e,Online Message Verification,Included,Included,Unknown,Included,Unknown,Unknown,Unknown,Paid,Paid,Unknown,Unknown,Unknown,Unknown,Unknown,Unknown,Unknown,,,,2026-07-28T07:01:31+00:00,success,0
TK,HAN,PRG,HAN,VN,PRG,CZ,2026-09-25,2026-09-28,Summer,Economy,2,Eco-3,FLEXFLY,Economy Flex,+199.12 USD,825.69,USD,Ubfly,GN-f4b1e55abfdf41c0bba13a9a2b52a896,Online Message Verification,Included,Included,Included,Included,Unknown,Unknown,Unknown,Paid,Included,Unknown,Unknown,Unknown,Unknown,Unknown,Unknown,Unknown,Yes,,15.0,2026-07-28T07:01:31+00:00,success,0
TK,HAN,PRG,HAN,VN,PRG,CZ,2026-09-25,2026-09-28,Summer,Economy,3,Eco-4,Flexible,Economy Flex,+396.15 USD,1022.72,USD,Ubfly,FL-96366450706244fdad9d0d2f143850e2,Online Message Verification,Included,Included,Included,Included,Unknown,Unknown,Included,Included,Included,Unknown,Unknown,Paid,Unknown,Unknown,Unknown,Unknown,Yes,,30.0,2026-07-28T07:01:31+00:00,success,0
TK,HAN,PRG,HAN,VN,PRG,CZ,2026-09-25,2026-09-28,Summer,Business,0,Bus-1,BUSINESS FLY,Business — BUSINESS FLY,0.00 USD,2784.34,USD,Ubfly,BF-0adaa18096a24b28a69f88769e546e29,Priority Check-In,Included,Included,Included,Unknown,Included,Included,Included,Paid,Paid,Unknown,Unknown,Unknown,Included,Unknown,Unknown,Unknown,,,,2026-07-28T07:01:31+00:00,success,0
TK,HAN,PRG,HAN,VN,PRG,CZ,2026-09-25,2026-09-28,Summer,Business,1,Bus-2,BUSINESS PRIME,Business Premium,+389.00 USD,3173.34,USD,Ubfly,BL-f47c82a28ec64e6a8d002fbd26226e97,Priority Check-In,Included,Included,Included,Unknown,Included,Included,Included,Included,Included,Unknown,Unknown,Paid,Included,Unknown,Unknown,Unknown,Yes,,30.0,2026-07-28T07:01:31+00:00,success,0
TK,HAN,PRG,HAN,VN,PRG,CZ,2026-12-10,2026-12-13,Winter,Economy,0,Eco-1,ECOFLY,Economy Basic,0.00 USD,789.75,USD,Ubfly,CL-ac5bb872182f402dadc337f69b6a05b9,Online Message Verification,Included,Included,Unknown,Included,Unknown,Unknown,Unknown,Not Included,Paid,Unknown,Unknown,Unknown,Unknown,Unknown,Unknown,Unknown,,,,2026-07-28T07:01:31+00:00,success,0
TK,HAN,PRG,HAN,VN,PRG,CZ,2026-12-10,2026-12-13,Winter,Economy,1,Eco-2,EXTRAFLY,Economy Standard,+66.41 USD,856.16,USD,Ubfly,LG-22f34691922f444dab128a632ea8bdb8,Online Message Verification,Included,Included,Unknown,Included,Unknown,Unknown,Unknown,Paid,Paid,Unknown,Unknown,Unknown,Unknown,Unknown,Unknown,Unknown,,,,2026-07-28T07:01:31+00:00,success,0
TK,HAN,PRG,HAN,VN,PRG,CZ,2026-12-10,2026-12-13,Winter,Economy,2,Eco-3,FLEXFLY,Economy Flex,+199.14 USD,988.89,USD,Ubfly,GN-28949d763e064554a5b2b2f015246432,Online Message Verification,Included,Included,Included,Included,Unknown,Unknown,Unknown,Paid,Included,Unknown,Unknown,Unknown,Unknown,Unknown,Unknown,Unknown,Yes,,15.0,2026-07-28T07:01:31+00:00,success,0
TK,HAN,PRG,HAN,VN,PRG,CZ,2026-12-10,2026-12-13,Winter,Economy,3,Eco-4,Flexible,Economy Flex,+396.18 USD,1185.93,USD,Ubfly,FL-35e07b1dacff42188be64cdc26134e6e,Online Message Verification,Included,Included,Included,Included,Unknown,Unknown,Included,Included,Included,Unknown,Unknown,Paid,Unknown,Unknown,Unknown,Unknown,Yes,,30.0,2026-07-28T07:01:31+00:00,success,0
TK,HAN,PRG,HAN,VN,PRG,CZ,2026-12-10,2026-12-13,Winter,Business,0,Bus-1,BUSINESS FLY,Business — BUSINESS FLY,0.00 USD,2784.34,USD,Ubfly,BF-5702b754142e43249f21236435878c8d,Priority Check-In,Included,Included,Included,Unknown,Included,Included,Included,Paid,Paid,Unknown,Unknown,Unknown,Included,Unknown,Unknown,Unknown,,,,2026-07-28T07:01:31+00:00,success,0
TK,HAN,PRG,HAN,VN,PRG,CZ,2026-12-10,2026-12-13,Winter,Business,1,Bus-2,BUSINESS PRIME,Business Premium,+389.00 USD,3173.34,USD,Ubfly,BL-8fe7df2ab36b4148b46383423f0b9197,Priority Check-In,Included,Included,Included,Unknown,Included,Included,Included,Included,Included,Unknown,Unknown,Paid,Included,Unknown,Unknown,Unknown,Yes,,30.0,2026-07-28T07:01:31+00:00,success,0
QR,BKK,WAW,BKK,TH,WAW,PL,2026-08-20,2026-08-23,Summer,Economy,0,Eco-1,ECONOMY CLASSIC,Economy Standard,0 USD,938.61,USD,Enuygun,bff_0,,Included,Included,Unknown,Included,Unknown,Unknown,Unknown,Paid,Paid,Unknown,Unknown,Unknown,Unknown,Unknown,Unknown,Unknown,Yes,,50.0,2026-07-28T07:01:31+00:00,success,0
QR,BKK,WAW,BKK,TH,WAW,PL,2026-08-20,2026-08-23,Summer,Economy,1,Eco-2,ECONOMY CONVENIENCE,Economy — ECONOMY CONVENIENCE,+101.81 USD,1040.42,USD,Enuygun,bff_1,,Included,Included,Included,Included,Unknown,Unknown,Unknown,Paid,Paid,Unknown,Unknown,Unknown,Unknown,Unknown,Unknown,Unknown,Yes,,75.0,2026-07-28T07:01:31+00:00,success,0
QR,BKK,WAW,BKK,TH,WAW,PL,2026-08-20,2026-08-23,Summer,Economy,2,Eco-3,ECONOMY COMFORT,Economy Comfort,+797.81 USD,1736.41,USD,Enuygun,bff_2,,Included,Included,Included,Included,Unknown,Unknown,Unknown,Paid,Paid,Unknown,Unknown,Unknown,Unknown,Unknown,Unknown,Unknown,Yes,,100.0,2026-07-28T07:01:31+00:00,success,0
QR,BKK,WAW,BKK,TH,WAW,PL,2026-08-20,2026-08-23,Summer,Business,0,Bus-1,BUSINESS COMFORT,Business Comfort,0 USD,3686.7,USD,Enuygun,bff_0,,Included,Included,Included,Included,Included,Unknown,Unknown,Paid,Paid,Unknown,Unknown,Unknown,Unknown,Unknown,Unknown,Unknown,,,,2026-07-28T07:01:31+00:00,success,0
QR,BKK,WAW,BKK,TH,WAW,PL,2026-08-20,2026-08-23,Summer,Business,1,Bus-2,BUSINESS ELITE,Business Lite,+255.81 USD,3942.51,USD,Enuygun,bff_1,,Included,Included,Included,Included,Included,Unknown,Unknown,Included,Included,Unknown,Unknown,Unknown,Unknown,Unknown,Unknown,Unknown,,,,2026-07-28T07:01:31+00:00,success,0
QR,BKK,WAW,BKK,TH,WAW,PL,2027-03-03,2027-03-06,Winter,Economy,0,Eco-1,ECONOMY CLASSIC,Economy Standard,0 USD,925.25,USD,Enuygun,bff_0,,Included,Included,Unknown,Included,Unknown,Unknown,Unknown,Paid,Paid,Unknown,Unknown,Unknown,Unknown,Unknown,Unknown,Unknown,Yes,,50.0,2026-07-28T07:01:31+00:00,success,0
QR,BKK,WAW,BKK,TH,WAW,PL,2027-03-03,2027-03-06,Winter,Economy,1,Eco-2,ECONOMY CONVENIENCE,Economy — ECONOMY CONVENIENCE,+66.24 USD,991.49,USD,Enuygun,bff_1,,Included,Included,Included,Included,Unknown,Unknown,Unknown,Paid,Paid,Unknown,Unknown,Unknown,Unknown,Unknown,Unknown,Unknown,Yes,,75.0,2026-07-28T07:01:31+00:00,success,0
QR,BKK,WAW,BKK,TH,WAW,PL,2027-03-03,2027-03-06,Winter,Economy,2,Eco-3,ECONOMY COMFORT,Economy Comfort,+601.38 USD,1526.63,USD,Enuygun,bff_2,,Included,Included,Included,Included,Unknown,Unknown,Unknown,Paid,Paid,Unknown,Unknown,Unknown,Unknown,Unknown,Unknown,Unknown,Yes,,100.0,2026-07-28T07:01:31+00:00,success,0
QR,BKK,WAW,BKK,TH,WAW,PL,2027-03-03,2027-03-06,Winter,Business,0,Bus-1,BUSINESS COMFORT,Business Comfort,0 USD,3686.7,USD,Enuygun,bff_0,,Included,Included,Included,Included,Included,Unknown,Unknown,Paid,Paid,Unknown,Unknown,Unknown,Unknown,Unknown,Unknown,Unknown,,,,2026-07-28T07:01:31+00:00,success,0
QR,BKK,WAW,BKK,TH,WAW,PL,2027-03-03,2027-03-06,Winter,Business,1,Bus-2,BUSINESS ELITE,Business Lite,+255.81 USD,3942.51,USD,Enuygun,bff_1,,Included,Included,Included,Included,Included,Unknown,Unknown,Included,Included,Unknown,Unknown,Unknown,Unknown,Unknown,Unknown,Unknown,,,,2026-07-28T07:01:31+00:00,success,0
EY,BKK,WAW,BKK,TH,WAW,PL,2026-08-20,2026-08-23,Summer,Economy,0,Eco-1,YBASIC,Economy Basic,0.00 USD,1042.53,USD,Ubfly,YBASIC-YBASIC,,Included,Not Included,Unknown,Included,Unknown,Unknown,Unknown,Not Included,Included,Unknown,Unknown,Unknown,Unknown,Unknown,Unknown,Unknown,Yes,,5.0,2026-07-28T07:01:31+00:00,success,0
EY,BKK,WAW,BKK,TH,WAW,PL,2026-08-20,2026-08-23,Summer,Economy,1,Eco-2,YVALUE,Economy Basic,+35.41 USD,1077.94,USD,Ubfly,YVALUE-YVALUE,,Included,Included,Unknown,Included,Unknown,Unknown,Unknown,Not Included,Paid,Unknown,Unknown,Unknown,Unknown,Unknown,Unknown,Unknown,Yes,,35.0,2026-07-28T07:01:31+00:00,success,0
EY,BKK,WAW,BKK,TH,WAW,PL,2026-08-20,2026-08-23,Summer,Economy,2,Eco-3,YCOMFORT,Economy Comfort,+90.15 USD,1132.68,USD,Ubfly,YCOMFORT-YCOMFORT,,Included,Included,Included,Included,Unknown,Unknown,Unknown,Paid,Paid,Unknown,Unknown,Unknown,Unknown,Unknown,Unknown,Unknown,Yes,,75.0,2026-07-28T07:01:31+00:00,success,0
EY,BKK,WAW,BKK,TH,WAW,PL,2026-08-20,2026-08-23,Summer,Economy,3,Eco-4,YDELUXE,Economy — YDELUXE,+373.45 USD,1415.98,USD,Ubfly,YDELUXE-YDELUXE,Change with Penalty; Uninterrupted return (up to the last 12 hours); Priority Access,Included,Included,Included,Included,Unknown,Unknown,Unknown,Included,Included,Unknown,Unknown,Unknown,Unknown,Unknown,Unknown,Unknown,Yes,,,2026-07-28T07:01:31+00:00,success,0
EY,BKK,WAW,BKK,TH,WAW,PL,2026-08-20,2026-08-23,Summer,Business,0,Bus-1,JVALUE,Business Basic,0.00 USD,4560.07,USD,Ubfly,JVALUE-JVALUE,Priority Access,Included,Included,Unknown,Included,Unknown,Unknown,Unknown,Not Included,Paid,Unknown,Unknown,Unknown,Unknown,Unknown,Unknown,Unknown,Yes,,100.0,2026-07-28T07:01:31+00:00,success,0
EY,BKK,WAW,BKK,TH,WAW,PL,2026-08-20,2026-08-23,Summer,Business,1,Bus-2,JCOMFORT,Business Comfort,+181.56 USD,4741.63,USD,Ubfly,JCOMFORT-JCOMFORT,Priority Access; ETIHAD UAE CHAUFFEUR(F),Included,Included,Included,Included,Included,Unknown,Unknown,Paid,Paid,Unknown,Unknown,Unknown,Unknown,Unknown,Unknown,Unknown,Yes,,,2026-07-28T07:01:31+00:00,success,0
EY,BKK,WAW,BKK,TH,WAW,PL,2026-08-20,2026-08-23,Summer,Business,2,Bus-3,JDELUXE,Business — JDELUXE,+443.67 USD,5003.74,USD,Ubfly,JDELUXE-JDELUXE,Uninterrupted return (up to the last 12 hours); Priority Access; ETIHAD UAE CHAUFFEUR(F); ETIHAD GLOBAL CHAUFFEUR(F); Change with Penalty,Included,Included,Included,Included,Included,Unknown,Unknown,Included,Included,Unknown,Unknown,Unknown,Unknown,Unknown,Unknown,Unknown,Yes,,,2026-07-28T07:01:31+00:00,success,0
EY,BKK,WAW,BKK,TH,WAW,PL,2027-03-03,2027-03-06,Winter,Economy,0,Eco-1,YBASIC,Economy Basic,0.00 USD,560.3,USD,Ubfly,YBASIC-YBASIC,,Included,Not Included,Unknown,Included,Unknown,Unknown,Unknown,Not Included,Included,Unknown,Unknown,Unknown,Unknown,Unknown,Unknown,Unknown,Yes,,5.0,2026-07-28T07:01:31+00:00,success,0
EY,BKK,WAW,BKK,TH,WAW,PL,2027-03-03,2027-03-06,Winter,Economy,1,Eco-2,YVALUE,Economy Basic,+24.88 USD,585.18,USD,Ubfly,YVALUE-YVALUE,,Included,Included,Unknown,Included,Unknown,Unknown,Unknown,Not Included,Paid,Unknown,Unknown,Unknown,Unknown,Unknown,Unknown,Unknown,Yes,,35.0,2026-07-28T07:01:31+00:00,success,0
EY,BKK,WAW,BKK,TH,WAW,PL,2027-03-03,2027-03-06,Winter,Economy,2,Eco-3,YCOMFORT,Economy Comfort,+66.27 USD,626.57,USD,Ubfly,YCOMFORT-YCOMFORT,,Included,Included,Included,Included,Unknown,Unknown,Unknown,Paid,Paid,Unknown,Unknown,Unknown,Unknown,Unknown,Unknown,Unknown,Yes,,75.0,2026-07-28T07:01:31+00:00,success,0
EY,BKK,WAW,BKK,TH,WAW,PL,2027-03-03,2027-03-06,Winter,Economy,3,Eco-4,YDELUXE,Economy — YDELUXE,+167.13 USD,727.43,USD,Ubfly,YDELUXE-YDELUXE,Uninterrupted return (up to the last 12 hours); Priority Access; Change with Penalty,Included,Included,Included,Included,Unknown,Unknown,Unknown,Included,Included,Unknown,Unknown,Unknown,Unknown,Unknown,Unknown,Unknown,Yes,,,2026-07-28T07:01:31+00:00,success,0
EY,BKK,WAW,BKK,TH,WAW,PL,2027-03-03,2027-03-06,Winter,Business,0,Bus-1,JVALUE,Business Basic,0.00 USD,2360.32,USD,Ubfly,JVALUE-JVALUE,Priority Access,Included,Included,Unknown,Included,Unknown,Unknown,Unknown,Not Included,Paid,Unknown,Unknown,Unknown,Unknown,Unknown,Unknown,Unknown,Yes,,100.0,2026-07-28T07:01:31+00:00,success,0
EY,BKK,WAW,BKK,TH,WAW,PL,2027-03-03,2027-03-06,Winter,Business,1,Bus-2,JCOMFORT,Business Comfort,+144.03 USD,2504.35,USD,Ubfly,JCOMFORT-JCOMFORT,Priority Access; ETIHAD UAE CHAUFFEUR(F),Included,Included,Included,Included,Included,Unknown,Unknown,Paid,Paid,Unknown,Unknown,Unknown,Unknown,Unknown,Unknown,Unknown,Yes,,,2026-07-28T07:01:31+00:00,success,0
EY,BKK,WAW,BKK,TH,WAW,PL,2027-03-03,2027-03-06,Winter,Business,2,Bus-3,JDELUXE,Business — JDELUXE,+406.14 USD,2766.46,USD,Ubfly,JDELUXE-JDELUXE,Priority Access; ETIHAD UAE CHAUFFEUR(F); ETIHAD GLOBAL CHAUFFEUR(F); Change with Penalty; Uninterrupted return (up to the last 12 hours),Included,Included,Included,Included,Included,Unknown,Unknown,Included,Included,Unknown,Unknown,Unknown,Unknown,Unknown,Unknown,Unknown,Yes,,,2026-07-28T07:01:31+00:00,success,0
EK,BKK,WAW,BKK,TH,WAW,PL,2026-08-20,2026-08-23,Summer,Economy,0,Eco-1,ECOFLXPLUS,Economy Comfort,0.00 USD,1566.68,USD,Ubfly,ECOFLXPLUS-ECOFLXPLUS,Soft drink; Change with Penalty; Uninterrupted return (up to the last 12 hours); In-flight entertainment,Included,Included,Unknown,Included,Unknown,Unknown,Unknown,Unknown,Unknown,Unknown,Unknown,Unknown,Unknown,Unknown,Unknown,Unknown,Yes,,100.0,2026-07-28T07:01:31+00:00,success,0
EK,BKK,WAW,BKK,TH,WAW,PL,2026-08-20,2026-08-23,Summer,Economy,1,Eco-2,PYFLXPLUS,Economy Comfort,+260.34 USD,1827.02,USD,Ubfly,PYFLXPLUS-PYFLXPLUS,Soft drink; In-flight entertainment; Uninterrupted return (up to the last 12 hours); Change with Penalty,Included,Included,Included,Included,Unknown,Unknown,Unknown,Unknown,Unknown,Unknown,Unknown,Unknown,Unknown,Unknown,Unknown,Unknown,Yes,,,2026-07-28T07:01:31+00:00,success,0
EK,BKK,WAW,BKK,TH,WAW,PL,2026-08-20,2026-08-23,Summer,Business,0,Bus-1,BSSAVER,Business Basic,0.00 USD,3005.62,USD,Ubfly,BSSAVER-BSSAVER,Soft drink; Premium check-in; In-flight entertainment; Chauffeur Drive; Internet Access,Included,Included,Included,Included,Included,Included,Included,Not Included,Paid,Unknown,Unknown,Unknown,Unknown,Unknown,Unknown,Unknown,Yes,,,2026-07-28T07:01:31+00:00,success,0
EK,BKK,WAW,BKK,TH,WAW,PL,2026-08-20,2026-08-23,Summer,Business,1,Bus-2,BSFLEX,Business Flex,+341.02 USD,3346.64,USD,Ubfly,BSFLEX-BSFLEX,Premium check-in; Soft drink; In-flight entertainment; Chauffeur Drive; Internet Access,Included,Included,Included,Included,Included,Included,Included,Paid,Paid,Unknown,Unknown,Unknown,Unknown,Unknown,Unknown,Unknown,Yes,,175.0,2026-07-28T07:01:31+00:00,success,0
EK,BKK,WAW,BKK,TH,WAW,PL,2026-08-20,2026-08-23,Summer,Business,2,Bus-3,BSFLXPLUS,Business Comfort,+853.38 USD,3859.0,USD,Ubfly,BSFLXPLUS-BSFLXPLUS,Premium check-in; Soft drink; In-flight entertainment; Chauffeur Drive; Internet Access; Uninterrupted return (up to the last 12 hours); Change with Penalty,Included,Included,Included,Included,Included,Included,Included,Included,Included,Unknown,Unknown,Unknown,Unknown,Unknown,Unknown,Unknown,Yes,,190.0,2026-07-28T07:01:31+00:00,success,0
EK,BKK,WAW,BKK,TH,WAW,PL,2027-03-03,2027-03-06,Winter,Economy,0,Eco-1,ECOSAVER,Economy Basic,0.00 USD,846.08,USD,Ubfly,ECOSAVER-ECOSAVER,Soft drink; In-flight entertainment,Included,Included,Unknown,Included,Unknown,Unknown,Unknown,Unknown,Unknown,Unknown,Unknown,Unknown,Unknown,Unknown,Unknown,Unknown,Yes,,30.0,2026-07-28T07:01:31+00:00,success,0
EK,BKK,WAW,BKK,TH,WAW,PL,2027-03-03,2027-03-06,Winter,Economy,1,Eco-2,ECOFLEX,Economy Flex,+78.48 USD,924.56,USD,Ubfly,ECOFLEX-ECOFLEX,Soft drink; In-flight entertainment,Included,Included,Unknown,Included,Unknown,Unknown,Unknown,Unknown,Unknown,Unknown,Unknown,Unknown,Unknown,Unknown,Unknown,Unknown,Yes,,70.0,2026-07-28T07:01:31+00:00,success,0
EK,BKK,WAW,BKK,TH,WAW,PL,2027-03-03,2027-03-06,Winter,Economy,2,Eco-3,ECOFLXPLUS,Economy Comfort,+458.66 USD,1304.74,USD,Ubfly,ECOFLXPLUS-ECOFLXPLUS,Soft drink; In-flight entertainment; Uninterrupted return (up to the last 12 hours); Change with Penalty,Included,Included,Unknown,Included,Unknown,Unknown,Unknown,Unknown,Unknown,Unknown,Unknown,Unknown,Unknown,Unknown,Unknown,Unknown,Yes,,100.0,2026-07-28T07:01:31+00:00,success,0
EK,BKK,WAW,BKK,TH,WAW,PL,2027-03-03,2027-03-06,Winter,Economy,3,Eco-4,PYFLXPLUS,Economy Comfort,+506.87 USD,1352.95,USD,Ubfly,PYFLXPLUS-PYFLXPLUS,Soft drink; In-flight entertainment; Uninterrupted return (up to the last 12 hours); Change with Penalty,Included,Included,Included,Included,Unknown,Unknown,Unknown,Unknown,Unknown,Unknown,Unknown,Unknown,Unknown,Unknown,Unknown,Unknown,Yes,,,2026-07-28T07:01:31+00:00,success,0
EK,BKK,WAW,BKK,TH,WAW,PL,2027-03-03,2027-03-06,Winter,Business,0,Bus-1,BSSAVER,Business Basic,0.00 USD,3005.62,USD,Ubfly,BSSAVER-BSSAVER,Soft drink; Premium check-in; In-flight entertainment; Chauffeur Drive; Internet Access,Included,Included,Included,Included,Included,Included,Included,Not Included,Paid,Unknown,Unknown,Unknown,Unknown,Unknown,Unknown,Unknown,Yes,,,2026-07-28T07:01:31+00:00,success,0
EK,BKK,WAW,BKK,TH,WAW,PL,2027-03-03,2027-03-06,Winter,Business,1,Bus-2,BSFLEX,Business Flex,+341.02 USD,3346.64,USD,Ubfly,BSFLEX-BSFLEX,Premium check-in; Soft drink; In-flight entertainment; Chauffeur Drive; Internet Access,Included,Included,Included,Included,Included,Included,Included,Paid,Paid,Unknown,Unknown,Unknown,Unknown,Unknown,Unknown,Unknown,Yes,,175.0,2026-07-28T07:01:31+00:00,success,0
EK,BKK,WAW,BKK,TH,WAW,PL,2027-03-03,2027-03-06,Winter,Business,2,Bus-3,BSFLXPLUS,Business Comfort,+853.38 USD,3859.0,USD,Ubfly,BSFLXPLUS-BSFLXPLUS,Premium check-in; Soft drink; In-flight entertainment; Chauffeur Drive; Internet Access; Uninterrupted return (up to the last 12 hours); Change with Penalty,Included,Included,Included,Included,Included,Included,Included,Included,Included,Unknown,Unknown,Unknown,Unknown,Unknown,Unknown,Unknown,Yes,,190.0,2026-07-28T07:01:31+00:00,success,0
TK,BKK,WAW,BKK,TH,WAW,PL,2026-08-20,2026-08-23,Summer,Economy,0,Eco-1,ECOFLY,Economy Basic,0.00 USD,2195.15,USD,Ubfly,CL-32b1a97c3e764c7ba09c0a5225cd573f,Online Message Verification,Included,Included,Unknown,Included,Unknown,Unknown,Unknown,Not Included,Paid,Unknown,Unknown,Unknown,Unknown,Unknown,Unknown,Unknown,,,,2026-07-28T07:01:31+00:00,success,0
TK,BKK,WAW,BKK,TH,WAW,PL,2026-08-20,2026-08-23,Summer,Economy,1,Eco-2,EXTRAFLY,Economy Standard,+63.88 USD,2259.03,USD,Ubfly,LG-c57807c324e14cd7b404a5ceefed6776,Online Message Verification,Included,Included,Unknown,Included,Unknown,Unknown,Unknown,Not Included,Paid,Unknown,Unknown,Unknown,Unknown,Unknown,Unknown,Unknown,,,,2026-07-28T07:01:31+00:00,success,0
TK,BKK,WAW,BKK,TH,WAW,PL,2026-08-20,2026-08-23,Summer,Economy,2,Eco-3,FLEXFLY,Economy Flex,+191.54 USD,2386.69,USD,Ubfly,GN-84ff958ed16e47aa8ed6a6918ead5424,Online Message Verification,Included,Included,Included,Included,Unknown,Unknown,Unknown,Paid,Included,Unknown,Unknown,Unknown,Unknown,Unknown,Unknown,Unknown,Yes,,15.0,2026-07-28T07:01:31+00:00,success,0
TK,BKK,WAW,BKK,TH,WAW,PL,2026-08-20,2026-08-23,Summer,Economy,3,Eco-4,Flexible,Economy Flex,+383.93 USD,2579.08,USD,Ubfly,FL-9daa72a182e94351bac8ca362d939f89,Online Message Verification,Included,Included,Included,Included,Unknown,Unknown,Included,Included,Included,Unknown,Unknown,Paid,Unknown,Unknown,Unknown,Unknown,Yes,,30.0,2026-07-28T07:01:31+00:00,success,0
TK,BKK,WAW,BKK,TH,WAW,PL,2026-08-20,2026-08-23,Summer,Business,0,Bus-1,Business Fly,Business — Business Fly,0 USD,7324.49,USD,Enuygun,bff_0,priority_check_in: Öncelikli Check-in,Included,Included,Included,Unknown,Included,Included,Included,Paid,Paid,Unknown,Unknown,Unknown,Included,Unknown,Unknown,Unknown,,,,2026-07-28T07:01:31+00:00,success,0
TK,BKK,WAW,BKK,TH,WAW,PL,2026-08-20,2026-08-23,Summer,Business,1,Bus-2,Business Prime,Business Premium,+414.41 USD,7738.9,USD,Enuygun,bff_1,priority_check_in: Öncelikli Check-in,Included,Included,Included,Unknown,Included,Included,Included,Included,Included,Unknown,Unknown,Paid,Included,Unknown,Unknown,Unknown,Yes,,30.0,2026-07-28T07:01:31+00:00,success,0
TK,BKK,WAW,BKK,TH,WAW,PL,2027-03-03,2027-03-06,Winter,Economy,0,Eco-1,ECOFLY,Economy Basic,0.00 USD,1391.95,USD,Ubfly,CL-152c968d3687457094db1aaa6c45d0fd,Online Message Verification,Included,Included,Unknown,Included,Unknown,Unknown,Unknown,Not Included,Paid,Unknown,Unknown,Unknown,Unknown,Unknown,Unknown,Unknown,,,,2026-07-28T07:01:31+00:00,success,0
TK,BKK,WAW,BKK,TH,WAW,PL,2027-03-03,2027-03-06,Winter,Economy,1,Eco-2,EXTRAFLY,Economy Standard,+63.88 USD,1455.83,USD,Ubfly,LG-910d18e78d884110824b4b37bc69d1c7,Online Message Verification,Included,Included,Unknown,Included,Unknown,Unknown,Unknown,Paid,Paid,Unknown,Unknown,Unknown,Unknown,Unknown,Unknown,Unknown,,,,2026-07-28T07:01:31+00:00,success,0
TK,BKK,WAW,BKK,TH,WAW,PL,2027-03-03,2027-03-06,Winter,Economy,2,Eco-3,FLEXFLY,Economy Flex,+191.54 USD,1583.49,USD,Ubfly,GN-3ad541f546b044d2a37df3484e41f144,Online Message Verification,Included,Included,Included,Included,Unknown,Unknown,Unknown,Paid,Included,Unknown,Unknown,Unknown,Unknown,Unknown,Unknown,Unknown,Yes,,15.0,2026-07-28T07:01:31+00:00,success,0
TK,BKK,WAW,BKK,TH,WAW,PL,2027-03-03,2027-03-06,Winter,Economy,3,Eco-4,Flexible,Economy Flex,+383.93 USD,1775.88,USD,Ubfly,FL-90310ad171bc419d94a1c0485b7171b6,Online Message Verification,Included,Included,Included,Included,Unknown,Unknown,Included,Included,Included,Unknown,Unknown,Paid,Unknown,Unknown,Unknown,Unknown,Yes,,30.0,2026-07-28T07:01:31+00:00,success,0
TK,BKK,WAW,BKK,TH,WAW,PL,2027-03-03,2027-03-06,Winter,Business,0,Bus-1,BUSINESS FLY,Business — BUSINESS FLY,0.00 USD,3804.68,USD,Ubfly,BF-7b17e6dc2f364e5abe04edae6d653038,Priority Check-In,Included,Included,Included,Included,Included,Included,Included,Paid,Paid,Unknown,Unknown,Unknown,Included,Unknown,Unknown,Unknown,,,,2026-07-28T07:01:31+00:00,success,0
TK,BKK,WAW,BKK,TH,WAW,PL,2027-03-03,2027-03-06,Winter,Business,1,Bus-2,BUSINESS PRIME,Business Premium,+376.78 USD,4181.46,USD,Ubfly,BL-80fc6154bd1c4ab79807ed4b4b34334b,Priority Check-In,Included,Included,Included,Included,Included,Included,Included,Included,Included,Unknown,Unknown,Paid,Included,Unknown,Unknown,Unknown,Yes,,30.0,2026-07-28T07:01:31+00:00,success,0
EK,BKK,PRG,BKK,TH,PRG,CZ,2026-09-12,2026-09-15,Summer,Economy,0,Eco-1,ECOSAVER,Economy Basic,0.00 USD,811.08,USD,Ubfly,ECOSAVER-ECOSAVER,Soft drink; In-flight entertainment,Included,Included,Unknown,Included,Unknown,Unknown,Unknown,Unknown,Unknown,Unknown,Unknown,Unknown,Unknown,Unknown,Unknown,Unknown,Yes,,30.0,2026-07-28T07:01:31+00:00,success,0
EK,BKK,PRG,BKK,TH,PRG,CZ,2026-09-12,2026-09-15,Summer,Economy,1,Eco-2,ECOFLEX,Economy Flex,+130.98 USD,942.06,USD,Ubfly,ECOFLEX-ECOFLEX,Soft drink; In-flight entertainment,Included,Included,Unknown,Included,Unknown,Unknown,Unknown,Unknown,Unknown,Unknown,Unknown,Unknown,Unknown,Unknown,Unknown,Unknown,Yes,,70.0,2026-07-28T07:01:31+00:00,success,0
EK,BKK,PRG,BKK,TH,PRG,CZ,2026-09-12,2026-09-15,Summer,Economy,2,Eco-3,ECOFLXPLUS,Economy Comfort,+511.01 USD,1322.09,USD,Ubfly,ECOFLXPLUS-ECOFLXPLUS,Soft drink; In-flight entertainment; Uninterrupted return (up to the last 12 hours); Change with Penalty,Included,Included,Unknown,Included,Unknown,Unknown,Unknown,Unknown,Unknown,Unknown,Unknown,Unknown,Unknown,Unknown,Unknown,Unknown,Yes,,100.0,2026-07-28T07:01:31+00:00,success,0
EK,BKK,PRG,BKK,TH,PRG,CZ,2026-09-12,2026-09-15,Summer,Economy,3,Eco-4,PYFLXPLUS,Economy Comfort,+559.37 USD,1370.45,USD,Ubfly,PYFLXPLUS-PYFLXPLUS,Soft drink; In-flight entertainment; Uninterrupted return (up to the last 12 hours); Change with Penalty,Included,Included,Included,Included,Unknown,Unknown,Unknown,Unknown,Unknown,Unknown,Unknown,Unknown,Unknown,Unknown,Unknown,Unknown,Yes,,,2026-07-28T07:01:31+00:00,success,0
EK,BKK,PRG,BKK,TH,PRG,CZ,2026-09-12,2026-09-15,Summer,Business,0,Bus-1,BSSAVER,Business Basic,0.00 USD,3054.72,USD,Ubfly,BSSAVER-BSSAVER,Soft drink; Internet Access; Premium check-in; In-flight entertainment; Chauffeur Drive,Included,Included,Included,Included,Included,Included,Included,Not Included,Paid,Unknown,Unknown,Unknown,Unknown,Unknown,Unknown,Unknown,Yes,,,2026-07-28T07:01:31+00:00,success,0
EK,BKK,PRG,BKK,TH,PRG,CZ,2026-09-12,2026-09-15,Summer,Business,1,Bus-2,BSFLEX,Business Flex,+341.46 USD,3396.18,USD,Ubfly,BSFLEX-BSFLEX,Premium check-in; Soft drink; In-flight entertainment; Chauffeur Drive; Internet Access,Included,Included,Included,Included,Included,Included,Included,Paid,Paid,Unknown,Unknown,Unknown,Unknown,Unknown,Unknown,Unknown,Yes,,175.0,2026-07-28T07:01:31+00:00,success,0
EK,BKK,PRG,BKK,TH,PRG,CZ,2026-09-12,2026-09-15,Summer,Business,2,Bus-3,BSFLXPLUS,Business Comfort,+853.52 USD,3908.24,USD,Ubfly,BSFLXPLUS-BSFLXPLUS,Premium check-in; Soft drink; In-flight entertainment; Chauffeur Drive; Internet Access; Uninterrupted return (up to the last 12 hours); Change with Penalty,Included,Included,Included,Included,Included,Included,Included,Included,Included,Unknown,Unknown,Unknown,Unknown,Unknown,Unknown,Unknown,Yes,,190.0,2026-07-28T07:01:31+00:00,success,0
EK,BKK,PRG,BKK,TH,PRG,CZ,2027-02-09,2027-02-12,Winter,Economy,0,Eco-1,Economy Saver,Economy Basic,0.00 USD,745.87,USD,Ubfly,YP-97dbbb83c4914ac991e7f76c2e38c001,• Hot and cold refreshments; • ICE entertainment; • Mileage upgrade eligibility at time of check-in; Economy Cabin,Included,Included,Paid,Included,Unknown,Unknown,Unknown,Included,Not Included,Unknown,Unknown,Unknown,Included,Unknown,Unknown,Unknown,Yes,1800.0,,2026-07-28T07:01:31+00:00,success,0
EK,BKK,PRG,BKK,TH,PRG,CZ,2027-02-09,2027-02-12,Winter,Economy,1,Eco-2,Economy Flex,Economy Flex,+183.35 USD,929.22,USD,Ubfly,YS-6f1252cb3fca4d53b7e6c31c0e336624,• Hot and cold refreshments; • ICE entertainment; • Mileage upgrade eligibility; Economy Cabin,Included,Included,Included,Included,Unknown,Unknown,Unknown,Included,Not Included,Unknown,Unknown,Unknown,Included,Unknown,Unknown,Unknown,Yes,4500.0,,2026-07-28T07:01:31+00:00,success,0
EK,BKK,PRG,BKK,TH,PRG,CZ,2027-02-09,2027-02-12,Winter,Economy,2,Eco-3,Economy Flex Plus,Economy Comfort,+563.53 USD,1309.4,USD,Ubfly,YF-1741172f4de44b83939767d9b6c80497,• Hot and cold refreshments; • ICE entertainment; • Mileage upgrade eligibility; Economy Cabin,Included,Included,Included,Included,Unknown,Unknown,Unknown,Not Included,Not Included,Unknown,Unknown,Unknown,Included,Unknown,Unknown,Unknown,Yes,6000.0,,2026-07-28T07:01:31+00:00,success,0
EK,BKK,PRG,BKK,TH,PRG,CZ,2027-02-09,2027-02-12,Winter,Premium Economy,0,PEco-1,Premium Economy FlexPlus,Premium Economy Comfort,+595.72 USD,1341.59,USD,Ubfly,WF-5d742991098349ff9b8b44ee92370557,• Hot and cold refreshments; • ICE entertainment; • Mileage upgrade eligibility; • Exclusive Premium Economy Class dining; Premium Economy Cabin,Included,Included,Included,Unknown,Unknown,Unknown,Unknown,Not Included,Not Included,Unknown,Unknown,Unknown,Included,Unknown,Unknown,Unknown,Yes,6600.0,,2026-07-28T07:01:31+00:00,success,0
EK,BKK,PRG,BKK,TH,PRG,CZ,2027-02-09,2027-02-12,Winter,Business,0,Bus-1,BSSAVER,Business Basic,0.00 USD,3054.72,USD,Ubfly,BSSAVER-BSSAVER,Soft drink; Internet Access; Premium check-in; In-flight entertainment; Chauffeur Drive,Included,Included,Included,Included,Included,Included,Included,Not Included,Paid,Unknown,Unknown,Unknown,Unknown,Unknown,Unknown,Unknown,Yes,,,2026-07-28T07:01:31+00:00,success,0
EK,BKK,PRG,BKK,TH,PRG,CZ,2027-02-09,2027-02-12,Winter,Business,1,Bus-2,BSFLEX,Business Flex,+341.46 USD,3396.18,USD,Ubfly,BSFLEX-BSFLEX,Premium check-in; Soft drink; In-flight entertainment; Chauffeur Drive; Internet Access,Included,Included,Included,Included,Included,Included,Included,Paid,Paid,Unknown,Unknown,Unknown,Unknown,Unknown,Unknown,Unknown,Yes,,175.0,2026-07-28T07:01:31+00:00,success,0
EK,BKK,PRG,BKK,TH,PRG,CZ,2027-02-09,2027-02-12,Winter,Business,2,Bus-3,BSFLXPLUS,Business Comfort,+853.52 USD,3908.24,USD,Ubfly,BSFLXPLUS-BSFLXPLUS,Premium check-in; Soft drink; In-flight entertainment; Chauffeur Drive; Internet Access; Uninterrupted return (up to the last 12 hours); Change with Penalty,Included,Included,Included,Included,Included,Included,Included,Included,Included,Unknown,Unknown,Unknown,Unknown,Unknown,Unknown,Unknown,Yes,,190.0,2026-07-28T07:01:31+00:00,success,0
QR,BKK,PRG,BKK,TH,PRG,CZ,2026-09-12,2026-09-15,Summer,Economy,0,Eco-1,ECONOMY CLASSIC,Economy Standard,0 USD,961.44,USD,Enuygun,bff_0,,Included,Included,Unknown,Included,Unknown,Unknown,Unknown,Paid,Paid,Unknown,Unknown,Unknown,Unknown,Unknown,Unknown,Unknown,Yes,,50.0,2026-07-28T07:01:31+00:00,success,0
QR,BKK,PRG,BKK,TH,PRG,CZ,2026-09-12,2026-09-15,Summer,Economy,1,Eco-2,ECONOMY CONVENIENCE,Economy — ECONOMY CONVENIENCE,+65.92 USD,1027.36,USD,Enuygun,bff_1,,Included,Included,Included,Included,Unknown,Unknown,Unknown,Paid,Paid,Unknown,Unknown,Unknown,Unknown,Unknown,Unknown,Unknown,Yes,,75.0,2026-07-28T07:01:31+00:00,success,0
QR,BKK,PRG,BKK,TH,PRG,CZ,2026-09-12,2026-09-15,Summer,Economy,2,Eco-3,ECONOMY COMFORT,Economy Comfort,+592.56 USD,1554.01,USD,Enuygun,bff_2,,Included,Included,Included,Included,Unknown,Unknown,Unknown,Paid,Paid,Unknown,Unknown,Unknown,Unknown,Unknown,Unknown,Unknown,Yes,,100.0,2026-07-28T07:01:31+00:00,success,0
QR,BKK,PRG,BKK,TH,PRG,CZ,2026-09-12,2026-09-15,Summer,Business,0,Bus-1,BCLASSIC,Business Standard,0.00 USD,2783.91,USD,Ubfly,BCLASSIC-BCLASSIC,125 PCT QMILES ACCUMULATION(F),Included,Included,Unknown,Included,Included,Unknown,Unknown,Paid,Paid,Unknown,Unknown,Unknown,Unknown,Unknown,Unknown,Unknown,,,,2026-07-28T07:01:31+00:00,success,0
QR,BKK,PRG,BKK,TH,PRG,CZ,2026-09-12,2026-09-15,Summer,Business,1,Bus-2,BUSINESS COMFORT,Business Comfort,+450.34 USD,3234.25,USD,Ubfly,BCOMFORT-BCOMFORT,175 PCT QMILES ACCUMULATION(F),Included,Included,Included,Included,Included,Unknown,Unknown,Paid,Paid,Unknown,Unknown,Unknown,Unknown,Unknown,Unknown,Unknown,,,,2026-07-28T07:01:31+00:00,success,0
QR,BKK,PRG,BKK,TH,PRG,CZ,2026-09-12,2026-09-15,Summer,Business,2,Bus-3,BUSINESS ELITE,Business Lite,+829.48 USD,3613.39,USD,Ubfly,BELITE-BELITE,200 PCT QMILES ACCUMULATION(F); Uninterrupted return (up to the last 12 hours); Change with Penalty,Included,Included,Included,Included,Included,Unknown,Unknown,Paid,Paid,Unknown,Unknown,Unknown,Unknown,Unknown,Unknown,Unknown,,,,2026-07-28T07:01:31+00:00,success,0
QR,BKK,PRG,BKK,TH,PRG,CZ,2027-02-09,2027-02-12,Winter,Economy,0,Eco-1,ECONOMY CLASSIC,Economy Standard,0 USD,937.13,USD,Enuygun,bff_0,,Included,Included,Unknown,Included,Unknown,Unknown,Unknown,Paid,Paid,Unknown,Unknown,Unknown,Unknown,Unknown,Unknown,Unknown,Yes,,50.0,2026-07-28T07:01:31+00:00,success,0
QR,BKK,PRG,BKK,TH,PRG,CZ,2027-02-09,2027-02-12,Winter,Economy,1,Eco-2,ECONOMY CONVENIENCE,Economy — ECONOMY CONVENIENCE,+65.92 USD,1003.04,USD,Enuygun,bff_1,,Included,Included,Included,Included,Unknown,Unknown,Unknown,Paid,Paid,Unknown,Unknown,Unknown,Unknown,Unknown,Unknown,Unknown,Yes,,75.0,2026-07-28T07:01:31+00:00,success,0
QR,BKK,PRG,BKK,TH,PRG,CZ,2027-02-09,2027-02-12,Winter,Economy,2,Eco-3,ECONOMY COMFORT,Economy Comfort,+592.56 USD,1529.69,USD,Enuygun,bff_2,,Included,Included,Included,Included,Unknown,Unknown,Unknown,Paid,Paid,Unknown,Unknown,Unknown,Unknown,Unknown,Unknown,Unknown,Yes,,100.0,2026-07-28T07:01:31+00:00,success,0
QR,BKK,PRG,BKK,TH,PRG,CZ,2027-02-09,2027-02-12,Winter,Business,0,Bus-1,BCLASSIC,Business Standard,0.00 USD,2783.91,USD,Ubfly,BCLASSIC-BCLASSIC,125 PCT QMILES ACCUMULATION(F),Included,Included,Unknown,Included,Included,Unknown,Unknown,Paid,Paid,Unknown,Unknown,Unknown,Unknown,Unknown,Unknown,Unknown,,,,2026-07-28T07:01:31+00:00,success,0
QR,BKK,PRG,BKK,TH,PRG,CZ,2027-02-09,2027-02-12,Winter,Business,1,Bus-2,BUSINESS COMFORT,Business Comfort,+450.34 USD,3234.25,USD,Ubfly,BCOMFORT-BCOMFORT,175 PCT QMILES ACCUMULATION(F),Included,Included,Included,Included,Included,Unknown,Unknown,Paid,Paid,Unknown,Unknown,Unknown,Unknown,Unknown,Unknown,Unknown,,,,2026-07-28T07:01:31+00:00,success,0
QR,BKK,PRG,BKK,TH,PRG,CZ,2027-02-09,2027-02-12,Winter,Business,2,Bus-3,BUSINESS ELITE,Business Lite,+829.48 USD,3613.39,USD,Ubfly,BELITE-BELITE,200 PCT QMILES ACCUMULATION(F); Uninterrupted return (up to the last 12 hours); Change with Penalty,Included,Included,Included,Included,Included,Unknown,Unknown,Included,Included,Unknown,Unknown,Unknown,Unknown,Unknown,Unknown,Unknown,,,,2026-07-28T07:01:31+00:00,success,0
EY,BKK,PRG,BKK,TH,PRG,CZ,2026-09-12,2026-09-15,Summer,Economy,0,Eco-1,YBASIC,Economy Basic,0.00 USD,449.95,USD,Ubfly,YBASIC-YBASIC,,Included,Not Included,Unknown,Included,Unknown,Unknown,Unknown,Not Included,Included,Unknown,Unknown,Unknown,Unknown,Unknown,Unknown,Unknown,Yes,,5.0,2026-07-28T07:01:31+00:00,success,0
EY,BKK,PRG,BKK,TH,PRG,CZ,2026-09-12,2026-09-15,Summer,Economy,1,Eco-2,YVALUE,Economy Basic,+24.88 USD,474.83,USD,Ubfly,YVALUE-YVALUE,,Included,Included,Unknown,Included,Unknown,Unknown,Unknown,Not Included,Paid,Unknown,Unknown,Unknown,Unknown,Unknown,Unknown,Unknown,Yes,,35.0,2026-07-28T07:01:31+00:00,success,0
EY,BKK,PRG,BKK,TH,PRG,CZ,2026-09-12,2026-09-15,Summer,Economy,2,Eco-3,YCOMFORT,Economy Comfort,+66.25 USD,516.2,USD,Ubfly,YCOMFORT-YCOMFORT,,Included,Included,Included,Included,Unknown,Unknown,Unknown,Paid,Paid,Unknown,Unknown,Unknown,Unknown,Unknown,Unknown,Unknown,Yes,,75.0,2026-07-28T07:01:31+00:00,success,0
EY,BKK,PRG,BKK,TH,PRG,CZ,2026-09-12,2026-09-15,Summer,Economy,3,Eco-4,YDELUXE,Economy — YDELUXE,+169.94 USD,619.89,USD,Ubfly,YDELUXE-YDELUXE,Change with Penalty; Uninterrupted return (up to the last 12 hours); Priority Access,Included,Included,Included,Included,Unknown,Unknown,Unknown,Included,Included,Unknown,Unknown,Unknown,Unknown,Unknown,Unknown,Unknown,Yes,,,2026-07-28T07:01:31+00:00,success,0
EY,BKK,PRG,BKK,TH,PRG,CZ,2026-09-12,2026-09-15,Summer,Business,0,Bus-1,JVALUE,Business Basic,0.00 USD,2004.02,USD,Ubfly,JVALUE-JVALUE,Priority Access,Included,Included,Unknown,Included,Unknown,Unknown,Unknown,Not Included,Paid,Unknown,Unknown,Unknown,Unknown,Unknown,Unknown,Unknown,Yes,,100.0,2026-07-28T07:01:31+00:00,success,0
EY,BKK,PRG,BKK,TH,PRG,CZ,2026-09-12,2026-09-15,Summer,Business,1,Bus-2,JCOMFORT,Business Comfort,+114.37 USD,2118.39,USD,Ubfly,JCOMFORT-JCOMFORT,Priority Access; ETIHAD UAE CHAUFFEUR(F),Included,Included,Included,Included,Included,Unknown,Unknown,Paid,Paid,Unknown,Unknown,Unknown,Unknown,Unknown,Unknown,Unknown,Yes,,,2026-07-28T07:01:31+00:00,success,0
EY,BKK,PRG,BKK,TH,PRG,CZ,2026-09-12,2026-09-15,Summer,Business,2,Bus-3,JDELUXE,Business — JDELUXE,+599.56 USD,2603.58,USD,Ubfly,JDELUXE-JDELUXE,Change with Penalty; Uninterrupted return (up to the last 12 hours); Priority Access; ETIHAD UAE CHAUFFEUR(F); ETIHAD GLOBAL CHAUFFEUR(F),Included,Included,Included,Included,Included,Unknown,Unknown,Included,Included,Unknown,Unknown,Unknown,Unknown,Unknown,Unknown,Unknown,Yes,,,2026-07-28T07:01:31+00:00,success,0
EY,BKK,PRG,BKK,TH,PRG,CZ,2027-02-09,2027-02-12,Winter,Economy,0,Eco-1,YBASIC,Economy Basic,0.00 USD,449.95,USD,Ubfly,YBASIC-YBASIC,,Included,Not Included,Unknown,Included,Unknown,Unknown,Unknown,Not Included,Included,Unknown,Unknown,Unknown,Unknown,Unknown,Unknown,Unknown,Yes,,5.0,2026-07-28T07:01:31+00:00,success,0
EY,BKK,PRG,BKK,TH,PRG,CZ,2027-02-09,2027-02-12,Winter,Economy,1,Eco-2,YVALUE,Economy Basic,+24.88 USD,474.83,USD,Ubfly,YVALUE-YVALUE,,Included,Included,Unknown,Included,Unknown,Unknown,Unknown,Not Included,Paid,Unknown,Unknown,Unknown,Unknown,Unknown,Unknown,Unknown,Yes,,35.0,2026-07-28T07:01:31+00:00,success,0
EY,BKK,PRG,BKK,TH,PRG,CZ,2027-02-09,2027-02-12,Winter,Economy,2,Eco-3,YCOMFORT,Economy Comfort,+66.25 USD,516.2,USD,Ubfly,YCOMFORT-YCOMFORT,,Included,Included,Included,Included,Unknown,Unknown,Unknown,Paid,Paid,Unknown,Unknown,Unknown,Unknown,Unknown,Unknown,Unknown,Yes,,75.0,2026-07-28T07:01:31+00:00,success,0
EY,BKK,PRG,BKK,TH,PRG,CZ,2027-02-09,2027-02-12,Winter,Economy,3,Eco-4,YDELUXE,Economy — YDELUXE,+169.94 USD,619.89,USD,Ubfly,YDELUXE-YDELUXE,Change with Penalty; Uninterrupted return (up to the last 12 hours); Priority Access,Included,Included,Included,Included,Unknown,Unknown,Unknown,Included,Included,Unknown,Unknown,Unknown,Unknown,Unknown,Unknown,Unknown,Yes,,,2026-07-28T07:01:31+00:00,success,0
EY,BKK,PRG,BKK,TH,PRG,CZ,2027-02-09,2027-02-12,Winter,Business,0,Bus-1,JVALUE,Business Basic,0.00 USD,2004.02,USD,Ubfly,JVALUE-JVALUE,Priority Access,Included,Included,Unknown,Included,Unknown,Unknown,Unknown,Not Included,Paid,Unknown,Unknown,Unknown,Unknown,Unknown,Unknown,Unknown,Yes,,100.0,2026-07-28T07:01:31+00:00,success,0
EY,BKK,PRG,BKK,TH,PRG,CZ,2027-02-09,2027-02-12,Winter,Business,1,Bus-2,JCOMFORT,Business Comfort,+114.37 USD,2118.39,USD,Ubfly,JCOMFORT-JCOMFORT,Priority Access; ETIHAD UAE CHAUFFEUR(F),Included,Included,Included,Included,Included,Unknown,Unknown,Paid,Paid,Unknown,Unknown,Unknown,Unknown,Unknown,Unknown,Unknown,Yes,,,2026-07-28T07:01:31+00:00,success,0
EY,BKK,PRG,BKK,TH,PRG,CZ,2027-02-09,2027-02-12,Winter,Business,2,Bus-3,JDELUXE,Business — JDELUXE,+599.56 USD,2603.58,USD,Ubfly,JDELUXE-JDELUXE,Priority Access; ETIHAD UAE CHAUFFEUR(F); ETIHAD GLOBAL CHAUFFEUR(F); Change with Penalty; Uninterrupted return (up to the last 12 hours),Included,Included,Included,Included,Included,Unknown,Unknown,Included,Included,Unknown,Unknown,Unknown,Unknown,Unknown,Unknown,Unknown,Yes,,,2026-07-28T07:01:31+00:00,success,0
TK,BKK,PRG,BKK,TH,PRG,CZ,2026-09-12,2026-09-15,Summer,Economy,0,Eco-1,ECOFLY,Economy Basic,0.00 USD,1024.26,USD,Ubfly,CL-f7aced91d6c54ae4acf665adc0dc3141,Online Message Verification,Included,Included,Unknown,Included,Unknown,Unknown,Unknown,Not Included,Paid,Unknown,Unknown,Unknown,Unknown,Unknown,Unknown,Unknown,,,,2026-07-28T07:01:31+00:00,success,0
TK,BKK,PRG,BKK,TH,PRG,CZ,2026-09-12,2026-09-15,Summer,Economy,1,Eco-2,EXTRAFLY,Economy Standard,+63.88 USD,1088.14,USD,Ubfly,LG-f14ef2b79541437092f3c74a02a5d1b9,Online Message Verification,Included,Included,Unknown,Included,Unknown,Unknown,Unknown,Paid,Paid,Unknown,Unknown,Unknown,Unknown,Unknown,Unknown,Unknown,,,,2026-07-28T07:01:31+00:00,success,0
TK,BKK,PRG,BKK,TH,PRG,CZ,2026-09-12,2026-09-15,Summer,Economy,2,Eco-3,FLEXFLY,Economy Flex,+191.54 USD,1215.8,USD,Ubfly,GN-824b1ec975824addb59e0917a5afe94e,Online Message Verification,Included,Included,Included,Included,Unknown,Unknown,Unknown,Paid,Included,Unknown,Unknown,Unknown,Unknown,Unknown,Unknown,Unknown,Yes,,15.0,2026-07-28T07:01:31+00:00,success,0
TK,BKK,PRG,BKK,TH,PRG,CZ,2026-09-12,2026-09-15,Summer,Economy,3,Eco-4,Flexible,Economy Flex,+383.93 USD,1408.19,USD,Ubfly,FL-87f9efe9f1b1478ca879f15b210d2dd9,Online Message Verification,Included,Included,Included,Included,Unknown,Unknown,Included,Included,Included,Unknown,Unknown,Paid,Unknown,Unknown,Unknown,Unknown,Yes,,30.0,2026-07-28T07:01:31+00:00,success,0
TK,BKK,PRG,BKK,TH,PRG,CZ,2026-09-12,2026-09-15,Summer,Business,0,Bus-1,Business Fly,Business — Business Fly,0 USD,4240.95,USD,Enuygun,bff_0,priority_check_in: Öncelikli Check-in,Included,Included,Included,Included,Included,Included,Included,Paid,Paid,Unknown,Unknown,Unknown,Included,Unknown,Unknown,Unknown,,,,2026-07-28T07:01:31+00:00,success,0
TK,BKK,PRG,BKK,TH,PRG,CZ,2026-09-12,2026-09-15,Summer,Business,1,Bus-2,Business Prime,Business Premium,+416.61 USD,4657.56,USD,Enuygun,bff_1,priority_check_in: Öncelikli Check-in,Included,Included,Included,Included,Included,Included,Included,Included,Included,Unknown,Unknown,Paid,Included,Unknown,Unknown,Unknown,Yes,,30.0,2026-07-28T07:01:31+00:00,success,0
TK,BKK,PRG,BKK,TH,PRG,CZ,2027-02-09,2027-02-12,Winter,Economy,0,Eco-1,Ecofly,Economy Basic,0 USD,947.66,USD,Enuygun,bff_0,,Included,Included,Unknown,Included,Unknown,Unknown,Unknown,Not Included,Paid,Unknown,Unknown,Unknown,Unknown,Unknown,Unknown,Unknown,,,,2026-07-28T07:01:31+00:00,success,0
TK,BKK,PRG,BKK,TH,PRG,CZ,2027-02-09,2027-02-12,Winter,Economy,1,Eco-2,Extrafly,Economy Standard,+67.61 USD,1015.27,USD,Enuygun,bff_1,,Included,Included,Unknown,Included,Unknown,Unknown,Unknown,Not Included,Paid,Unknown,Unknown,Unknown,Unknown,Unknown,Unknown,Unknown,,,,2026-07-28T07:01:31+00:00,success,0
TK,BKK,PRG,BKK,TH,PRG,CZ,2027-02-09,2027-02-12,Winter,Economy,2,Eco-3,Flexfly,Economy Flex,+200.18 USD,1147.84,USD,Enuygun,bff_2,,Included,Included,Included,Included,Unknown,Unknown,Unknown,Paid,Included,Unknown,Unknown,Unknown,Unknown,Unknown,Unknown,Unknown,Yes,,15.0,2026-07-28T07:01:31+00:00,success,0
TK,BKK,PRG,BKK,TH,PRG,CZ,2027-02-09,2027-02-12,Winter,Economy,3,Eco-4,Primefly,Economy Premium,+400.65 USD,1348.32,USD,Enuygun,bff_3,,Included,Included,Included,Included,Unknown,Unknown,Included,Included,Included,Unknown,Unknown,Paid,Unknown,Unknown,Unknown,Unknown,Yes,,30.0,2026-07-28T07:01:31+00:00,success,0
TK,BKK,PRG,BKK,TH,PRG,CZ,2027-02-09,2027-02-12,Winter,Business,0,Bus-1,Business Fly,Business — Business Fly,0 USD,4240.95,USD,Enuygun,bff_0,priority_check_in: Öncelikli Check-in,Included,Included,Included,Included,Included,Included,Included,Paid,Paid,Unknown,Unknown,Unknown,Included,Unknown,Unknown,Unknown,,,,2026-07-28T07:01:31+00:00,success,0
TK,BKK,PRG,BKK,TH,PRG,CZ,2027-02-09,2027-02-12,Winter,Business,1,Bus-2,Business Prime,Business Premium,+416.61 USD,4657.56,USD,Enuygun,bff_1,priority_check_in: Öncelikli Check-in,Included,Included,Included,Included,Included,Included,Included,Included,Included,Unknown,Unknown,Paid,Included,Unknown,Unknown,Unknown,Yes,,30.0,2026-07-28T07:01:31+00:00,success,0
EK,PRG,HAN,PRG,CZ,HAN,VN,2027-05-15,2027-05-18,Summer,Economy,0,Eco-1,Economy Flex,Economy Flex,0 USD,1396.42,USD,Enuygun,bff_0,entertainment: Uçak İçi Eğlence,Included,Included,Included,Included,Unknown,Unknown,Unknown,Paid,Paid,Unknown,Unknown,Unknown,Included,Unknown,Unknown,Unknown,Yes,4500.0,,2026-07-28T07:01:31+00:00,success,0
EK,PRG,HAN,PRG,CZ,HAN,VN,2027-05-15,2027-05-18,Summer,Economy,1,Eco-2,Economy Flex Plus,Economy Comfort,+1243.2 USD,2639.62,USD,Enuygun,bff_1,entertainment: Uçak İçi Eğlence,Included,Included,Included,Included,Unknown,Unknown,Unknown,Included,Included,Unknown,Unknown,Unknown,Included,Unknown,Unknown,Unknown,,,,2026-07-28T07:01:31+00:00,success,0
EK,PRG,HAN,PRG,CZ,HAN,VN,2027-05-15,2027-05-18,Summer,Premium Economy,0,PEco-1,Premium Economy FlexPlus,Premium Economy Comfort,+906.59 USD,1785.38,USD,Ubfly,WF-13759bbb53a34aafb57ea9d26c1031e9,• Hot and cold refreshments; • ICE entertainment; • Mileage upgrade eligibility; • Exclusive Premium Economy Class dining; Premium Economy Cabin,Included,Included,Included,Unknown,Unknown,Unknown,Unknown,Not Included,Not Included,Unknown,Unknown,Unknown,Included,Unknown,Unknown,Unknown,Yes,6600.0,,2026-07-28T07:01:31+00:00,success,0
EK,PRG,HAN,PRG,CZ,HAN,VN,2027-05-15,2027-05-18,Summer,Business,0,Bus-1,BSFLEX,Business Flex,0.00 USD,3742.04,USD,Ubfly,BSFLEX-BSFLEX,Soft drink; Premium check-in; In-flight entertainment; Chauffeur Drive; Internet Access,Included,Included,Included,Included,Included,Included,Included,Paid,Paid,Unknown,Unknown,Unknown,Unknown,Unknown,Unknown,Unknown,Yes,,175.0,2026-07-28T07:01:31+00:00,success,0
EK,PRG,HAN,PRG,CZ,HAN,VN,2027-05-15,2027-05-18,Summer,Business,1,Bus-2,BSFLXPLUS,Business Comfort,"+1,006.71 USD",4748.75,USD,Ubfly,BSFLXPLUS-BSFLXPLUS,Premium check-in; Soft drink; In-flight entertainment; Chauffeur Drive; Internet Access; Uninterrupted return (up to the last 12 hours); Change with Penalty,Included,Included,Included,Included,Included,Included,Included,Included,Included,Unknown,Unknown,Unknown,Unknown,Unknown,Unknown,Unknown,Yes,,190.0,2026-07-28T07:01:31+00:00,success,0
EK,PRG,HAN,PRG,CZ,HAN,VN,2026-12-06,2026-12-09,Winter,Economy,0,Eco-1,Economy Flex,Economy Flex,0.00 USD,850.57,USD,Ubfly,YS-0d68bb5941f542a3bff4b5e646ebe0de,• Hot and cold refreshments; • ICE entertainment; • Mileage upgrade eligibility; Economy Cabin,Included,Included,Included,Included,Unknown,Unknown,Unknown,Paid,Not Included,Unknown,Unknown,Unknown,Included,Unknown,Unknown,Unknown,Yes,4500.0,,2026-07-28T07:01:31+00:00,success,0
EK,PRG,HAN,PRG,CZ,HAN,VN,2026-12-06,2026-12-09,Winter,Economy,1,Eco-2,Economy Flex Plus,Economy Comfort,+854.54 USD,1705.11,USD,Ubfly,YF-17f1f987d79a4ce88fa2610986fed6c1,• Hot and cold refreshments; • ICE entertainment; • Mileage upgrade eligibility; Economy Cabin,Included,Included,Included,Included,Unknown,Unknown,Unknown,Not Included,Not Included,Unknown,Unknown,Unknown,Included,Unknown,Unknown,Unknown,Yes,6000.0,,2026-07-28T07:01:31+00:00,success,0
EK,PRG,HAN,PRG,CZ,HAN,VN,2026-12-06,2026-12-09,Winter,Premium Economy,0,PEco-1,Premium Economy FlexPlus,Premium Economy Comfort,+906.57 USD,1757.14,USD,Ubfly,WF-319171de4b054e14927310d52563570d,• Hot and cold refreshments; • ICE entertainment; • Mileage upgrade eligibility; • Exclusive Premium Economy Class dining; Premium Economy Cabin,Included,Included,Included,Unknown,Unknown,Unknown,Unknown,Not Included,Not Included,Unknown,Unknown,Unknown,Included,Unknown,Unknown,Unknown,Yes,6600.0,,2026-07-28T07:01:31+00:00,success,0
EK,PRG,HAN,PRG,CZ,HAN,VN,2026-12-06,2026-12-09,Winter,Business,0,Bus-1,BSFLEX,Business Flex,0.00 USD,3742.04,USD,Ubfly,BSFLEX-BSFLEX,Soft drink; Internet Access; Premium check-in; In-flight entertainment; Chauffeur Drive,Included,Included,Included,Included,Included,Included,Included,Paid,Paid,Unknown,Unknown,Unknown,Unknown,Unknown,Unknown,Unknown,Yes,,175.0,2026-07-28T07:01:31+00:00,success,0
EK,PRG,HAN,PRG,CZ,HAN,VN,2026-12-06,2026-12-09,Winter,Business,1,Bus-2,BSFLXPLUS,Business Comfort,"+1,006.71 USD",4748.75,USD,Ubfly,BSFLXPLUS-BSFLXPLUS,Premium check-in; Soft drink; In-flight entertainment; Chauffeur Drive; Internet Access; Uninterrupted return (up to the last 12 hours); Change with Penalty,Included,Included,Included,Included,Included,Included,Included,Included,Included,Unknown,Unknown,Unknown,Unknown,Unknown,Unknown,Unknown,Yes,,190.0,2026-07-28T07:01:31+00:00,success,0
QR,PRG,HAN,PRG,CZ,HAN,VN,2027-05-15,2027-05-18,Summer,Economy,0,Eco-1,ECONOMY CLASSIC,Economy Standard,0.00 USD,578.48,USD,Ubfly,ECLASSIC-ECLASSIC,,Included,Included,Unknown,Included,Unknown,Unknown,Unknown,Paid,Paid,Unknown,Unknown,Unknown,Unknown,Unknown,Unknown,Unknown,Yes,,50.0,2026-07-28T07:01:31+00:00,success,0
QR,PRG,HAN,PRG,CZ,HAN,VN,2027-05-15,2027-05-18,Summer,Economy,1,Eco-2,ECONOMY CONVENIENCE,Economy — ECONOMY CONVENIENCE,+176.13 USD,754.61,USD,Ubfly,ECONVENIEN-ECONVENIEN,,Included,Included,Included,Included,Unknown,Unknown,Unknown,Paid,Paid,Unknown,Unknown,Unknown,Unknown,Unknown,Unknown,Unknown,Yes,,75.0,2026-07-28T07:01:31+00:00,success,0
QR,PRG,HAN,PRG,CZ,HAN,VN,2027-05-15,2027-05-18,Summer,Economy,2,Eco-3,ECONOMY COMFORT,Economy Comfort,+616.47 USD,1194.95,USD,Ubfly,ECOMFORT-ECOMFORT,Uninterrupted return (up to the last 12 hours); Change with Penalty,Included,Included,Included,Included,Unknown,Unknown,Unknown,Included,Included,Unknown,Unknown,Unknown,Unknown,Unknown,Unknown,Unknown,Yes,,100.0,2026-07-28T07:01:31+00:00,success,0
QR,PRG,HAN,PRG,CZ,HAN,VN,2027-05-15,2027-05-18,Summer,Business,0,Bus-1,BUSINESS COMFORT,Business Comfort,0.00 USD,4375.9,USD,Ubfly,BCOMFORT-BCOMFORT-BCOMFORT,175 PCT QMILES ACCUMULATION(F),Included,Included,Included,Included,Included,Unknown,Unknown,Paid,Paid,Unknown,Unknown,Unknown,Unknown,Unknown,Unknown,Unknown,,,,2026-07-28T07:01:31+00:00,success,0
QR,PRG,HAN,PRG,CZ,HAN,VN,2027-05-15,2027-05-18,Summer,Business,1,Bus-2,BUSINESS ELITE,Business Lite,+637.18 USD,5013.08,USD,Ubfly,BELITE-BELITE-BELITE,200 PCT QMILES ACCUMULATION(F); Uninterrupted return (up to the last 12 hours); Change with Penalty,Included,Included,Included,Included,Included,Unknown,Unknown,Included,Included,Unknown,Unknown,Unknown,Unknown,Unknown,Unknown,Unknown,,,,2026-07-28T07:01:31+00:00,success,0
QR,PRG,HAN,PRG,CZ,HAN,VN,2026-12-06,2026-12-09,Winter,Economy,0,Eco-1,ECONOMY CLASSIC,Economy Standard,0.00 USD,694.36,USD,Ubfly,ECLASSIC-ECLASSIC-ECLASSIC,,Included,Included,Unknown,Included,Unknown,Unknown,Unknown,Paid,Paid,Unknown,Unknown,Unknown,Unknown,Unknown,Unknown,Unknown,Yes,,50.0,2026-07-28T07:01:31+00:00,success,0
QR,PRG,HAN,PRG,CZ,HAN,VN,2026-12-06,2026-12-09,Winter,Economy,1,Eco-2,ECONOMY CONVENIENCE,Economy — ECONOMY CONVENIENCE,+156.41 USD,850.77,USD,Ubfly,ECONVENIEN-ECONVENIEN-ECONVENIEN,,Included,Included,Included,Included,Unknown,Unknown,Unknown,Paid,Paid,Unknown,Unknown,Unknown,Unknown,Unknown,Unknown,Unknown,Yes,,75.0,2026-07-28T07:01:31+00:00,success,0
QR,PRG,HAN,PRG,CZ,HAN,VN,2026-12-06,2026-12-09,Winter,Economy,2,Eco-3,ECONOMY COMFORT,Economy Comfort,+695.25 USD,1389.61,USD,Ubfly,ECOMFORT-ECOMFORT-ECOMFORT,Uninterrupted return (up to the last 12 hours); Change with Penalty,Included,Included,Included,Included,Unknown,Unknown,Unknown,Included,Included,Unknown,Unknown,Unknown,Unknown,Unknown,Unknown,Unknown,Yes,,100.0,2026-07-28T07:01:31+00:00,success,0
QR,PRG,HAN,PRG,CZ,HAN,VN,2026-12-06,2026-12-09,Winter,Business,0,Bus-1,BUSINESS COMFORT,Business Comfort,0.00 USD,4326.63,USD,Ubfly,BCOMFORT-BCOMFORT-BCOMFORT,175 PCT QMILES ACCUMULATION(F),Included,Included,Included,Included,Included,Unknown,Unknown,Paid,Paid,Unknown,Unknown,Unknown,Unknown,Unknown,Unknown,Unknown,,,,2026-07-28T07:01:31+00:00,success,0
QR,PRG,HAN,PRG,CZ,HAN,VN,2026-12-06,2026-12-09,Winter,Business,1,Bus-2,BUSINESS ELITE,Business Lite,+637.18 USD,4963.81,USD,Ubfly,BELITE-BELITE-BELITE,200 PCT QMILES ACCUMULATION(F); Uninterrupted return (up to the last 12 hours); Change with Penalty,Included,Included,Included,Included,Included,Unknown,Unknown,Included,Included,Unknown,Unknown,Unknown,Unknown,Unknown,Unknown,Unknown,,,,2026-07-28T07:01:31+00:00,success,0
EY,PRG,HAN,PRG,CZ,HAN,VN,2027-05-15,2027-05-18,Summer,Economy,0,Eco-1,YVALUE,Economy Basic,0.00 USD,912.73,USD,Ubfly,YVALUE-YVALUE,,Included,Included,Unknown,Included,Unknown,Unknown,Unknown,Not Included,Paid,Unknown,Unknown,Unknown,Unknown,Unknown,Unknown,Unknown,Yes,,35.0,2026-07-28T07:01:31+00:00,success,0
EY,PRG,HAN,PRG,CZ,HAN,VN,2027-05-15,2027-05-18,Summer,Economy,1,Eco-2,YCOMFORT,Economy Comfort,+9.79 USD,922.52,USD,Ubfly,YCOMFORT-YCOMFORT,,Included,Included,Included,Included,Unknown,Unknown,Unknown,Paid,Paid,Unknown,Unknown,Unknown,Unknown,Unknown,Unknown,Unknown,Yes,,75.0,2026-07-28T07:01:31+00:00,success,0
EY,PRG,HAN,PRG,CZ,HAN,VN,2027-05-15,2027-05-18,Summer,Economy,2,Eco-3,YDELUXE,Economy — YDELUXE,+137.04 USD,1049.77,USD,Ubfly,YDELUXE-YDELUXE,Priority Access; Change with Penalty; Uninterrupted return (up to the last 12 hours),Included,Included,Included,Included,Unknown,Unknown,Unknown,Included,Included,Unknown,Unknown,Unknown,Unknown,Unknown,Unknown,Unknown,Yes,,,2026-07-28T07:01:31+00:00,success,0
EY,PRG,HAN,PRG,CZ,HAN,VN,2027-05-15,2027-05-18,Summer,Business,0,Bus-1,JVALUE,Business Basic,0.00 USD,3532.69,USD,Ubfly,JVALUE-JVALUE,Priority Access,Included,Included,Unknown,Included,Unknown,Unknown,Unknown,Not Included,Paid,Unknown,Unknown,Unknown,Unknown,Unknown,Unknown,Unknown,Yes,,100.0,2026-07-28T07:01:31+00:00,success,0
EY,PRG,HAN,PRG,CZ,HAN,VN,2027-05-15,2027-05-18,Summer,Business,1,Bus-2,JCOMFORT,Business Comfort,+174.26 USD,3706.95,USD,Ubfly,JCOMFORT-JCOMFORT,Priority Access; ETIHAD UAE CHAUFFEUR(F),Included,Included,Included,Included,Included,Unknown,Unknown,Paid,Paid,Unknown,Unknown,Unknown,Unknown,Unknown,Unknown,Unknown,Yes,,,2026-07-28T07:01:31+00:00,success,0
EY,PRG,HAN,PRG,CZ,HAN,VN,2027-05-15,2027-05-18,Summer,Business,2,Bus-3,JDELUXE,Business — JDELUXE,+366.12 USD,3898.81,USD,Ubfly,JDELUXE-JDELUXE,Priority Access; ETIHAD UAE CHAUFFEUR(F); ETIHAD GLOBAL CHAUFFEUR(F); Change with Penalty; Uninterrupted return (up to the last 12 hours),Included,Included,Included,Included,Included,Unknown,Unknown,Included,Included,Unknown,Unknown,Unknown,Unknown,Unknown,Unknown,Unknown,Yes,,,2026-07-28T07:01:31+00:00,success,0
EY,PRG,HAN,PRG,CZ,HAN,VN,2026-12-06,2026-12-09,Winter,Economy,0,Eco-1,YVALUE,Economy Basic,0.00 USD,389.82,USD,Ubfly,YVALUE-YVALUE,,Included,Included,Unknown,Included,Unknown,Unknown,Unknown,Not Included,Paid,Unknown,Unknown,Unknown,Unknown,Unknown,Unknown,Unknown,Yes,,35.0,2026-07-28T07:01:31+00:00,success,0
EY,PRG,HAN,PRG,CZ,HAN,VN,2026-12-06,2026-12-09,Winter,Economy,1,Eco-2,YCOMFORT,Economy Comfort,+11.78 USD,401.6,USD,Ubfly,YCOMFORT-YCOMFORT,,Included,Included,Included,Included,Unknown,Unknown,Unknown,Paid,Paid,Unknown,Unknown,Unknown,Unknown,Unknown,Unknown,Unknown,Yes,,75.0,2026-07-28T07:01:31+00:00,success,0
EY,PRG,HAN,PRG,CZ,HAN,VN,2026-12-06,2026-12-09,Winter,Economy,2,Eco-3,YDELUXE,Economy — YDELUXE,+90.07 USD,479.89,USD,Ubfly,YDELUXE-YDELUXE,Change with Penalty; Uninterrupted return (up to the last 12 hours); Priority Access,Included,Included,Included,Included,Unknown,Unknown,Unknown,Included,Included,Unknown,Unknown,Unknown,Unknown,Unknown,Unknown,Unknown,Yes,,,2026-07-28T07:01:31+00:00,success,0
EY,PRG,HAN,PRG,CZ,HAN,VN,2026-12-06,2026-12-09,Winter,Business,0,Bus-1,JVALUE,Business Basic,0.00 USD,2788.23,USD,Ubfly,JVALUE-JVALUE,Priority Access,Included,Included,Unknown,Included,Unknown,Unknown,Unknown,Not Included,Paid,Unknown,Unknown,Unknown,Unknown,Unknown,Unknown,Unknown,Yes,,100.0,2026-07-28T07:01:31+00:00,success,0
EY,PRG,HAN,PRG,CZ,HAN,VN,2026-12-06,2026-12-09,Winter,Business,1,Bus-2,JCOMFORT,Business Comfort,+133.13 USD,2921.36,USD,Ubfly,JCOMFORT-JCOMFORT,Priority Access; ETIHAD UAE CHAUFFEUR(F),Included,Included,Included,Included,Included,Unknown,Unknown,Paid,Paid,Unknown,Unknown,Unknown,Unknown,Unknown,Unknown,Unknown,Yes,,,2026-07-28T07:01:31+00:00,success,0
EY,PRG,HAN,PRG,CZ,HAN,VN,2026-12-06,2026-12-09,Winter,Business,2,Bus-3,JDELUXE,Business — JDELUXE,+560.28 USD,3348.51,USD,Ubfly,JDELUXE-JDELUXE,Change with Penalty; Uninterrupted return (up to the last 12 hours); Priority Access; ETIHAD UAE CHAUFFEUR(F); ETIHAD GLOBAL CHAUFFEUR(F),Included,Included,Included,Included,Included,Unknown,Unknown,Included,Included,Unknown,Unknown,Unknown,Unknown,Unknown,Unknown,Unknown,Yes,,,2026-07-28T07:01:31+00:00,success,0
TK,PRG,HAN,PRG,CZ,HAN,VN,2027-05-15,2027-05-18,Summer,Economy,0,Eco-1,ECOFLY,Economy Basic,0.00 USD,904.77,USD,Ubfly,CL-185a4d215bc64502a133bd6bf55b13b3,Online Message Verification,Included,Included,Unknown,Included,Unknown,Unknown,Unknown,Not Included,Paid,Unknown,Unknown,Unknown,Unknown,Unknown,Unknown,Unknown,,,,2026-07-28T07:01:31+00:00,success,0
TK,PRG,HAN,PRG,CZ,HAN,VN,2027-05-15,2027-05-18,Summer,Economy,1,Eco-2,EXTRAFLY,Economy Standard,+48.64 USD,953.41,USD,Ubfly,LG-61318e5f87894049aa23a0a22eabd281,Online Message Verification,Included,Included,Unknown,Included,Unknown,Unknown,Unknown,Paid,Paid,Unknown,Unknown,Unknown,Unknown,Unknown,Unknown,Unknown,,,,2026-07-28T07:01:31+00:00,success,0
TK,PRG,HAN,PRG,CZ,HAN,VN,2027-05-15,2027-05-18,Summer,Economy,2,Eco-3,FLEXFLY,Economy Flex,+98.77 USD,1003.54,USD,Ubfly,GN-1dafe114b31a48f0b879b33e9c4a7fa0,Online Message Verification,Included,Included,Included,Included,Unknown,Unknown,Unknown,Paid,Included,Unknown,Unknown,Unknown,Unknown,Unknown,Unknown,Unknown,Yes,,15.0,2026-07-28T07:01:31+00:00,success,0
TK,PRG,HAN,PRG,CZ,HAN,VN,2027-05-15,2027-05-18,Summer,Economy,3,Eco-4,Flexible,Economy Flex,+195.41 USD,1100.18,USD,Ubfly,FL-8bfe65efb3a8430c86ebf7a3d1e64765,Online Message Verification,Included,Included,Included,Included,Unknown,Unknown,Included,Included,Included,Unknown,Unknown,Paid,Unknown,Unknown,Unknown,Unknown,Yes,,30.0,2026-07-28T07:01:31+00:00,success,0
TK,PRG,HAN,PRG,CZ,HAN,VN,2027-05-15,2027-05-18,Summer,Business,0,Bus-1,BUSINESS FLY,Business — BUSINESS FLY,0.00 USD,2564.61,USD,Ubfly,BF-f0e4b48a34824ee7bb5dbeeba869a038,Priority Check-In,Included,Included,Included,Unknown,Included,Included,Included,Paid,Paid,Unknown,Unknown,Unknown,Included,Unknown,Unknown,Unknown,,,,2026-07-28T07:01:31+00:00,success,0
TK,PRG,HAN,PRG,CZ,HAN,VN,2027-05-15,2027-05-18,Summer,Business,1,Bus-2,BUSINESS PRIME,Business Premium,+176.47 USD,2741.08,USD,Ubfly,BL-89d011c14a6f4c95a40605e6e02d093e,Priority Check-In,Included,Included,Included,Unknown,Included,Included,Included,Included,Included,Unknown,Unknown,Paid,Included,Unknown,Unknown,Unknown,Yes,,30.0,2026-07-28T07:01:31+00:00,success,0
TK,PRG,HAN,PRG,CZ,HAN,VN,2026-12-06,2026-12-09,Winter,Economy,0,Eco-1,ECOFLY,Economy Basic,0.00 USD,2619.28,USD,Ubfly,CL-ff362217def54d1f8ccabb5ee6414687,Online Message Verification,Included,Included,Unknown,Included,Unknown,Unknown,Unknown,Not Included,Paid,Unknown,Unknown,Unknown,Unknown,Unknown,Unknown,Unknown,,,,2026-07-28T07:01:31+00:00,success,0
TK,PRG,HAN,PRG,CZ,HAN,VN,2026-12-06,2026-12-09,Winter,Economy,1,Eco-2,EXTRAFLY,Economy Standard,+48.66 USD,2667.94,USD,Ubfly,LG-a2961775b7c74c1399c563c2e1c2ae79,Online Message Verification,Included,Included,Unknown,Included,Unknown,Unknown,Unknown,Paid,Paid,Unknown,Unknown,Unknown,Unknown,Unknown,Unknown,Unknown,,,,2026-07-28T07:01:31+00:00,success,0
TK,PRG,HAN,PRG,CZ,HAN,VN,2026-12-06,2026-12-09,Winter,Economy,2,Eco-3,FLEXFLY,Economy Flex,+98.77 USD,2718.05,USD,Ubfly,GN-d27ecb04c2a74e9687b51faef56a9158,Online Message Verification,Included,Included,Included,Included,Unknown,Unknown,Unknown,Paid,Included,Unknown,Unknown,Unknown,Unknown,Unknown,Unknown,Unknown,Yes,,15.0,2026-07-28T07:01:31+00:00,success,0
TK,PRG,HAN,PRG,CZ,HAN,VN,2026-12-06,2026-12-09,Winter,Economy,3,Eco-4,Flexible,Economy Flex,+195.41 USD,2814.69,USD,Ubfly,FL-c3dadd3b1f1d449da4e2a71490f182d2,Online Message Verification,Included,Included,Included,Included,Unknown,Unknown,Included,Included,Included,Unknown,Unknown,Paid,Unknown,Unknown,Unknown,Unknown,Yes,,30.0,2026-07-28T07:01:31+00:00,success,0
TK,PRG,HAN,PRG,CZ,HAN,VN,2026-12-06,2026-12-09,Winter,Business,0,Bus-1,BUSINESS FLY,Business — BUSINESS FLY,0.00 USD,3981.84,USD,Ubfly,BF-1fbf8b2a4eaa46eab6382257f49789e2,Priority Check-In,Included,Included,Included,Unknown,Included,Included,Included,Paid,Paid,Unknown,Unknown,Unknown,Included,Unknown,Unknown,Unknown,,,,2026-07-28T07:01:31+00:00,success,0
TK,PRG,HAN,PRG,CZ,HAN,VN,2026-12-06,2026-12-09,Winter,Business,1,Bus-2,BUSINESS PRIME,Business Premium,+176.47 USD,4158.31,USD,Ubfly,BL-c2cae26071024d60ac26dc975b48efb1,Priority Check-In,Included,Included,Included,Unknown,Included,Included,Included,Included,Included,Unknown,Unknown,Paid,Included,Unknown,Unknown,Unknown,Yes,,30.0,2026-07-28T07:01:31+00:00,success,0
QR,WAW,BKK,WAW,PL,BKK,TH,2026-08-25,2026-08-28,Summer,Economy,0,Eco-1,ECONOMY CLASSIC,Economy Standard,0.00 USD,991.43,USD,Ubfly,ECLASSIC-ECLASSIC-ECLASSIC,,Included,Included,Unknown,Included,Unknown,Unknown,Unknown,Paid,Paid,Unknown,Unknown,Unknown,Unknown,Unknown,Unknown,Unknown,Yes,,50.0,2026-07-28T07:01:31+00:00,success,0
QR,WAW,BKK,WAW,PL,BKK,TH,2026-08-25,2026-08-28,Summer,Economy,1,Eco-2,ECONOMY CONVENIENCE,Economy — ECONOMY CONVENIENCE,+53.42 USD,1044.85,USD,Ubfly,ECONVENIEN-ECONVENIEN-ECONVENIEN,,Included,Included,Included,Included,Unknown,Unknown,Unknown,Paid,Paid,Unknown,Unknown,Unknown,Unknown,Unknown,Unknown,Unknown,Yes,,75.0,2026-07-28T07:01:31+00:00,success,0
QR,WAW,BKK,WAW,PL,BKK,TH,2026-08-25,2026-08-28,Summer,Economy,2,Eco-3,ECONOMY COMFORT,Economy Comfort,+492.18 USD,1483.61,USD,Ubfly,ECOMFORT-ECOMFORT-ECOMFORT,Uninterrupted return (up to the last 12 hours); Change with Penalty,Included,Included,Included,Included,Unknown,Unknown,Unknown,Included,Included,Unknown,Unknown,Unknown,Unknown,Unknown,Unknown,Unknown,Yes,,100.0,2026-07-28T07:01:31+00:00,success,0
QR,WAW,BKK,WAW,PL,BKK,TH,2026-08-25,2026-08-28,Summer,Business,0,Bus-1,BUSINESS COMFORT,Business Comfort,0.00 USD,2163.7,USD,Ubfly,BCOMFORT-BCOMFORT,175 PCT QMILES ACCUMULATION(F),Included,Included,Included,Included,Included,Unknown,Unknown,Paid,Paid,Unknown,Unknown,Unknown,Unknown,Unknown,Unknown,Unknown,,,,2026-07-28T07:01:31+00:00,success,0
QR,WAW,BKK,WAW,PL,BKK,TH,2026-08-25,2026-08-28,Summer,Business,1,Bus-2,BUSINESS ELITE,Business Lite,"+1,171.26 USD",3334.96,USD,Ubfly,BELITE-BELITE,200 PCT QMILES ACCUMULATION(F); Uninterrupted return (up to the last 12 hours); Change with Penalty,Included,Included,Included,Included,Included,Unknown,Unknown,Included,Included,Unknown,Unknown,Unknown,Unknown,Unknown,Unknown,Unknown,,,,2026-07-28T07:01:31+00:00,success,0
QR,WAW,BKK,WAW,PL,BKK,TH,2027-01-26,2027-01-29,Winter,Economy,0,Eco-1,ECONOMY CLASSIC,Economy Standard,0.00 USD,991.43,USD,Ubfly,ECLASSIC-ECLASSIC-ECLASSIC,,Included,Included,Unknown,Included,Unknown,Unknown,Unknown,Paid,Paid,Unknown,Unknown,Unknown,Unknown,Unknown,Unknown,Unknown,Yes,,50.0,2026-07-28T07:01:31+00:00,success,0
QR,WAW,BKK,WAW,PL,BKK,TH,2027-01-26,2027-01-29,Winter,Economy,1,Eco-2,ECONOMY CONVENIENCE,Economy — ECONOMY CONVENIENCE,+53.42 USD,1044.85,USD,Ubfly,ECONVENIEN-ECONVENIEN-ECONVENIEN,,Included,Included,Included,Included,Unknown,Unknown,Unknown,Paid,Paid,Unknown,Unknown,Unknown,Unknown,Unknown,Unknown,Unknown,Yes,,75.0,2026-07-28T07:01:31+00:00,success,0
QR,WAW,BKK,WAW,PL,BKK,TH,2027-01-26,2027-01-29,Winter,Economy,2,Eco-3,ECONOMY COMFORT,Economy Comfort,+492.18 USD,1483.61,USD,Ubfly,ECOMFORT-ECOMFORT-ECOMFORT,Uninterrupted return (up to the last 12 hours); Change with Penalty,Included,Included,Included,Included,Unknown,Unknown,Unknown,Included,Included,Unknown,Unknown,Unknown,Unknown,Unknown,Unknown,Unknown,Yes,,100.0,2026-07-28T07:01:31+00:00,success,0
QR,WAW,BKK,WAW,PL,BKK,TH,2027-01-26,2027-01-29,Winter,Business,0,Bus-1,BUSINESS COMFORT,Business Comfort,0.00 USD,2839.6,USD,Ubfly,BCOMFORT-BCOMFORT-BCOMFORT,175 PCT QMILES ACCUMULATION(F),Included,Included,Included,Included,Included,Unknown,Unknown,Paid,Paid,Unknown,Unknown,Unknown,Unknown,Unknown,Unknown,Unknown,,,,2026-07-28T07:01:31+00:00,success,0
QR,WAW,BKK,WAW,PL,BKK,TH,2027-01-26,2027-01-29,Winter,Business,1,Bus-2,BUSINESS ELITE,Business Lite,+715.89 USD,3555.49,USD,Ubfly,BELITE-BELITE-BELITE,200 PCT QMILES ACCUMULATION(F); Uninterrupted return (up to the last 12 hours); Change with Penalty,Included,Included,Included,Included,Included,Unknown,Unknown,Included,Included,Unknown,Unknown,Unknown,Unknown,Unknown,Unknown,Unknown,,,,2026-07-28T07:01:31+00:00,success,0
EK,WAW,BKK,WAW,PL,BKK,TH,2026-08-25,2026-08-28,Summer,Economy,0,Eco-1,ECOFLEX,Economy Flex,0.00 USD,869.68,USD,Ubfly,ECOFLEX-ECOFLEX,Soft drink; In-flight entertainment,Included,Included,Unknown,Included,Unknown,Unknown,Unknown,Unknown,Unknown,Unknown,Unknown,Unknown,Unknown,Unknown,Unknown,Unknown,Yes,,70.0,2026-07-28T07:01:31+00:00,success,0
EK,WAW,BKK,WAW,PL,BKK,TH,2026-08-25,2026-08-28,Summer,Economy,1,Eco-2,ECOFLXPLUS,Economy Comfort,+516.39 USD,1386.07,USD,Ubfly,ECOFLXPLUS-ECOFLXPLUS,Soft drink; In-flight entertainment; Uninterrupted return (up to the last 12 hours); Change with Penalty,Included,Included,Unknown,Included,Unknown,Unknown,Unknown,Unknown,Unknown,Unknown,Unknown,Unknown,Unknown,Unknown,Unknown,Unknown,Yes,,100.0,2026-07-28T07:01:31+00:00,success,0
EK,WAW,BKK,WAW,PL,BKK,TH,2026-08-25,2026-08-28,Summer,Economy,2,Eco-3,PYFLXPLUS,Economy Comfort,+561.42 USD,1431.1,USD,Ubfly,PYFLXPLUS-PYFLXPLUS,Soft drink; In-flight entertainment; Uninterrupted return (up to the last 12 hours); Change with Penalty,Included,Included,Included,Included,Unknown,Unknown,Unknown,Unknown,Unknown,Unknown,Unknown,Unknown,Unknown,Unknown,Unknown,Unknown,Yes,,,2026-07-28T07:01:31+00:00,success,0
EK,WAW,BKK,WAW,PL,BKK,TH,2026-08-25,2026-08-28,Summer,Business,0,Bus-1,BSFLEX,Business Flex,0.00 USD,2889.69,USD,Ubfly,BSFLEX-BSFLEX,Soft drink; Premium check-in; In-flight entertainment; Chauffeur Drive; Internet Access,Included,Included,Included,Included,Included,Included,Included,Paid,Paid,Unknown,Unknown,Unknown,Unknown,Unknown,Unknown,Unknown,Yes,,175.0,2026-07-28T07:01:31+00:00,success,0
EK,WAW,BKK,WAW,PL,BKK,TH,2026-08-25,2026-08-28,Summer,Business,1,Bus-2,BSFLXPLUS,Business Comfort,+678.28 USD,3567.97,USD,Ubfly,BSFLXPLUS-BSFLXPLUS,Premium check-in; Soft drink; In-flight entertainment; Chauffeur Drive; Internet Access; Uninterrupted return (up to the last 12 hours); Change with Penalty,Included,Included,Included,Included,Included,Included,Included,Included,Included,Unknown,Unknown,Unknown,Unknown,Unknown,Unknown,Unknown,Yes,,190.0,2026-07-28T07:01:31+00:00,success,0
EK,WAW,BKK,WAW,PL,BKK,TH,2027-01-26,2027-01-29,Winter,Economy,0,Eco-1,ECOFLEX,Economy Flex,0.00 USD,869.68,USD,Ubfly,ECOFLEX-ECOFLEX,Soft drink; In-flight entertainment,Included,Included,Unknown,Included,Unknown,Unknown,Unknown,Unknown,Unknown,Unknown,Unknown,Unknown,Unknown,Unknown,Unknown,Unknown,Yes,,70.0,2026-07-28T07:01:31+00:00,success,0
EK,WAW,BKK,WAW,PL,BKK,TH,2027-01-26,2027-01-29,Winter,Economy,1,Eco-2,ECOFLXPLUS,Economy Comfort,+516.39 USD,1386.07,USD,Ubfly,ECOFLXPLUS-ECOFLXPLUS,Soft drink; In-flight entertainment; Uninterrupted return (up to the last 12 hours); Change with Penalty,Included,Included,Unknown,Included,Unknown,Unknown,Unknown,Unknown,Unknown,Unknown,Unknown,Unknown,Unknown,Unknown,Unknown,Unknown,Yes,,100.0,2026-07-28T07:01:31+00:00,success,0
EK,WAW,BKK,WAW,PL,BKK,TH,2027-01-26,2027-01-29,Winter,Economy,2,Eco-3,PYFLXPLUS,Economy Comfort,+561.42 USD,1431.1,USD,Ubfly,PYFLXPLUS-PYFLXPLUS,Soft drink; In-flight entertainment; Uninterrupted return (up to the last 12 hours); Change with Penalty,Included,Included,Included,Included,Unknown,Unknown,Unknown,Unknown,Unknown,Unknown,Unknown,Unknown,Unknown,Unknown,Unknown,Unknown,Yes,,,2026-07-28T07:01:31+00:00,success,0
EK,WAW,BKK,WAW,PL,BKK,TH,2027-01-26,2027-01-29,Winter,Business,0,Bus-1,BSFLEX,Business Flex,0.00 USD,2889.69,USD,Ubfly,BSFLEX-BSFLEX,Soft drink; Premium check-in; In-flight entertainment; Chauffeur Drive; Internet Access,Included,Included,Included,Included,Included,Included,Included,Paid,Paid,Unknown,Unknown,Unknown,Unknown,Unknown,Unknown,Unknown,Yes,,175.0,2026-07-28T07:01:31+00:00,success,0
EK,WAW,BKK,WAW,PL,BKK,TH,2027-01-26,2027-01-29,Winter,Business,1,Bus-2,BSFLXPLUS,Business Comfort,+678.28 USD,3567.97,USD,Ubfly,BSFLXPLUS-BSFLXPLUS,Premium check-in; Soft drink; In-flight entertainment; Chauffeur Drive; Internet Access; Uninterrupted return (up to the last 12 hours); Change with Penalty,Included,Included,Included,Included,Included,Included,Included,Included,Included,Unknown,Unknown,Unknown,Unknown,Unknown,Unknown,Unknown,Yes,,190.0,2026-07-28T07:01:31+00:00,success,0
EY,WAW,BKK,WAW,PL,BKK,TH,2026-08-25,2026-08-28,Summer,Economy,0,Eco-1,YVALUE,Economy Basic,0.00 USD,687.83,USD,Ubfly,YVALUE-YVALUE,,Included,Included,Unknown,Included,Unknown,Unknown,Unknown,Not Included,Paid,Unknown,Unknown,Unknown,Unknown,Unknown,Unknown,Unknown,Yes,,35.0,2026-07-28T07:01:31+00:00,success,0
EY,WAW,BKK,WAW,PL,BKK,TH,2026-08-25,2026-08-28,Summer,Economy,1,Eco-2,YCOMFORT,Economy Comfort,+48.97 USD,736.8,USD,Ubfly,YCOMFORT-YCOMFORT,,Included,Included,Included,Included,Unknown,Unknown,Unknown,Paid,Paid,Unknown,Unknown,Unknown,Unknown,Unknown,Unknown,Unknown,Yes,,75.0,2026-07-28T07:01:31+00:00,success,0
EY,WAW,BKK,WAW,PL,BKK,TH,2026-08-25,2026-08-28,Summer,Economy,2,Eco-3,YDELUXE,Economy — YDELUXE,+119.77 USD,807.6,USD,Ubfly,YDELUXE-YDELUXE,Priority Access; Change with Penalty; Uninterrupted return (up to the last 12 hours),Included,Included,Included,Included,Unknown,Unknown,Unknown,Included,Included,Unknown,Unknown,Unknown,Unknown,Unknown,Unknown,Unknown,Yes,,,2026-07-28T07:01:31+00:00,success,0
EY,WAW,BKK,WAW,PL,BKK,TH,2026-08-25,2026-08-28,Summer,Business,0,Bus-1,JVALUE,Business Basic,0.00 USD,1733.62,USD,Ubfly,JVALUE-JVALUE,Priority Access,Included,Included,Unknown,Included,Unknown,Unknown,Unknown,Not Included,Paid,Unknown,Unknown,Unknown,Unknown,Unknown,Unknown,Unknown,Yes,,100.0,2026-07-28T07:01:31+00:00,success,0
EY,WAW,BKK,WAW,PL,BKK,TH,2026-08-25,2026-08-28,Summer,Business,1,Bus-2,JCOMFORT,Business Comfort,+171.34 USD,1904.96,USD,Ubfly,JCOMFORT-JCOMFORT,Priority Access; ETIHAD UAE CHAUFFEUR(F),Included,Included,Included,Included,Included,Unknown,Unknown,Paid,Paid,Unknown,Unknown,Unknown,Unknown,Unknown,Unknown,Unknown,Yes,,,2026-07-28T07:01:31+00:00,success,0
EY,WAW,BKK,WAW,PL,BKK,TH,2026-08-25,2026-08-28,Summer,Business,2,Bus-3,JDELUXE,Business — JDELUXE,+886.98 USD,2620.6,USD,Ubfly,JDELUXE-JDELUXE,Change with Penalty; Uninterrupted return (up to the last 12 hours); Priority Access; ETIHAD UAE CHAUFFEUR(F); ETIHAD GLOBAL CHAUFFEUR(F),Included,Included,Included,Included,Included,Unknown,Unknown,Included,Included,Unknown,Unknown,Unknown,Unknown,Unknown,Unknown,Unknown,Yes,,,2026-07-28T07:01:31+00:00,success,0
EY,WAW,BKK,WAW,PL,BKK,TH,2027-01-26,2027-01-29,Winter,Economy,0,Eco-1,YVALUE,Economy Basic,0.00 USD,755.21,USD,Ubfly,YVALUE-YVALUE,,Included,Included,Unknown,Included,Unknown,Unknown,Unknown,Not Included,Paid,Unknown,Unknown,Unknown,Unknown,Unknown,Unknown,Unknown,Yes,,35.0,2026-07-28T07:01:31+00:00,success,0
EY,WAW,BKK,WAW,PL,BKK,TH,2027-01-26,2027-01-29,Winter,Economy,1,Eco-2,YCOMFORT,Economy Comfort,+48.97 USD,804.18,USD,Ubfly,YCOMFORT-YCOMFORT,,Included,Included,Included,Included,Unknown,Unknown,Unknown,Paid,Paid,Unknown,Unknown,Unknown,Unknown,Unknown,Unknown,Unknown,Yes,,75.0,2026-07-28T07:01:31+00:00,success,0
EY,WAW,BKK,WAW,PL,BKK,TH,2027-01-26,2027-01-29,Winter,Economy,2,Eco-3,YDELUXE,Economy — YDELUXE,+119.77 USD,874.98,USD,Ubfly,YDELUXE-YDELUXE,Change with Penalty; Uninterrupted return (up to the last 12 hours); Priority Access,Included,Included,Included,Included,Unknown,Unknown,Unknown,Included,Included,Unknown,Unknown,Unknown,Unknown,Unknown,Unknown,Unknown,Yes,,,2026-07-28T07:01:31+00:00,success,0
EY,WAW,BKK,WAW,PL,BKK,TH,2027-01-26,2027-01-29,Winter,Business,0,Bus-1,JVALUE,Business Basic,0.00 USD,2848.01,USD,Ubfly,JVALUE-JVALUE,Priority Access,Included,Included,Unknown,Included,Unknown,Unknown,Unknown,Not Included,Paid,Unknown,Unknown,Unknown,Unknown,Unknown,Unknown,Unknown,Yes,,100.0,2026-07-28T07:01:31+00:00,success,0
EY,WAW,BKK,WAW,PL,BKK,TH,2027-01-26,2027-01-29,Winter,Business,1,Bus-2,JCOMFORT,Business Comfort,+225.82 USD,3073.83,USD,Ubfly,JCOMFORT-JCOMFORT,Priority Access; ETIHAD UAE CHAUFFEUR(F),Included,Included,Included,Included,Included,Unknown,Unknown,Paid,Paid,Unknown,Unknown,Unknown,Unknown,Unknown,Unknown,Unknown,Yes,,,2026-07-28T07:01:31+00:00,success,0
EY,WAW,BKK,WAW,PL,BKK,TH,2027-01-26,2027-01-29,Winter,Business,2,Bus-3,JDELUXE,Business — JDELUXE,+417.18 USD,3265.19,USD,Ubfly,JDELUXE-JDELUXE,Change with Penalty; Uninterrupted return (up to the last 12 hours); Priority Access; ETIHAD UAE CHAUFFEUR(F); ETIHAD GLOBAL CHAUFFEUR(F),Included,Included,Included,Included,Included,Unknown,Unknown,Included,Included,Unknown,Unknown,Unknown,Unknown,Unknown,Unknown,Unknown,Yes,,,2026-07-28T07:01:31+00:00,success,0
CA,WAW,BKK,WAW,PL,BKK,TH,2026-08-26,2026-08-29,Summer,Economy,0,Eco-1,ECONOMY STANDARD,Economy Standard,0 USD,527.08,USD,Enuygun,bff_0,,Unknown,Included,Unknown,Unknown,Unknown,Unknown,Unknown,Unknown,Paid,Unknown,Unknown,Unknown,Unknown,Unknown,Unknown,Unknown,,,,2026-07-28T07:01:31+00:00,partial,0
CA,WAW,BKK,WAW,PL,BKK,TH,2026-08-26,2026-08-29,Summer,Economy,1,Eco-2,ECONOMY FLEX,Economy Flex,+101.72 USD,628.8,USD,Enuygun,bff_1,,Included,Included,Unknown,Unknown,Unknown,Unknown,Unknown,Paid,Paid,Unknown,Unknown,Unknown,Unknown,Unknown,Unknown,Unknown,,,,2026-07-28T07:01:31+00:00,partial,0
CA,WAW,BKK,WAW,PL,BKK,TH,2026-08-26,2026-08-29,Summer,Economy,2,Eco-3,ECONOMY LATITUDE,Economy — ECONOMY LATITUDE,+4852.32 USD,5379.4,USD,Enuygun,bff_2,,Included,Included,Unknown,Unknown,Unknown,Unknown,Unknown,Included,Paid,Unknown,Unknown,Unknown,Unknown,Unknown,Unknown,Unknown,,,,2026-07-28T07:01:31+00:00,partial,0
CA,WAW,BKK,WAW,PL,BKK,TH,2027-01-26,2027-01-29,Winter,Economy,0,Eco-1,ECONOMY FLEX,Economy Flex,0 USD,795.12,USD,Enuygun,bff_0,,Included,Included,Unknown,Unknown,Unknown,Unknown,Unknown,Paid,Paid,Unknown,Unknown,Unknown,Unknown,Unknown,Unknown,Unknown,,,,2026-07-28T07:01:31+00:00,partial,0
CA,WAW,BKK,WAW,PL,BKK,TH,2027-01-26,2027-01-29,Winter,Economy,1,Eco-2,ECONOMY LATITUDE,Economy — ECONOMY LATITUDE,+2682.29 USD,3477.42,USD,Enuygun,bff_1,,Included,Included,Unknown,Unknown,Unknown,Unknown,Unknown,Included,Paid,Unknown,Unknown,Unknown,Unknown,Unknown,Unknown,Unknown,,,,2026-07-28T07:01:31+00:00,partial,0
EK,PRG,BKK,PRG,CZ,BKK,TH,2027-05-18,2027-05-21,Summer,Economy,0,Eco-1,ECOFLEX,Economy Flex,0.00 USD,740.27,USD,Ubfly,ECOFLEX-ECOFLEX,Soft drink; In-flight entertainment,Included,Included,Unknown,Included,Unknown,Unknown,Unknown,Unknown,Unknown,Unknown,Unknown,Unknown,Unknown,Unknown,Unknown,Unknown,Yes,,70.0,2026-07-28T07:01:31+00:00,success,0
EK,PRG,BKK,PRG,CZ,BKK,TH,2027-05-18,2027-05-21,Summer,Economy,1,Eco-2,ECOFLXPLUS,Economy Comfort,+837.78 USD,1578.05,USD,Ubfly,ECOFLXPLUS-ECOFLXPLUS,Soft drink; In-flight entertainment; Uninterrupted return (up to the last 12 hours); Change with Penalty,Included,Included,Unknown,Included,Unknown,Unknown,Unknown,Unknown,Unknown,Unknown,Unknown,Unknown,Unknown,Unknown,Unknown,Unknown,Yes,,100.0,2026-07-28T07:01:31+00:00,success,0
EK,PRG,BKK,PRG,CZ,BKK,TH,2027-05-18,2027-05-21,Summer,Economy,2,Eco-3,PYFLXPLUS,Economy Comfort,"+1,062.06 USD",1802.33,USD,Ubfly,PYFLXPLUS-PYFLXPLUS,Soft drink; In-flight entertainment; Uninterrupted return (up to the last 12 hours); Change with Penalty,Included,Included,Included,Included,Unknown,Unknown,Unknown,Unknown,Unknown,Unknown,Unknown,Unknown,Unknown,Unknown,Unknown,Unknown,Yes,,,2026-07-28T07:01:31+00:00,success,0
EK,PRG,BKK,PRG,CZ,BKK,TH,2027-05-18,2027-05-21,Summer,Business,0,Bus-1,BSFLEX,Business Flex,0.00 USD,3825.64,USD,Ubfly,BSFLEX-BSFLEX,Soft drink; Premium check-in; In-flight entertainment; Chauffeur Drive; Internet Access,Included,Included,Included,Included,Included,Included,Included,Paid,Paid,Unknown,Unknown,Unknown,Unknown,Unknown,Unknown,Unknown,Yes,,175.0,2026-07-28T07:01:31+00:00,success,0
EK,PRG,BKK,PRG,CZ,BKK,TH,2027-05-18,2027-05-21,Summer,Business,1,Bus-2,BSFLXPLUS,Business Comfort,"+1,006.78 USD",4832.42,USD,Ubfly,BSFLXPLUS-BSFLXPLUS,Premium check-in; Soft drink; In-flight entertainment; Chauffeur Drive; Internet Access; Uninterrupted return (up to the last 12 hours); Change with Penalty,Included,Included,Included,Included,Included,Included,Included,Included,Included,Unknown,Unknown,Unknown,Unknown,Unknown,Unknown,Unknown,Yes,,190.0,2026-07-28T07:01:31+00:00,success,0
EK,PRG,BKK,PRG,CZ,BKK,TH,2026-12-13,2026-12-16,Winter,Economy,0,Eco-1,ECO FLEX,Economy Basic,0 USD,1163.67,USD,Enuygun,bff_0,entertainment: Uçak İçi Eğlence,Included,Included,Included,Included,Unknown,Unknown,Unknown,Paid,Paid,Unknown,Unknown,Unknown,Included,Unknown,Unknown,Unknown,Yes,4500.0,,2026-07-28T07:01:31+00:00,success,0
EK,PRG,BKK,PRG,CZ,BKK,TH,2026-12-13,2026-12-16,Winter,Economy,1,Eco-2,ECO FLEXPLUS,Economy Basic,+844.33 USD,2008.0,USD,Enuygun,bff_1,entertainment: Uçak İçi Eğlence,Included,Included,Included,Included,Unknown,Unknown,Unknown,Included,Included,Unknown,Unknown,Unknown,Included,Unknown,Unknown,Unknown,Yes,6000.0,,2026-07-28T07:01:31+00:00,success,0
EK,PRG,BKK,PRG,CZ,BKK,TH,2026-12-13,2026-12-16,Winter,Premium Economy,0,PEco-1,Premium Economy FlexPlus,Premium Economy Comfort,+934.48 USD,1899.91,USD,Ubfly,WF-42577f4487de4d7ba52ed66e63b84322,• Hot and cold refreshments; • ICE entertainment; • Mileage upgrade eligibility; • Exclusive Premium Economy Class dining; Premium Economy Cabin,Included,Included,Included,Unknown,Unknown,Unknown,Unknown,Not Included,Not Included,Unknown,Unknown,Unknown,Included,Unknown,Unknown,Unknown,Yes,6600.0,,2026-07-28T07:01:31+00:00,success,0
EK,PRG,BKK,PRG,CZ,BKK,TH,2026-12-13,2026-12-16,Winter,Business,0,Bus-1,BSFLEX,Business Flex,0.00 USD,3956.43,USD,Ubfly,BSFLEX-BSFLEX,Soft drink; Internet Access; Premium check-in; In-flight entertainment; Chauffeur Drive,Included,Included,Included,Included,Included,Included,Included,Paid,Paid,Unknown,Unknown,Unknown,Unknown,Unknown,Unknown,Unknown,Yes,,175.0,2026-07-28T07:01:31+00:00,success,0
EK,PRG,BKK,PRG,CZ,BKK,TH,2026-12-13,2026-12-16,Winter,Business,1,Bus-2,BSFLXPLUS,Business Comfort,"+1,052.92 USD",5009.35,USD,Ubfly,BSFLXPLUS-BSFLXPLUS,Premium check-in; Soft drink; In-flight entertainment; Chauffeur Drive; Internet Access; Uninterrupted return (up to the last 12 hours); Change with Penalty,Included,Included,Included,Included,Included,Included,Included,Included,Included,Unknown,Unknown,Unknown,Unknown,Unknown,Unknown,Unknown,Yes,,190.0,2026-07-28T07:01:31+00:00,success,0
QR,PRG,BKK,PRG,CZ,BKK,TH,2027-05-18,2027-05-21,Summer,Economy,0,Eco-1,Economy Classic,Economy Standard,0 USD,634.8,USD,Enuygun,bff_0,,Included,Included,Unknown,Included,Unknown,Unknown,Unknown,Paid,Paid,Unknown,Unknown,Unknown,Unknown,Unknown,Unknown,Unknown,Yes,,50.0,2026-07-28T07:01:31+00:00,success,0
QR,PRG,BKK,PRG,CZ,BKK,TH,2027-05-18,2027-05-21,Summer,Economy,1,Eco-2,Economy Convenience,Economy — Economy Convenience,+55.35 USD,690.15,USD,Enuygun,bff_1,,Included,Included,Included,Included,Unknown,Unknown,Unknown,Paid,Paid,Unknown,Unknown,Unknown,Unknown,Unknown,Unknown,Unknown,Yes,,75.0,2026-07-28T07:01:31+00:00,success,0
QR,PRG,BKK,PRG,CZ,BKK,TH,2027-05-18,2027-05-21,Summer,Economy,2,Eco-3,Economy Comfort,Economy Comfort,+541.7 USD,1176.5,USD,Enuygun,bff_2,,Included,Included,Included,Included,Unknown,Unknown,Unknown,Included,Included,Unknown,Unknown,Unknown,Unknown,Unknown,Unknown,Unknown,Yes,,100.0,2026-07-28T07:01:31+00:00,success,0
QR,PRG,BKK,PRG,CZ,BKK,TH,2027-05-18,2027-05-21,Summer,Business,0,Bus-1,Business Comfort,Business Comfort,0 USD,2846.17,USD,Enuygun,bff_0,,Included,Included,Included,Included,Included,Unknown,Unknown,Paid,Paid,Unknown,Unknown,Unknown,Unknown,Unknown,Unknown,Unknown,,,,2026-07-28T07:01:31+00:00,success,0
QR,PRG,BKK,PRG,CZ,BKK,TH,2027-05-18,2027-05-21,Summer,Business,1,Bus-2,Business Elite,Business Lite,+788.8 USD,3634.97,USD,Enuygun,bff_1,,Included,Included,Included,Included,Included,Unknown,Unknown,Included,Included,Unknown,Unknown,Unknown,Unknown,Unknown,Unknown,Unknown,,,,2026-07-28T07:01:31+00:00,success,0
QR,PRG,BKK,PRG,CZ,BKK,TH,2026-12-13,2026-12-16,Winter,Economy,0,Eco-1,ECONOMY CONVENIENCE,Economy — ECONOMY CONVENIENCE,0.00 USD,779.35,USD,Ubfly,ECONVENIEN-ECONVENIEN,,Included,Included,Included,Included,Unknown,Unknown,Unknown,Paid,Paid,Unknown,Unknown,Unknown,Unknown,Unknown,Unknown,Unknown,Yes,,75.0,2026-07-28T07:01:31+00:00,success,0
QR,PRG,BKK,PRG,CZ,BKK,TH,2026-12-13,2026-12-16,Winter,Economy,1,Eco-2,ECONOMY COMFORT,Economy Comfort,+382.00 USD,1161.35,USD,Ubfly,ECOMFORT-ECOMFORT,Uninterrupted return (up to the last 12 hours); Change with Penalty,Included,Included,Included,Included,Unknown,Unknown,Unknown,Included,Included,Unknown,Unknown,Unknown,Unknown,Unknown,Unknown,Unknown,Yes,,100.0,2026-07-28T07:01:31+00:00,success,0
QR,PRG,BKK,PRG,CZ,BKK,TH,2026-12-13,2026-12-16,Winter,Business,0,Bus-1,BUSINESS COMFORT,Business Comfort,0.00 USD,2435.69,USD,Ubfly,BCOMFORT-BCOMFORT,175 PCT QMILES ACCUMULATION(F),Included,Included,Included,Included,Included,Unknown,Unknown,Paid,Paid,Unknown,Unknown,Unknown,Unknown,Unknown,Unknown,Unknown,,,,2026-07-28T07:01:31+00:00,success,0
QR,PRG,BKK,PRG,CZ,BKK,TH,2026-12-13,2026-12-16,Winter,Business,1,Bus-2,BUSINESS ELITE,Business Lite,"+1,171.79 USD",3607.48,USD,Ubfly,BELITE-BELITE,200 PCT QMILES ACCUMULATION(F); Uninterrupted return (up to the last 12 hours); Change with Penalty,Included,Included,Included,Included,Included,Unknown,Unknown,Included,Included,Unknown,Unknown,Unknown,Unknown,Unknown,Unknown,Unknown,,,,2026-07-28T07:01:31+00:00,success,0
EY,PRG,BKK,PRG,CZ,BKK,TH,2027-05-18,2027-05-21,Summer,Economy,0,Eco-1,YVALUE,Economy Basic,0.00 USD,638.85,USD,Ubfly,YVALUE-YVALUE,,Included,Included,Unknown,Included,Unknown,Unknown,Unknown,Not Included,Paid,Unknown,Unknown,Unknown,Unknown,Unknown,Unknown,Unknown,Yes,,35.0,2026-07-28T07:01:31+00:00,success,0
EY,PRG,BKK,PRG,CZ,BKK,TH,2027-05-18,2027-05-21,Summer,Economy,1,Eco-2,YCOMFORT,Economy Comfort,+33.31 USD,672.16,USD,Ubfly,YCOMFORT-YCOMFORT,,Included,Included,Included,Included,Unknown,Unknown,Unknown,Paid,Paid,Unknown,Unknown,Unknown,Unknown,Unknown,Unknown,Unknown,Yes,,75.0,2026-07-28T07:01:31+00:00,success,0
EY,PRG,BKK,PRG,CZ,BKK,TH,2027-05-18,2027-05-21,Summer,Economy,2,Eco-3,YDELUXE,Economy — YDELUXE,+160.56 USD,799.41,USD,Ubfly,YDELUXE-YDELUXE,Change with Penalty; Uninterrupted return (up to the last 12 hours); Priority Access,Included,Included,Included,Included,Unknown,Unknown,Unknown,Included,Included,Unknown,Unknown,Unknown,Unknown,Unknown,Unknown,Unknown,Yes,,,2026-07-28T07:01:31+00:00,success,0
EY,PRG,BKK,PRG,CZ,BKK,TH,2027-05-18,2027-05-21,Summer,Business,0,Bus-1,JVALUE,Business Basic,0.00 USD,2765.44,USD,Ubfly,JVALUE-JVALUE,Priority Access,Included,Included,Unknown,Included,Unknown,Unknown,Unknown,Not Included,Paid,Unknown,Unknown,Unknown,Unknown,Unknown,Unknown,Unknown,Yes,,100.0,2026-07-28T07:01:31+00:00,success,0
EY,PRG,BKK,PRG,CZ,BKK,TH,2027-05-18,2027-05-21,Summer,Business,1,Bus-2,JCOMFORT,Business Comfort,+199.67 USD,2965.11,USD,Ubfly,JCOMFORT-JCOMFORT,Priority Access; ETIHAD UAE CHAUFFEUR(F),Included,Included,Included,Included,Included,Unknown,Unknown,Paid,Paid,Unknown,Unknown,Unknown,Unknown,Unknown,Unknown,Unknown,Yes,,,2026-07-28T07:01:31+00:00,success,0
EY,PRG,BKK,PRG,CZ,BKK,TH,2027-05-18,2027-05-21,Summer,Business,2,Bus-3,JDELUXE,Business — JDELUXE,+498.22 USD,3263.66,USD,Ubfly,JDELUXE-JDELUXE,Uninterrupted return (up to the last 12 hours); Priority Access; ETIHAD UAE CHAUFFEUR(F); ETIHAD GLOBAL CHAUFFEUR(F); Change with Penalty,Included,Included,Included,Included,Included,Unknown,Unknown,Included,Included,Unknown,Unknown,Unknown,Unknown,Unknown,Unknown,Unknown,Yes,,,2026-07-28T07:01:31+00:00,success,0
EY,PRG,BKK,PRG,CZ,BKK,TH,2026-12-13,2026-12-16,Winter,Economy,0,Eco-1,YVALUE,Economy Basic,0.00 USD,734.09,USD,Ubfly,YVALUE-YVALUE,,Included,Included,Unknown,Included,Unknown,Unknown,Unknown,Not Included,Paid,Unknown,Unknown,Unknown,Unknown,Unknown,Unknown,Unknown,Yes,,35.0,2026-07-28T07:01:31+00:00,success,0
EY,PRG,BKK,PRG,CZ,BKK,TH,2026-12-13,2026-12-16,Winter,Economy,1,Eco-2,YCOMFORT,Economy Comfort,+49.92 USD,784.01,USD,Ubfly,YCOMFORT-YCOMFORT,,Included,Included,Included,Included,Unknown,Unknown,Unknown,Paid,Paid,Unknown,Unknown,Unknown,Unknown,Unknown,Unknown,Unknown,Yes,,75.0,2026-07-28T07:01:31+00:00,success,0
EY,PRG,BKK,PRG,CZ,BKK,TH,2026-12-13,2026-12-16,Winter,Economy,2,Eco-3,YDELUXE,Economy — YDELUXE,+129.23 USD,863.32,USD,Ubfly,YDELUXE-YDELUXE,Change with Penalty; Uninterrupted return (up to the last 12 hours); Priority Access,Included,Included,Included,Included,Unknown,Unknown,Unknown,Included,Included,Unknown,Unknown,Unknown,Unknown,Unknown,Unknown,Unknown,Yes,,,2026-07-28T07:01:31+00:00,success,0
EY,PRG,BKK,PRG,CZ,BKK,TH,2026-12-13,2026-12-16,Winter,Business,0,Bus-1,JVALUE,Business Basic,0.00 USD,2403.71,USD,Ubfly,JVALUE-JVALUE,Priority Access,Included,Included,Unknown,Included,Unknown,Unknown,Unknown,Not Included,Paid,Unknown,Unknown,Unknown,Unknown,Unknown,Unknown,Unknown,Yes,,100.0,2026-07-28T07:01:31+00:00,success,0
EY,PRG,BKK,PRG,CZ,BKK,TH,2026-12-13,2026-12-16,Winter,Business,1,Bus-2,JCOMFORT,Business Comfort,+150.76 USD,2554.47,USD,Ubfly,JCOMFORT-JCOMFORT,Priority Access; ETIHAD UAE CHAUFFEUR(F),Included,Included,Included,Included,Included,Unknown,Unknown,Paid,Paid,Unknown,Unknown,Unknown,Unknown,Unknown,Unknown,Unknown,Yes,,,2026-07-28T07:01:31+00:00,success,0
EY,PRG,BKK,PRG,CZ,BKK,TH,2026-12-13,2026-12-16,Winter,Business,2,Bus-3,JDELUXE,Business — JDELUXE,+446.39 USD,2850.1,USD,Ubfly,JDELUXE-JDELUXE,Change with Penalty; Uninterrupted return (up to the last 12 hours); Priority Access; ETIHAD UAE CHAUFFEUR(F); ETIHAD GLOBAL CHAUFFEUR(F),Included,Included,Included,Included,Included,Unknown,Unknown,Included,Included,Unknown,Unknown,Unknown,Unknown,Unknown,Unknown,Unknown,Yes,,,2026-07-28T07:01:31+00:00,success,0
TK,PRG,BKK,PRG,CZ,BKK,TH,2027-05-18,2027-05-21,Summer,Economy,0,Eco-1,Eco Fly,Economy Basic,0 USD,765.68,USD,Enuygun,bff_0,,Included,Included,Unknown,Included,Unknown,Unknown,Unknown,Not Included,Paid,Unknown,Unknown,Unknown,Unknown,Unknown,Unknown,Unknown,,,,2026-07-28T07:01:31+00:00,success,0
TK,PRG,BKK,PRG,CZ,BKK,TH,2027-05-18,2027-05-21,Summer,Economy,1,Eco-2,Extra Fly,Economy — Extra Fly,+57.07 USD,822.75,USD,Enuygun,bff_1,,Included,Included,Unknown,Included,Unknown,Unknown,Unknown,Paid,Paid,Unknown,Unknown,Unknown,Unknown,Unknown,Unknown,Unknown,,,,2026-07-28T07:01:31+00:00,success,0
TK,PRG,BKK,PRG,CZ,BKK,TH,2027-05-18,2027-05-21,Summer,Economy,2,Eco-3,Flex Fly,Economy Flex,+108.85 USD,874.52,USD,Enuygun,bff_2,,Included,Included,Included,Included,Unknown,Unknown,Unknown,Paid,Included,Unknown,Unknown,Unknown,Unknown,Unknown,Unknown,Unknown,Yes,,15.0,2026-07-28T07:01:31+00:00,success,0
TK,PRG,BKK,PRG,CZ,BKK,TH,2027-05-18,2027-05-21,Summer,Economy,3,Eco-4,Prime Fly,Economy Premium,+217.67 USD,983.35,USD,Enuygun,bff_3,,Included,Included,Included,Included,Unknown,Unknown,Included,Included,Included,Unknown,Unknown,Paid,Unknown,Unknown,Unknown,Unknown,Yes,,30.0,2026-07-28T07:01:31+00:00,success,0
TK,PRG,BKK,PRG,CZ,BKK,TH,2027-05-18,2027-05-21,Summer,Business,0,Bus-1,Business Fly,Business — Business Fly,0 USD,4981.59,USD,Enuygun,bff_0,priority_check_in: Öncelikli Check-in,Included,Included,Included,Included,Included,Included,Included,Paid,Paid,Unknown,Unknown,Unknown,Included,Unknown,Unknown,Unknown,,,,2026-07-28T07:01:31+00:00,success,0
TK,PRG,BKK,PRG,CZ,BKK,TH,2027-05-18,2027-05-21,Summer,Business,1,Bus-2,Business Prime,Business Premium,+176.45 USD,5158.04,USD,Enuygun,bff_1,priority_check_in: Öncelikli Check-in,Included,Included,Included,Included,Included,Included,Included,Included,Included,Unknown,Unknown,Paid,Included,Unknown,Unknown,Unknown,Yes,,30.0,2026-07-28T07:01:31+00:00,success,0
TK,PRG,BKK,PRG,CZ,BKK,TH,2026-12-13,2026-12-16,Winter,Economy,0,Eco-1,ECOFLY,Economy Basic,0.00 USD,1782.63,USD,Ubfly,CL-7ea024f69b884f10b2b78f3a149d7367,Online Message Verification,Included,Included,Unknown,Included,Unknown,Unknown,Unknown,Not Included,Paid,Unknown,Unknown,Unknown,Unknown,Unknown,Unknown,Unknown,,,,2026-07-28T07:01:31+00:00,success,0
TK,PRG,BKK,PRG,CZ,BKK,TH,2026-12-13,2026-12-16,Winter,Economy,1,Eco-2,EXTRAFLY,Economy Standard,+48.64 USD,1831.27,USD,Ubfly,LG-b6f3076aa6c3484e8b8b5caba861477a,Online Message Verification,Included,Included,Unknown,Included,Unknown,Unknown,Unknown,Paid,Paid,Unknown,Unknown,Unknown,Unknown,Unknown,Unknown,Unknown,,,,2026-07-28T07:01:31+00:00,success,0
TK,PRG,BKK,PRG,CZ,BKK,TH,2026-12-13,2026-12-16,Winter,Economy,2,Eco-3,FLEXFLY,Economy Flex,+98.77 USD,1881.4,USD,Ubfly,GN-42bc72f6ee5e43838ffb61f03464e7ed,Online Message Verification,Included,Included,Included,Included,Unknown,Unknown,Unknown,Paid,Included,Unknown,Unknown,Unknown,Unknown,Unknown,Unknown,Unknown,Yes,,15.0,2026-07-28T07:01:31+00:00,success,0
TK,PRG,BKK,PRG,CZ,BKK,TH,2026-12-13,2026-12-16,Winter,Economy,3,Eco-4,Flexible,Economy Flex,+195.41 USD,1978.04,USD,Ubfly,FL-9092a07f73c1441baa643a6479e01eda,Online Message Verification,Included,Included,Included,Included,Unknown,Unknown,Included,Included,Included,Unknown,Unknown,Paid,Unknown,Unknown,Unknown,Unknown,Yes,,30.0,2026-07-28T07:01:31+00:00,success,0
TK,PRG,BKK,PRG,CZ,BKK,TH,2026-12-13,2026-12-16,Winter,Business,0,Bus-1,BUSINESS FLY,Business — BUSINESS FLY,0.00 USD,7369.62,USD,Ubfly,BF-6b1ce615b18c4fd89827d9c722bbfb91,Priority Check-In,Included,Included,Included,Unknown,Included,Included,Included,Paid,Paid,Unknown,Unknown,Unknown,Included,Unknown,Unknown,Unknown,,,,2026-07-28T07:01:31+00:00,success,0
TK,PRG,BKK,PRG,CZ,BKK,TH,2026-12-13,2026-12-16,Winter,Business,1,Bus-2,BUSINESS PRIME,Business Premium,+176.45 USD,7546.07,USD,Ubfly,BL-5730b4b4c80c413aae0f235ce706728e,Priority Check-In,Included,Included,Included,Unknown,Included,Included,Included,Included,Included,Unknown,Unknown,Paid,Included,Unknown,Unknown,Unknown,Yes,,30.0,2026-07-28T07:01:31+00:00,success,0
SQ,SIN,FCO,SIN,SG,ROM,IT,2026-10-05,2026-10-08,Summer,Economy,0,Eco-1,ECOCMFT,Economy — ECOCMFT,0.00 USD,1005.71,USD,Ubfly,ECOCMFT-ECOCMFT,1 personal item; In-flight entertainment,Included,Included,Unknown,Included,Unknown,Unknown,Unknown,Unknown,Unknown,Unknown,Unknown,Unknown,Unknown,Unknown,Unknown,Unknown,Yes,,,2026-07-28T07:01:31+00:00,success,0
SQ,SIN,FCO,SIN,SG,ROM,IT,2026-10-05,2026-10-08,Summer,Economy,1,Eco-2,ECOCMFTPLS,Economy — ECOCMFTPLS,+65.80 USD,1071.51,USD,Ubfly,ECOCMFTPLS-ECOCMFTPLS,1 personal item; In-flight entertainment,Included,Included,Unknown,Included,Unknown,Unknown,Unknown,Unknown,Unknown,Unknown,Unknown,Unknown,Unknown,Unknown,Unknown,Unknown,Yes,,,2026-07-28T07:01:31+00:00,success,0
SQ,SIN,FCO,SIN,SG,ROM,IT,2026-10-05,2026-10-08,Summer,Economy,2,Eco-3,ECOFLEX,Economy Flex,+140.88 USD,1146.59,USD,Ubfly,ECOFLEX-ECOFLEX,1 personal item; In-flight entertainment,Included,Included,Included,Included,Unknown,Unknown,Unknown,Unknown,Unknown,Unknown,Unknown,Unknown,Unknown,Unknown,Unknown,Unknown,Yes,,,2026-07-28T07:01:31+00:00,success,0
SQ,SIN,FCO,SIN,SG,ROM,IT,2026-10-05,2026-10-08,Summer,Economy,3,Eco-4,PRECMFT,Economy — PRECMFT,"+1,028.77 USD",2034.48,USD,Ubfly,PRECMFT-PRECMFT,1 personal item; In-flight entertainment,Included,Included,Unknown,Included,Unknown,Unknown,Unknown,Unknown,Unknown,Unknown,Unknown,Unknown,Unknown,Unknown,Unknown,Unknown,Yes,,,2026-07-28T07:01:31+00:00,success,0
SQ,SIN,FCO,SIN,SG,ROM,IT,2026-10-05,2026-10-08,Summer,Economy,4,Eco-5,PRECMFTPLS,Economy — PRECMFTPLS,"+1,145.65 USD",2151.36,USD,Ubfly,PRECMFTPLS-PRECMFTPLS,1 personal item; In-flight entertainment,Included,Included,Unknown,Included,Unknown,Unknown,Unknown,Unknown,Unknown,Unknown,Unknown,Unknown,Unknown,Unknown,Unknown,Unknown,Yes,,,2026-07-28T07:01:31+00:00,success,0
SQ,SIN,FCO,SIN,SG,ROM,IT,2026-10-05,2026-10-08,Summer,Economy,5,Eco-6,PREFLEX,Economy Flex,"+1,298.93 USD",2304.64,USD,Ubfly,PREFLEX-PREFLEX,1 personal item; In-flight entertainment,Included,Included,Included,Included,Unknown,Unknown,Unknown,Unknown,Unknown,Unknown,Unknown,Unknown,Unknown,Unknown,Unknown,Unknown,Yes,,,2026-07-28T07:01:31+00:00,success,0
SQ,SIN,FCO,SIN,SG,ROM,IT,2026-10-05,2026-10-08,Summer,Business,0,Bus-1,BUSCMFT,Business — BUSCMFT,0.00 USD,6036.36,USD,Ubfly,BUSCMFT-BUSCMFT,Snack; Privileged check-in; 1 personal item; Journal & Newspaper; In-flight entertainment,Included,Included,Included,Included,Included,Included,Included,Unknown,Unknown,Unknown,Unknown,Unknown,Unknown,Unknown,Unknown,Unknown,Yes,,,2026-07-28T07:01:31+00:00,success,0
SQ,SIN,FCO,SIN,SG,ROM,IT,2026-10-05,2026-10-08,Summer,Business,1,Bus-2,BUSCMFTPLS,Business — BUSCMFTPLS,+163.34 USD,6199.7,USD,Ubfly,BUSCMFTPLS-BUSCMFTPLS,1 personal item; Snack; Journal & Newspaper; Privileged check-in; In-flight entertainment,Included,Included,Included,Included,Included,Included,Included,Unknown,Unknown,Unknown,Unknown,Unknown,Unknown,Unknown,Unknown,Unknown,Yes,,,2026-07-28T07:01:31+00:00,success,0
SQ,SIN,FCO,SIN,SG,ROM,IT,2026-10-05,2026-10-08,Summer,Business,2,Bus-3,BUSINESS FLEXIBLE,Business Flex,+425.75 USD,6462.11,USD,Ubfly,BUSFLEX-BUSFLEX,1 personal item; Business class seat with private partition; Snack; Journal & Newspaper; Privileged check-in; In-flight entertainment,Included,Included,Included,Included,Included,Included,Included,Unknown,Unknown,Unknown,Unknown,Unknown,Unknown,Unknown,Unknown,Unknown,Yes,,,2026-07-28T07:01:31+00:00,success,0
SQ,SIN,FCO,SIN,SG,ROM,IT,2027-03-06,2027-03-09,Winter,Economy,0,Eco-1,ECOCMFT,Economy — ECOCMFT,0.00 USD,1911.03,USD,Ubfly,ECOCMFT-ECOCMFT,In-flight entertainment; 1 personal item,Included,Included,Unknown,Included,Unknown,Unknown,Unknown,Unknown,Unknown,Unknown,Unknown,Unknown,Unknown,Unknown,Unknown,Unknown,Yes,,,2026-07-28T07:01:31+00:00,success,0
SQ,SIN,FCO,SIN,SG,ROM,IT,2027-03-06,2027-03-09,Winter,Economy,1,Eco-2,ECOCMFTPLS,Economy — ECOCMFTPLS,+65.80 USD,1976.83,USD,Ubfly,ECOCMFTPLS-ECOCMFTPLS,1 personal item; In-flight entertainment,Included,Included,Unknown,Included,Unknown,Unknown,Unknown,Unknown,Unknown,Unknown,Unknown,Unknown,Unknown,Unknown,Unknown,Unknown,Yes,,,2026-07-28T07:01:31+00:00,success,0
SQ,SIN,FCO,SIN,SG,ROM,IT,2027-03-06,2027-03-09,Winter,Economy,2,Eco-3,PRECMFT,Economy — PRECMFT,+92.90 USD,2003.93,USD,Ubfly,PRECMFT-PRECMFT,1 personal item; In-flight entertainment,Included,Included,Unknown,Included,Unknown,Unknown,Unknown,Unknown,Unknown,Unknown,Unknown,Unknown,Unknown,Unknown,Unknown,Unknown,Yes,,,2026-07-28T07:01:31+00:00,success,0
SQ,SIN,FCO,SIN,SG,ROM,IT,2027-03-06,2027-03-09,Winter,Economy,3,Eco-4,ECOFLEX,Economy Flex,+141.66 USD,2052.69,USD,Ubfly,ECOFLEX-ECOFLEX,1 personal item; In-flight entertainment,Included,Included,Included,Included,Unknown,Unknown,Unknown,Unknown,Unknown,Unknown,Unknown,Unknown,Unknown,Unknown,Unknown,Unknown,Yes,,,2026-07-28T07:01:31+00:00,success,0
SQ,SIN,FCO,SIN,SG,ROM,IT,2027-03-06,2027-03-09,Winter,Economy,4,Eco-5,PRECMFTPLS,Economy — PRECMFTPLS,+209.78 USD,2120.81,USD,Ubfly,PRECMFTPLS-PRECMFTPLS,1 personal item; In-flight entertainment,Included,Included,Unknown,Included,Unknown,Unknown,Unknown,Unknown,Unknown,Unknown,Unknown,Unknown,Unknown,Unknown,Unknown,Unknown,Yes,,,2026-07-28T07:01:31+00:00,success,0
SQ,SIN,FCO,SIN,SG,ROM,IT,2027-03-06,2027-03-09,Winter,Economy,5,Eco-6,PREFLEX,Economy Flex,+363.05 USD,2274.08,USD,Ubfly,PREFLEX-PREFLEX,1 personal item; In-flight entertainment,Included,Included,Included,Included,Unknown,Unknown,Unknown,Unknown,Unknown,Unknown,Unknown,Unknown,Unknown,Unknown,Unknown,Unknown,Yes,,,2026-07-28T07:01:31+00:00,success,0
SQ,SIN,FCO,SIN,SG,ROM,IT,2027-03-06,2027-03-09,Winter,Business,0,Bus-1,BUSCMFT,Business — BUSCMFT,0.00 USD,5931.58,USD,Ubfly,BUSCMFT-BUSCMFT-BUSCMFT,Snack; Privileged check-in; In-flight entertainment; 1 personal item; Journal & Newspaper,Included,Included,Included,Included,Included,Included,Included,Unknown,Unknown,Unknown,Unknown,Unknown,Unknown,Unknown,Unknown,Unknown,Yes,,,2026-07-28T07:01:31+00:00,success,0
SQ,SIN,FCO,SIN,SG,ROM,IT,2027-03-06,2027-03-09,Winter,Business,1,Bus-2,BUSCMFTPLS,Business — BUSCMFTPLS,+163.34 USD,6094.92,USD,Ubfly,BUSCMFTPLS-BUSCMFTPLS-BUSCMFTPLS,1 personal item; Snack; Journal & Newspaper; Privileged check-in; In-flight entertainment,Included,Included,Included,Included,Included,Included,Included,Unknown,Unknown,Unknown,Unknown,Unknown,Unknown,Unknown,Unknown,Unknown,Yes,,,2026-07-28T07:01:31+00:00,success,0
SQ,SIN,FCO,SIN,SG,ROM,IT,2027-03-06,2027-03-09,Winter,Business,2,Bus-3,BUSINESS FLEXIBLE,Business Flex,+425.75 USD,6357.33,USD,Ubfly,BUSFLEX-BUSFLEX-BUSFLEX,1 personal item; Business class seat with private partition; Snack; Journal & Newspaper; Privileged check-in; In-flight entertainment,Included,Included,Included,Included,Included,Included,Included,Unknown,Unknown,Unknown,Unknown,Unknown,Unknown,Unknown,Unknown,Unknown,Yes,,,2026-07-28T07:01:31+00:00,success,0
QR,SIN,FCO,SIN,SG,ROM,IT,2026-10-05,2026-10-08,Summer,Economy,0,Eco-1,Economy Classic,Economy Standard,0 USD,751.41,USD,Enuygun,bff_0,,Included,Included,Unknown,Included,Unknown,Unknown,Unknown,Paid,Paid,Unknown,Unknown,Unknown,Unknown,Unknown,Unknown,Unknown,Yes,,50.0,2026-07-28T07:01:31+00:00,success,0
QR,SIN,FCO,SIN,SG,ROM,IT,2026-10-05,2026-10-08,Summer,Economy,1,Eco-2,Economy Convenience,Economy — Economy Convenience,+65.9 USD,817.31,USD,Enuygun,bff_1,,Included,Included,Included,Included,Unknown,Unknown,Unknown,Paid,Paid,Unknown,Unknown,Unknown,Unknown,Unknown,Unknown,Unknown,Yes,,75.0,2026-07-28T07:01:31+00:00,success,0
QR,SIN,FCO,SIN,SG,ROM,IT,2026-10-05,2026-10-08,Summer,Economy,2,Eco-3,Economy Comfort,Economy Comfort,+599.06 USD,1350.47,USD,Enuygun,bff_2,,Included,Included,Included,Included,Unknown,Unknown,Unknown,Included,Included,Unknown,Unknown,Unknown,Unknown,Unknown,Unknown,Unknown,Yes,,100.0,2026-07-28T07:01:31+00:00,success,0
QR,SIN,FCO,SIN,SG,ROM,IT,2026-10-05,2026-10-08,Summer,Business,0,Bus-1,BCLASSIC,Business Standard,0.00 USD,2413.05,USD,Ubfly,BCLASSIC-BCLASSIC,125 PCT QMILES ACCUMULATION(F),Included,Included,Unknown,Included,Included,Unknown,Unknown,Paid,Paid,Unknown,Unknown,Unknown,Unknown,Unknown,Unknown,Unknown,,,,2026-07-28T07:01:31+00:00,success,0
QR,SIN,FCO,SIN,SG,ROM,IT,2026-10-05,2026-10-08,Summer,Business,1,Bus-2,BUSINESS COMFORT,Business Comfort,+450.51 USD,2863.56,USD,Ubfly,BCOMFORT-BCOMFORT,175 PCT QMILES ACCUMULATION(F),Included,Included,Included,Included,Included,Unknown,Unknown,Paid,Paid,Unknown,Unknown,Unknown,Unknown,Unknown,Unknown,Unknown,,,,2026-07-28T07:01:31+00:00,success,0
QR,SIN,FCO,SIN,SG,ROM,IT,2026-10-05,2026-10-08,Summer,Business,2,Bus-3,BUSINESS ELITE,Business Lite,"+1,561.33 USD",3974.38,USD,Ubfly,BELITE-BELITE,200 PCT QMILES ACCUMULATION(F); Uninterrupted return (up to the last 12 hours); Change with Penalty,Included,Included,Included,Included,Included,Unknown,Unknown,Included,Included,Unknown,Unknown,Unknown,Unknown,Unknown,Unknown,Unknown,,,,2026-07-28T07:01:31+00:00,success,0
QR,SIN,FCO,SIN,SG,ROM,IT,2027-03-06,2027-03-09,Winter,Economy,0,Eco-1,Economy Classic,Economy Standard,0 USD,518.89,USD,Enuygun,bff_0,,Included,Included,Unknown,Included,Unknown,Unknown,Unknown,Paid,Paid,Unknown,Unknown,Unknown,Unknown,Unknown,Unknown,Unknown,Yes,,50.0,2026-07-28T07:01:31+00:00,success,0
QR,SIN,FCO,SIN,SG,ROM,IT,2027-03-06,2027-03-09,Winter,Economy,1,Eco-2,Economy Convenience,Economy — Economy Convenience,+326.37 USD,845.26,USD,Enuygun,bff_1,,Included,Included,Included,Included,Unknown,Unknown,Unknown,Paid,Paid,Unknown,Unknown,Unknown,Unknown,Unknown,Unknown,Unknown,Yes,,75.0,2026-07-28T07:01:31+00:00,success,0
QR,SIN,FCO,SIN,SG,ROM,IT,2027-03-06,2027-03-09,Winter,Economy,2,Eco-3,Economy Comfort,Economy Comfort,+859.65 USD,1378.55,USD,Enuygun,bff_2,,Included,Included,Included,Included,Unknown,Unknown,Unknown,Included,Included,Unknown,Unknown,Unknown,Unknown,Unknown,Unknown,Unknown,Yes,,100.0,2026-07-28T07:01:31+00:00,success,0
QR,SIN,FCO,SIN,SG,ROM,IT,2027-03-06,2027-03-09,Winter,Business,0,Bus-1,BCLASSIC,Business Standard,0.00 USD,2916.89,USD,Ubfly,BCLASSIC-BCLASSIC-BCLASSIC,125 PCT QMILES ACCUMULATION(F),Included,Included,Unknown,Included,Included,Unknown,Unknown,Paid,Paid,Unknown,Unknown,Unknown,Unknown,Unknown,Unknown,Unknown,,,,2026-07-28T07:01:31+00:00,success,0
QR,SIN,FCO,SIN,SG,ROM,IT,2027-03-06,2027-03-09,Winter,Business,1,Bus-2,BUSINESS COMFORT,Business Comfort,+510.90 USD,3427.79,USD,Ubfly,BCOMFORT-BCOMFORT-BCOMFORT,175 PCT QMILES ACCUMULATION(F),Included,Included,Included,Included,Included,Unknown,Unknown,Paid,Paid,Unknown,Unknown,Unknown,Unknown,Unknown,Unknown,Unknown,,,,2026-07-28T07:01:31+00:00,success,0
QR,SIN,FCO,SIN,SG,ROM,IT,2027-03-06,2027-03-09,Winter,Business,2,Bus-3,BUSINESS ELITE,Business Lite,"+1,621.73 USD",4538.62,USD,Ubfly,BELITE-BELITE-BELITE,200 PCT QMILES ACCUMULATION(F); Uninterrupted return (up to the last 12 hours); Change with Penalty,Included,Included,Included,Included,Included,Unknown,Unknown,Included,Included,Unknown,Unknown,Unknown,Unknown,Unknown,Unknown,Unknown,,,,2026-07-28T07:01:31+00:00,success,0
EK,SIN,FCO,SIN,SG,ROM,IT,2026-10-05,2026-10-08,Summer,Economy,0,Eco-1,ECOSAVER,Economy Basic,0.00 USD,542.31,USD,Ubfly,ECOSAVER-ECOSAVER,Soft drink; In-flight entertainment,Included,Included,Unknown,Included,Unknown,Unknown,Unknown,Unknown,Unknown,Unknown,Unknown,Unknown,Unknown,Unknown,Unknown,Unknown,Yes,,30.0,2026-07-28T07:01:31+00:00,success,0
EK,SIN,FCO,SIN,SG,ROM,IT,2026-10-05,2026-10-08,Summer,Economy,1,Eco-2,ECOFLEX,Economy Flex,+195.07 USD,737.38,USD,Ubfly,ECOFLEX-ECOFLEX,Soft drink; In-flight entertainment,Included,Included,Unknown,Included,Unknown,Unknown,Unknown,Unknown,Unknown,Unknown,Unknown,Unknown,Unknown,Unknown,Unknown,Unknown,Yes,,70.0,2026-07-28T07:01:31+00:00,success,0
EK,SIN,FCO,SIN,SG,ROM,IT,2026-10-05,2026-10-08,Summer,Economy,2,Eco-3,ECOFLXPLUS,Economy Comfort,+716.02 USD,1258.33,USD,Ubfly,ECOFLXPLUS-ECOFLXPLUS,Soft drink; In-flight entertainment; Uninterrupted return (up to the last 12 hours); Change with Penalty,Included,Included,Unknown,Included,Unknown,Unknown,Unknown,Unknown,Unknown,Unknown,Unknown,Unknown,Unknown,Unknown,Unknown,Unknown,Yes,,100.0,2026-07-28T07:01:31+00:00,success,0
EK,SIN,FCO,SIN,SG,ROM,IT,2026-10-05,2026-10-08,Summer,Economy,3,Eco-4,PYFLXPLUS,Economy Comfort,+826.72 USD,1369.03,USD,Ubfly,PYFLXPLUS-PYFLXPLUS,Soft drink; In-flight entertainment; Uninterrupted return (up to the last 12 hours); Change with Penalty,Included,Included,Included,Included,Unknown,Unknown,Unknown,Unknown,Unknown,Unknown,Unknown,Unknown,Unknown,Unknown,Unknown,Unknown,Yes,,,2026-07-28T07:01:31+00:00,success,0
EK,SIN,FCO,SIN,SG,ROM,IT,2026-10-05,2026-10-08,Summer,Business,0,Bus-1,Business Saver,Business Basic,0 USD,2554.37,USD,Enuygun,bff_0,priority_check_in: Öncelikli Check-in; entertainment: Uçak İçi Eğlence,Included,Included,Included,Included,Included,Included,Included,Not Included,Paid,Unknown,Unknown,Unknown,Unknown,Unknown,Unknown,Unknown,Yes,,,2026-07-28T07:01:31+00:00,success,0
EK,SIN,FCO,SIN,SG,ROM,IT,2026-10-05,2026-10-08,Summer,Business,1,Bus-2,Business Flex,Business Flex,+339.58 USD,2893.94,USD,Enuygun,bff_1,priority_check_in: Öncelikli Check-in; entertainment: Uçak İçi Eğlence,Included,Included,Included,Included,Included,Included,Included,Paid,Paid,Unknown,Unknown,Unknown,Unknown,Unknown,Unknown,Unknown,Yes,,175.0,2026-07-28T07:01:31+00:00,success,0
EK,SIN,FCO,SIN,SG,ROM,IT,2026-10-05,2026-10-08,Summer,Business,2,Bus-3,Business Flex Plus,Business Comfort,+885.16 USD,3439.53,USD,Enuygun,bff_2,priority_check_in: Öncelikli Check-in; entertainment: Uçak İçi Eğlence,Included,Included,Included,Included,Included,Included,Included,Included,Included,Unknown,Unknown,Unknown,Unknown,Unknown,Unknown,Unknown,Yes,,190.0,2026-07-28T07:01:31+00:00,success,0
EK,SIN,FCO,SIN,SG,ROM,IT,2027-03-06,2027-03-09,Winter,Economy,0,Eco-1,Economy Saver,Economy Basic,0 USD,536.05,USD,Enuygun,bff_0,entertainment: Uçak İçi Eğlence,Included,Included,Paid,Included,Unknown,Unknown,Unknown,Not Included,Paid,Unknown,Unknown,Unknown,Included,Unknown,Unknown,Unknown,Yes,1800.0,,2026-07-28T07:01:31+00:00,success,0
EK,SIN,FCO,SIN,SG,ROM,IT,2027-03-06,2027-03-09,Winter,Economy,1,Eco-2,Economy Flex,Economy Flex,+164.64 USD,700.7,USD,Enuygun,bff_1,entertainment: Uçak İçi Eğlence,Included,Included,Included,Included,Unknown,Unknown,Unknown,Paid,Paid,Unknown,Unknown,Unknown,Included,Unknown,Unknown,Unknown,Yes,4500.0,,2026-07-28T07:01:31+00:00,success,0
EK,SIN,FCO,SIN,SG,ROM,IT,2027-03-06,2027-03-09,Winter,Economy,2,Eco-3,Economy Flex Plus,Economy Comfort,+452.7 USD,988.76,USD,Enuygun,bff_2,entertainment: Uçak İçi Eğlence,Included,Included,Included,Included,Unknown,Unknown,Unknown,Included,Included,Unknown,Unknown,Unknown,Included,Unknown,Unknown,Unknown,Yes,6000.0,,2026-07-28T07:01:31+00:00,success,0
EK,SIN,FCO,SIN,SG,ROM,IT,2027-03-06,2027-03-09,Winter,Premium Economy,0,PEco-1,Premium Economy FlexPlus,Premium Economy Comfort,+853.06 USD,1317.66,USD,Ubfly,WF-700f51eb010e463e8e54514d524935ac,• Hot and cold refreshments; • ICE entertainment; • Mileage upgrade eligibility; • Exclusive Premium Economy Class dining; Premium Economy Cabin,Included,Included,Included,Unknown,Unknown,Unknown,Unknown,Not Included,Not Included,Unknown,Unknown,Unknown,Included,Unknown,Unknown,Unknown,Yes,6600.0,,2026-07-28T07:01:31+00:00,success,0
EK,SIN,FCO,SIN,SG,ROM,IT,2027-03-06,2027-03-09,Winter,Business,0,Bus-1,Business Saver,Business Basic,0 USD,2519.29,USD,Enuygun,bff_0,priority_check_in: Öncelikli Check-in; entertainment: Uçak İçi Eğlence,Included,Included,Included,Included,Included,Included,Included,Not Included,Paid,Unknown,Unknown,Unknown,Unknown,Unknown,Unknown,Unknown,Yes,,,2026-07-28T07:01:31+00:00,success,0
EK,SIN,FCO,SIN,SG,ROM,IT,2027-03-06,2027-03-09,Winter,Business,1,Bus-2,Business Flex,Business Flex,+341.46 USD,2860.75,USD,Enuygun,bff_1,priority_check_in: Öncelikli Check-in; entertainment: Uçak İçi Eğlence,Included,Included,Included,Included,Included,Included,Included,Paid,Paid,Unknown,Unknown,Unknown,Unknown,Unknown,Unknown,Unknown,Yes,,175.0,2026-07-28T07:01:31+00:00,success,0
EK,SIN,FCO,SIN,SG,ROM,IT,2027-03-06,2027-03-09,Winter,Business,2,Bus-3,Business Flex Plus,Business Comfort,+885.03 USD,3404.32,USD,Enuygun,bff_2,priority_check_in: Öncelikli Check-in; entertainment: Uçak İçi Eğlence,Included,Included,Included,Included,Included,Included,Included,Included,Included,Unknown,Unknown,Unknown,Unknown,Unknown,Unknown,Unknown,Yes,,190.0,2026-07-28T07:01:31+00:00,success,0
EY,SIN,FCO,SIN,SG,ROM,IT,2026-10-05,2026-10-08,Summer,Economy,0,Eco-1,YBASIC,Economy Basic,0.00 USD,347.72,USD,Ubfly,YBASIC-YBASIC,,Included,Not Included,Unknown,Included,Unknown,Unknown,Unknown,Not Included,Included,Unknown,Unknown,Unknown,Unknown,Unknown,Unknown,Unknown,Yes,,5.0,2026-07-28T07:01:31+00:00,success,0
EY,SIN,FCO,SIN,SG,ROM,IT,2026-10-05,2026-10-08,Summer,Economy,1,Eco-2,YVALUE,Economy Basic,+25.45 USD,373.17,USD,Ubfly,YVALUE-YVALUE,,Included,Included,Unknown,Included,Unknown,Unknown,Unknown,Not Included,Paid,Unknown,Unknown,Unknown,Unknown,Unknown,Unknown,Unknown,Yes,,35.0,2026-07-28T07:01:31+00:00,success,0
EY,SIN,FCO,SIN,SG,ROM,IT,2026-10-05,2026-10-08,Summer,Economy,2,Eco-3,YCOMFORT,Economy Comfort,+86.60 USD,434.32,USD,Ubfly,YCOMFORT-YCOMFORT,,Included,Included,Included,Included,Unknown,Unknown,Unknown,Paid,Paid,Unknown,Unknown,Unknown,Unknown,Unknown,Unknown,Unknown,Yes,,75.0,2026-07-28T07:01:31+00:00,success,0
EY,SIN,FCO,SIN,SG,ROM,IT,2026-10-05,2026-10-08,Summer,Economy,3,Eco-4,YDELUXE,Economy — YDELUXE,+254.56 USD,602.28,USD,Ubfly,YDELUXE-YDELUXE,Change with Penalty; Uninterrupted return (up to the last 12 hours); Priority Access,Included,Included,Included,Included,Unknown,Unknown,Unknown,Included,Included,Unknown,Unknown,Unknown,Unknown,Unknown,Unknown,Unknown,Yes,,,2026-07-28T07:01:31+00:00,success,0
EY,SIN,FCO,SIN,SG,ROM,IT,2026-10-05,2026-10-08,Summer,Business,0,Bus-1,JVALUE,Business Basic,0.00 USD,3924.41,USD,Ubfly,JVALUE-JVALUE,Priority Access,Included,Included,Unknown,Included,Unknown,Unknown,Unknown,Not Included,Paid,Unknown,Unknown,Unknown,Unknown,Unknown,Unknown,Unknown,Yes,,100.0,2026-07-28T07:01:31+00:00,success,0
EY,SIN,FCO,SIN,SG,ROM,IT,2026-10-05,2026-10-08,Summer,Business,1,Bus-2,JCOMFORT,Business Comfort,+256.22 USD,4180.63,USD,Ubfly,JCOMFORT-JCOMFORT,Priority Access; ETIHAD UAE CHAUFFEUR(F),Included,Included,Included,Included,Included,Unknown,Unknown,Paid,Paid,Unknown,Unknown,Unknown,Unknown,Unknown,Unknown,Unknown,Yes,,,2026-07-28T07:01:31+00:00,success,0
EY,SIN,FCO,SIN,SG,ROM,IT,2026-10-05,2026-10-08,Summer,Business,2,Bus-3,JDELUXE,Business — JDELUXE,+542.65 USD,4467.06,USD,Ubfly,JDELUXE-JDELUXE,Change with Penalty; Uninterrupted return (up to the last 12 hours); Priority Access; ETIHAD UAE CHAUFFEUR(F); ETIHAD GLOBAL CHAUFFEUR(F),Included,Included,Included,Included,Included,Unknown,Unknown,Included,Included,Unknown,Unknown,Unknown,Unknown,Unknown,Unknown,Unknown,Yes,,,2026-07-28T07:01:31+00:00,success,0
EY,SIN,FCO,SIN,SG,ROM,IT,2027-03-06,2027-03-09,Winter,Economy,0,Eco-1,YBASIC,Economy Basic,0.00 USD,471.39,USD,Ubfly,YBASIC-YBASIC,,Included,Not Included,Unknown,Included,Unknown,Unknown,Unknown,Not Included,Included,Unknown,Unknown,Unknown,Unknown,Unknown,Unknown,Unknown,Yes,,5.0,2026-07-28T07:01:31+00:00,success,0
EY,SIN,FCO,SIN,SG,ROM,IT,2027-03-06,2027-03-09,Winter,Economy,1,Eco-2,YVALUE,Economy Basic,+25.45 USD,496.84,USD,Ubfly,YVALUE-YVALUE,,Included,Included,Unknown,Included,Unknown,Unknown,Unknown,Not Included,Paid,Unknown,Unknown,Unknown,Unknown,Unknown,Unknown,Unknown,Yes,,35.0,2026-07-28T07:01:31+00:00,success,0
EY,SIN,FCO,SIN,SG,ROM,IT,2027-03-06,2027-03-09,Winter,Economy,2,Eco-3,YCOMFORT,Economy Comfort,+86.60 USD,557.99,USD,Ubfly,YCOMFORT-YCOMFORT,,Included,Included,Included,Included,Unknown,Unknown,Unknown,Paid,Paid,Unknown,Unknown,Unknown,Unknown,Unknown,Unknown,Unknown,Yes,,75.0,2026-07-28T07:01:31+00:00,success,0
EY,SIN,FCO,SIN,SG,ROM,IT,2027-03-06,2027-03-09,Winter,Economy,3,Eco-4,YDELUXE,Economy — YDELUXE,+254.59 USD,725.98,USD,Ubfly,YDELUXE-YDELUXE,Change with Penalty; Uninterrupted return (up to the last 12 hours); Priority Access,Included,Included,Included,Included,Unknown,Unknown,Unknown,Included,Included,Unknown,Unknown,Unknown,Unknown,Unknown,Unknown,Unknown,Yes,,,2026-07-28T07:01:31+00:00,success,0
EY,SIN,FCO,SIN,SG,ROM,IT,2027-03-06,2027-03-09,Winter,Business,0,Bus-1,JVALUE,Business Basic,0.00 USD,2382.12,USD,Ubfly,JVALUE-JVALUE,Priority Access,Included,Included,Unknown,Included,Unknown,Unknown,Unknown,Not Included,Paid,Unknown,Unknown,Unknown,Unknown,Unknown,Unknown,Unknown,Yes,,100.0,2026-07-28T07:01:31+00:00,success,0
EY,SIN,FCO,SIN,SG,ROM,IT,2027-03-06,2027-03-09,Winter,Business,1,Bus-2,JCOMFORT,Business Comfort,+196.63 USD,2578.75,USD,Ubfly,JCOMFORT-JCOMFORT,Priority Access; ETIHAD UAE CHAUFFEUR(F),Included,Included,Included,Included,Included,Unknown,Unknown,Paid,Paid,Unknown,Unknown,Unknown,Unknown,Unknown,Unknown,Unknown,Yes,,,2026-07-28T07:01:31+00:00,success,0
EY,SIN,FCO,SIN,SG,ROM,IT,2027-03-06,2027-03-09,Winter,Business,2,Bus-3,JDELUXE,Business — JDELUXE,+483.04 USD,2865.16,USD,Ubfly,JDELUXE-JDELUXE,Change with Penalty; Uninterrupted return (up to the last 12 hours); Priority Access; ETIHAD UAE CHAUFFEUR(F); ETIHAD GLOBAL CHAUFFEUR(F),Included,Included,Included,Included,Included,Unknown,Unknown,Included,Included,Unknown,Unknown,Unknown,Unknown,Unknown,Unknown,Unknown,Yes,,,2026-07-28T07:01:31+00:00,success,0
QR,SIN,ATH,SIN,SG,ATH,GR,2027-05-08,2027-05-11,Summer,Economy,0,Eco-1,ECONOMY CLASSIC,Economy Standard,0 USD,779.21,USD,Enuygun,bff_0,,Included,Included,Unknown,Included,Unknown,Unknown,Unknown,Paid,Paid,Unknown,Unknown,Unknown,Unknown,Unknown,Unknown,Unknown,Yes,,50.0,2026-07-28T07:01:31+00:00,success,0
QR,SIN,ATH,SIN,SG,ATH,GR,2027-05-08,2027-05-11,Summer,Economy,1,Eco-2,ECONOMY CONVENIENCE,Economy — ECONOMY CONVENIENCE,+65.54 USD,844.75,USD,Enuygun,bff_1,,Included,Included,Included,Included,Unknown,Unknown,Unknown,Paid,Paid,Unknown,Unknown,Unknown,Unknown,Unknown,Unknown,Unknown,Yes,,75.0,2026-07-28T07:01:31+00:00,success,0
QR,SIN,ATH,SIN,SG,ATH,GR,2027-05-08,2027-05-11,Summer,Economy,2,Eco-3,ECONOMY COMFORT,Economy Comfort,+600.25 USD,1379.45,USD,Enuygun,bff_2,,Included,Included,Included,Included,Unknown,Unknown,Unknown,Paid,Paid,Unknown,Unknown,Unknown,Unknown,Unknown,Unknown,Unknown,Yes,,100.0,2026-07-28T07:01:31+00:00,success,0
QR,SIN,ATH,SIN,SG,ATH,GR,2027-05-08,2027-05-11,Summer,Business,0,Bus-1,BCLASSIC,Business Standard,0.00 USD,2418.73,USD,Ubfly,BCLASSIC-BCLASSIC,125 PCT QMILES ACCUMULATION(F),Included,Included,Unknown,Included,Included,Unknown,Unknown,Paid,Paid,Unknown,Unknown,Unknown,Unknown,Unknown,Unknown,Unknown,,,,2026-07-28T07:01:31+00:00,success,0
QR,SIN,ATH,SIN,SG,ATH,GR,2027-05-08,2027-05-11,Summer,Business,1,Bus-2,BUSINESS COMFORT,Business Comfort,+676.57 USD,3095.3,USD,Ubfly,BCOMFORT-BCOMFORT,175 PCT QMILES ACCUMULATION(F),Included,Included,Included,Included,Included,Unknown,Unknown,Paid,Paid,Unknown,Unknown,Unknown,Unknown,Unknown,Unknown,Unknown,,,,2026-07-28T07:01:31+00:00,success,0
QR,SIN,ATH,SIN,SG,ATH,GR,2027-05-08,2027-05-11,Summer,Business,2,Bus-3,BUSINESS ELITE,Business Lite,"+1,761.07 USD",4179.8,USD,Ubfly,BELITE-BELITE,200 PCT QMILES ACCUMULATION(F); Uninterrupted return (up to the last 12 hours); Change with Penalty,Included,Included,Included,Included,Included,Unknown,Unknown,Included,Included,Unknown,Unknown,Unknown,Unknown,Unknown,Unknown,Unknown,,,,2026-07-28T07:01:31+00:00,success,0
QR,SIN,ATH,SIN,SG,ATH,GR,2027-01-02,2027-01-05,Winter,Economy,0,Eco-1,ECONOMY CONVENIENCE,Economy — ECONOMY CONVENIENCE,0.00 USD,982.74,USD,Ubfly,ECONVENIEN-ECONVENIEN,,Included,Included,Included,Included,Unknown,Unknown,Unknown,Paid,Paid,Unknown,Unknown,Unknown,Unknown,Unknown,Unknown,Unknown,Yes,,75.0,2026-07-28T07:01:31+00:00,success,0
QR,SIN,ATH,SIN,SG,ATH,GR,2027-01-02,2027-01-05,Winter,Economy,1,Eco-2,ECONOMY COMFORT,Economy Comfort,+246.63 USD,1229.37,USD,Ubfly,ECOMFORT-ECOMFORT,Uninterrupted return (up to the last 12 hours); Change with Penalty,Included,Included,Included,Included,Unknown,Unknown,Unknown,Paid,Paid,Unknown,Unknown,Unknown,Unknown,Unknown,Unknown,Unknown,Yes,,100.0,2026-07-28T07:01:31+00:00,success,0
QR,SIN,ATH,SIN,SG,ATH,GR,2027-01-02,2027-01-05,Winter,Business,0,Bus-1,BUSINESS COMFORT,Business Comfort,0.00 USD,3513.02,USD,Ubfly,BCOMFORT-BCOMFORT,175 PCT QMILES ACCUMULATION(F),Included,Included,Included,Included,Included,Unknown,Unknown,Paid,Paid,Unknown,Unknown,Unknown,Unknown,Unknown,Unknown,Unknown,,,,2026-07-28T07:01:31+00:00,success,0
QR,SIN,ATH,SIN,SG,ATH,GR,2027-01-02,2027-01-05,Winter,Business,1,Bus-2,BUSINESS ELITE,Business Lite,+660.31 USD,4173.33,USD,Ubfly,BELITE-BELITE,200 PCT QMILES ACCUMULATION(F); Uninterrupted return (up to the last 12 hours); Change with Penalty,Included,Included,Included,Included,Included,Unknown,Unknown,Paid,Paid,Unknown,Unknown,Unknown,Unknown,Unknown,Unknown,Unknown,,,,2026-07-28T07:01:31+00:00,success,0
TK,SIN,ATH,SIN,SG,ATH,GR,2027-05-08,2027-05-11,Summer,Economy,0,Eco-1,ECOFLY,Economy Basic,0.00 USD,860.99,USD,Ubfly,CL-b373546727cf41c7bc267c90f905cca2,Online Message Verification,Included,Included,Unknown,Included,Unknown,Unknown,Unknown,Not Included,Paid,Unknown,Unknown,Unknown,Unknown,Unknown,Unknown,Unknown,,,,2026-07-28T07:01:31+00:00,success,0
TK,SIN,ATH,SIN,SG,ATH,GR,2027-05-08,2027-05-11,Summer,Economy,1,Eco-2,EXTRAFLY,Economy Standard,+65.84 USD,926.83,USD,Ubfly,LG-ccca07ab085b46b584c303d42798995d,Online Message Verification,Included,Included,Unknown,Included,Unknown,Unknown,Unknown,Paid,Paid,Unknown,Unknown,Unknown,Unknown,Unknown,Unknown,Unknown,,,,2026-07-28T07:01:31+00:00,success,0
TK,SIN,ATH,SIN,SG,ATH,GR,2027-05-08,2027-05-11,Summer,Economy,2,Eco-3,FLEXFLY,Economy Flex,+198.17 USD,1059.16,USD,Ubfly,GN-027b7233c79a464b97551c98bb2418be,Online Message Verification,Included,Included,Included,Included,Unknown,Unknown,Unknown,Paid,Included,Unknown,Unknown,Unknown,Unknown,Unknown,Unknown,Unknown,Yes,,15.0,2026-07-28T07:01:31+00:00,success,0
TK,SIN,ATH,SIN,SG,ATH,GR,2027-05-08,2027-05-11,Summer,Economy,3,Eco-4,Flexible,Economy Flex,+394.23 USD,1255.22,USD,Ubfly,FL-2b5a5c2c481f407fa3426325efbf21ae,Online Message Verification,Included,Included,Included,Included,Unknown,Unknown,Included,Included,Included,Unknown,Unknown,Paid,Unknown,Unknown,Unknown,Unknown,Yes,,30.0,2026-07-28T07:01:31+00:00,success,0
TK,SIN,ATH,SIN,SG,ATH,GR,2027-05-08,2027-05-11,Summer,Business,0,Bus-1,BUSINESS FLY,Business — BUSINESS FLY,0.00 USD,5284.51,USD,Ubfly,BF-50ba38462a784d39be7f06abfdafa6ac,Priority Check-In,Included,Included,Included,Unknown,Included,Included,Included,Paid,Paid,Unknown,Unknown,Unknown,Included,Unknown,Unknown,Unknown,,,,2026-07-28T07:01:31+00:00,success,0
TK,SIN,ATH,SIN,SG,ATH,GR,2027-05-08,2027-05-11,Summer,Business,1,Bus-2,BUSINESS PRIME,Business Premium,+387.03 USD,5671.54,USD,Ubfly,BL-a253a23de41a47b496aa671c7802416f,Priority Check-In,Included,Included,Included,Unknown,Included,Included,Included,Included,Included,Unknown,Unknown,Paid,Included,Unknown,Unknown,Unknown,Yes,,30.0,2026-07-28T07:01:31+00:00,success,0
TK,SIN,ATH,SIN,SG,ATH,GR,2027-01-02,2027-01-05,Winter,Economy,0,Eco-1,ECOFLY,Economy Basic,0.00 USD,3001.0,USD,Ubfly,CL-ba134e00927a462084f8a5ae3428f10f,Online Message Verification,Included,Included,Unknown,Included,Unknown,Unknown,Unknown,Not Included,Paid,Unknown,Unknown,Unknown,Unknown,Unknown,Unknown,Unknown,,,,2026-07-28T07:01:31+00:00,success,0
TK,SIN,ATH,SIN,SG,ATH,GR,2027-01-02,2027-01-05,Winter,Economy,1,Eco-2,EXTRAFLY,Economy Standard,+65.82 USD,3066.82,USD,Ubfly,LG-147eb816a63a4da991dbac101082b394,Online Message Verification,Included,Included,Unknown,Included,Unknown,Unknown,Unknown,Paid,Paid,Unknown,Unknown,Unknown,Unknown,Unknown,Unknown,Unknown,,,,2026-07-28T07:01:31+00:00,success,0
TK,SIN,ATH,SIN,SG,ATH,GR,2027-01-02,2027-01-05,Winter,Economy,2,Eco-3,FLEXFLY,Economy Flex,+198.15 USD,3199.15,USD,Ubfly,GN-682f3dbe05c24169aec1de35a3695030,Online Message Verification,Included,Included,Included,Included,Unknown,Unknown,Unknown,Paid,Included,Unknown,Unknown,Unknown,Unknown,Unknown,Unknown,Unknown,Yes,,15.0,2026-07-28T07:01:31+00:00,success,0
TK,SIN,ATH,SIN,SG,ATH,GR,2027-01-02,2027-01-05,Winter,Economy,3,Eco-4,Flexible,Economy Flex,+394.21 USD,3395.21,USD,Ubfly,FL-74606e8ceaae41ac9ab602a303502855,Online Message Verification,Included,Included,Included,Included,Unknown,Unknown,Included,Included,Included,Unknown,Unknown,Paid,Unknown,Unknown,Unknown,Unknown,Yes,,30.0,2026-07-28T07:01:31+00:00,success,0
TK,SIN,ATH,SIN,SG,ATH,GR,2027-01-02,2027-01-05,Winter,Business,0,Bus-1,BUSINESS FLY,Business — BUSINESS FLY,0.00 USD,7558.06,USD,Ubfly,BF-482d7cf7ca204627949146ed4a0b6419,Priority Check-In,Included,Included,Included,Unknown,Included,Included,Included,Paid,Paid,Unknown,Unknown,Unknown,Included,Unknown,Unknown,Unknown,,,,2026-07-28T07:01:31+00:00,success,0
TK,SIN,ATH,SIN,SG,ATH,GR,2027-01-02,2027-01-05,Winter,Business,1,Bus-2,BUSINESS PRIME,Business Premium,+387.03 USD,7945.09,USD,Ubfly,BL-e198f7ce85c7438cb1b86f8d30373b8e,Priority Check-In,Included,Included,Included,Unknown,Included,Included,Included,Included,Included,Unknown,Unknown,Paid,Included,Unknown,Unknown,Unknown,Yes,,30.0,2026-07-28T07:01:31+00:00,success,0
EK,SIN,ATH,SIN,SG,ATH,GR,2027-05-08,2027-05-11,Summer,Economy,0,Eco-1,ECOSAVER,Economy Basic,0.00 USD,543.08,USD,Ubfly,ECOSAVER-ECOSAVER,Soft drink; In-flight entertainment,Included,Included,Unknown,Included,Unknown,Unknown,Unknown,Unknown,Unknown,Unknown,Unknown,Unknown,Unknown,Unknown,Unknown,Unknown,Yes,,30.0,2026-07-28T07:01:31+00:00,success,0
EK,SIN,ATH,SIN,SG,ATH,GR,2027-05-08,2027-05-11,Summer,Economy,1,Eco-2,ECOFLEX,Economy Flex,+189.64 USD,732.72,USD,Ubfly,ECOFLEX-ECOFLEX,Soft drink; In-flight entertainment,Included,Included,Unknown,Included,Unknown,Unknown,Unknown,Unknown,Unknown,Unknown,Unknown,Unknown,Unknown,Unknown,Unknown,Unknown,Yes,,70.0,2026-07-28T07:01:31+00:00,success,0
EK,SIN,ATH,SIN,SG,ATH,GR,2027-05-08,2027-05-11,Summer,Economy,2,Eco-3,ECOFLXPLUS,Economy Comfort,+695.12 USD,1238.2,USD,Ubfly,ECOFLXPLUS-ECOFLXPLUS,Soft drink; In-flight entertainment; Uninterrupted return (up to the last 12 hours); Change with Penalty,Included,Included,Unknown,Included,Unknown,Unknown,Unknown,Unknown,Unknown,Unknown,Unknown,Unknown,Unknown,Unknown,Unknown,Unknown,Yes,,100.0,2026-07-28T07:01:31+00:00,success,0
EK,SIN,ATH,SIN,SG,ATH,GR,2027-05-08,2027-05-11,Summer,Economy,3,Eco-4,PYFLXPLUS,Economy Comfort,+746.23 USD,1289.31,USD,Ubfly,PYFLXPLUS-PYFLXPLUS,Soft drink; In-flight entertainment; Uninterrupted return (up to the last 12 hours); Change with Penalty,Included,Included,Included,Included,Unknown,Unknown,Unknown,Unknown,Unknown,Unknown,Unknown,Unknown,Unknown,Unknown,Unknown,Unknown,Yes,,,2026-07-28T07:01:31+00:00,success,0
EK,SIN,ATH,SIN,SG,ATH,GR,2027-05-08,2027-05-11,Summer,Business,0,Bus-1,BSSAVER,Business Basic,0.00 USD,2047.39,USD,Ubfly,BSSAVER-BSSAVER,Soft drink; Premium check-in; In-flight entertainment; Chauffeur Drive; Internet Access,Included,Included,Included,Included,Included,Included,Included,Not Included,Paid,Unknown,Unknown,Unknown,Unknown,Unknown,Unknown,Unknown,Yes,,,2026-07-28T07:01:31+00:00,success,0
EK,SIN,ATH,SIN,SG,ATH,GR,2027-05-08,2027-05-11,Summer,Business,1,Bus-2,BSFLEX,Business Flex,+873.96 USD,2921.35,USD,Ubfly,BSFLEX-BSFLEX,Premium check-in; Soft drink; In-flight entertainment; Chauffeur Drive; Internet Access,Included,Included,Included,Included,Included,Included,Included,Paid,Paid,Unknown,Unknown,Unknown,Unknown,Unknown,Unknown,Unknown,Yes,,175.0,2026-07-28T07:01:31+00:00,success,0
EK,SIN,ATH,SIN,SG,ATH,GR,2027-05-08,2027-05-11,Summer,Business,2,Bus-3,BSFLXPLUS,Business Comfort,"+2,187.58 USD",4234.97,USD,Ubfly,BSFLXPLUS-BSFLXPLUS,Premium check-in; Soft drink; In-flight entertainment; Chauffeur Drive; Internet Access; Uninterrupted return (up to the last 12 hours); Change with Penalty,Included,Included,Included,Included,Included,Included,Included,Included,Included,Unknown,Unknown,Unknown,Unknown,Unknown,Unknown,Unknown,Yes,,190.0,2026-07-28T07:01:31+00:00,success,0
EK,SIN,ATH,SIN,SG,ATH,GR,2027-01-02,2027-01-05,Winter,Economy,0,Eco-1,ECOFLEX,Economy Flex,0.00 USD,1102.74,USD,Ubfly,ECOFLEX-ECOFLEX,Soft drink; In-flight entertainment,Included,Included,Unknown,Included,Unknown,Unknown,Unknown,Unknown,Unknown,Unknown,Unknown,Unknown,Unknown,Unknown,Unknown,Unknown,Yes,,70.0,2026-07-28T07:01:31+00:00,success,0
EK,SIN,ATH,SIN,SG,ATH,GR,2027-01-02,2027-01-05,Winter,Economy,1,Eco-2,ECOFLXPLUS,Economy Comfort,+505.50 USD,1608.24,USD,Ubfly,ECOFLXPLUS-ECOFLXPLUS,Soft drink; In-flight entertainment; Uninterrupted return (up to the last 12 hours); Change with Penalty,Included,Included,Unknown,Included,Unknown,Unknown,Unknown,Unknown,Unknown,Unknown,Unknown,Unknown,Unknown,Unknown,Unknown,Unknown,Yes,,100.0,2026-07-28T07:01:31+00:00,success,0
EK,SIN,ATH,SIN,SG,ATH,GR,2027-01-02,2027-01-05,Winter,Economy,2,Eco-3,PYFLXPLUS,Economy Comfort,+555.80 USD,1658.54,USD,Ubfly,PYFLXPLUS-PYFLXPLUS,Soft drink; In-flight entertainment; Uninterrupted return (up to the last 12 hours); Change with Penalty,Included,Included,Included,Included,Unknown,Unknown,Unknown,Unknown,Unknown,Unknown,Unknown,Unknown,Unknown,Unknown,Unknown,Unknown,Yes,,,2026-07-28T07:01:31+00:00,success,0
TK,KUL,SJJ,KUL,MY,SJJ,BA,2027-05-13,2027-05-16,Summer,Economy,0,Eco-1,ECOFLY,Economy Basic,0 USD,1759.5,USD,Enuygun,bff_0,,Included,Included,Unknown,Included,Unknown,Unknown,Unknown,Not Included,Paid,Unknown,Unknown,Unknown,Unknown,Unknown,Unknown,Unknown,,,,2026-07-28T07:01:31+00:00,success,0
TK,KUL,SJJ,KUL,MY,SJJ,BA,2027-05-13,2027-05-16,Summer,Economy,1,Eco-2,EXTRAFLY,Economy Standard,+73.64 USD,1833.14,USD,Enuygun,bff_1,,Included,Included,Unknown,Included,Unknown,Unknown,Unknown,Paid,Paid,Unknown,Unknown,Unknown,Unknown,Unknown,Unknown,Unknown,,,,2026-07-28T07:01:31+00:00,success,0
TK,KUL,SJJ,KUL,MY,SJJ,BA,2027-05-13,2027-05-16,Summer,Economy,2,Eco-3,FLEXFLY,Economy Flex,+199.88 USD,1959.38,USD,Enuygun,bff_2,,Included,Included,Included,Included,Unknown,Unknown,Unknown,Paid,Included,Unknown,Unknown,Unknown,Unknown,Unknown,Unknown,Unknown,Yes,,15.0,2026-07-28T07:01:31+00:00,success,0
TK,KUL,SJJ,KUL,MY,SJJ,BA,2027-05-13,2027-05-16,Summer,Economy,3,Eco-4,PRIMEFLY,Economy Premium,+399.75 USD,2159.25,USD,Enuygun,bff_3,,Included,Included,Included,Included,Unknown,Unknown,Included,Included,Included,Unknown,Unknown,Paid,Unknown,Unknown,Unknown,Unknown,Yes,,30.0,2026-07-28T07:01:31+00:00,success,0
TK,KUL,SJJ,KUL,MY,SJJ,BA,2027-05-13,2027-05-16,Summer,Business,0,Bus-1,Business Fly,Business — Business Fly,0 USD,4500.92,USD,Enuygun,bff_0,priority_check_in: Öncelikli Check-in,Included,Included,Included,Included,Included,Included,Included,Paid,Paid,Unknown,Unknown,Unknown,Included,Unknown,Unknown,Unknown,,,,2026-07-28T07:01:31+00:00,success,0
TK,KUL,SJJ,KUL,MY,SJJ,BA,2027-05-13,2027-05-16,Summer,Business,1,Bus-2,Business Prime,Business Premium,+416.43 USD,4917.35,USD,Enuygun,bff_1,priority_check_in: Öncelikli Check-in,Included,Included,Included,Included,Included,Included,Included,Included,Included,Unknown,Unknown,Paid,Included,Unknown,Unknown,Unknown,Yes,,30.0,2026-07-28T07:01:31+00:00,success,0
TK,KUL,SJJ,KUL,MY,SJJ,BA,2027-02-09,2027-02-12,Winter,Economy,0,Eco-1,Ecofly,Economy Basic,0 USD,1702.27,USD,Enuygun,bff_0,,Included,Included,Unknown,Included,Unknown,Unknown,Unknown,Not Included,Paid,Unknown,Unknown,Unknown,Unknown,Unknown,Unknown,Unknown,,,,2026-07-28T07:01:31+00:00,success,0
TK,KUL,SJJ,KUL,MY,SJJ,BA,2027-02-09,2027-02-12,Winter,Economy,1,Eco-2,Extrafly,Economy Standard,+62.98 USD,1765.25,USD,Enuygun,bff_1,,Included,Included,Unknown,Included,Unknown,Unknown,Unknown,Not Included,Paid,Unknown,Unknown,Unknown,Unknown,Unknown,Unknown,Unknown,,,,2026-07-28T07:01:31+00:00,success,0
TK,KUL,SJJ,KUL,MY,SJJ,BA,2027-02-09,2027-02-12,Winter,Economy,2,Eco-3,Flexfly,Economy Flex,+199.86 USD,1902.13,USD,Enuygun,bff_2,,Included,Included,Included,Included,Unknown,Unknown,Unknown,Paid,Included,Unknown,Unknown,Unknown,Unknown,Unknown,Unknown,Unknown,Yes,,15.0,2026-07-28T07:01:31+00:00,success,0
TK,KUL,SJJ,KUL,MY,SJJ,BA,2027-02-09,2027-02-12,Winter,Economy,3,Eco-4,Primefly,Economy Premium,+399.75 USD,2102.02,USD,Enuygun,bff_3,,Included,Included,Included,Included,Unknown,Unknown,Included,Included,Included,Unknown,Unknown,Paid,Unknown,Unknown,Unknown,Unknown,Yes,,30.0,2026-07-28T07:01:31+00:00,success,0
TK,KUL,SJJ,KUL,MY,SJJ,BA,2027-02-09,2027-02-12,Winter,Business,0,Bus-1,Business Fly,Business — Business Fly,0 USD,4367.22,USD,Enuygun,bff_0,priority_check_in: Öncelikli Check-in,Included,Included,Included,Included,Included,Included,Included,Paid,Paid,Unknown,Unknown,Unknown,Included,Unknown,Unknown,Unknown,,,,2026-07-28T07:01:31+00:00,success,0
TK,KUL,SJJ,KUL,MY,SJJ,BA,2027-02-09,2027-02-12,Winter,Business,1,Bus-2,Business Prime,Business Premium,+418.36 USD,4785.58,USD,Enuygun,bff_1,priority_check_in: Öncelikli Check-in,Included,Included,Included,Included,Included,Included,Included,Included,Included,Unknown,Unknown,Paid,Included,Unknown,Unknown,Unknown,Yes,,30.0,2026-07-28T07:01:31+00:00,success,0
EK,KUL,SJJ,KUL,MY,SJJ,BA,2027-05-13,2027-05-16,Summer,Economy,0,Eco-1,Basic,Economy Basic,0.00 USD,1139.08,USD,Ubfly,ECOFLEX-ECOFLEX-ECOFLEX,,Included,Included,Unknown,Unknown,Unknown,Unknown,Unknown,Unknown,Unknown,Unknown,Unknown,Unknown,Unknown,Unknown,Unknown,Unknown,,,,2026-07-28T07:01:31+00:00,partial,0
EK,KUL,SJJ,KUL,MY,SJJ,BA,2027-05-13,2027-05-16,Summer,Business,0,Bus-1,Business Saver,Business Basic,0 USD,2468.29,USD,Enuygun,bff_0,priority_check_in: Öncelikli Check-in; entertainment: Uçak İçi Eğlence,Included,Included,Unknown,Included,Included,Unknown,Unknown,Not Included,Paid,Unknown,Unknown,Unknown,Unknown,Unknown,Unknown,Unknown,,,,2026-07-28T07:01:31+00:00,partial,0
EK,KUL,SJJ,KUL,MY,SJJ,BA,2027-05-13,2027-05-16,Summer,Business,1,Bus-2,Business Flex,Business Flex,+338.11 USD,2806.4,USD,Enuygun,bff_1,priority_check_in: Öncelikli Check-in; entertainment: Uçak İçi Eğlence,Included,Included,Unknown,Included,Included,Unknown,Unknown,Paid,Paid,Unknown,Unknown,Unknown,Unknown,Unknown,Unknown,Unknown,,,,2026-07-28T07:01:31+00:00,partial,0
EK,KUL,SJJ,KUL,MY,SJJ,BA,2027-05-13,2027-05-16,Summer,Business,2,Bus-3,Business Flex Plus,Business Comfort,+882.23 USD,3350.52,USD,Enuygun,bff_2,priority_check_in: Öncelikli Check-in; entertainment: Uçak İçi Eğlence,Included,Included,Unknown,Included,Included,Unknown,Unknown,Included,Included,Unknown,Unknown,Unknown,Unknown,Unknown,Unknown,Unknown,,,,2026-07-28T07:01:31+00:00,partial,0
EK,KUL,SJJ,KUL,MY,SJJ,BA,2027-02-09,2027-02-12,Winter,Economy,0,Eco-1,Economy Saver,Economy Basic,0.00 USD,387.99,USD,Ubfly,YP-4ee79562e2324ad3bb9b2ff26fd9adbd,• Hot and cold refreshments; • ICE entertainment; • Mileage upgrade eligibility at time of check-in; Economy Cabin,Included,Included,Paid,Included,Unknown,Unknown,Unknown,Included,Not Included,Unknown,Unknown,Unknown,Included,Unknown,Unknown,Unknown,Yes,1575.0,,2026-07-28T07:01:31+00:00,success,0
EK,KUL,SJJ,KUL,MY,SJJ,BA,2027-02-09,2027-02-12,Winter,Economy,1,Eco-2,Economy Flex,Economy Flex,+135.06 USD,523.05,USD,Ubfly,YS-2b6f35f114bd4a10a719b727efbf8d47,• Hot and cold refreshments; • ICE entertainment; • Mileage upgrade eligibility; Economy Cabin,Included,Included,Included,Included,Unknown,Unknown,Unknown,Included,Not Included,Unknown,Unknown,Unknown,Included,Unknown,Unknown,Unknown,Yes,3938.0,,2026-07-28T07:01:31+00:00,success,0
EK,KUL,SJJ,KUL,MY,SJJ,BA,2027-02-09,2027-02-12,Winter,Economy,2,Eco-3,Economy Flex Plus,Economy Comfort,"+1,154.33 USD",1542.32,USD,Ubfly,YF-98bbca5732c04c4596b9ccfea780b004,• Hot and cold refreshments; • ICE entertainment; • Mileage upgrade eligibility; Economy Cabin,Included,Included,Included,Included,Unknown,Unknown,Unknown,Not Included,Not Included,Unknown,Unknown,Unknown,Included,Unknown,Unknown,Unknown,Yes,5250.0,,2026-07-28T07:01:31+00:00,success,0
EK,KUL,SJJ,KUL,MY,SJJ,BA,2027-02-09,2027-02-12,Winter,Premium Economy,0,PEco-1,Premium Economy FlexPlus,Premium Economy Comfort,"+1,231.99 USD",1619.98,USD,Ubfly,WF-670ff766012d4604b4132f6ef76e4381,• Hot and cold refreshments; • ICE entertainment; • Mileage upgrade eligibility; • Exclusive Premium Economy Class dining; Premium Economy Cabin,Included,Included,Included,Unknown,Unknown,Unknown,Unknown,Not Included,Not Included,Unknown,Unknown,Unknown,Included,Unknown,Unknown,Unknown,Yes,5775.0,,2026-07-28T07:01:31+00:00,success,0
EK,KUL,SJJ,KUL,MY,SJJ,BA,2027-02-09,2027-02-12,Winter,Business,0,Bus-1,BSSAVER,Business Basic,0.00 USD,2467.16,USD,Ubfly,BSSAVER-BSSAVER,Premium check-in; Soft drink; In-flight entertainment; Chauffeur Drive; Internet Access,Included,Included,Included,Included,Included,Included,Included,Not Included,Paid,Unknown,Unknown,Unknown,Unknown,Unknown,Unknown,Unknown,Yes,,,2026-07-28T07:01:31+00:00,success,0
EK,KUL,SJJ,KUL,MY,SJJ,BA,2027-02-09,2027-02-12,Winter,Business,1,Bus-2,BSFLEX,Business Flex,+333.82 USD,2800.98,USD,Ubfly,BSFLEX-BSFLEX,Premium check-in; Soft drink; In-flight entertainment; Chauffeur Drive; Internet Access,Included,Included,Included,Included,Included,Included,Included,Paid,Paid,Unknown,Unknown,Unknown,Unknown,Unknown,Unknown,Unknown,Yes,,175.0,2026-07-28T07:01:31+00:00,success,0
EK,KUL,SJJ,KUL,MY,SJJ,BA,2027-02-09,2027-02-12,Winter,Business,2,Bus-3,BSFLXPLUS,Business Comfort,+825.13 USD,3292.29,USD,Ubfly,BSFLXPLUS-BSFLXPLUS,Premium check-in; Soft drink; In-flight entertainment; Chauffeur Drive; Internet Access; Uninterrupted return (up to the last 12 hours); Change with Penalty,Included,Included,Included,Included,Included,Included,Included,Included,Included,Unknown,Unknown,Unknown,Unknown,Unknown,Unknown,Unknown,Yes,,190.0,2026-07-28T07:01:31+00:00,success,0
MH,KUL,SJJ,KUL,MY,SJJ,BA,2027-05-13,2027-05-16,Summer,Economy,0,Eco-1,ECONOMY COMFORT,Economy Comfort,0 USD,1570.36,USD,Enuygun,bff_0,,Included,Included,Unknown,Included,Unknown,Unknown,Unknown,Not Included,Paid,Unknown,Unknown,Unknown,Unknown,Unknown,Unknown,Unknown,,,,2026-07-28T07:01:31+00:00,partial,0
MH,KUL,SJJ,KUL,MY,SJJ,BA,2027-05-13,2027-05-16,Summer,Economy,1,Eco-2,ECONOMY COMFORT PLUS,Economy Comfort,+108.07 USD,1678.43,USD,Enuygun,bff_1,,Included,Included,Unknown,Included,Unknown,Unknown,Unknown,Paid,Paid,Unknown,Unknown,Unknown,Unknown,Unknown,Unknown,Unknown,,,,2026-07-28T07:01:31+00:00,partial,0
MH,KUL,SJJ,KUL,MY,SJJ,BA,2027-05-13,2027-05-16,Summer,Economy,2,Eco-3,ECONOMY FLEX,Economy Flex,+202.36 USD,1772.72,USD,Enuygun,bff_2,,Included,Included,Unknown,Included,Unknown,Unknown,Unknown,Included,Included,Unknown,Unknown,Unknown,Unknown,Unknown,Unknown,Unknown,,,,2026-07-28T07:01:31+00:00,partial,0
MH,KUL,SJJ,KUL,MY,SJJ,BA,2027-05-13,2027-05-16,Summer,Business,0,Bus-1,BUSINESS COMFORT,Business Comfort,0 USD,3907.01,USD,Enuygun,bff_0,priority_baggage: Öncelikli Bagaj Alımı; priority_check_in: Öncelikli Check-in,Unknown,Included,Unknown,Included,Included,Unknown,Unknown,Not Included,Paid,Unknown,Unknown,Unknown,Unknown,Unknown,Unknown,Unknown,,,,2026-07-28T07:01:31+00:00,partial,0
MH,KUL,SJJ,KUL,MY,SJJ,BA,2027-05-13,2027-05-16,Summer,Business,1,Bus-2,BUSINESS COMFORT PLUS,Business Comfort,+165.73 USD,4072.74,USD,Enuygun,bff_1,priority_baggage: Öncelikli Bagaj Alımı; priority_check_in: Öncelikli Check-in,Unknown,Included,Unknown,Included,Included,Unknown,Unknown,Paid,Paid,Unknown,Unknown,Unknown,Unknown,Unknown,Unknown,Unknown,,,,2026-07-28T07:01:31+00:00,partial,0
MH,KUL,SJJ,KUL,MY,SJJ,BA,2027-05-13,2027-05-16,Summer,Business,2,Bus-3,BUSINESS FLEX,Business Flex,+423.84 USD,4330.85,USD,Enuygun,bff_2,priority_baggage: Öncelikli Bagaj Alımı; priority_check_in: Öncelikli Check-in,Unknown,Included,Unknown,Included,Included,Unknown,Unknown,Included,Included,Unknown,Unknown,Unknown,Unknown,Unknown,Unknown,Unknown,,,,2026-07-28T07:01:31+00:00,partial,0
MH,KUL,SJJ,KUL,MY,SJJ,BA,2027-02-09,2027-02-12,Winter,Economy,0,Eco-1,Economy Comfort,Economy Comfort,0 USD,905.32,USD,Enuygun,bff_0,entertainment: Uçak İçi Eğlence,Included,Included,Included,Included,Unknown,Unknown,Unknown,Not Included,Paid,Unknown,Unknown,Unknown,Unknown,Unknown,Unknown,Unknown,Yes,,100.0,2026-07-28T07:01:31+00:00,success,0
MH,KUL,SJJ,KUL,MY,SJJ,BA,2027-02-09,2027-02-12,Winter,Economy,1,Eco-2,Economy Comfort Plus,Economy Comfort,+84.33 USD,989.65,USD,Enuygun,bff_1,entertainment: Uçak İçi Eğlence,Included,Included,Included,Included,Unknown,Unknown,Unknown,Paid,Paid,Unknown,Unknown,Unknown,Unknown,Unknown,Unknown,Unknown,Yes,,75.0,2026-07-28T07:01:31+00:00,success,0
MH,KUL,SJJ,KUL,MY,SJJ,BA,2027-02-09,2027-02-12,Winter,Economy,2,Eco-3,Economy Flex,Economy Flex,+178.61 USD,1083.93,USD,Enuygun,bff_2,entertainment: Uçak İçi Eğlence,Included,Included,Unknown,Included,Unknown,Unknown,Unknown,Included,Included,Unknown,Unknown,Unknown,Unknown,Unknown,Unknown,Unknown,,,,2026-07-28T07:01:31+00:00,success,0
MH,KUL,SJJ,KUL,MY,SJJ,BA,2027-02-09,2027-02-12,Winter,Business,0,Bus-1,Business Comfort,Business Comfort,0 USD,3400.76,USD,Enuygun,bff_0,priority_check_in: Öncelikli Check-in; entertainment: Uçak İçi Eğlence,Included,Included,Unknown,Included,Included,Unknown,Unknown,Not Included,Paid,Unknown,Unknown,Unknown,Unknown,Unknown,Unknown,Unknown,,,,2026-07-28T07:01:31+00:00,success,0
MH,KUL,SJJ,KUL,MY,SJJ,BA,2027-02-09,2027-02-12,Winter,Business,1,Bus-2,Business Comfort Plus,Business Comfort,+165.73 USD,3566.49,USD,Enuygun,bff_1,priority_check_in: Öncelikli Check-in; entertainment: Uçak İçi Eğlence,Included,Included,Unknown,Included,Included,Unknown,Unknown,Paid,Paid,Unknown,Unknown,Unknown,Unknown,Unknown,Unknown,Unknown,,,,2026-07-28T07:01:31+00:00,success,0
MH,KUL,SJJ,KUL,MY,SJJ,BA,2027-02-09,2027-02-12,Winter,Business,2,Bus-3,Business Flex,Business Flex,+423.84 USD,3824.6,USD,Enuygun,bff_2,priority_check_in: Öncelikli Check-in; entertainment: Uçak İçi Eğlence,Included,Included,Unknown,Included,Included,Unknown,Unknown,Included,Included,Unknown,Unknown,Unknown,Unknown,Unknown,Unknown,Unknown,,,,2026-07-28T07:01:31+00:00,success,0
QR,KUL,SJJ,KUL,MY,SJJ,BA,2027-05-13,2027-05-16,Summer,Economy,0,Eco-1,Economy Classic,Economy Standard,0 USD,1302.26,USD,Enuygun,bff_0,,Included,Included,Unknown,Included,Unknown,Unknown,Unknown,Paid,Paid,Unknown,Unknown,Unknown,Unknown,Unknown,Unknown,Unknown,,,,2026-07-28T07:01:31+00:00,partial,0
QR,KUL,SJJ,KUL,MY,SJJ,BA,2027-05-13,2027-05-16,Summer,Economy,1,Eco-2,Economy Convenience,Economy — Economy Convenience,+59.29 USD,1361.55,USD,Enuygun,bff_1,,Included,Included,Unknown,Included,Unknown,Unknown,Unknown,Paid,Paid,Unknown,Unknown,Unknown,Unknown,Unknown,Unknown,Unknown,,,,2026-07-28T07:01:31+00:00,partial,0
QR,KUL,SJJ,KUL,MY,SJJ,BA,2027-05-13,2027-05-16,Summer,Economy,2,Eco-3,Economy Comfort,Economy Comfort,+541.79 USD,1844.05,USD,Enuygun,bff_2,,Included,Included,Unknown,Included,Unknown,Unknown,Unknown,Included,Included,Unknown,Unknown,Unknown,Unknown,Unknown,Unknown,Unknown,,,,2026-07-28T07:01:31+00:00,partial,0
QR,KUL,SJJ,KUL,MY,SJJ,BA,2027-05-13,2027-05-16,Summer,Business,0,Bus-1,Business Comfort,Business Comfort,0 USD,3111.09,USD,Enuygun,bff_0,,Included,Included,Unknown,Included,Included,Unknown,Unknown,Paid,Paid,Unknown,Unknown,Unknown,Unknown,Unknown,Unknown,Unknown,,,,2026-07-28T07:01:31+00:00,partial,0
QR,KUL,SJJ,KUL,MY,SJJ,BA,2027-05-13,2027-05-16,Summer,Business,1,Bus-2,Business Elite,Business Lite,+781.88 USD,3892.96,USD,Enuygun,bff_1,,Included,Included,Unknown,Included,Included,Unknown,Unknown,Included,Included,Unknown,Unknown,Unknown,Unknown,Unknown,Unknown,Unknown,,,,2026-07-28T07:01:31+00:00,partial,0
QR,KUL,SJJ,KUL,MY,SJJ,BA,2027-02-09,2027-02-12,Winter,Economy,0,Eco-1,ECONOMY CLASSIC,Economy Standard,0.00 USD,958.98,USD,Ubfly,ECLASSIC-ECLASSIC-ECLASSIC,,Included,Included,Unknown,Included,Unknown,Unknown,Unknown,Paid,Paid,Unknown,Unknown,Unknown,Unknown,Unknown,Unknown,Unknown,Yes,,50.0,2026-07-28T07:01:31+00:00,success,0
QR,KUL,SJJ,KUL,MY,SJJ,BA,2027-02-09,2027-02-12,Winter,Economy,1,Eco-2,ECONOMY CONVENIENCE,Economy — ECONOMY CONVENIENCE,+374.85 USD,1333.83,USD,Ubfly,ECONVENIEN-ECONVENIEN-ECONVENIEN,,Included,Included,Included,Included,Unknown,Unknown,Unknown,Paid,Paid,Unknown,Unknown,Unknown,Unknown,Unknown,Unknown,Unknown,Yes,,75.0,2026-07-28T07:01:31+00:00,success,0
QR,KUL,SJJ,KUL,MY,SJJ,BA,2027-02-09,2027-02-12,Winter,Economy,2,Eco-3,ECONOMY COMFORT,Economy Comfort,+808.56 USD,1767.54,USD,Ubfly,ECOMFORT-ECOMFORT-ECOMFORT,Uninterrupted return (up to the last 12 hours); Change with Penalty,Included,Included,Included,Included,Unknown,Unknown,Unknown,Included,Included,Unknown,Unknown,Unknown,Unknown,Unknown,Unknown,Unknown,Yes,,100.0,2026-07-28T07:01:31+00:00,success,0
QR,KUL,SJJ,KUL,MY,SJJ,BA,2027-02-09,2027-02-12,Winter,Business,0,Bus-1,Business Comfort,Business Comfort,0 USD,3111.09,USD,Enuygun,bff_0,,Included,Included,Unknown,Included,Included,Unknown,Unknown,Paid,Paid,Unknown,Unknown,Unknown,Unknown,Unknown,Unknown,Unknown,,,,2026-07-28T07:01:31+00:00,success,0
QR,KUL,SJJ,KUL,MY,SJJ,BA,2027-02-09,2027-02-12,Winter,Business,1,Bus-2,Business Elite,Business Lite,+781.88 USD,3892.96,USD,Enuygun,bff_1,,Included,Included,Unknown,Included,Included,Unknown,Unknown,Included,Included,Unknown,Unknown,Unknown,Unknown,Unknown,Unknown,Unknown,,,,2026-07-28T07:01:31+00:00,success,0
QR,ATH,SIN,ATH,GR,SIN,SG,2027-04-19,2027-04-22,Summer,Economy,0,Eco-1,ECONOMY CLASSIC,Economy Standard,0.00 USD,718.68,USD,Ubfly,ECLASSIC-ECLASSIC-ECLASSIC,,Included,Included,Unknown,Included,Unknown,Unknown,Unknown,Paid,Paid,Unknown,Unknown,Unknown,Unknown,Unknown,Unknown,Unknown,Yes,,50.0,2026-07-28T07:01:31+00:00,success,0
QR,ATH,SIN,ATH,GR,SIN,SG,2027-04-19,2027-04-22,Summer,Economy,1,Eco-2,ECONOMY CONVENIENCE,Economy — ECONOMY CONVENIENCE,+54.52 USD,773.2,USD,Ubfly,ECONVENIEN-ECONVENIEN-ECONVENIEN,,Included,Included,Included,Included,Unknown,Unknown,Unknown,Paid,Paid,Unknown,Unknown,Unknown,Unknown,Unknown,Unknown,Unknown,Yes,,75.0,2026-07-28T07:01:31+00:00,success,0
QR,ATH,SIN,ATH,GR,SIN,SG,2027-04-19,2027-04-22,Summer,Economy,2,Eco-3,ECONOMY COMFORT,Economy Comfort,+493.93 USD,1212.61,USD,Ubfly,ECOMFORT-ECOMFORT-ECOMFORT,Uninterrupted return (up to the last 12 hours); Change with Penalty,Included,Included,Included,Included,Unknown,Unknown,Unknown,Paid,Paid,Unknown,Unknown,Unknown,Unknown,Unknown,Unknown,Unknown,Yes,,100.0,2026-07-28T07:01:31+00:00,success,0
QR,ATH,SIN,ATH,GR,SIN,SG,2027-04-19,2027-04-22,Summer,Business,0,Bus-1,BUSINESS COMFORT,Business Comfort,0.00 USD,2959.21,USD,Ubfly,BCOMFORT-BCOMFORT-BCOMFORT,175 PCT QMILES ACCUMULATION(F),Included,Included,Included,Included,Included,Unknown,Unknown,Paid,Paid,Unknown,Unknown,Unknown,Unknown,Unknown,Unknown,Unknown,,,,2026-07-28T07:01:31+00:00,success,0
QR,ATH,SIN,ATH,GR,SIN,SG,2027-04-19,2027-04-22,Summer,Business,1,Bus-2,BUSINESS ELITE,Business Lite,+700.59 USD,3659.8,USD,Ubfly,BELITE-BELITE-BELITE,200 PCT QMILES ACCUMULATION(F); Uninterrupted return (up to the last 12 hours); Change with Penalty,Included,Included,Included,Included,Included,Unknown,Unknown,Included,Included,Unknown,Unknown,Unknown,Unknown,Unknown,Unknown,Unknown,,,,2026-07-28T07:01:31+00:00,success,0
QR,ATH,SIN,ATH,GR,SIN,SG,2027-01-14,2027-01-17,Winter,Economy,0,Eco-1,ECONOMY CLASSIC,Economy Standard,0.00 USD,718.68,USD,Ubfly,ECLASSIC-ECLASSIC-ECLASSIC,,Included,Included,Unknown,Included,Unknown,Unknown,Unknown,Paid,Paid,Unknown,Unknown,Unknown,Unknown,Unknown,Unknown,Unknown,Yes,,50.0,2026-07-28T07:01:31+00:00,success,0
QR,ATH,SIN,ATH,GR,SIN,SG,2027-01-14,2027-01-17,Winter,Economy,1,Eco-2,ECONOMY CONVENIENCE,Economy — ECONOMY CONVENIENCE,+54.52 USD,773.2,USD,Ubfly,ECONVENIEN-ECONVENIEN-ECONVENIEN,,Included,Included,Included,Included,Unknown,Unknown,Unknown,Paid,Paid,Unknown,Unknown,Unknown,Unknown,Unknown,Unknown,Unknown,Yes,,75.0,2026-07-28T07:01:31+00:00,success,0
QR,ATH,SIN,ATH,GR,SIN,SG,2027-01-14,2027-01-17,Winter,Economy,2,Eco-3,ECONOMY COMFORT,Economy Comfort,+493.93 USD,1212.61,USD,Ubfly,ECOMFORT-ECOMFORT-ECOMFORT,Uninterrupted return (up to the last 12 hours); Change with Penalty,Included,Included,Included,Included,Unknown,Unknown,Unknown,Paid,Paid,Unknown,Unknown,Unknown,Unknown,Unknown,Unknown,Unknown,Yes,,100.0,2026-07-28T07:01:31+00:00,success,0
QR,ATH,SIN,ATH,GR,SIN,SG,2027-01-14,2027-01-17,Winter,Business,0,Bus-1,BUSINESS COMFORT,Business Comfort,0.00 USD,2959.21,USD,Ubfly,BCOMFORT-BCOMFORT-BCOMFORT,175 PCT QMILES ACCUMULATION(F),Included,Included,Included,Included,Included,Unknown,Unknown,Paid,Paid,Unknown,Unknown,Unknown,Unknown,Unknown,Unknown,Unknown,,,,2026-07-28T07:01:31+00:00,success,0
QR,ATH,SIN,ATH,GR,SIN,SG,2027-01-14,2027-01-17,Winter,Business,1,Bus-2,BUSINESS ELITE,Business Lite,+700.59 USD,3659.8,USD,Ubfly,BELITE-BELITE-BELITE,200 PCT QMILES ACCUMULATION(F); Uninterrupted return (up to the last 12 hours); Change with Penalty,Included,Included,Included,Included,Included,Unknown,Unknown,Included,Included,Unknown,Unknown,Unknown,Unknown,Unknown,Unknown,Unknown,,,,2026-07-28T07:01:31+00:00,success,0
TK,ATH,SIN,ATH,GR,SIN,SG,2027-04-19,2027-04-22,Summer,Economy,0,Eco-1,ECOFLY,Economy Basic,0.00 USD,784.16,USD,Ubfly,CL-f48780cd96ac4e338339d6bb919f4a09,Online Message Verification,Included,Included,Unknown,Included,Unknown,Unknown,Unknown,Not Included,Paid,Unknown,Unknown,Unknown,Unknown,Unknown,Unknown,Unknown,,,,2026-07-28T07:01:31+00:00,success,0
TK,ATH,SIN,ATH,GR,SIN,SG,2027-04-19,2027-04-22,Summer,Economy,1,Eco-2,EXTRAFLY,Economy Standard,+47.01 USD,831.17,USD,Ubfly,LG-d8ded64d30a54655a0f6052ea46bc2e1,Online Message Verification,Included,Included,Unknown,Included,Unknown,Unknown,Unknown,Paid,Paid,Unknown,Unknown,Unknown,Unknown,Unknown,Unknown,Unknown,,,,2026-07-28T07:01:31+00:00,success,0
TK,ATH,SIN,ATH,GR,SIN,SG,2027-04-19,2027-04-22,Summer,Economy,2,Eco-3,FLEXFLY,Economy Flex,+84.12 USD,868.28,USD,Ubfly,GN-a9c14c0578494b61b8da3690928fa2a3,Online Message Verification,Included,Included,Included,Included,Unknown,Unknown,Unknown,Paid,Included,Unknown,Unknown,Unknown,Unknown,Unknown,Unknown,Unknown,Yes,,15.0,2026-07-28T07:01:31+00:00,success,0
TK,ATH,SIN,ATH,GR,SIN,SG,2027-04-19,2027-04-22,Summer,Economy,3,Eco-4,Flexible,Economy Flex,+154.79 USD,938.95,USD,Ubfly,FL-3156876e8d4e4110803df17b031cc776,Online Message Verification,Included,Included,Included,Included,Unknown,Unknown,Included,Included,Included,Unknown,Unknown,Paid,Unknown,Unknown,Unknown,Unknown,Yes,,30.0,2026-07-28T07:01:31+00:00,success,0
TK,ATH,SIN,ATH,GR,SIN,SG,2027-04-19,2027-04-22,Summer,Business,0,Bus-1,BUSINESS FLY,Business — BUSINESS FLY,0.00 USD,3672.11,USD,Ubfly,BF-68a85301b57f4fff9ec5ecbc788104be,Priority Check-In,Included,Included,Included,Unknown,Included,Included,Included,Paid,Paid,Unknown,Unknown,Unknown,Included,Unknown,Unknown,Unknown,,,,2026-07-28T07:01:31+00:00,success,0
TK,ATH,SIN,ATH,GR,SIN,SG,2027-04-19,2027-04-22,Summer,Business,1,Bus-2,BUSINESS PRIME,Business Premium,+170.33 USD,3842.44,USD,Ubfly,BL-30ec4a90be1f47c9bb83998d744fe30a,Priority Check-In,Included,Included,Included,Unknown,Included,Included,Included,Included,Included,Unknown,Unknown,Paid,Included,Unknown,Unknown,Unknown,Yes,,30.0,2026-07-28T07:01:31+00:00,success,0
TK,ATH,SIN,ATH,GR,SIN,SG,2027-01-14,2027-01-17,Winter,Economy,0,Eco-1,ECOFLY,Economy Basic,0.00 USD,2023.75,USD,Ubfly,CL-f39347ad4795403a84b8cd27bce2f572,Online Message Verification,Included,Included,Unknown,Included,Unknown,Unknown,Unknown,Not Included,Paid,Unknown,Unknown,Unknown,Unknown,Unknown,Unknown,Unknown,,,,2026-07-28T07:01:31+00:00,success,0
TK,ATH,SIN,ATH,GR,SIN,SG,2027-01-14,2027-01-17,Winter,Economy,1,Eco-2,EXTRAFLY,Economy Standard,+46.99 USD,2070.74,USD,Ubfly,LG-54d5dfada3d44067a651b5ee730e874f,Online Message Verification,Included,Included,Unknown,Included,Unknown,Unknown,Unknown,Not Included,Paid,Unknown,Unknown,Unknown,Unknown,Unknown,Unknown,Unknown,,,,2026-07-28T07:01:31+00:00,success,0
TK,ATH,SIN,ATH,GR,SIN,SG,2027-01-14,2027-01-17,Winter,Economy,2,Eco-3,FLEXFLY,Economy Flex,+84.12 USD,2107.87,USD,Ubfly,GN-dd9442669af243f69bc7247186d65170,Online Message Verification,Included,Included,Included,Included,Unknown,Unknown,Unknown,Paid,Included,Unknown,Unknown,Unknown,Unknown,Unknown,Unknown,Unknown,Yes,,15.0,2026-07-28T07:01:31+00:00,success,0
TK,ATH,SIN,ATH,GR,SIN,SG,2027-01-14,2027-01-17,Winter,Economy,3,Eco-4,Flexible,Economy Flex,+154.79 USD,2178.54,USD,Ubfly,FL-898cdd131b1543fb8af79cf0c844a610,Online Message Verification,Included,Included,Included,Included,Unknown,Unknown,Included,Included,Included,Unknown,Unknown,Paid,Unknown,Unknown,Unknown,Unknown,Yes,,30.0,2026-07-28T07:01:31+00:00,success,0
TK,ATH,SIN,ATH,GR,SIN,SG,2027-01-14,2027-01-17,Winter,Business,0,Bus-1,BUSINESS FLY,Business — BUSINESS FLY,0.00 USD,4866.94,USD,Ubfly,BF-900bcd2a8e6441a68c55293f767b88d3,Priority Check-In,Included,Included,Included,Unknown,Included,Included,Included,Paid,Paid,Unknown,Unknown,Unknown,Included,Unknown,Unknown,Unknown,,,,2026-07-28T07:01:31+00:00,success,0
TK,ATH,SIN,ATH,GR,SIN,SG,2027-01-14,2027-01-17,Winter,Business,1,Bus-2,BUSINESS PRIME,Business Premium,+170.33 USD,5037.27,USD,Ubfly,BL-086ff0b959a049a6828cf5e35d85426a,Priority Check-In,Included,Included,Included,Unknown,Included,Included,Included,Included,Included,Unknown,Unknown,Paid,Included,Unknown,Unknown,Unknown,Yes,,30.0,2026-07-28T07:01:31+00:00,success,0
EY,ATH,SIN,ATH,GR,SIN,SG,2027-04-19,2027-04-22,Summer,Economy,0,Eco-1,Economy Basic,Economy Basic,0 USD,1148.92,USD,Enuygun,bff_0,,Included,Not Included,Unknown,Included,Unknown,Unknown,Unknown,Not Included,Included,Unknown,Unknown,Unknown,Unknown,Unknown,Unknown,Unknown,Yes,,5.0,2026-07-28T07:01:31+00:00,success,0
EY,ATH,SIN,ATH,GR,SIN,SG,2027-04-19,2027-04-22,Summer,Economy,1,Eco-2,Economy Value,Economy Basic,+29.94 USD,1178.85,USD,Enuygun,bff_1,,Included,Included,Unknown,Included,Unknown,Unknown,Unknown,Not Included,Paid,Unknown,Unknown,Unknown,Unknown,Unknown,Unknown,Unknown,Yes,,35.0,2026-07-28T07:01:31+00:00,success,0
EY,ATH,SIN,ATH,GR,SIN,SG,2027-04-19,2027-04-22,Summer,Economy,2,Eco-3,Economy Comfort,Economy Comfort,+115.34 USD,1264.26,USD,Enuygun,bff_2,,Included,Included,Included,Included,Unknown,Unknown,Unknown,Paid,Paid,Unknown,Unknown,Unknown,Unknown,Unknown,Unknown,Unknown,Yes,,75.0,2026-07-28T07:01:31+00:00,success,0
EY,ATH,SIN,ATH,GR,SIN,SG,2027-04-19,2027-04-22,Summer,Economy,3,Eco-4,Economy Deluxe,Economy — Economy Deluxe,+204.27 USD,1353.19,USD,Enuygun,bff_3,priority_check_in: Öncelikli Check-in,Included,Included,Included,Included,Unknown,Unknown,Unknown,Included,Included,Unknown,Unknown,Unknown,Unknown,Unknown,Unknown,Unknown,Yes,,,2026-07-28T07:01:31+00:00,success,0
EY,ATH,SIN,ATH,GR,SIN,SG,2027-04-19,2027-04-22,Summer,Business,0,Bus-1,JVALUE,Business Basic,0.00 USD,2259.32,USD,Ubfly,JVALUE-JVALUE,Priority Access,Included,Included,Unknown,Included,Unknown,Unknown,Unknown,Not Included,Paid,Unknown,Unknown,Unknown,Unknown,Unknown,Unknown,Unknown,Yes,,100.0,2026-07-28T07:01:31+00:00,success,0
EY,ATH,SIN,ATH,GR,SIN,SG,2027-04-19,2027-04-22,Summer,Business,1,Bus-2,JCOMFORT,Business Comfort,+148.76 USD,2408.08,USD,Ubfly,JCOMFORT-JCOMFORT,Priority Access; ETIHAD UAE CHAUFFEUR(F),Included,Included,Included,Included,Included,Unknown,Unknown,Paid,Paid,Unknown,Unknown,Unknown,Unknown,Unknown,Unknown,Unknown,Yes,,,2026-07-28T07:01:31+00:00,success,0
EY,ATH,SIN,ATH,GR,SIN,SG,2027-04-19,2027-04-22,Summer,Business,2,Bus-3,JDELUXE,Business — JDELUXE,+391.74 USD,2651.06,USD,Ubfly,JDELUXE-JDELUXE,Change with Penalty; Uninterrupted return (up to the last 12 hours); Priority Access; ETIHAD UAE CHAUFFEUR(F); ETIHAD GLOBAL CHAUFFEUR(F),Included,Included,Included,Included,Included,Unknown,Unknown,Included,Included,Unknown,Unknown,Unknown,Unknown,Unknown,Unknown,Unknown,Yes,,,2026-07-28T07:01:31+00:00,success,0
EY,ATH,SIN,ATH,GR,SIN,SG,2027-01-14,2027-01-17,Winter,Economy,0,Eco-1,Economy Basic,Economy Basic,0 USD,784.82,USD,Enuygun,bff_0,,Included,Not Included,Unknown,Included,Unknown,Unknown,Unknown,Not Included,Included,Unknown,Unknown,Unknown,Unknown,Unknown,Unknown,Unknown,Yes,,5.0,2026-07-28T07:01:31+00:00,success,0
EY,ATH,SIN,ATH,GR,SIN,SG,2027-01-14,2027-01-17,Winter,Economy,1,Eco-2,Economy Value,Economy Basic,+22.6 USD,807.42,USD,Enuygun,bff_1,,Included,Included,Unknown,Included,Unknown,Unknown,Unknown,Not Included,Paid,Unknown,Unknown,Unknown,Unknown,Unknown,Unknown,Unknown,Yes,,35.0,2026-07-28T07:01:31+00:00,success,0
EY,ATH,SIN,ATH,GR,SIN,SG,2027-01-14,2027-01-17,Winter,Economy,2,Eco-3,Economy Comfort,Economy Comfort,+62.81 USD,847.63,USD,Enuygun,bff_2,,Included,Included,Included,Included,Unknown,Unknown,Unknown,Paid,Paid,Unknown,Unknown,Unknown,Unknown,Unknown,Unknown,Unknown,Yes,,75.0,2026-07-28T07:01:31+00:00,success,0
EY,ATH,SIN,ATH,GR,SIN,SG,2027-01-14,2027-01-17,Winter,Economy,3,Eco-4,Economy Deluxe,Economy — Economy Deluxe,+146.27 USD,931.09,USD,Enuygun,bff_3,priority_check_in: Öncelikli Check-in,Included,Included,Included,Included,Unknown,Unknown,Unknown,Included,Included,Unknown,Unknown,Unknown,Unknown,Unknown,Unknown,Unknown,Yes,,,2026-07-28T07:01:31+00:00,success,0
EY,ATH,SIN,ATH,GR,SIN,SG,2027-01-14,2027-01-17,Winter,Business,0,Bus-1,JVALUE,Business Basic,0.00 USD,2259.32,USD,Ubfly,JVALUE-JVALUE,Priority Access,Included,Included,Unknown,Included,Unknown,Unknown,Unknown,Not Included,Paid,Unknown,Unknown,Unknown,Unknown,Unknown,Unknown,Unknown,Yes,,100.0,2026-07-28T07:01:31+00:00,success,0
EY,ATH,SIN,ATH,GR,SIN,SG,2027-01-14,2027-01-17,Winter,Business,1,Bus-2,JCOMFORT,Business Comfort,+148.76 USD,2408.08,USD,Ubfly,JCOMFORT-JCOMFORT,Priority Access; ETIHAD UAE CHAUFFEUR(F),Included,Included,Included,Included,Included,Unknown,Unknown,Paid,Paid,Unknown,Unknown,Unknown,Unknown,Unknown,Unknown,Unknown,Yes,,,2026-07-28T07:01:31+00:00,success,0
EY,ATH,SIN,ATH,GR,SIN,SG,2027-01-14,2027-01-17,Winter,Business,2,Bus-3,JDELUXE,Business — JDELUXE,+391.74 USD,2651.06,USD,Ubfly,JDELUXE-JDELUXE,Change with Penalty; Uninterrupted return (up to the last 12 hours); Priority Access; ETIHAD UAE CHAUFFEUR(F); ETIHAD GLOBAL CHAUFFEUR(F),Included,Included,Included,Included,Included,Unknown,Unknown,Included,Included,Unknown,Unknown,Unknown,Unknown,Unknown,Unknown,Unknown,Yes,,,2026-07-28T07:01:31+00:00,success,0
SQ,FCO,SIN,ROM,IT,SIN,SG,2026-10-04,2026-10-07,Summer,Economy,0,Eco-1,Basic,Economy Basic,0.00 USD,2523.52,USD,Ubfly,YCLFLEXI,,Included,Included,Unknown,Unknown,Unknown,Unknown,Unknown,Unknown,Unknown,Unknown,Unknown,Unknown,Unknown,Unknown,Unknown,Unknown,,,,2026-07-28T07:01:31+00:00,partial,0
SQ,FCO,SIN,ROM,IT,SIN,SG,2026-12-30,2027-01-02,Winter,Economy,0,Eco-1,Basic,Economy Basic,0.00 USD,2029.56,USD,Ubfly,YCLFLEXI,,Included,Included,Unknown,Unknown,Unknown,Unknown,Unknown,Unknown,Unknown,Unknown,Unknown,Unknown,Unknown,Unknown,Unknown,Unknown,,,,2026-07-28T07:01:31+00:00,partial,0
EK,FCO,SIN,ROM,IT,SIN,SG,2026-10-04,2026-10-07,Summer,Economy,0,Eco-1,ECOFLEX,Economy Flex,0.00 USD,891.65,USD,Ubfly,ECOFLEX-ECOFLEX,Soft drink; In-flight entertainment,Included,Included,Unknown,Included,Unknown,Unknown,Unknown,Paid,Paid,Unknown,Unknown,Unknown,Unknown,Unknown,Unknown,Unknown,Yes,,70.0,2026-07-28T07:01:31+00:00,success,0
EK,FCO,SIN,ROM,IT,SIN,SG,2026-10-04,2026-10-07,Summer,Economy,1,Eco-2,ECOFLXPLUS,Economy Comfort,+275.92 USD,1167.57,USD,Ubfly,ECOFLXPLUS-ECOFLXPLUS,Soft drink; In-flight entertainment; Uninterrupted return (up to the last 12 hours); Change with Penalty,Included,Included,Unknown,Included,Unknown,Unknown,Unknown,Included,Included,Unknown,Unknown,Unknown,Unknown,Unknown,Unknown,Unknown,Yes,,100.0,2026-07-28T07:01:31+00:00,success,0
EK,FCO,SIN,ROM,IT,SIN,SG,2026-12-28,2026-12-31,Winter,Economy,0,Eco-1,ECOFLEX,Economy Flex,0.00 USD,1261.86,USD,Ubfly,ECOFLEX-ECOFLEX-,Soft drink; In-flight entertainment,Included,Included,Unknown,Included,Unknown,Unknown,Unknown,Paid,Paid,Unknown,Unknown,Unknown,Unknown,Unknown,Unknown,Unknown,Yes,,70.0,2026-07-28T07:01:31+00:00,success,0
EK,FCO,SIN,ROM,IT,SIN,SG,2026-12-28,2026-12-31,Winter,Economy,1,Eco-2,ECOFLXPLUS,Economy Comfort,+399.68 USD,1661.54,USD,Ubfly,ECOFLXPLUS-ECOFLXPLUS-ECOFLXPLUS,Soft drink; In-flight entertainment; Uninterrupted return (up to the last 12 hours); Change with Penalty,Included,Included,Unknown,Included,Unknown,Unknown,Unknown,Unknown,Unknown,Unknown,Unknown,Unknown,Unknown,Unknown,Unknown,Unknown,Yes,,100.0,2026-07-28T07:01:31+00:00,success,0
EK,FCO,SIN,ROM,IT,SIN,SG,2026-12-28,2026-12-31,Winter,Economy,2,Eco-3,PYFLXPLUS,Economy Comfort,+738.06 USD,1999.92,USD,Ubfly,PYFLXPLUS-PYFLXPLUS-PYFLXPLUS,Soft drink; In-flight entertainment; Uninterrupted return (up to the last 12 hours); Change with Penalty,Included,Included,Included,Included,Unknown,Unknown,Unknown,Unknown,Unknown,Unknown,Unknown,Unknown,Unknown,Unknown,Unknown,Unknown,Yes,,,2026-07-28T07:01:31+00:00,success,0
EK,FCO,SIN,ROM,IT,SIN,SG,2026-12-28,2026-12-31,Winter,Business,0,Bus-1,BSFLEX,Business Flex,0.00 USD,4096.05,USD,Ubfly,BSFLEX-BSFLEX-BSFLEX,Soft drink; Premium check-in; In-flight entertainment; Chauffeur Drive; Internet Access,Included,Included,Included,Included,Included,Included,Included,Paid,Paid,Unknown,Unknown,Unknown,Unknown,Unknown,Unknown,Unknown,Yes,,175.0,2026-07-28T07:01:31+00:00,success,0
EK,FCO,SIN,ROM,IT,SIN,SG,2026-12-28,2026-12-31,Winter,Business,1,Bus-2,BSFLXPLUS,Business Comfort,+897.05 USD,4993.1,USD,Ubfly,BSFLXPLUS-BSFLXPLUS-BSFLXPLUS,Premium check-in; Soft drink; In-flight entertainment; Chauffeur Drive; Internet Access; Uninterrupted return (up to the last 12 hours); Change with Penalty,Included,Included,Included,Included,Included,Included,Included,Included,Included,Unknown,Unknown,Unknown,Unknown,Unknown,Unknown,Unknown,Yes,,190.0,2026-07-28T07:01:31+00:00,success,0
EY,FCO,SIN,ROM,IT,SIN,SG,2026-10-04,2026-10-07,Summer,Economy,0,Eco-1,YBASIC,Economy Basic,0.00 USD,924.2,USD,Ubfly,YBASIC-YBASIC,,Included,Not Included,Unknown,Included,Unknown,Unknown,Unknown,Not Included,Included,Unknown,Unknown,Unknown,Unknown,Unknown,Unknown,Unknown,Yes,,5.0,2026-07-28T07:01:31+00:00,success,0
EY,FCO,SIN,ROM,IT,SIN,SG,2026-10-04,2026-10-07,Summer,Economy,1,Eco-2,YVALUE,Economy Basic,+31.80 USD,956.0,USD,Ubfly,YVALUE-YVALUE,,Included,Included,Unknown,Included,Unknown,Unknown,Unknown,Not Included,Paid,Unknown,Unknown,Unknown,Unknown,Unknown,Unknown,Unknown,Yes,,35.0,2026-07-28T07:01:31+00:00,success,0
EY,FCO,SIN,ROM,IT,SIN,SG,2026-10-04,2026-10-07,Summer,Economy,2,Eco-3,YCOMFORT,Economy Comfort,+91.98 USD,1016.18,USD,Ubfly,YCOMFORT-YCOMFORT,,Included,Included,Included,Included,Unknown,Unknown,Unknown,Paid,Paid,Unknown,Unknown,Unknown,Unknown,Unknown,Unknown,Unknown,Yes,,75.0,2026-07-28T07:01:31+00:00,success,0
EY,FCO,SIN,ROM,IT,SIN,SG,2026-10-04,2026-10-07,Summer,Economy,3,Eco-4,YDELUXE,Economy — YDELUXE,+198.73 USD,1122.93,USD,Ubfly,YDELUXE-YDELUXE,Uninterrupted return (up to the last 12 hours); Priority Access; Change with Penalty,Included,Included,Included,Included,Unknown,Unknown,Unknown,Included,Included,Unknown,Unknown,Unknown,Unknown,Unknown,Unknown,Unknown,Yes,,,2026-07-28T07:01:31+00:00,success,0
EY,FCO,SIN,ROM,IT,SIN,SG,2026-12-28,2026-12-31,Winter,Economy,0,Eco-1,YBASIC,Economy Basic,0.00 USD,727.76,USD,Ubfly,YBASIC-YBASIC,,Included,Not Included,Unknown,Included,Unknown,Unknown,Unknown,Not Included,Included,Unknown,Unknown,Unknown,Unknown,Unknown,Unknown,Unknown,Yes,,5.0,2026-07-28T07:01:31+00:00,success,0
EY,FCO,SIN,ROM,IT,SIN,SG,2026-12-28,2026-12-31,Winter,Economy,1,Eco-2,YVALUE,Economy Basic,+31.80 USD,759.56,USD,Ubfly,YVALUE-YVALUE,,Included,Included,Unknown,Included,Unknown,Unknown,Unknown,Not Included,Paid,Unknown,Unknown,Unknown,Unknown,Unknown,Unknown,Unknown,Yes,,35.0,2026-07-28T07:01:31+00:00,success,0
EY,FCO,SIN,ROM,IT,SIN,SG,2026-12-28,2026-12-31,Winter,Economy,2,Eco-3,YCOMFORT,Economy Comfort,+91.98 USD,819.74,USD,Ubfly,YCOMFORT-YCOMFORT,,Included,Included,Included,Included,Unknown,Unknown,Unknown,Paid,Paid,Unknown,Unknown,Unknown,Unknown,Unknown,Unknown,Unknown,Yes,,75.0,2026-07-28T07:01:31+00:00,success,0
EY,FCO,SIN,ROM,IT,SIN,SG,2026-12-28,2026-12-31,Winter,Economy,3,Eco-4,YDELUXE,Economy — YDELUXE,+198.73 USD,926.49,USD,Ubfly,YDELUXE-YDELUXE,Change with Penalty; Uninterrupted return (up to the last 12 hours); Priority Access,Included,Included,Included,Included,Unknown,Unknown,Unknown,Included,Included,Unknown,Unknown,Unknown,Unknown,Unknown,Unknown,Unknown,Yes,,,2026-07-28T07:01:31+00:00,success,0
EY,FCO,SIN,ROM,IT,SIN,SG,2026-12-28,2026-12-31,Winter,Business,0,Bus-1,JVALUE,Business Basic,0.00 USD,2856.66,USD,Ubfly,JVALUE-JVALUE,Priority Access,Included,Included,Unknown,Included,Unknown,Unknown,Unknown,Not Included,Paid,Unknown,Unknown,Unknown,Unknown,Unknown,Unknown,Unknown,Yes,,100.0,2026-07-28T07:01:31+00:00,success,0
EY,FCO,SIN,ROM,IT,SIN,SG,2026-12-28,2026-12-31,Winter,Business,1,Bus-2,JCOMFORT,Business Comfort,+160.11 USD,3016.77,USD,Ubfly,JCOMFORT-JCOMFORT,Priority Access; ETIHAD UAE CHAUFFEUR(F),Included,Included,Included,Included,Included,Unknown,Unknown,Paid,Paid,Unknown,Unknown,Unknown,Unknown,Unknown,Unknown,Unknown,Yes,,,2026-07-28T07:01:31+00:00,success,0
EY,FCO,SIN,ROM,IT,SIN,SG,2026-12-28,2026-12-31,Winter,Business,2,Bus-3,JDELUXE,Business — JDELUXE,+441.71 USD,3298.37,USD,Ubfly,JDELUXE-JDELUXE,Change with Penalty; Uninterrupted return (up to the last 12 hours); Priority Access; ETIHAD UAE CHAUFFEUR(F); ETIHAD GLOBAL CHAUFFEUR(F),Included,Included,Included,Included,Included,Unknown,Unknown,Included,Included,Unknown,Unknown,Unknown,Unknown,Unknown,Unknown,Unknown,Yes,,,2026-07-28T07:01:31+00:00,success,0
QR,FCO,SIN,ROM,IT,SIN,SG,2026-10-04,2026-10-07,Summer,Economy,0,Eco-1,ECONOMY CLASSIC,Economy Standard,0 USD,835.16,USD,Enuygun,bff_0,,Included,Included,Unknown,Unknown,Unknown,Unknown,Unknown,Paid,Paid,Unknown,Unknown,Unknown,Unknown,Unknown,Unknown,Unknown,,,,2026-07-28T07:01:31+00:00,success,0
QR,FCO,SIN,ROM,IT,SIN,SG,2026-10-04,2026-10-07,Summer,Economy,1,Eco-2,ECONOMY CONVENIENCE,Economy — ECONOMY CONVENIENCE,+54.96 USD,890.12,USD,Enuygun,bff_1,,Included,Included,Included,Included,Unknown,Unknown,Unknown,Paid,Paid,Unknown,Unknown,Unknown,Unknown,Unknown,Unknown,Unknown,Yes,,75.0,2026-07-28T07:01:31+00:00,success,0
QR,FCO,SIN,ROM,IT,SIN,SG,2026-10-04,2026-10-07,Summer,Economy,2,Eco-3,ECONOMY COMFORT,Economy Comfort,+658.2 USD,1493.36,USD,Enuygun,bff_2,,Included,Included,Included,Included,Unknown,Unknown,Unknown,Paid,Paid,Unknown,Unknown,Unknown,Unknown,Unknown,Unknown,Unknown,Yes,,100.0,2026-07-28T07:01:31+00:00,success,0
QR,FCO,SIN,ROM,IT,SIN,SG,2026-10-04,2026-10-07,Summer,Business,0,Bus-1,BUSINESS COMFORT,Business Comfort,0.00 USD,3176.16,USD,Ubfly,BCOMFORT-BCOMFORT-BCOMFORT,175 PCT QMILES ACCUMULATION(F),Included,Included,Included,Included,Included,Unknown,Unknown,Paid,Paid,Unknown,Unknown,Unknown,Unknown,Unknown,Unknown,Unknown,,,,2026-07-28T07:01:31+00:00,success,0
QR,FCO,SIN,ROM,IT,SIN,SG,2026-10-04,2026-10-07,Summer,Business,1,Bus-2,BUSINESS ELITE,Business Lite,+708.55 USD,3884.71,USD,Ubfly,BELITE-BELITE-BELITE,200 PCT QMILES ACCUMULATION(F); Uninterrupted return (up to the last 12 hours); Change with Penalty,Included,Included,Included,Included,Included,Unknown,Unknown,Paid,Paid,Unknown,Unknown,Unknown,Unknown,Unknown,Unknown,Unknown,,,,2026-07-28T07:01:31+00:00,success,0
QR,FCO,SIN,ROM,IT,SIN,SG,2026-12-28,2026-12-31,Winter,Economy,0,Eco-1,ECONOMY CLASSIC,Economy Standard,0.00 USD,948.21,USD,Ubfly,ECLASSIC-ECLASSIC,,Included,Included,Unknown,Included,Unknown,Unknown,Unknown,Paid,Paid,Unknown,Unknown,Unknown,Unknown,Unknown,Unknown,Unknown,Yes,,50.0,2026-07-28T07:01:31+00:00,success,0
QR,FCO,SIN,ROM,IT,SIN,SG,2026-12-28,2026-12-31,Winter,Economy,1,Eco-2,ECONOMY CONVENIENCE,Economy — ECONOMY CONVENIENCE,+121.50 USD,1069.71,USD,Ubfly,ECONVENIEN-ECONVENIEN,,Included,Included,Included,Included,Unknown,Unknown,Unknown,Paid,Paid,Unknown,Unknown,Unknown,Unknown,Unknown,Unknown,Unknown,Yes,,75.0,2026-07-28T07:01:31+00:00,success,0
QR,FCO,SIN,ROM,IT,SIN,SG,2026-12-28,2026-12-31,Winter,Economy,2,Eco-3,ECONOMY COMFORT,Economy Comfort,+966.29 USD,1914.5,USD,Ubfly,ECOMFORT-ECOMFORT,Uninterrupted return (up to the last 12 hours); Change with Penalty,Included,Included,Included,Included,Unknown,Unknown,Unknown,Included,Included,Unknown,Unknown,Unknown,Unknown,Unknown,Unknown,Unknown,Yes,,100.0,2026-07-28T07:01:31+00:00,success,0
QR,FCO,SIN,ROM,IT,SIN,SG,2026-12-28,2026-12-31,Winter,Business,0,Bus-1,BUSINESS COMFORT,Business Comfort,0.00 USD,4386.83,USD,Ubfly,BCOMFORT-BCOMFORT-BCOMFORT,175 PCT QMILES ACCUMULATION(F),Included,Included,Included,Included,Included,Unknown,Unknown,Paid,Paid,Unknown,Unknown,Unknown,Unknown,Unknown,Unknown,Unknown,,,,2026-07-28T07:01:31+00:00,success,0
QR,FCO,SIN,ROM,IT,SIN,SG,2026-12-28,2026-12-31,Winter,Business,1,Bus-2,BUSINESS ELITE,Business Lite,+708.55 USD,5095.38,USD,Ubfly,BELITE-BELITE-BELITE,200 PCT QMILES ACCUMULATION(F); Uninterrupted return (up to the last 12 hours); Change with Penalty,Included,Included,Included,Included,Included,Unknown,Unknown,Included,Included,Unknown,Unknown,Unknown,Unknown,Unknown,Unknown,Unknown,,,,2026-07-28T07:01:31+00:00,success,0
TK,SJJ,KUL,SJJ,BA,KUL,MY,2026-10-23,2026-10-26,Summer,Economy,0,Eco-1,Eco Fly,Economy Basic,0 USD,3290.29,USD,Enuygun,bff_0,,Included,Included,Unknown,Included,Unknown,Unknown,Unknown,Not Included,Paid,Unknown,Unknown,Unknown,Unknown,Unknown,Unknown,Unknown,,,,2026-07-28T07:01:31+00:00,success,0
TK,SJJ,KUL,SJJ,BA,KUL,MY,2026-10-23,2026-10-26,Summer,Economy,1,Eco-2,Extra Fly,Economy — Extra Fly,+51.58 USD,3341.86,USD,Enuygun,bff_1,,Included,Included,Unknown,Included,Unknown,Unknown,Unknown,Paid,Paid,Unknown,Unknown,Unknown,Unknown,Unknown,Unknown,Unknown,,,,2026-07-28T07:01:31+00:00,success,0
TK,SJJ,KUL,SJJ,BA,KUL,MY,2026-10-23,2026-10-26,Summer,Economy,2,Eco-3,Flex Fly,Economy Flex,+89.05 USD,3379.34,USD,Enuygun,bff_2,,Included,Included,Included,Included,Unknown,Unknown,Unknown,Paid,Included,Unknown,Unknown,Unknown,Unknown,Unknown,Unknown,Unknown,Yes,,15.0,2026-07-28T07:01:31+00:00,success,0
TK,SJJ,KUL,SJJ,BA,KUL,MY,2026-10-23,2026-10-26,Summer,Economy,3,Eco-4,Prime Fly,Economy Premium,+151.48 USD,3441.77,USD,Enuygun,bff_3,,Included,Included,Included,Included,Unknown,Unknown,Included,Included,Included,Unknown,Unknown,Paid,Unknown,Unknown,Unknown,Unknown,Yes,,30.0,2026-07-28T07:01:31+00:00,success,0
TK,SJJ,KUL,SJJ,BA,KUL,MY,2026-10-23,2026-10-26,Summer,Business,0,Bus-1,Business Fly,Business — Business Fly,0 USD,6367.98,USD,Enuygun,bff_0,priority_check_in: Öncelikli Check-in,Included,Included,Included,Included,Included,Included,Included,Paid,Paid,Unknown,Unknown,Unknown,Included,Unknown,Unknown,Unknown,,,,2026-07-28T07:01:31+00:00,success,0
TK,SJJ,KUL,SJJ,BA,KUL,MY,2026-10-23,2026-10-26,Summer,Business,1,Bus-2,Business Prime,Business Premium,+113.53 USD,6481.52,USD,Enuygun,bff_1,priority_check_in: Öncelikli Check-in,Included,Included,Included,Included,Included,Included,Included,Included,Included,Unknown,Unknown,Paid,Included,Unknown,Unknown,Unknown,Yes,,30.0,2026-07-28T07:01:31+00:00,success,0
TK,SJJ,KUL,SJJ,BA,KUL,MY,2026-12-23,2026-12-26,Winter,Economy,0,Eco-1,Eco Fly,Economy Basic,0 USD,3718.8,USD,Enuygun,bff_0,,Included,Included,Unknown,Included,Unknown,Unknown,Unknown,Not Included,Paid,Unknown,Unknown,Unknown,Unknown,Unknown,Unknown,Unknown,,,,2026-07-28T07:01:31+00:00,success,0
TK,SJJ,KUL,SJJ,BA,KUL,MY,2026-12-23,2026-12-26,Winter,Economy,1,Eco-2,Extra Fly,Economy — Extra Fly,+24.98 USD,3743.78,USD,Enuygun,bff_1,,Included,Included,Unknown,Included,Unknown,Unknown,Unknown,Paid,Paid,Unknown,Unknown,Unknown,Unknown,Unknown,Unknown,Unknown,,,,2026-07-28T07:01:31+00:00,success,0
TK,SJJ,KUL,SJJ,BA,KUL,MY,2026-12-23,2026-12-26,Winter,Economy,2,Eco-3,Flex Fly,Economy Flex,+62.46 USD,3781.26,USD,Enuygun,bff_2,,Included,Included,Included,Included,Unknown,Unknown,Unknown,Paid,Included,Unknown,Unknown,Unknown,Unknown,Unknown,Unknown,Unknown,Yes,,15.0,2026-07-28T07:01:31+00:00,success,0
TK,SJJ,KUL,SJJ,BA,KUL,MY,2026-12-23,2026-12-26,Winter,Economy,3,Eco-4,Prime Fly,Economy Premium,+124.91 USD,3843.71,USD,Enuygun,bff_3,,Included,Included,Included,Included,Unknown,Unknown,Included,Included,Included,Unknown,Unknown,Paid,Unknown,Unknown,Unknown,Unknown,Yes,,30.0,2026-07-28T07:01:31+00:00,success,0
TK,SJJ,KUL,SJJ,BA,KUL,MY,2026-12-23,2026-12-26,Winter,Business,0,Bus-1,BUSINESS FLY,Business — BUSINESS FLY,0.00 USD,3630.25,USD,Ubfly,BF-80d8371068fe49a784de27ae999c8f7d,Priority Check-In,Included,Included,Included,Unknown,Included,Included,Included,Paid,Paid,Unknown,Unknown,Unknown,Included,Unknown,Unknown,Unknown,,,,2026-07-28T07:01:31+00:00,success,0
TK,SJJ,KUL,SJJ,BA,KUL,MY,2026-12-23,2026-12-26,Winter,Business,1,Bus-2,BUSINESS PRIME,Business Premium,+113.55 USD,3743.8,USD,Ubfly,BL-6f157789a79c4ed08d90496d88810745,Priority Check-In,Included,Included,Included,Unknown,Included,Included,Included,Included,Included,Unknown,Unknown,Paid,Included,Unknown,Unknown,Unknown,Yes,,30.0,2026-07-28T07:01:31+00:00,success,0
EK,SJJ,KUL,SJJ,BA,KUL,MY,2026-10-23,2026-10-26,Summer,Economy,0,Eco-1,Economy Flex,Economy Flex,0 USD,1260.19,USD,Enuygun,bff_0,entertainment: Uçak İçi Eğlence,Included,Included,Unknown,Included,Unknown,Unknown,Unknown,Paid,Paid,Unknown,Unknown,Unknown,Unknown,Unknown,Unknown,Unknown,,,,2026-07-28T07:01:31+00:00,partial,0
EK,SJJ,KUL,SJJ,BA,KUL,MY,2026-10-23,2026-10-26,Summer,Economy,1,Eco-2,Economy Flex Plus,Economy Comfort,+1420.77 USD,2680.96,USD,Enuygun,bff_1,entertainment: Uçak İçi Eğlence,Included,Included,Unknown,Included,Unknown,Unknown,Unknown,Included,Included,Unknown,Unknown,Unknown,Unknown,Unknown,Unknown,Unknown,,,,2026-07-28T07:01:31+00:00,partial,0
EK,SJJ,KUL,SJJ,BA,KUL,MY,2026-10-23,2026-10-26,Summer,Business,0,Bus-1,Business Flex,Business Flex,0 USD,3692.35,USD,Enuygun,bff_0,priority_check_in: Öncelikli Check-in; entertainment: Uçak İçi Eğlence,Included,Included,Unknown,Included,Included,Unknown,Unknown,Paid,Paid,Unknown,Unknown,Unknown,Unknown,Unknown,Unknown,Unknown,,,,2026-07-28T07:01:31+00:00,partial,0
EK,SJJ,KUL,SJJ,BA,KUL,MY,2026-10-23,2026-10-26,Summer,Business,1,Bus-2,Business Flex Plus,Business Comfort,+1006.3 USD,4698.66,USD,Enuygun,bff_1,priority_check_in: Öncelikli Check-in; entertainment: Uçak İçi Eğlence,Included,Included,Unknown,Included,Included,Unknown,Unknown,Included,Included,Unknown,Unknown,Unknown,Unknown,Unknown,Unknown,Unknown,,,,2026-07-28T07:01:31+00:00,partial,0
EK,SJJ,KUL,SJJ,BA,KUL,MY,2026-12-23,2026-12-26,Winter,Economy,0,Eco-1,Economy Flex,Economy Flex,0 USD,1642.84,USD,Enuygun,bff_0,entertainment: Uçak İçi Eğlence,Included,Included,Unknown,Included,Unknown,Unknown,Unknown,Paid,Paid,Unknown,Unknown,Unknown,Unknown,Unknown,Unknown,Unknown,,,,2026-07-28T07:01:31+00:00,partial,0
EK,SJJ,KUL,SJJ,BA,KUL,MY,2026-12-23,2026-12-26,Winter,Economy,1,Eco-2,Economy Flex Plus,Economy Comfort,+1249.07 USD,2891.91,USD,Enuygun,bff_1,entertainment: Uçak İçi Eğlence,Included,Included,Unknown,Included,Unknown,Unknown,Unknown,Included,Included,Unknown,Unknown,Unknown,Unknown,Unknown,Unknown,Unknown,,,,2026-07-28T07:01:31+00:00,partial,0
EK,SJJ,KUL,SJJ,BA,KUL,MY,2026-12-23,2026-12-26,Winter,Business,0,Bus-1,Business Flex,Business Flex,0 USD,3819.02,USD,Enuygun,bff_0,priority_check_in: Öncelikli Check-in; entertainment: Uçak İçi Eğlence,Included,Included,Unknown,Included,Included,Unknown,Unknown,Paid,Paid,Unknown,Unknown,Unknown,Unknown,Unknown,Unknown,Unknown,,,,2026-07-28T07:01:31+00:00,partial,0
EK,SJJ,KUL,SJJ,BA,KUL,MY,2026-12-23,2026-12-26,Winter,Business,1,Bus-2,Business Flex Plus,Business Comfort,+1050.48 USD,4869.49,USD,Enuygun,bff_1,priority_check_in: Öncelikli Check-in; entertainment: Uçak İçi Eğlence,Included,Included,Unknown,Included,Included,Unknown,Unknown,Included,Included,Unknown,Unknown,Unknown,Unknown,Unknown,Unknown,Unknown,,,,2026-07-28T07:01:31+00:00,partial,0
SQ,LHR,SIN,LON,GB,SIN,SG,2026-09-23,2026-09-26,Summer,Economy,0,Eco-1,Basic,Economy Basic,0.00 USD,1790.53,USD,Ubfly,YCLFLEXI,,Included,Included,Unknown,Unknown,Unknown,Unknown,Unknown,Unknown,Unknown,Unknown,Unknown,Unknown,Unknown,Unknown,Unknown,Unknown,,,,2026-07-28T07:01:31+00:00,partial,0
SQ,LHR,SIN,LON,GB,SIN,SG,2027-01-28,2027-01-31,Winter,Economy,0,Eco-1,Basic,Economy Basic,0.00 USD,909.8,USD,Ubfly,YCLVALUE,,Included,Included,Unknown,Unknown,Unknown,Unknown,Unknown,Unknown,Unknown,Unknown,Unknown,Unknown,Unknown,Unknown,Unknown,Unknown,,,,2026-07-28T07:01:31+00:00,partial,0
SQ,LHR,SIN,LON,GB,SIN,SG,2027-01-28,2027-01-31,Winter,Business,0,Bus-1,Business Standard,Business Standard,0 USD,6053.93,USD,Enuygun,bff_0,,Included,Included,Unknown,Unknown,Unknown,Unknown,Unknown,Paid,Paid,Unknown,Unknown,Unknown,Unknown,Unknown,Unknown,Unknown,,,,2026-07-28T07:01:31+00:00,partial,0
SQ,LHR,SIN,LON,GB,SIN,SG,2027-01-28,2027-01-31,Winter,Business,1,Bus-2,Business Flexi,Business Flex,+1654.63 USD,7708.56,USD,Enuygun,bff_1,,Included,Included,Unknown,Unknown,Unknown,Unknown,Unknown,Paid,Included,Unknown,Unknown,Unknown,Unknown,Unknown,Unknown,Unknown,,,,2026-07-28T07:01:31+00:00,partial,0
BA,LHR,SIN,LON,GB,SIN,SG,2026-09-23,2026-09-26,Summer,Economy,0,Eco-1,BASIC,Economy Basic,0.00 USD,1035.26,USD,Ubfly,NOBAG,Personal Item: 40 x 30 x 15 cm,Included,Not Included,Unknown,Included,Unknown,Unknown,Unknown,Unknown,Unknown,Unknown,Unknown,Unknown,Unknown,Unknown,Unknown,Unknown,,,,2026-07-28T07:01:31+00:00,partial,0
BA,LHR,SIN,LON,GB,SIN,SG,2026-09-23,2026-09-26,Summer,Economy,1,Eco-2,ECONOMY BASIC,Economy Basic,+36.77 USD,1072.03,USD,Ubfly,BAG,Personal Item: 40 x 30 x 15 cm; 1 Piece Luggage (23 Kg),Included,Included,Unknown,Included,Unknown,Unknown,Unknown,Unknown,Unknown,Unknown,Unknown,Unknown,Unknown,Unknown,Unknown,Unknown,,,,2026-07-28T07:01:31+00:00,partial,0
BA,LHR,SIN,LON,GB,SIN,SG,2026-09-23,2026-09-26,Summer,Economy,2,Eco-3,PLUS SELECT,Economy Comfort,+166.79 USD,1202.05,USD,Ubfly,ECONSEL,Personal Item: 40 x 30 x 15 cm; 1 Piece Luggage (23 Kg); Change without penalty before flight,Included,Included,Unknown,Included,Unknown,Unknown,Unknown,Unknown,Included,Unknown,Unknown,Unknown,Unknown,Unknown,Unknown,Unknown,,,,2026-07-28T07:01:31+00:00,partial,0
BA,LHR,SIN,LON,GB,SIN,SG,2026-09-23,2026-09-26,Summer,Economy,3,Eco-4,ECONPRO,Economy — ECONPRO,+233.53 USD,1268.79,USD,Ubfly,ECONPRO,Personal Item: 40 x 30 x 15 cm; 1 Piece Luggage (23 Kg); Change without penalty before flight,Included,Included,Included,Included,Unknown,Unknown,Unknown,Included,Included,Unknown,Unknown,Unknown,Unknown,Unknown,Unknown,Unknown,,,,2026-07-28T07:01:31+00:00,partial,0
BA,LHR,SIN,LON,GB,SIN,SG,2026-09-23,2026-09-26,Summer,Economy,4,Eco-5,PLUS FLEX,Economy Comfort,"+2,395.32 USD",3430.58,USD,Ubfly,ECONFLEX,Personal Item: 40 x 30 x 15 cm; 1 Piece Luggage (23 Kg); Change without penalty before flight,Included,Included,Included,Included,Unknown,Unknown,Unknown,Included,Included,Unknown,Unknown,Unknown,Unknown,Unknown,Unknown,Unknown,,,,2026-07-28T07:01:31+00:00,partial,0
BA,LHR,SIN,LON,GB,SIN,SG,2026-09-23,2026-09-26,Summer,Premium Economy,0,PEco-1,PREMECON,Premium Economy — PREMECON,"+1,681.39 USD",2716.65,USD,Ubfly,PREMECON,Personal Item: 40 x 30 x 15 cm,Included,Included,Unknown,Included,Unknown,Unknown,Unknown,Unknown,Unknown,Unknown,Unknown,Unknown,Unknown,Unknown,Unknown,Unknown,,,,2026-07-28T07:01:31+00:00,partial,0
BA,LHR,SIN,LON,GB,SIN,SG,2026-09-23,2026-09-26,Summer,Premium Economy,1,PEco-2,PESEL,Premium Economy — PESEL,"+1,814.83 USD",2850.09,USD,Ubfly,PESEL,Personal Item: 40 x 30 x 15 cm; Change without penalty before flight,Included,Included,Unknown,Included,Unknown,Unknown,Unknown,Unknown,Included,Unknown,Unknown,Unknown,Unknown,Unknown,Unknown,Unknown,,,,2026-07-28T07:01:31+00:00,partial,0
BA,LHR,SIN,LON,GB,SIN,SG,2026-09-23,2026-09-26,Summer,Premium Economy,2,PEco-3,PEPRO,Premium Economy — PEPRO,"+1,914.92 USD",2950.18,USD,Ubfly,PEPRO,Personal Item: 40 x 30 x 15 cm; Change without penalty before flight,Included,Included,Included,Included,Unknown,Unknown,Unknown,Included,Included,Unknown,Unknown,Unknown,Unknown,Unknown,Unknown,Unknown,,,,2026-07-28T07:01:31+00:00,partial,0
BA,LHR,SIN,LON,GB,SIN,SG,2026-09-23,2026-09-26,Summer,Premium Economy,3,PEco-4,PEFLEX,Premium Economy Flex,"+3,673.70 USD",4708.96,USD,Ubfly,PEFLEX,Personal Item: 40 x 30 x 15 cm; Change without penalty before flight,Included,Included,Included,Included,Unknown,Unknown,Unknown,Included,Included,Unknown,Unknown,Unknown,Unknown,Unknown,Unknown,Unknown,,,,2026-07-28T07:01:31+00:00,partial,0
BA,LHR,SIN,LON,GB,SIN,SG,2026-09-23,2026-09-26,Summer,Business,0,Bus-1,Business Promo,Business Basic,0 USD,5726.8,USD,Enuygun,bff_0,priority_check_in: Öncelikli Check-in,Included,Included,Unknown,Included,Included,Unknown,Included,Not Included,Paid,Unknown,Unknown,Unknown,Unknown,Unknown,Unknown,Unknown,,,,2026-07-28T07:01:31+00:00,partial,0
BA,LHR,SIN,LON,GB,SIN,SG,2026-09-23,2026-09-26,Summer,Business,1,Bus-2,Business Select,Business — Business Select,+614.02 USD,6340.82,USD,Enuygun,bff_1,priority_check_in: Öncelikli Check-in,Included,Included,Included,Included,Included,Unknown,Included,Not Included,Paid,Unknown,Unknown,Unknown,Unknown,Unknown,Unknown,Unknown,,,,2026-07-28T07:01:31+00:00,partial,0
BA,LHR,SIN,LON,GB,SIN,SG,2026-09-23,2026-09-26,Summer,Business,2,Bus-3,Business Select Pro,Business — Business Select Pro,+1096.26 USD,6823.06,USD,Enuygun,bff_2,priority_check_in: Öncelikli Check-in,Included,Included,Included,Included,Included,Unknown,Included,Not Included,Included,Unknown,Unknown,Unknown,Unknown,Unknown,Unknown,Unknown,,,,2026-07-28T07:01:31+00:00,partial,0
BA,LHR,SIN,LON,GB,SIN,SG,2026-09-23,2026-09-26,Summer,Business,3,Bus-4,Business Fully Flex,Business Flex,+3177.95 USD,8904.75,USD,Enuygun,bff_3,priority_check_in: Öncelikli Check-in,Included,Included,Included,Included,Included,Unknown,Included,Included,Included,Unknown,Unknown,Unknown,Unknown,Unknown,Unknown,Unknown,,,,2026-07-28T07:01:31+00:00,partial,0
BA,LHR,SIN,LON,GB,SIN,SG,2027-01-28,2027-01-31,Winter,Economy,0,Eco-1,BASIC,Economy Basic,0.00 USD,1044.6,USD,Ubfly,NOBAG,Personal Item: 40 x 30 x 15 cm,Included,Not Included,Unknown,Included,Unknown,Unknown,Unknown,Unknown,Unknown,Unknown,Unknown,Unknown,Unknown,Unknown,Unknown,Unknown,,,,2026-07-28T07:01:31+00:00,partial,0
BA,LHR,SIN,LON,GB,SIN,SG,2027-01-28,2027-01-31,Winter,Economy,1,Eco-2,ECONOMY BASIC,Economy Basic,+36.77 USD,1081.37,USD,Ubfly,BAG,Personal Item: 40 x 30 x 15 cm; 1 Piece Luggage (23 Kg),Included,Included,Unknown,Included,Unknown,Unknown,Unknown,Unknown,Unknown,Unknown,Unknown,Unknown,Unknown,Unknown,Unknown,Unknown,,,,2026-07-28T07:01:31+00:00,partial,0
BA,LHR,SIN,LON,GB,SIN,SG,2027-01-28,2027-01-31,Winter,Economy,2,Eco-3,PLUS SELECT,Economy Comfort,+166.79 USD,1211.39,USD,Ubfly,ECONSEL,Personal Item: 40 x 30 x 15 cm; 1 Piece Luggage (23 Kg); Change without penalty before flight,Included,Included,Unknown,Included,Unknown,Unknown,Unknown,Unknown,Included,Unknown,Unknown,Unknown,Unknown,Unknown,Unknown,Unknown,,,,2026-07-28T07:01:31+00:00,partial,0
BA,LHR,SIN,LON,GB,SIN,SG,2027-01-28,2027-01-31,Winter,Economy,3,Eco-4,ECONPRO,Economy — ECONPRO,+233.53 USD,1278.13,USD,Ubfly,ECONPRO,Personal Item: 40 x 30 x 15 cm; 1 Piece Luggage (23 Kg); Change without penalty before flight,Included,Included,Included,Included,Unknown,Unknown,Unknown,Included,Included,Unknown,Unknown,Unknown,Unknown,Unknown,Unknown,Unknown,,,,2026-07-28T07:01:31+00:00,partial,0
BA,LHR,SIN,LON,GB,SIN,SG,2027-01-28,2027-01-31,Winter,Economy,4,Eco-5,PLUS FLEX,Economy Comfort,"+2,395.32 USD",3439.92,USD,Ubfly,ECONFLEX,Personal Item: 40 x 30 x 15 cm; 1 Piece Luggage (23 Kg); Change without penalty before flight,Included,Included,Included,Included,Unknown,Unknown,Unknown,Included,Included,Unknown,Unknown,Unknown,Unknown,Unknown,Unknown,Unknown,,,,2026-07-28T07:01:31+00:00,partial,0
BA,LHR,SIN,LON,GB,SIN,SG,2027-01-28,2027-01-31,Winter,Premium Economy,0,PEco-1,PREMECON,Premium Economy — PREMECON,"+1,686.73 USD",2731.33,USD,Ubfly,PREMECON,Personal Item: 40 x 30 x 15 cm,Included,Included,Unknown,Included,Unknown,Unknown,Unknown,Unknown,Unknown,Unknown,Unknown,Unknown,Unknown,Unknown,Unknown,Unknown,,,,2026-07-28T07:01:31+00:00,partial,0
BA,LHR,SIN,LON,GB,SIN,SG,2027-01-28,2027-01-31,Winter,Premium Economy,1,PEco-2,PESEL,Premium Economy — PESEL,"+1,820.17 USD",2864.77,USD,Ubfly,PESEL,Personal Item: 40 x 30 x 15 cm; Change without penalty before flight,Included,Included,Unknown,Included,Unknown,Unknown,Unknown,Unknown,Included,Unknown,Unknown,Unknown,Unknown,Unknown,Unknown,Unknown,,,,2026-07-28T07:01:31+00:00,partial,0
BA,LHR,SIN,LON,GB,SIN,SG,2027-01-28,2027-01-31,Winter,Premium Economy,2,PEco-3,PEPRO,Premium Economy — PEPRO,"+1,920.26 USD",2964.86,USD,Ubfly,PEPRO,Personal Item: 40 x 30 x 15 cm; Change without penalty before flight,Included,Included,Included,Included,Unknown,Unknown,Unknown,Included,Included,Unknown,Unknown,Unknown,Unknown,Unknown,Unknown,Unknown,,,,2026-07-28T07:01:31+00:00,partial,0
BA,LHR,SIN,LON,GB,SIN,SG,2027-01-28,2027-01-31,Winter,Premium Economy,3,PEco-4,PEFLEX,Premium Economy Flex,"+3,679.04 USD",4723.64,USD,Ubfly,PEFLEX,Personal Item: 40 x 30 x 15 cm; Change without penalty before flight,Included,Included,Included,Included,Unknown,Unknown,Unknown,Included,Included,Unknown,Unknown,Unknown,Unknown,Unknown,Unknown,Unknown,,,,2026-07-28T07:01:31+00:00,partial,0
BA,LHR,SIN,LON,GB,SIN,SG,2027-01-28,2027-01-31,Winter,Business,0,Bus-1,Business Promo,Business Basic,0 USD,6095.71,USD,Enuygun,bff_0,priority_check_in: Öncelikli Check-in,Included,Included,Unknown,Included,Included,Unknown,Included,Not Included,Paid,Unknown,Unknown,Unknown,Unknown,Unknown,Unknown,Unknown,,,,2026-07-28T07:01:31+00:00,partial,0
BA,LHR,SIN,LON,GB,SIN,SG,2027-01-28,2027-01-31,Winter,Business,1,Bus-2,Business Select,Business — Business Select,+668.57 USD,6764.28,USD,Enuygun,bff_1,priority_check_in: Öncelikli Check-in,Included,Included,Included,Included,Included,Unknown,Included,Not Included,Paid,Unknown,Unknown,Unknown,Unknown,Unknown,Unknown,Unknown,,,,2026-07-28T07:01:31+00:00,partial,0
BA,LHR,SIN,LON,GB,SIN,SG,2027-01-28,2027-01-31,Winter,Business,2,Bus-3,Business Select Pro,Business — Business Select Pro,+1194.8 USD,7290.51,USD,Enuygun,bff_2,priority_check_in: Öncelikli Check-in,Included,Included,Included,Included,Included,Unknown,Included,Not Included,Included,Unknown,Unknown,Unknown,Unknown,Unknown,Unknown,Unknown,,,,2026-07-28T07:01:31+00:00,partial,0
BA,LHR,SIN,LON,GB,SIN,SG,2027-01-28,2027-01-31,Winter,Business,3,Bus-4,Business Fully Flex,Business Flex,+3463.49 USD,9559.2,USD,Enuygun,bff_3,priority_check_in: Öncelikli Check-in,Included,Included,Included,Included,Included,Unknown,Included,Included,Included,Unknown,Unknown,Unknown,Unknown,Unknown,Unknown,Unknown,,,,2026-07-28T07:01:31+00:00,partial,0
QF,LHR,SIN,LON,GB,SIN,SG,2026-09-23,2026-09-26,Summer,Economy,0,Eco-1,Economy Saver,Economy Basic,0 USD,989.2,USD,Enuygun,bff_0,entertainment: Uçak İçi Eğlence,Included,Included,Unknown,Included,Unknown,Unknown,Unknown,Paid,Paid,Unknown,Unknown,Unknown,Unknown,Unknown,Unknown,Unknown,,,,2026-07-28T07:01:31+00:00,partial,0
QF,LHR,SIN,LON,GB,SIN,SG,2026-09-23,2026-09-26,Summer,Economy,1,Eco-2,Economy Flex,Economy Flex,+658.25 USD,1647.46,USD,Enuygun,bff_1,entertainment: Uçak İçi Eğlence,Included,Included,Unknown,Included,Unknown,Unknown,Unknown,Included,Included,Unknown,Unknown,Unknown,Unknown,Unknown,Unknown,Unknown,,,,2026-07-28T07:01:31+00:00,partial,0
QF,LHR,SIN,LON,GB,SIN,SG,2027-01-28,2027-01-31,Winter,Economy,0,Eco-1,ECONOMY SAVER,Economy Basic,0 USD,1143.15,USD,Enuygun,bff_0,,Unknown,Unknown,Unknown,Unknown,Unknown,Unknown,Unknown,Paid,Paid,Unknown,Unknown,Unknown,Unknown,Unknown,Unknown,Unknown,,,,2026-07-28T07:01:31+00:00,partial,0
QF,LHR,SIN,LON,GB,SIN,SG,2027-01-28,2027-01-31,Winter,Economy,1,Eco-2,ECONOMY FLEX,Economy Flex,+704 USD,1847.15,USD,Enuygun,bff_1,,Unknown,Unknown,Unknown,Unknown,Unknown,Unknown,Unknown,Included,Included,Unknown,Unknown,Unknown,Unknown,Unknown,Unknown,Unknown,,,,2026-07-28T07:01:31+00:00,partial,0
QF,LHR,SIN,LON,GB,SIN,SG,2027-01-28,2027-01-31,Winter,Business,0,Bus-1,Business Saver,Business Basic,0 USD,4653.63,USD,Enuygun,bff_0,priority_check_in: Öncelikli Check-in; entertainment: Uçak İçi Eğlence,Included,Included,Unknown,Included,Included,Unknown,Unknown,Paid,Paid,Unknown,Unknown,Unknown,Unknown,Unknown,Unknown,Unknown,,,,2026-07-28T07:01:31+00:00,partial,0
QF,LHR,SIN,LON,GB,SIN,SG,2027-01-28,2027-01-31,Winter,Business,1,Bus-2,Business Flex,Business Flex,+3144.4 USD,7798.03,USD,Enuygun,bff_1,priority_check_in: Öncelikli Check-in; entertainment: Uçak İçi Eğlence,Included,Included,Unknown,Included,Included,Unknown,Unknown,Included,Included,Unknown,Unknown,Unknown,Unknown,Unknown,Unknown,Unknown,,,,2026-07-28T07:01:31+00:00,partial,0
QR,LHR,SIN,LON,GB,SIN,SG,2026-09-23,2026-09-26,Summer,Economy,0,Eco-1,ECONOMY BASIC,Economy Basic,0.00 USD,730.18,USD,Ubfly,BAG-BAG,Personal Item: 40 x 30 x 15 cm; 1 Piece Luggage (23 Kg),Included,Included,Unknown,Included,Unknown,Unknown,Unknown,Unknown,Unknown,Unknown,Unknown,Unknown,Unknown,Unknown,Unknown,Unknown,,,,2026-07-28T07:01:31+00:00,partial,0
QR,LHR,SIN,LON,GB,SIN,SG,2026-09-23,2026-09-26,Summer,Economy,1,Eco-2,PLUS SELECT,Economy Comfort,+300.84 USD,1031.02,USD,Ubfly,ECONSEL-ECONSEL,Personal Item: 40 x 30 x 15 cm; 1 Piece Luggage (23 Kg); Change without penalty before flight,Included,Included,Unknown,Included,Unknown,Unknown,Unknown,Unknown,Included,Unknown,Unknown,Unknown,Unknown,Unknown,Unknown,Unknown,,,,2026-07-28T07:01:31+00:00,partial,0
QR,LHR,SIN,LON,GB,SIN,SG,2026-09-23,2026-09-26,Summer,Economy,2,Eco-3,ECONPRO,Economy — ECONPRO,+431.61 USD,1161.79,USD,Ubfly,ECONPRO-ECONPRO,Personal Item: 40 x 30 x 15 cm; 1 Piece Luggage (23 Kg); Change without penalty before flight,Included,Included,Included,Included,Unknown,Unknown,Unknown,Included,Included,Unknown,Unknown,Unknown,Unknown,Unknown,Unknown,Unknown,,,,2026-07-28T07:01:31+00:00,partial,0
QR,LHR,SIN,LON,GB,SIN,SG,2026-09-23,2026-09-26,Summer,Economy,3,Eco-4,PLUS FLEX,Economy Comfort,"+1,775.39 USD",2505.57,USD,Ubfly,ECONFLEX-ECONFLEX,Personal Item: 40 x 30 x 15 cm; 1 Piece Luggage (23 Kg); Change without penalty before flight,Included,Included,Included,Included,Unknown,Unknown,Unknown,Included,Included,Unknown,Unknown,Unknown,Unknown,Unknown,Unknown,Unknown,,,,2026-07-28T07:01:31+00:00,partial,0
QR,LHR,SIN,LON,GB,SIN,SG,2026-09-23,2026-09-26,Summer,Business,0,Bus-1,BIZPROMO,Business Basic,0.00 USD,5887.79,USD,Ubfly,BIZPROMO-BIZPROMO,Personal Item: 40 x 30 x 15 cm; Dedicated check-in area,Included,Included,Unknown,Included,Included,Unknown,Included,Unknown,Unknown,Unknown,Unknown,Unknown,Unknown,Unknown,Unknown,Unknown,,,,2026-07-28T07:01:31+00:00,partial,0
QR,LHR,SIN,LON,GB,SIN,SG,2026-09-23,2026-09-26,Summer,Business,1,Bus-2,BUSINESS PLUS SELECT,Business Comfort,+607.18 USD,6494.97,USD,Ubfly,BIZSEL-BIZSEL,Personal Item: 40 x 30 x 15 cm; Dedicated check-in area,Included,Included,Included,Included,Included,Unknown,Included,Unknown,Unknown,Unknown,Unknown,Unknown,Unknown,Unknown,Unknown,Unknown,,,,2026-07-28T07:01:31+00:00,partial,0
QR,LHR,SIN,LON,GB,SIN,SG,2026-09-23,2026-09-26,Summer,Business,2,Bus-3,BIZPRO,Business — BIZPRO,"+1,084.90 USD",6972.69,USD,Ubfly,BIZPRO-BIZPRO,Personal Item: 40 x 30 x 15 cm; Dedicated check-in area; Change without penalty before flight,Included,Included,Included,Included,Included,Unknown,Included,Included,Included,Unknown,Unknown,Unknown,Unknown,Unknown,Unknown,Unknown,,,,2026-07-28T07:01:31+00:00,partial,0
QR,LHR,SIN,LON,GB,SIN,SG,2026-09-23,2026-09-26,Summer,Business,3,Bus-4,BUSINESS FLEX,Business Flex,"+3,145.27 USD",9033.06,USD,Ubfly,BIZFLEX-BIZFLEX,Personal Item: 40 x 30 x 15 cm; Dedicated check-in area; Change without penalty before flight,Included,Included,Included,Included,Included,Unknown,Included,Included,Included,Unknown,Unknown,Unknown,Unknown,Unknown,Unknown,Unknown,,,,2026-07-28T07:01:31+00:00,partial,0
QR,LHR,SIN,LON,GB,SIN,SG,2027-01-28,2027-01-31,Winter,Economy,0,Eco-1,ECONOMY BASIC,Economy Basic,0.00 USD,730.18,USD,Ubfly,BAG-BAG,Personal Item: 40 x 30 x 15 cm; 1 Piece Luggage (23 Kg),Included,Included,Unknown,Included,Unknown,Unknown,Unknown,Unknown,Unknown,Unknown,Unknown,Unknown,Unknown,Unknown,Unknown,Unknown,,,,2026-07-28T07:01:31+00:00,partial,0
QR,LHR,SIN,LON,GB,SIN,SG,2027-01-28,2027-01-31,Winter,Economy,1,Eco-2,PLUS SELECT,Economy Comfort,+300.84 USD,1031.02,USD,Ubfly,ECONSEL-ECONSEL,Personal Item: 40 x 30 x 15 cm; 1 Piece Luggage (23 Kg); Change without penalty before flight,Included,Included,Unknown,Included,Unknown,Unknown,Unknown,Unknown,Included,Unknown,Unknown,Unknown,Unknown,Unknown,Unknown,Unknown,,,,2026-07-28T07:01:31+00:00,partial,0
QR,LHR,SIN,LON,GB,SIN,SG,2027-01-28,2027-01-31,Winter,Economy,2,Eco-3,ECONPRO,Economy — ECONPRO,+431.61 USD,1161.79,USD,Ubfly,ECONPRO-ECONPRO,Personal Item: 40 x 30 x 15 cm; 1 Piece Luggage (23 Kg); Change without penalty before flight,Included,Included,Included,Included,Unknown,Unknown,Unknown,Included,Included,Unknown,Unknown,Unknown,Unknown,Unknown,Unknown,Unknown,,,,2026-07-28T07:01:31+00:00,partial,0
QR,LHR,SIN,LON,GB,SIN,SG,2027-01-28,2027-01-31,Winter,Economy,3,Eco-4,PLUS FLEX,Economy Comfort,"+1,775.39 USD",2505.57,USD,Ubfly,ECONFLEX-ECONFLEX,Personal Item: 40 x 30 x 15 cm; 1 Piece Luggage (23 Kg); Change without penalty before flight,Included,Included,Included,Included,Unknown,Unknown,Unknown,Included,Included,Unknown,Unknown,Unknown,Unknown,Unknown,Unknown,Unknown,,,,2026-07-28T07:01:31+00:00,partial,0
QR,LHR,SIN,LON,GB,SIN,SG,2027-01-28,2027-01-31,Winter,Business,0,Bus-1,BIZPROMO,Business Basic,0.00 USD,4722.67,USD,Ubfly,BIZPROMO-BIZPROMO,Personal Item: 40 x 30 x 15 cm; Dedicated check-in area,Included,Included,Unknown,Included,Included,Unknown,Included,Unknown,Unknown,Unknown,Unknown,Unknown,Unknown,Unknown,Unknown,Unknown,,,,2026-07-28T07:01:31+00:00,partial,0
QR,LHR,SIN,LON,GB,SIN,SG,2027-01-28,2027-01-31,Winter,Business,1,Bus-2,BUSINESS PLUS SELECT,Business Comfort,+607.16 USD,5329.83,USD,Ubfly,BIZSEL-BIZSEL,Personal Item: 40 x 30 x 15 cm; Dedicated check-in area,Included,Included,Included,Included,Included,Unknown,Included,Unknown,Unknown,Unknown,Unknown,Unknown,Unknown,Unknown,Unknown,Unknown,,,,2026-07-28T07:01:31+00:00,partial,0
QR,LHR,SIN,LON,GB,SIN,SG,2027-01-28,2027-01-31,Winter,Business,2,Bus-3,BIZPRO,Business — BIZPRO,"+1,084.90 USD",5807.57,USD,Ubfly,BIZPRO-BIZPRO,Personal Item: 40 x 30 x 15 cm; Dedicated check-in area; Change without penalty before flight,Included,Included,Included,Included,Included,Unknown,Included,Included,Included,Unknown,Unknown,Unknown,Unknown,Unknown,Unknown,Unknown,,,,2026-07-28T07:01:31+00:00,partial,0
QR,LHR,SIN,LON,GB,SIN,SG,2027-01-28,2027-01-31,Winter,Business,3,Bus-4,BUSINESS FLEX,Business Flex,"+4,287.54 USD",9010.21,USD,Ubfly,BIZFLEX-BIZFLEX,Personal Item: 40 x 30 x 15 cm; Dedicated check-in area; Change without penalty before flight,Included,Included,Included,Included,Included,Unknown,Included,Included,Included,Unknown,Unknown,Unknown,Unknown,Unknown,Unknown,Unknown,,,,2026-07-28T07:01:31+00:00,partial,0
MH,LHR,KUL,LON,GB,KUL,MY,2026-09-23,2026-09-26,Summer,Economy,0,Eco-1,Basic,Economy Basic,0 USD,850.56,USD,Enuygun,bff_0,,Included,Included,Unknown,Included,Unknown,Unknown,Unknown,Paid,Paid,Unknown,Unknown,Unknown,Unknown,Unknown,Unknown,Unknown,,,,2026-07-28T07:01:31+00:00,partial,0
MH,LHR,KUL,LON,GB,KUL,MY,2026-09-23,2026-09-26,Summer,Economy,1,Eco-2,Flex,Economy Flex,+123.71 USD,974.27,USD,Enuygun,bff_1,,Included,Included,Unknown,Included,Unknown,Unknown,Unknown,Paid,Included,Unknown,Unknown,Unknown,Unknown,Unknown,Unknown,Unknown,,,,2026-07-28T07:01:31+00:00,partial,0
MH,LHR,KUL,LON,GB,KUL,MY,2026-11-06,2026-11-09,Winter,Economy,0,Eco-1,Basic,Economy Basic,0 USD,850.56,USD,Enuygun,bff_0,,Included,Included,Unknown,Included,Unknown,Unknown,Unknown,Paid,Paid,Unknown,Unknown,Unknown,Unknown,Unknown,Unknown,Unknown,,,,2026-07-28T07:01:31+00:00,partial,0
MH,LHR,KUL,LON,GB,KUL,MY,2026-11-06,2026-11-09,Winter,Economy,1,Eco-2,Flex,Economy Flex,+123.71 USD,974.27,USD,Enuygun,bff_1,,Included,Included,Unknown,Included,Unknown,Unknown,Unknown,Paid,Included,Unknown,Unknown,Unknown,Unknown,Unknown,Unknown,Unknown,,,,2026-07-28T07:01:31+00:00,partial,0
BA,LHR,KUL,LON,GB,KUL,MY,2026-09-23,2026-09-26,Summer,Economy,0,Eco-1,BASIC,Economy Basic,0.00 USD,1471.62,USD,Ubfly,NOBAG,Personal Item: 40 x 30 x 15 cm,Included,Not Included,Unknown,Included,Unknown,Unknown,Unknown,Unknown,Unknown,Unknown,Unknown,Unknown,Unknown,Unknown,Unknown,Unknown,,,,2026-07-28T07:01:31+00:00,partial,0
BA,LHR,KUL,LON,GB,KUL,MY,2026-09-23,2026-09-26,Summer,Economy,1,Eco-2,ECONOMY BASIC,Economy Basic,+36.77 USD,1508.39,USD,Ubfly,BAG,Personal Item: 40 x 30 x 15 cm; 1 Piece Luggage (23 Kg),Included,Included,Unknown,Included,Unknown,Unknown,Unknown,Unknown,Unknown,Unknown,Unknown,Unknown,Unknown,Unknown,Unknown,Unknown,,,,2026-07-28T07:01:31+00:00,partial,0
BA,LHR,KUL,LON,GB,KUL,MY,2026-09-23,2026-09-26,Summer,Economy,2,Eco-3,PLUS SELECT,Economy Comfort,+166.79 USD,1638.41,USD,Ubfly,ECONSEL,Personal Item: 40 x 30 x 15 cm; 1 Piece Luggage (23 Kg); Change without penalty before flight,Included,Included,Unknown,Included,Unknown,Unknown,Unknown,Unknown,Included,Unknown,Unknown,Unknown,Unknown,Unknown,Unknown,Unknown,,,,2026-07-28T07:01:31+00:00,partial,0
BA,LHR,KUL,LON,GB,KUL,MY,2026-09-23,2026-09-26,Summer,Economy,3,Eco-4,ECONPRO,Economy — ECONPRO,+233.53 USD,1705.15,USD,Ubfly,ECONPRO,Personal Item: 40 x 30 x 15 cm; 1 Piece Luggage (23 Kg); Change without penalty before flight,Included,Included,Included,Included,Unknown,Unknown,Unknown,Included,Included,Unknown,Unknown,Unknown,Unknown,Unknown,Unknown,Unknown,,,,2026-07-28T07:01:31+00:00,partial,0
BA,LHR,KUL,LON,GB,KUL,MY,2026-09-23,2026-09-26,Summer,Economy,4,Eco-5,PLUS FLEX,Economy Comfort,"+1,413.17 USD",2884.79,USD,Ubfly,ECONFLEX,Personal Item: 40 x 30 x 15 cm; 1 Piece Luggage (23 Kg); Change without penalty before flight,Included,Included,Included,Included,Unknown,Unknown,Unknown,Included,Included,Unknown,Unknown,Unknown,Unknown,Unknown,Unknown,Unknown,,,,2026-07-28T07:01:31+00:00,partial,0
BA,LHR,KUL,LON,GB,KUL,MY,2026-09-23,2026-09-26,Summer,Premium Economy,0,PEco-1,PREMECON,Premium Economy — PREMECON,"+2,171.13 USD",3642.75,USD,Ubfly,PREMECON,Personal Item: 40 x 30 x 15 cm,Included,Included,Unknown,Included,Unknown,Unknown,Unknown,Unknown,Unknown,Unknown,Unknown,Unknown,Unknown,Unknown,Unknown,Unknown,,,,2026-07-28T07:01:31+00:00,partial,0
BA,LHR,KUL,LON,GB,KUL,MY,2026-09-23,2026-09-26,Summer,Premium Economy,1,PEco-2,PESEL,Premium Economy — PESEL,"+2,304.57 USD",3776.19,USD,Ubfly,PESEL,Personal Item: 40 x 30 x 15 cm; Change without penalty before flight,Included,Included,Unknown,Included,Unknown,Unknown,Unknown,Unknown,Included,Unknown,Unknown,Unknown,Unknown,Unknown,Unknown,Unknown,,,,2026-07-28T07:01:31+00:00,partial,0
BA,LHR,KUL,LON,GB,KUL,MY,2026-09-23,2026-09-26,Summer,Premium Economy,2,PEco-3,PEPRO,Premium Economy — PEPRO,"+2,404.66 USD",3876.28,USD,Ubfly,PEPRO,Personal Item: 40 x 30 x 15 cm; Change without penalty before flight,Included,Included,Included,Included,Unknown,Unknown,Unknown,Included,Included,Unknown,Unknown,Unknown,Unknown,Unknown,Unknown,Unknown,,,,2026-07-28T07:01:31+00:00,partial,0
BA,LHR,KUL,LON,GB,KUL,MY,2026-09-23,2026-09-26,Summer,Premium Economy,3,PEco-4,PEFLEX,Premium Economy Flex,"+2,504.74 USD",3976.36,USD,Ubfly,PEFLEX,Personal Item: 40 x 30 x 15 cm; Change without penalty before flight,Included,Included,Included,Included,Unknown,Unknown,Unknown,Included,Included,Unknown,Unknown,Unknown,Unknown,Unknown,Unknown,Unknown,,,,2026-07-28T07:01:31+00:00,partial,0
BA,LHR,KUL,LON,GB,KUL,MY,2026-09-23,2026-09-26,Summer,Business,0,Bus-1,BIZPROMO,Business Basic,0.00 USD,7594.82,USD,Ubfly,BIZPROMO,Personal Item: 40 x 30 x 15 cm; Dedicated check-in area,Included,Included,Unknown,Included,Included,Unknown,Included,Not Included,Paid,Unknown,Unknown,Unknown,Unknown,Unknown,Unknown,Unknown,,,,2026-07-28T07:01:31+00:00,partial,0
BA,LHR,KUL,LON,GB,KUL,MY,2026-09-23,2026-09-26,Summer,Business,1,Bus-2,BUSINESS PLUS SELECT,Business Comfort,+467.05 USD,8061.87,USD,Ubfly,BIZSEL,Personal Item: 40 x 30 x 15 cm; Dedicated check-in area,Included,Included,Included,Included,Included,Unknown,Included,Not Included,Paid,Unknown,Unknown,Unknown,Unknown,Unknown,Unknown,Unknown,,,,2026-07-28T07:01:31+00:00,partial,0
BA,LHR,KUL,LON,GB,KUL,MY,2026-09-23,2026-09-26,Summer,Business,2,Bus-3,BIZPRO,Business — BIZPRO,+733.93 USD,8328.75,USD,Ubfly,BIZPRO,Personal Item: 40 x 30 x 15 cm; Dedicated check-in area; Change without penalty before flight,Included,Included,Included,Included,Included,Unknown,Included,Included,Included,Unknown,Unknown,Unknown,Unknown,Unknown,Unknown,Unknown,,,,2026-07-28T07:01:31+00:00,partial,0
BA,LHR,KUL,LON,GB,KUL,MY,2026-09-23,2026-09-26,Summer,Business,3,Bus-4,BUSINESS FLEX,Business Flex,"+2,117.75 USD",9712.57,USD,Ubfly,BIZFLEX,Personal Item: 40 x 30 x 15 cm; Dedicated check-in area; Change without penalty before flight,Included,Included,Included,Included,Included,Unknown,Included,Included,Included,Unknown,Unknown,Unknown,Unknown,Unknown,Unknown,Unknown,,,,2026-07-28T07:01:31+00:00,partial,0
BA,LHR,KUL,LON,GB,KUL,MY,2026-11-06,2026-11-09,Winter,Economy,0,Eco-1,BASIC,Economy Basic,0.00 USD,937.84,USD,Ubfly,NOBAG,Personal Item: 40 x 30 x 15 cm,Included,Not Included,Unknown,Included,Unknown,Unknown,Unknown,Unknown,Unknown,Unknown,Unknown,Unknown,Unknown,Unknown,Unknown,Unknown,,,,2026-07-28T07:01:31+00:00,partial,0
BA,LHR,KUL,LON,GB,KUL,MY,2026-11-06,2026-11-09,Winter,Economy,1,Eco-2,ECONOMY BASIC,Economy Basic,+36.77 USD,974.61,USD,Ubfly,BAG,Personal Item: 40 x 30 x 15 cm; 1 Piece Luggage (23 Kg),Included,Included,Unknown,Included,Unknown,Unknown,Unknown,Unknown,Unknown,Unknown,Unknown,Unknown,Unknown,Unknown,Unknown,Unknown,,,,2026-07-28T07:01:31+00:00,partial,0
BA,LHR,KUL,LON,GB,KUL,MY,2026-11-06,2026-11-09,Winter,Economy,2,Eco-3,PLUS SELECT,Economy Comfort,+166.79 USD,1104.63,USD,Ubfly,ECONSEL,Personal Item: 40 x 30 x 15 cm; 1 Piece Luggage (23 Kg); Change without penalty before flight,Included,Included,Unknown,Included,Unknown,Unknown,Unknown,Unknown,Included,Unknown,Unknown,Unknown,Unknown,Unknown,Unknown,Unknown,,,,2026-07-28T07:01:31+00:00,partial,0
BA,LHR,KUL,LON,GB,KUL,MY,2026-11-06,2026-11-09,Winter,Economy,3,Eco-4,ECONPRO,Economy — ECONPRO,+233.53 USD,1171.37,USD,Ubfly,ECONPRO,Personal Item: 40 x 30 x 15 cm; 1 Piece Luggage (23 Kg); Change without penalty before flight,Included,Included,Included,Included,Unknown,Unknown,Unknown,Included,Included,Unknown,Unknown,Unknown,Unknown,Unknown,Unknown,Unknown,,,,2026-07-28T07:01:31+00:00,partial,0
BA,LHR,KUL,LON,GB,KUL,MY,2026-11-06,2026-11-09,Winter,Economy,4,Eco-5,PLUS FLEX,Economy Comfort,"+1,946.95 USD",2884.79,USD,Ubfly,ECONFLEX,Personal Item: 40 x 30 x 15 cm; 1 Piece Luggage (23 Kg); Change without penalty before flight,Included,Included,Included,Included,Unknown,Unknown,Unknown,Included,Included,Unknown,Unknown,Unknown,Unknown,Unknown,Unknown,Unknown,,,,2026-07-28T07:01:31+00:00,partial,0
BA,LHR,KUL,LON,GB,KUL,MY,2026-11-06,2026-11-09,Winter,Premium Economy,0,PEco-1,PREMECON,Premium Economy — PREMECON,+958.13 USD,1895.97,USD,Ubfly,PREMECON,Personal Item: 40 x 30 x 15 cm,Included,Included,Unknown,Included,Unknown,Unknown,Unknown,Unknown,Unknown,Unknown,Unknown,Unknown,Unknown,Unknown,Unknown,Unknown,,,,2026-07-28T07:01:31+00:00,partial,0
BA,LHR,KUL,LON,GB,KUL,MY,2026-11-06,2026-11-09,Winter,Premium Economy,1,PEco-2,PESEL,Premium Economy — PESEL,"+1,091.57 USD",2029.41,USD,Ubfly,PESEL,Personal Item: 40 x 30 x 15 cm; Change without penalty before flight,Included,Included,Unknown,Included,Unknown,Unknown,Unknown,Unknown,Included,Unknown,Unknown,Unknown,Unknown,Unknown,Unknown,Unknown,,,,2026-07-28T07:01:31+00:00,partial,0
BA,LHR,KUL,LON,GB,KUL,MY,2026-11-06,2026-11-09,Winter,Premium Economy,2,PEco-3,PEPRO,Premium Economy — PEPRO,"+1,191.65 USD",2129.49,USD,Ubfly,PEPRO,Personal Item: 40 x 30 x 15 cm; Change without penalty before flight,Included,Included,Included,Included,Unknown,Unknown,Unknown,Included,Included,Unknown,Unknown,Unknown,Unknown,Unknown,Unknown,Unknown,,,,2026-07-28T07:01:31+00:00,partial,0
BA,LHR,KUL,LON,GB,KUL,MY,2026-11-06,2026-11-09,Winter,Premium Economy,3,PEco-4,PEFLEX,Premium Economy Flex,"+3,038.52 USD",3976.36,USD,Ubfly,PEFLEX,Personal Item: 40 x 30 x 15 cm; Change without penalty before flight,Included,Included,Included,Included,Unknown,Unknown,Unknown,Included,Included,Unknown,Unknown,Unknown,Unknown,Unknown,Unknown,Unknown,,,,2026-07-28T07:01:31+00:00,partial,0
BA,LHR,KUL,LON,GB,KUL,MY,2026-11-06,2026-11-09,Winter,Business,0,Bus-1,BIZPROMO,Business Basic,0.00 USD,4932.22,USD,Ubfly,BIZPROMO-BIZPROMO,Personal Item: 40 x 30 x 15 cm; Dedicated check-in area,Included,Included,Unknown,Included,Included,Unknown,Included,Not Included,Paid,Unknown,Unknown,Unknown,Unknown,Unknown,Unknown,Unknown,,,,2026-07-28T07:01:31+00:00,partial,0
BA,LHR,KUL,LON,GB,KUL,MY,2026-11-06,2026-11-09,Winter,Business,1,Bus-2,BUSINESS PLUS SELECT,Business Comfort,+607.16 USD,5539.38,USD,Ubfly,BIZSEL-BIZSEL,Personal Item: 40 x 30 x 15 cm; Dedicated check-in area,Included,Included,Included,Included,Included,Unknown,Included,Not Included,Paid,Unknown,Unknown,Unknown,Unknown,Unknown,Unknown,Unknown,,,,2026-07-28T07:01:31+00:00,partial,0
BA,LHR,KUL,LON,GB,KUL,MY,2026-11-06,2026-11-09,Winter,Business,2,Bus-3,BIZPRO,Business — BIZPRO,"+1,084.90 USD",6017.12,USD,Ubfly,BIZPRO-BIZPRO,Personal Item: 40 x 30 x 15 cm; Dedicated check-in area; Change without penalty before flight,Included,Included,Included,Included,Included,Unknown,Included,Included,Included,Unknown,Unknown,Unknown,Unknown,Unknown,Unknown,Unknown,,,,2026-07-28T07:01:31+00:00,partial,0
BA,LHR,KUL,LON,GB,KUL,MY,2026-11-06,2026-11-09,Winter,Business,3,Bus-4,BUSINESS FLEX,Business Flex,"+3,161.27 USD",8093.49,USD,Ubfly,BIZFLEX-BIZFLEX,Personal Item: 40 x 30 x 15 cm; Dedicated check-in area; Change without penalty before flight,Included,Included,Included,Included,Included,Unknown,Included,Included,Included,Unknown,Unknown,Unknown,Unknown,Unknown,Unknown,Unknown,,,,2026-07-28T07:01:31+00:00,partial,0
EY,LHR,KUL,LON,GB,KUL,MY,2026-09-23,2026-09-26,Summer,Economy,0,Eco-1,YBASIC,Economy Basic,0.00 USD,585.39,USD,Ubfly,YBASIC-YBASIC,,Included,Not Included,Unknown,Included,Unknown,Unknown,Unknown,Not Included,Included,Unknown,Unknown,Unknown,Unknown,Unknown,Unknown,Unknown,Yes,,5.0,2026-07-28T07:01:31+00:00,success,0
EY,LHR,KUL,LON,GB,KUL,MY,2026-09-23,2026-09-26,Summer,Economy,1,Eco-2,YVALUE,Economy Basic,+24.58 USD,609.97,USD,Ubfly,YVALUE-YVALUE,,Included,Included,Unknown,Included,Unknown,Unknown,Unknown,Not Included,Paid,Unknown,Unknown,Unknown,Unknown,Unknown,Unknown,Unknown,Yes,,35.0,2026-07-28T07:01:31+00:00,success,0
EY,LHR,KUL,LON,GB,KUL,MY,2026-09-23,2026-09-26,Summer,Economy,2,Eco-3,YCOMFORT,Economy Comfort,+73.95 USD,659.34,USD,Ubfly,YCOMFORT-YCOMFORT,,Included,Included,Included,Included,Unknown,Unknown,Unknown,Paid,Paid,Unknown,Unknown,Unknown,Unknown,Unknown,Unknown,Unknown,Yes,,75.0,2026-07-28T07:01:31+00:00,success,0
EY,LHR,KUL,LON,GB,KUL,MY,2026-09-23,2026-09-26,Summer,Economy,3,Eco-4,YDELUXE,Economy — YDELUXE,+164.68 USD,750.07,USD,Ubfly,YDELUXE-YDELUXE,Change with Penalty; Uninterrupted return (up to the last 12 hours); Priority Access,Included,Included,Included,Included,Unknown,Unknown,Unknown,Included,Included,Unknown,Unknown,Unknown,Unknown,Unknown,Unknown,Unknown,Yes,,,2026-07-28T07:01:31+00:00,success,0
EY,LHR,KUL,LON,GB,KUL,MY,2026-09-23,2026-09-26,Summer,Business,0,Bus-1,JVALUE,Business Basic,0.00 USD,2854.34,USD,Ubfly,JVALUE-JVALUE,Priority Access,Included,Included,Unknown,Included,Unknown,Unknown,Unknown,Not Included,Paid,Unknown,Unknown,Unknown,Unknown,Unknown,Unknown,Unknown,Yes,,100.0,2026-07-28T07:01:31+00:00,success,0
EY,LHR,KUL,LON,GB,KUL,MY,2026-09-23,2026-09-26,Summer,Business,1,Bus-2,JCOMFORT,Business Comfort,+165.46 USD,3019.8,USD,Ubfly,JCOMFORT-JCOMFORT,Priority Access; ETIHAD UAE CHAUFFEUR(F),Included,Included,Included,Included,Included,Unknown,Unknown,Paid,Paid,Unknown,Unknown,Unknown,Unknown,Unknown,Unknown,Unknown,Yes,,,2026-07-28T07:01:31+00:00,success,0
EY,LHR,KUL,LON,GB,KUL,MY,2026-09-23,2026-09-26,Summer,Business,2,Bus-3,JDELUXE,Business — JDELUXE,+605.82 USD,3460.16,USD,Ubfly,JDELUXE-JDELUXE,Change with Penalty; Uninterrupted return (up to the last 12 hours); Priority Access; ETIHAD UAE CHAUFFEUR(F); ETIHAD GLOBAL CHAUFFEUR(F),Included,Included,Included,Included,Included,Unknown,Unknown,Included,Included,Unknown,Unknown,Unknown,Unknown,Unknown,Unknown,Unknown,Yes,,,2026-07-28T07:01:31+00:00,success,0
EY,LHR,KUL,LON,GB,KUL,MY,2026-11-06,2026-11-09,Winter,Economy,0,Eco-1,YBASIC,Economy Basic,0.00 USD,585.39,USD,Ubfly,YBASIC-YBASIC,,Included,Not Included,Unknown,Included,Unknown,Unknown,Unknown,Not Included,Included,Unknown,Unknown,Unknown,Unknown,Unknown,Unknown,Unknown,Yes,,5.0,2026-07-28T07:01:31+00:00,success,0
EY,LHR,KUL,LON,GB,KUL,MY,2026-11-06,2026-11-09,Winter,Economy,1,Eco-2,YVALUE,Economy Basic,+24.58 USD,609.97,USD,Ubfly,YVALUE-YVALUE,,Included,Included,Unknown,Included,Unknown,Unknown,Unknown,Not Included,Paid,Unknown,Unknown,Unknown,Unknown,Unknown,Unknown,Unknown,Yes,,35.0,2026-07-28T07:01:31+00:00,success,0
EY,LHR,KUL,LON,GB,KUL,MY,2026-11-06,2026-11-09,Winter,Economy,2,Eco-3,YCOMFORT,Economy Comfort,+73.95 USD,659.34,USD,Ubfly,YCOMFORT-YCOMFORT,,Included,Included,Included,Included,Unknown,Unknown,Unknown,Paid,Paid,Unknown,Unknown,Unknown,Unknown,Unknown,Unknown,Unknown,Yes,,75.0,2026-07-28T07:01:31+00:00,success,0
EY,LHR,KUL,LON,GB,KUL,MY,2026-11-06,2026-11-09,Winter,Economy,3,Eco-4,YDELUXE,Economy — YDELUXE,+164.68 USD,750.07,USD,Ubfly,YDELUXE-YDELUXE,Change with Penalty; Uninterrupted return (up to the last 12 hours); Priority Access,Included,Included,Included,Included,Unknown,Unknown,Unknown,Included,Included,Unknown,Unknown,Unknown,Unknown,Unknown,Unknown,Unknown,Yes,,,2026-07-28T07:01:31+00:00,success,0
EY,LHR,KUL,LON,GB,KUL,MY,2026-11-06,2026-11-09,Winter,Business,0,Bus-1,JVALUE,Business Basic,0.00 USD,4460.39,USD,Ubfly,JVALUE-JVALUE,Priority Access,Included,Included,Unknown,Included,Unknown,Unknown,Unknown,Not Included,Paid,Unknown,Unknown,Unknown,Unknown,Unknown,Unknown,Unknown,Yes,,100.0,2026-07-28T07:01:31+00:00,success,0
EY,LHR,KUL,LON,GB,KUL,MY,2026-11-06,2026-11-09,Winter,Business,1,Bus-2,JCOMFORT,Business Comfort,+277.55 USD,4737.94,USD,Ubfly,JCOMFORT-JCOMFORT,Priority Access; ETIHAD UAE CHAUFFEUR(F),Included,Included,Included,Included,Included,Unknown,Unknown,Paid,Paid,Unknown,Unknown,Unknown,Unknown,Unknown,Unknown,Unknown,Yes,,,2026-07-28T07:01:31+00:00,success,0
EY,LHR,KUL,LON,GB,KUL,MY,2026-11-06,2026-11-09,Winter,Business,2,Bus-3,JDELUXE,Business — JDELUXE,+765.95 USD,5226.34,USD,Ubfly,JDELUXE-JDELUXE,Change with Penalty; Uninterrupted return (up to the last 12 hours); Priority Access; ETIHAD UAE CHAUFFEUR(F); ETIHAD GLOBAL CHAUFFEUR(F),Included,Included,Included,Included,Included,Unknown,Unknown,Included,Included,Unknown,Unknown,Unknown,Unknown,Unknown,Unknown,Unknown,Yes,,,2026-07-28T07:01:31+00:00,success,0
EK,LHR,KUL,LON,GB,KUL,MY,2026-09-23,2026-09-26,Summer,Economy,0,Eco-1,ECOSAVER,Economy Basic,0.00 USD,790.67,USD,Ubfly,ECOSAVER-ECOSAVER,Soft drink; In-flight entertainment,Included,Included,Unknown,Included,Unknown,Unknown,Unknown,Unknown,Unknown,Unknown,Unknown,Unknown,Unknown,Unknown,Unknown,Unknown,Yes,,30.0,2026-07-28T07:01:31+00:00,success,0
EK,LHR,KUL,LON,GB,KUL,MY,2026-09-23,2026-09-26,Summer,Economy,1,Eco-2,ECOFLEX,Economy Flex,+116.11 USD,906.78,USD,Ubfly,ECOFLEX-ECOFLEX,Soft drink; In-flight entertainment,Included,Included,Unknown,Included,Unknown,Unknown,Unknown,Unknown,Unknown,Unknown,Unknown,Unknown,Unknown,Unknown,Unknown,Unknown,Yes,,70.0,2026-07-28T07:01:31+00:00,success,0
EK,LHR,KUL,LON,GB,KUL,MY,2026-09-23,2026-09-26,Summer,Economy,2,Eco-3,ECOFLXPLUS,Economy Comfort,+617.85 USD,1408.52,USD,Ubfly,ECOFLXPLUS-ECOFLXPLUS,Uninterrupted return (up to the last 12 hours); Change with Penalty; Soft drink; In-flight entertainment,Included,Included,Unknown,Included,Unknown,Unknown,Unknown,Unknown,Unknown,Unknown,Unknown,Unknown,Unknown,Unknown,Unknown,Unknown,Yes,,100.0,2026-07-28T07:01:31+00:00,success,0
EK,LHR,KUL,LON,GB,KUL,MY,2026-09-23,2026-09-26,Summer,Economy,3,Eco-4,PYFLXPLUS,Economy Comfort,"+1,020.84 USD",1811.51,USD,Ubfly,PYFLXPLUS-PYFLXPLUS,Uninterrupted return (up to the last 12 hours); Change with Penalty; Soft drink; In-flight entertainment,Included,Included,Included,Included,Unknown,Unknown,Unknown,Unknown,Unknown,Unknown,Unknown,Unknown,Unknown,Unknown,Unknown,Unknown,Yes,,,2026-07-28T07:01:31+00:00,success,0
EK,LHR,KUL,LON,GB,KUL,MY,2026-09-23,2026-09-26,Summer,Business,0,Bus-1,BSSAVER,Business Basic,0.00 USD,3918.6,USD,Ubfly,BSSAVER-BSSAVER,Internet Access; Premium check-in; Soft drink; In-flight entertainment; Chauffeur Drive,Included,Included,Included,Included,Included,Included,Included,Unknown,Unknown,Unknown,Unknown,Unknown,Unknown,Unknown,Unknown,Unknown,Yes,,,2026-07-28T07:01:31+00:00,success,0
EK,LHR,KUL,LON,GB,KUL,MY,2026-09-23,2026-09-26,Summer,Business,1,Bus-2,BSFLEX,Business Flex,"+1,094.23 USD",5012.83,USD,Ubfly,BSFLEX-BSFLEX,Premium check-in; Soft drink; In-flight entertainment; Chauffeur Drive; Internet Access,Included,Included,Included,Included,Included,Included,Included,Unknown,Unknown,Unknown,Unknown,Unknown,Unknown,Unknown,Unknown,Unknown,Yes,,175.0,2026-07-28T07:01:31+00:00,success,0
EK,LHR,KUL,LON,GB,KUL,MY,2026-09-23,2026-09-26,Summer,Business,2,Bus-3,BSFLXPLUS,Business Comfort,"+2,188.48 USD",6107.08,USD,Ubfly,BSFLXPLUS-BSFLXPLUS,Premium check-in; Soft drink; In-flight entertainment; Chauffeur Drive; Internet Access; Uninterrupted return (up to the last 12 hours); Change with Penalty,Included,Included,Included,Included,Included,Included,Included,Unknown,Unknown,Unknown,Unknown,Unknown,Unknown,Unknown,Unknown,Unknown,Yes,,190.0,2026-07-28T07:01:31+00:00,success,0
EK,LHR,KUL,LON,GB,KUL,MY,2026-11-06,2026-11-09,Winter,Economy,0,Eco-1,ECOSAVER,Economy Basic,0.00 USD,817.36,USD,Ubfly,ECOSAVER-ECOSAVER,Soft drink; In-flight entertainment,Included,Included,Unknown,Included,Unknown,Unknown,Unknown,Unknown,Unknown,Unknown,Unknown,Unknown,Unknown,Unknown,Unknown,Unknown,Yes,,30.0,2026-07-28T07:01:31+00:00,success,0
EK,LHR,KUL,LON,GB,KUL,MY,2026-11-06,2026-11-09,Winter,Economy,1,Eco-2,ECOFLEX,Economy Flex,+116.11 USD,933.47,USD,Ubfly,ECOFLEX-ECOFLEX,Soft drink; In-flight entertainment,Included,Included,Unknown,Included,Unknown,Unknown,Unknown,Unknown,Unknown,Unknown,Unknown,Unknown,Unknown,Unknown,Unknown,Unknown,Yes,,70.0,2026-07-28T07:01:31+00:00,success,0
EK,LHR,KUL,LON,GB,KUL,MY,2026-11-06,2026-11-09,Winter,Economy,2,Eco-3,ECOFLXPLUS,Economy Comfort,+617.85 USD,1435.21,USD,Ubfly,ECOFLXPLUS-ECOFLXPLUS,Soft drink; In-flight entertainment; Uninterrupted return (up to the last 12 hours); Change with Penalty,Included,Included,Unknown,Included,Unknown,Unknown,Unknown,Unknown,Unknown,Unknown,Unknown,Unknown,Unknown,Unknown,Unknown,Unknown,Yes,,100.0,2026-07-28T07:01:31+00:00,success,0
EK,LHR,KUL,LON,GB,KUL,MY,2026-11-06,2026-11-09,Winter,Economy,3,Eco-4,PYFLXPLUS,Economy Comfort,"+1,020.84 USD",1838.2,USD,Ubfly,PYFLXPLUS-PYFLXPLUS,Soft drink; In-flight entertainment; Uninterrupted return (up to the last 12 hours); Change with Penalty,Included,Included,Included,Included,Unknown,Unknown,Unknown,Unknown,Unknown,Unknown,Unknown,Unknown,Unknown,Unknown,Unknown,Unknown,Yes,,,2026-07-28T07:01:31+00:00,success,0
EK,LHR,KUL,LON,GB,KUL,MY,2026-11-06,2026-11-09,Winter,Business,0,Bus-1,BSFLEX,Business Flex,0.00 USD,5039.52,USD,Ubfly,BSFLEX-BSFLEX,Premium check-in; Soft drink; In-flight entertainment; Chauffeur Drive; Internet Access,Included,Included,Included,Included,Included,Included,Included,Paid,Paid,Unknown,Unknown,Unknown,Unknown,Unknown,Unknown,Unknown,Yes,,175.0,2026-07-28T07:01:31+00:00,success,0
EK,LHR,KUL,LON,GB,KUL,MY,2026-11-06,2026-11-09,Winter,Business,1,Bus-2,BSFLXPLUS,Business Comfort,"+1,094.25 USD",6133.77,USD,Ubfly,BSFLXPLUS-BSFLXPLUS,Premium check-in; Soft drink; In-flight entertainment; Chauffeur Drive; Internet Access; Uninterrupted return (up to the last 12 hours); Change with Penalty,Included,Included,Included,Included,Included,Included,Included,Included,Included,Unknown,Unknown,Unknown,Unknown,Unknown,Unknown,Unknown,Yes,,190.0,2026-07-28T07:01:31+00:00,success,0
KL,AMS,BKK,AMS,NL,BKK,TH,2026-10-30,2026-11-02,Summer,Economy,0,Eco-1,LIGHT,Economy Lite,0.00 USD,1549.07,USD,Ubfly,LIGHT-LIGHT,Snack; Soft drink,Included,Not Included,Unknown,Included,Unknown,Unknown,Unknown,Unknown,Paid,Unknown,Unknown,Unknown,Unknown,Unknown,Unknown,Unknown,Yes,,,2026-07-28T07:01:31+00:00,success,2
KL,AMS,BKK,AMS,NL,BKK,TH,2026-10-30,2026-11-02,Summer,Economy,1,Eco-2,STANDARD,Economy Standard,+79.70 USD,1628.77,USD,Ubfly,STANDARD-STANDARD,Snack; Soft drink,Included,Included,Unknown,Included,Unknown,Unknown,Unknown,Unknown,Paid,Unknown,Unknown,Unknown,Unknown,Unknown,Unknown,Unknown,Yes,,,2026-07-28T07:01:31+00:00,success,2
KL,AMS,BKK,AMS,NL,BKK,TH,2026-10-30,2026-11-02,Summer,Economy,2,Eco-3,FLEX,Economy Flex,+182.17 USD,1731.24,USD,Ubfly,FLEX-FLEX,Snack; Soft drink; Change with Penalty; Uninterrupted return (up to the last 12 hours),Included,Included,Included,Included,Unknown,Unknown,Unknown,Included,Included,Unknown,Unknown,Unknown,Unknown,Unknown,Unknown,Unknown,Yes,,,2026-07-28T07:01:31+00:00,success,2
KL,AMS,BKK,AMS,NL,BKK,TH,2026-10-30,2026-11-02,Summer,Economy,3,Eco-4,PREMLIGHT,Economy Lite,+716.10 USD,2265.17,USD,Ubfly,PREMLIGHT-PREMLIGHT,Snack; Soft drink; Privileged check-in,Included,Included,Unknown,Included,Unknown,Included,Included,Unknown,Unknown,Unknown,Unknown,Unknown,Unknown,Unknown,Unknown,Unknown,Yes,,,2026-07-28T07:01:31+00:00,success,2
KL,AMS,BKK,AMS,NL,BKK,TH,2026-10-30,2026-11-02,Summer,Economy,4,Eco-5,PREMSTAND,Economy — PREMSTAND,+801.49 USD,2350.56,USD,Ubfly,PREMSTAND-PREMSTAND,Snack; Soft drink; Privileged check-in,Included,Included,Unknown,Included,Unknown,Included,Included,Unknown,Unknown,Unknown,Unknown,Unknown,Unknown,Unknown,Unknown,Unknown,Yes,,,2026-07-28T07:01:31+00:00,success,2
KL,AMS,BKK,AMS,NL,BKK,TH,2026-10-30,2026-11-02,Summer,Economy,5,Eco-6,PREMFLEX,Economy Flex,+951.76 USD,2500.83,USD,Ubfly,PREMFLEX-PREMFLEX,Snack; Soft drink; Change with Penalty; Uninterrupted return (up to the last 12 hours); Privileged check-in,Included,Included,Included,Included,Unknown,Included,Included,Unknown,Unknown,Unknown,Unknown,Unknown,Unknown,Unknown,Unknown,Unknown,Yes,,,2026-07-28T07:01:31+00:00,success,2
KL,AMS,BKK,AMS,NL,BKK,TH,2026-10-30,2026-11-02,Summer,Economy,6,Eco-7,ECONOMY FULL FLEX,Economy Flex,"+1,601.83 USD",3150.9,USD,Ubfly,FULLFLEX-FULLFLEX,Snack; Soft drink; Change with Penalty; Uninterrupted return (up to the last 12 hours),Included,Included,Included,Included,Unknown,Unknown,Unknown,Unknown,Unknown,Unknown,Unknown,Unknown,Unknown,Unknown,Unknown,Unknown,Yes,,,2026-07-28T07:01:31+00:00,success,2
KL,AMS,BKK,AMS,NL,BKK,TH,2026-10-30,2026-11-02,Summer,Economy,7,Eco-8,PREMIUM,Economy Premium,"+2,724.34 USD",4273.41,USD,Ubfly,PREMIUM-PREMIUM,Snack; Soft drink; Change with Penalty; Privileged check-in,Included,Included,Included,Included,Unknown,Included,Included,Unknown,Unknown,Unknown,Unknown,Unknown,Unknown,Unknown,Unknown,Unknown,Yes,,,2026-07-28T07:01:31+00:00,success,2
KL,AMS,BKK,AMS,NL,BKK,TH,2026-10-30,2026-11-02,Summer,Business,0,Bus-1,BIZLIGHT,Business Lite,0.00 USD,3595.94,USD,Ubfly,BIZLIGHT-BIZLIGHT,Snack; Soft drink; Privileged check-in,Included,Included,Unknown,Included,Unknown,Included,Included,Unknown,Unknown,Unknown,Unknown,Unknown,Unknown,Unknown,Unknown,Unknown,Yes,,,2026-07-28T07:01:31+00:00,success,2
KL,AMS,BKK,AMS,NL,BKK,TH,2026-10-30,2026-11-02,Summer,Business,1,Bus-2,BUSINESS STANDART,Business — BUSINESS STANDART,+113.84 USD,3709.78,USD,Ubfly,BIZSTAND-BIZSTAND,Snack; Soft drink; Privileged check-in,Included,Included,Unknown,Included,Included,Included,Included,Unknown,Unknown,Unknown,Unknown,Unknown,Unknown,Unknown,Unknown,Unknown,Yes,,,2026-07-28T07:01:31+00:00,success,2
KL,AMS,BKK,AMS,NL,BKK,TH,2026-10-30,2026-11-02,Summer,Business,2,Bus-3,BUSINESS FLEX,Business Flex,+313.08 USD,3909.02,USD,Ubfly,BIZFLEX-BIZFLEX,Snack; Soft drink; Change with Penalty; Uninterrupted return (up to the last 12 hours); Privileged check-in,Included,Included,Included,Included,Included,Included,Included,Included,Included,Unknown,Unknown,Unknown,Unknown,Unknown,Unknown,Unknown,Yes,,,2026-07-28T07:01:31+00:00,success,2
KL,AMS,BKK,AMS,NL,BKK,TH,2026-10-30,2026-11-02,Summer,Business,3,Bus-4,BUSINESS,Business — BUSINESS,"+4,186.12 USD",7782.06,USD,Ubfly,BUSINESS-BUSINESS,Snack; Soft drink; Change with Penalty; Privileged check-in,Included,Included,Included,Included,Included,Included,Included,Unknown,Unknown,Unknown,Unknown,Unknown,Unknown,Unknown,Unknown,Unknown,Yes,,,2026-07-28T07:01:31+00:00,success,2
KL,AMS,BKK,AMS,NL,BKK,TH,2027-02-28,2027-03-03,Winter,Economy,0,Eco-1,LIGHT,Economy Lite,0.00 USD,1597.64,USD,Ubfly,LIGHT-LIGHT,Snack; Soft drink,Included,Not Included,Unknown,Included,Unknown,Unknown,Unknown,Unknown,Paid,Unknown,Unknown,Unknown,Unknown,Unknown,Unknown,Unknown,Yes,,,2026-07-28T07:01:31+00:00,success,0
KL,AMS,BKK,AMS,NL,BKK,TH,2027-02-28,2027-03-03,Winter,Economy,1,Eco-2,STANDARD,Economy Standard,+79.70 USD,1677.34,USD,Ubfly,STANDARD-STANDARD,Snack; Soft drink,Included,Included,Unknown,Included,Unknown,Unknown,Unknown,Unknown,Paid,Unknown,Unknown,Unknown,Unknown,Unknown,Unknown,Unknown,Yes,,,2026-07-28T07:01:31+00:00,success,0
KL,AMS,BKK,AMS,NL,BKK,TH,2027-02-28,2027-03-03,Winter,Economy,2,Eco-3,FLEX,Economy Flex,+182.17 USD,1779.81,USD,Ubfly,FLEX-FLEX,Snack; Soft drink; Change with Penalty; Uninterrupted return (up to the last 12 hours),Included,Included,Included,Included,Unknown,Unknown,Unknown,Included,Included,Unknown,Unknown,Unknown,Unknown,Unknown,Unknown,Unknown,Yes,,,2026-07-28T07:01:31+00:00,success,0
KL,AMS,BKK,AMS,NL,BKK,TH,2027-02-28,2027-03-03,Winter,Economy,3,Eco-4,PREMLIGHT,Economy Lite,+716.10 USD,2313.74,USD,Ubfly,PREMLIGHT-PREMLIGHT,Snack; Soft drink; Privileged check-in,Included,Included,Unknown,Included,Unknown,Included,Included,Unknown,Unknown,Unknown,Unknown,Unknown,Unknown,Unknown,Unknown,Unknown,Yes,,,2026-07-28T07:01:31+00:00,success,0
KL,AMS,BKK,AMS,NL,BKK,TH,2027-02-28,2027-03-03,Winter,Economy,4,Eco-5,PREMSTAND,Economy — PREMSTAND,+801.49 USD,2399.13,USD,Ubfly,PREMSTAND-PREMSTAND,Snack; Soft drink; Privileged check-in,Included,Included,Unknown,Included,Unknown,Included,Included,Unknown,Unknown,Unknown,Unknown,Unknown,Unknown,Unknown,Unknown,Unknown,Yes,,,2026-07-28T07:01:31+00:00,success,0
KL,AMS,BKK,AMS,NL,BKK,TH,2027-02-28,2027-03-03,Winter,Economy,5,Eco-6,PREMFLEX,Economy Flex,+951.76 USD,2549.4,USD,Ubfly,PREMFLEX-PREMFLEX,Snack; Soft drink; Change with Penalty; Uninterrupted return (up to the last 12 hours); Privileged check-in,Included,Included,Included,Included,Unknown,Included,Included,Unknown,Unknown,Unknown,Unknown,Unknown,Unknown,Unknown,Unknown,Unknown,Yes,,,2026-07-28T07:01:31+00:00,success,0
KL,AMS,BKK,AMS,NL,BKK,TH,2027-02-28,2027-03-03,Winter,Economy,6,Eco-7,ECONOMY FULL FLEX,Economy Flex,"+1,601.83 USD",3199.47,USD,Ubfly,FULLFLEX-FULLFLEX,Snack; Soft drink; Change with Penalty; Uninterrupted return (up to the last 12 hours),Included,Included,Included,Included,Unknown,Unknown,Unknown,Unknown,Unknown,Unknown,Unknown,Unknown,Unknown,Unknown,Unknown,Unknown,Yes,,,2026-07-28T07:01:31+00:00,success,0
KL,AMS,BKK,AMS,NL,BKK,TH,2027-02-28,2027-03-03,Winter,Economy,7,Eco-8,PREMIUM,Economy Premium,"+2,724.34 USD",4321.98,USD,Ubfly,PREMIUM-PREMIUM,Snack; Soft drink; Change with Penalty; Privileged check-in,Included,Included,Included,Included,Unknown,Included,Included,Unknown,Unknown,Unknown,Unknown,Unknown,Unknown,Unknown,Unknown,Unknown,Yes,,,2026-07-28T07:01:31+00:00,success,0
KL,AMS,BKK,AMS,NL,BKK,TH,2027-02-28,2027-03-03,Winter,Business,0,Bus-1,BIZLIGHT,Business Lite,0.00 USD,3645.48,USD,Ubfly,BIZLIGHT-BIZLIGHT,Snack; Soft drink; Privileged check-in,Included,Included,Unknown,Included,Unknown,Included,Included,Unknown,Unknown,Unknown,Unknown,Unknown,Unknown,Unknown,Unknown,Unknown,Yes,,,2026-07-28T07:01:31+00:00,success,0
KL,AMS,BKK,AMS,NL,BKK,TH,2027-02-28,2027-03-03,Winter,Business,1,Bus-2,BUSINESS STANDART,Business — BUSINESS STANDART,+113.84 USD,3759.32,USD,Ubfly,BIZSTAND-BIZSTAND,Snack; Soft drink; Privileged check-in,Included,Included,Unknown,Included,Included,Included,Included,Unknown,Unknown,Unknown,Unknown,Unknown,Unknown,Unknown,Unknown,Unknown,Yes,,,2026-07-28T07:01:31+00:00,success,0
KL,AMS,BKK,AMS,NL,BKK,TH,2027-02-28,2027-03-03,Winter,Business,2,Bus-3,BUSINESS FLEX,Business Flex,+313.08 USD,3958.56,USD,Ubfly,BIZFLEX-BIZFLEX,Snack; Soft drink; Change with Penalty; Uninterrupted return (up to the last 12 hours); Privileged check-in,Included,Included,Included,Included,Included,Included,Included,Included,Included,Unknown,Unknown,Unknown,Unknown,Unknown,Unknown,Unknown,Yes,,,2026-07-28T07:01:31+00:00,success,0
KL,AMS,BKK,AMS,NL,BKK,TH,2027-02-28,2027-03-03,Winter,Business,3,Bus-4,BUSINESS,Business — BUSINESS,"+4,186.12 USD",7831.6,USD,Ubfly,BUSINESS-BUSINESS,Snack; Soft drink; Change with Penalty; Privileged check-in,Included,Included,Included,Included,Included,Included,Included,Unknown,Unknown,Unknown,Unknown,Unknown,Unknown,Unknown,Unknown,Unknown,Yes,,,2026-07-28T07:01:31+00:00,success,0
BR,AMS,BKK,AMS,NL,BKK,TH,2026-10-31,2026-11-03,Summer,Economy,0,Eco-1,Economy Basic,Economy Basic,0 USD,873.7,USD,Enuygun,bff_0,entertainment: Uçak İçi Eğlence,Included,Included,Unknown,Included,Unknown,Unknown,Unknown,Paid,Included,Unknown,Unknown,Unknown,Unknown,Unknown,Unknown,Unknown,,,,2026-07-28T07:01:31+00:00,partial,2
BR,AMS,BKK,AMS,NL,BKK,TH,2026-10-31,2026-11-03,Summer,Economy,1,Eco-2,Economy Standard,Economy Standard,+78.7 USD,952.4,USD,Enuygun,bff_1,entertainment: Uçak İçi Eğlence,Included,Included,Unknown,Included,Unknown,Unknown,Unknown,Paid,Included,Unknown,Unknown,Unknown,Unknown,Unknown,Unknown,Unknown,,,,2026-07-28T07:01:31+00:00,partial,2
BR,AMS,BKK,AMS,NL,BKK,TH,2026-10-31,2026-11-03,Summer,Economy,2,Eco-3,Economy Up,Economy — Economy Up,+689.57 USD,1563.26,USD,Enuygun,bff_2,entertainment: Uçak İçi Eğlence,Included,Included,Unknown,Included,Unknown,Unknown,Unknown,Paid,Included,Unknown,Unknown,Unknown,Unknown,Unknown,Unknown,Unknown,,,,2026-07-28T07:01:31+00:00,partial,2
BR,AMS,BKK,AMS,NL,BKK,TH,2026-10-31,2026-11-03,Summer,Business,0,Bus-1,BUSINESS STANDARD,Business Standard,0 USD,3221.25,USD,Enuygun,bff_0,,Unknown,Included,Unknown,Unknown,Unknown,Unknown,Unknown,Paid,Unknown,Unknown,Unknown,Unknown,Unknown,Unknown,Unknown,Unknown,,,,2026-07-28T07:01:31+00:00,partial,2
BR,AMS,BKK,AMS,NL,BKK,TH,2026-10-31,2026-11-03,Summer,Business,1,Bus-2,BUSINESS UP,Business — BUSINESS UP,+2676.93 USD,5898.18,USD,Enuygun,bff_1,,Unknown,Included,Unknown,Unknown,Unknown,Unknown,Unknown,Paid,Unknown,Unknown,Unknown,Unknown,Unknown,Unknown,Unknown,Unknown,,,,2026-07-28T07:01:31+00:00,partial,2
BR,AMS,BKK,AMS,NL,BKK,TH,2027-03-02,2027-03-05,Winter,Economy,0,Eco-1,Economy Basic,Economy Basic,0 USD,667.68,USD,Enuygun,bff_0,entertainment: Uçak İçi Eğlence,Included,Included,Unknown,Included,Unknown,Unknown,Unknown,Paid,Included,Unknown,Unknown,Unknown,Unknown,Unknown,Unknown,Unknown,,,,2026-07-28T07:01:31+00:00,partial,0
BR,AMS,BKK,AMS,NL,BKK,TH,2027-03-02,2027-03-05,Winter,Economy,1,Eco-2,Economy Standard,Economy Standard,+331.05 USD,998.73,USD,Enuygun,bff_1,entertainment: Uçak İçi Eğlence,Included,Included,Unknown,Included,Unknown,Unknown,Unknown,Paid,Included,Unknown,Unknown,Unknown,Unknown,Unknown,Unknown,Unknown,,,,2026-07-28T07:01:31+00:00,partial,0
BR,AMS,BKK,AMS,NL,BKK,TH,2027-03-02,2027-03-05,Winter,Economy,2,Eco-3,Economy Up,Economy — Economy Up,+941.91 USD,1609.59,USD,Enuygun,bff_2,entertainment: Uçak İçi Eğlence,Included,Included,Unknown,Included,Unknown,Unknown,Unknown,Paid,Included,Unknown,Unknown,Unknown,Unknown,Unknown,Unknown,Unknown,,,,2026-07-28T07:01:31+00:00,partial,0
BR,AMS,BKK,AMS,NL,BKK,TH,2027-03-02,2027-03-05,Winter,Business,0,Bus-1,Business Basic,Business Basic,0 USD,2347.31,USD,Enuygun,bff_0,entertainment: Uçak İçi Eğlence,Included,Included,Unknown,Included,Unknown,Unknown,Unknown,Paid,Included,Unknown,Unknown,Unknown,Unknown,Unknown,Unknown,Unknown,,,,2026-07-28T07:01:31+00:00,partial,0
BR,AMS,BKK,AMS,NL,BKK,TH,2027-03-02,2027-03-05,Winter,Business,1,Bus-2,Business Standard,Business Standard,+864.46 USD,3211.77,USD,Enuygun,bff_1,entertainment: Uçak İçi Eğlence,Included,Included,Unknown,Included,Unknown,Unknown,Unknown,Paid,Included,Unknown,Unknown,Unknown,Unknown,Unknown,Unknown,Unknown,,,,2026-07-28T07:01:31+00:00,partial,0
BR,AMS,BKK,AMS,NL,BKK,TH,2027-03-02,2027-03-05,Winter,Business,2,Bus-3,Business Up,Business — Business Up,+3459.1 USD,5806.41,USD,Enuygun,bff_2,entertainment: Uçak İçi Eğlence,Included,Included,Unknown,Included,Unknown,Unknown,Unknown,Paid,Included,Unknown,Unknown,Unknown,Unknown,Unknown,Unknown,Unknown,,,,2026-07-28T07:01:31+00:00,partial,0
EK,AMS,BKK,AMS,NL,BKK,TH,2026-10-30,2026-11-02,Summer,Economy,0,Eco-1,ECOFLEX,Economy Flex,0.00 USD,924.53,USD,Ubfly,ECOFLEX-ECOFLEX,Soft drink; In-flight entertainment,Included,Included,Unknown,Included,Unknown,Unknown,Unknown,Unknown,Unknown,Unknown,Unknown,Unknown,Unknown,Unknown,Unknown,Unknown,Yes,,70.0,2026-07-28T07:01:31+00:00,success,2
EK,AMS,BKK,AMS,NL,BKK,TH,2026-10-30,2026-11-02,Summer,Economy,1,Eco-2,ECOFLXPLUS,Economy Comfort,"+1,049.66 USD",1974.19,USD,Ubfly,ECOFLXPLUS-ECOFLXPLUS,Soft drink; In-flight entertainment; Uninterrupted return (up to the last 12 hours); Change with Penalty,Included,Included,Unknown,Included,Unknown,Unknown,Unknown,Unknown,Unknown,Unknown,Unknown,Unknown,Unknown,Unknown,Unknown,Unknown,Yes,,100.0,2026-07-28T07:01:31+00:00,success,2
EK,AMS,BKK,AMS,NL,BKK,TH,2026-10-30,2026-11-02,Summer,Economy,2,Eco-3,PYFLXPLUS,Economy Comfort,"+1,207.90 USD",2132.43,USD,Ubfly,PYFLXPLUS-PYFLXPLUS,Soft drink; In-flight entertainment; Uninterrupted return (up to the last 12 hours); Change with Penalty,Included,Included,Included,Included,Unknown,Unknown,Unknown,Unknown,Unknown,Unknown,Unknown,Unknown,Unknown,Unknown,Unknown,Unknown,Yes,,,2026-07-28T07:01:31+00:00,success,2
EK,AMS,BKK,AMS,NL,BKK,TH,2026-10-30,2026-11-02,Summer,Business,0,Bus-1,BSFLEX,Business Flex,0.00 USD,2953.26,USD,Ubfly,BSFLEX-BSFLEX,Soft drink; Internet Access; Premium check-in; In-flight entertainment; Chauffeur Drive,Included,Included,Included,Included,Included,Included,Included,Paid,Paid,Unknown,Unknown,Unknown,Unknown,Unknown,Unknown,Unknown,Yes,,175.0,2026-07-28T07:01:31+00:00,success,2
EK,AMS,BKK,AMS,NL,BKK,TH,2026-10-30,2026-11-02,Summer,Business,1,Bus-2,BSFLXPLUS,Business Comfort,+844.75 USD,3798.01,USD,Ubfly,BSFLXPLUS-BSFLXPLUS,Premium check-in; Soft drink; In-flight entertainment; Chauffeur Drive; Internet Access; Uninterrupted return (up to the last 12 hours); Change with Penalty,Included,Included,Included,Included,Included,Included,Included,Included,Included,Unknown,Unknown,Unknown,Unknown,Unknown,Unknown,Unknown,Yes,,190.0,2026-07-28T07:01:31+00:00,success,2
EK,AMS,BKK,AMS,NL,BKK,TH,2027-02-28,2027-03-03,Winter,Economy,0,Eco-1,ECOFLEX,Economy Flex,0.00 USD,942.3,USD,Ubfly,ECOFLEX-ECOFLEX,Soft drink; In-flight entertainment,Included,Included,Unknown,Included,Unknown,Unknown,Unknown,Unknown,Unknown,Unknown,Unknown,Unknown,Unknown,Unknown,Unknown,Unknown,Yes,,70.0,2026-07-28T07:01:31+00:00,success,0
EK,AMS,BKK,AMS,NL,BKK,TH,2027-02-28,2027-03-03,Winter,Economy,1,Eco-2,ECOFLXPLUS,Economy Comfort,"+1,049.66 USD",1991.96,USD,Ubfly,ECOFLXPLUS-ECOFLXPLUS,Soft drink; In-flight entertainment; Uninterrupted return (up to the last 12 hours); Change with Penalty,Included,Included,Unknown,Included,Unknown,Unknown,Unknown,Unknown,Unknown,Unknown,Unknown,Unknown,Unknown,Unknown,Unknown,Unknown,Yes,,100.0,2026-07-28T07:01:31+00:00,success,0
EK,AMS,BKK,AMS,NL,BKK,TH,2027-02-28,2027-03-03,Winter,Economy,2,Eco-3,PYFLXPLUS,Economy Comfort,"+1,207.90 USD",2150.2,USD,Ubfly,PYFLXPLUS-PYFLXPLUS,Soft drink; In-flight entertainment; Uninterrupted return (up to the last 12 hours); Change with Penalty,Included,Included,Included,Included,Unknown,Unknown,Unknown,Unknown,Unknown,Unknown,Unknown,Unknown,Unknown,Unknown,Unknown,Unknown,Yes,,,2026-07-28T07:01:31+00:00,success,0
EK,AMS,BKK,AMS,NL,BKK,TH,2027-02-28,2027-03-03,Winter,Business,0,Bus-1,BSFLEX,Business Flex,0.00 USD,2942.59,USD,Ubfly,BSFLEX-BSFLEX,Soft drink; Premium check-in; In-flight entertainment; Chauffeur Drive; Internet Access,Included,Included,Included,Included,Included,Included,Included,Paid,Paid,Unknown,Unknown,Unknown,Unknown,Unknown,Unknown,Unknown,Yes,,175.0,2026-07-28T07:01:31+00:00,success,0
EK,AMS,BKK,AMS,NL,BKK,TH,2027-02-28,2027-03-03,Winter,Business,1,Bus-2,BSFLXPLUS,Business Comfort,+844.72 USD,3787.31,USD,Ubfly,BSFLXPLUS-BSFLXPLUS,Premium check-in; Soft drink; In-flight entertainment; Chauffeur Drive; Internet Access; Uninterrupted return (up to the last 12 hours); Change with Penalty,Included,Included,Included,Included,Included,Included,Included,Included,Included,Unknown,Unknown,Unknown,Unknown,Unknown,Unknown,Unknown,Yes,,190.0,2026-07-28T07:01:31+00:00,success,0
QR,AMS,BKK,AMS,NL,BKK,TH,2026-10-30,2026-11-02,Summer,Economy,0,Eco-1,ECONOMY CLASSIC,Economy Standard,0 USD,1049.79,USD,Enuygun,bff_0,,Included,Included,Unknown,Included,Unknown,Unknown,Unknown,Paid,Paid,Unknown,Unknown,Unknown,Unknown,Unknown,Unknown,Unknown,Yes,,50.0,2026-07-28T07:01:31+00:00,success,2
QR,AMS,BKK,AMS,NL,BKK,TH,2026-10-30,2026-11-02,Summer,Economy,1,Eco-2,ECONOMY CONVENIENCE,Economy — ECONOMY CONVENIENCE,+56.22 USD,1106.02,USD,Enuygun,bff_1,,Included,Included,Included,Included,Unknown,Unknown,Unknown,Paid,Paid,Unknown,Unknown,Unknown,Unknown,Unknown,Unknown,Unknown,Yes,,75.0,2026-07-28T07:01:31+00:00,success,2
QR,AMS,BKK,AMS,NL,BKK,TH,2026-10-30,2026-11-02,Summer,Economy,2,Eco-3,ECONOMY COMFORT,Economy Comfort,+543.4 USD,1593.19,USD,Enuygun,bff_2,,Included,Included,Included,Included,Unknown,Unknown,Unknown,Paid,Paid,Unknown,Unknown,Unknown,Unknown,Unknown,Unknown,Unknown,Yes,,100.0,2026-07-28T07:01:31+00:00,success,2
QR,AMS,BKK,AMS,NL,BKK,TH,2026-10-30,2026-11-02,Summer,Business,0,Bus-1,BUSINESS COMFORT,Business Comfort,0.00 USD,2531.26,USD,Ubfly,BCOMFORT-BCOMFORT,175 PCT QMILES ACCUMULATION(F),Included,Included,Included,Included,Included,Unknown,Unknown,Paid,Paid,Unknown,Unknown,Unknown,Unknown,Unknown,Unknown,Unknown,,,,2026-07-28T07:01:31+00:00,success,2
QR,AMS,BKK,AMS,NL,BKK,TH,2026-10-30,2026-11-02,Summer,Business,1,Bus-2,BUSINESS ELITE,Business Lite,"+1,112.28 USD",3643.54,USD,Ubfly,BELITE-BELITE,200 PCT QMILES ACCUMULATION(F); Uninterrupted return (up to the last 12 hours); Change with Penalty,Included,Included,Included,Included,Included,Unknown,Unknown,Included,Included,Unknown,Unknown,Unknown,Unknown,Unknown,Unknown,Unknown,,,,2026-07-28T07:01:31+00:00,success,2
QR,AMS,BKK,AMS,NL,BKK,TH,2027-02-28,2027-03-03,Winter,Economy,0,Eco-1,ECONOMY CLASSIC,Economy Standard,0 USD,1095.92,USD,Enuygun,bff_0,,Included,Included,Unknown,Included,Unknown,Unknown,Unknown,Paid,Paid,Unknown,Unknown,Unknown,Unknown,Unknown,Unknown,Unknown,Yes,,50.0,2026-07-28T07:01:31+00:00,success,0
QR,AMS,BKK,AMS,NL,BKK,TH,2027-02-28,2027-03-03,Winter,Economy,1,Eco-2,ECONOMY CONVENIENCE,Economy — ECONOMY CONVENIENCE,+56.22 USD,1152.15,USD,Enuygun,bff_1,,Included,Included,Included,Included,Unknown,Unknown,Unknown,Paid,Paid,Unknown,Unknown,Unknown,Unknown,Unknown,Unknown,Unknown,Yes,,75.0,2026-07-28T07:01:31+00:00,success,0
QR,AMS,BKK,AMS,NL,BKK,TH,2027-02-28,2027-03-03,Winter,Economy,2,Eco-3,ECONOMY COMFORT,Economy Comfort,+543.4 USD,1639.32,USD,Enuygun,bff_2,,Included,Included,Included,Included,Unknown,Unknown,Unknown,Paid,Paid,Unknown,Unknown,Unknown,Unknown,Unknown,Unknown,Unknown,Yes,,100.0,2026-07-28T07:01:31+00:00,success,0
QR,AMS,BKK,AMS,NL,BKK,TH,2027-02-28,2027-03-03,Winter,Business,0,Bus-1,BUSINESS COMFORT,Business Comfort,0 USD,2902.33,USD,Enuygun,bff_0,,Included,Included,Included,Included,Included,Unknown,Unknown,Paid,Paid,Unknown,Unknown,Unknown,Unknown,Unknown,Unknown,Unknown,,,,2026-07-28T07:01:31+00:00,success,0
QR,AMS,BKK,AMS,NL,BKK,TH,2027-02-28,2027-03-03,Winter,Business,1,Bus-2,BUSINESS ELITE,Business Lite,+1220.5 USD,4122.82,USD,Enuygun,bff_1,,Included,Included,Included,Included,Included,Unknown,Unknown,Paid,Paid,Unknown,Unknown,Unknown,Unknown,Unknown,Unknown,Unknown,,,,2026-07-28T07:01:31+00:00,success,0
SQ,SIN,LHR,SIN,SG,LON,GB,2026-09-14,2026-09-17,Summer,Economy,0,Eco-1,ECOCMFT,Economy — ECOCMFT,0.00 USD,961.2,USD,Ubfly,ECOCMFT-ECOCMFT,In-flight entertainment; 1 personal item,Included,Included,Unknown,Included,Unknown,Unknown,Unknown,Unknown,Unknown,Unknown,Unknown,Unknown,Unknown,Unknown,Unknown,Unknown,Yes,,,2026-07-28T07:01:31+00:00,success,0
SQ,SIN,LHR,SIN,SG,LON,GB,2026-09-14,2026-09-17,Summer,Economy,1,Eco-2,ECOCMFTPLS,Economy — ECOCMFTPLS,+56.66 USD,1017.86,USD,Ubfly,ECOCMFTPLS-ECOCMFTPLS,1 personal item; In-flight entertainment,Included,Included,Unknown,Included,Unknown,Unknown,Unknown,Unknown,Unknown,Unknown,Unknown,Unknown,Unknown,Unknown,Unknown,Unknown,Yes,,,2026-07-28T07:01:31+00:00,success,0
SQ,SIN,LHR,SIN,SG,LON,GB,2026-09-14,2026-09-17,Summer,Economy,2,Eco-3,ECOFLEX,Economy Flex,+121.86 USD,1083.06,USD,Ubfly,ECOFLEX-ECOFLEX,1 personal item; In-flight entertainment,Included,Included,Included,Included,Unknown,Unknown,Unknown,Unknown,Unknown,Unknown,Unknown,Unknown,Unknown,Unknown,Unknown,Unknown,Yes,,,2026-07-28T07:01:31+00:00,success,0
SQ,SIN,LHR,SIN,SG,LON,GB,2026-09-14,2026-09-17,Summer,Business,0,Bus-1,BUSCMFT,Business — BUSCMFT,0.00 USD,4116.23,USD,Ubfly,BUSCMFT-BUSCMFT,Snack; Privileged check-in; In-flight entertainment; 1 personal item; Journal & Newspaper,Included,Included,Included,Included,Included,Included,Included,Unknown,Unknown,Unknown,Unknown,Unknown,Unknown,Unknown,Unknown,Unknown,Yes,,,2026-07-28T07:01:31+00:00,success,0
SQ,SIN,LHR,SIN,SG,LON,GB,2026-09-14,2026-09-17,Summer,Business,1,Bus-2,BUSCMFTPLS,Business — BUSCMFTPLS,+183.15 USD,4299.38,USD,Ubfly,BUSCMFTPLS-BUSCMFTPLS,1 personal item; Snack; Journal & Newspaper; Privileged check-in; In-flight entertainment,Included,Included,Included,Included,Included,Included,Included,Unknown,Unknown,Unknown,Unknown,Unknown,Unknown,Unknown,Unknown,Unknown,Yes,,,2026-07-28T07:01:31+00:00,success,0
SQ,SIN,LHR,SIN,SG,LON,GB,2026-09-14,2026-09-17,Summer,Business,2,Bus-3,BUSINESS FLEXIBLE,Business Flex,+458.67 USD,4574.9,USD,Ubfly,BUSFLEX-BUSFLEX,1 personal item; Business class seat with private partition; Snack; Journal & Newspaper; Privileged check-in; In-flight entertainment,Included,Included,Included,Included,Included,Included,Included,Unknown,Unknown,Unknown,Unknown,Unknown,Unknown,Unknown,Unknown,Unknown,Yes,,,2026-07-28T07:01:31+00:00,success,0
SQ,SIN,LHR,SIN,SG,LON,GB,2026-11-05,2026-11-08,Winter,Economy,0,Eco-1,ECOCMFT,Economy — ECOCMFT,0.00 USD,930.02,USD,Ubfly,ECOCMFT-ECOCMFT,In-flight entertainment; 1 personal item,Included,Included,Unknown,Included,Unknown,Unknown,Unknown,Unknown,Unknown,Unknown,Unknown,Unknown,Unknown,Unknown,Unknown,Unknown,Yes,,,2026-07-28T07:01:31+00:00,success,0
SQ,SIN,LHR,SIN,SG,LON,GB,2026-11-05,2026-11-08,Winter,Economy,1,Eco-2,ECOCMFTPLS,Economy — ECOCMFTPLS,+56.66 USD,986.68,USD,Ubfly,ECOCMFTPLS-ECOCMFTPLS,1 personal item; In-flight entertainment,Included,Included,Unknown,Included,Unknown,Unknown,Unknown,Unknown,Unknown,Unknown,Unknown,Unknown,Unknown,Unknown,Unknown,Unknown,Yes,,,2026-07-28T07:01:31+00:00,success,0
SQ,SIN,LHR,SIN,SG,LON,GB,2026-11-05,2026-11-08,Winter,Economy,2,Eco-3,ECOFLEX,Economy Flex,+121.86 USD,1051.88,USD,Ubfly,ECOFLEX-ECOFLEX,1 personal item; In-flight entertainment,Included,Included,Included,Included,Unknown,Unknown,Unknown,Unknown,Unknown,Unknown,Unknown,Unknown,Unknown,Unknown,Unknown,Unknown,Yes,,,2026-07-28T07:01:31+00:00,success,0
SQ,SIN,LHR,SIN,SG,LON,GB,2026-11-05,2026-11-08,Winter,Economy,3,Eco-4,PRECMFT,Economy — PRECMFT,"+1,622.85 USD",2552.87,USD,Ubfly,PRECMFT-PRECMFT,1 personal item; In-flight entertainment,Included,Included,Unknown,Included,Unknown,Unknown,Unknown,Unknown,Unknown,Unknown,Unknown,Unknown,Unknown,Unknown,Unknown,Unknown,Yes,,,2026-07-28T07:01:31+00:00,success,0
SQ,SIN,LHR,SIN,SG,LON,GB,2026-11-05,2026-11-08,Winter,Economy,4,Eco-5,PRECMFTPLS,Economy — PRECMFTPLS,"+1,788.16 USD",2718.18,USD,Ubfly,PRECMFTPLS-PRECMFTPLS,1 personal item; In-flight entertainment,Included,Included,Unknown,Included,Unknown,Unknown,Unknown,Unknown,Unknown,Unknown,Unknown,Unknown,Unknown,Unknown,Unknown,Unknown,Yes,,,2026-07-28T07:01:31+00:00,success,0
SQ,SIN,LHR,SIN,SG,LON,GB,2026-11-05,2026-11-08,Winter,Economy,5,Eco-6,PREFLEX,Economy Flex,"+1,991.50 USD",2921.52,USD,Ubfly,PREFLEX-PREFLEX,1 personal item; In-flight entertainment,Included,Included,Included,Included,Unknown,Unknown,Unknown,Unknown,Unknown,Unknown,Unknown,Unknown,Unknown,Unknown,Unknown,Unknown,Yes,,,2026-07-28T07:01:31+00:00,success,0
SQ,SIN,LHR,SIN,SG,LON,GB,2026-11-05,2026-11-08,Winter,Business,0,Bus-1,BUSCMFT,Business — BUSCMFT,0.00 USD,5013.94,USD,Ubfly,BUSCMFT-BUSCMFT,Snack; Privileged check-in; In-flight entertainment; 1 personal item; Journal & Newspaper,Included,Included,Included,Included,Included,Included,Included,Unknown,Unknown,Unknown,Unknown,Unknown,Unknown,Unknown,Unknown,Unknown,Yes,,,2026-07-28T07:01:31+00:00,success,0
SQ,SIN,LHR,SIN,SG,LON,GB,2026-11-05,2026-11-08,Winter,Business,1,Bus-2,BUSCMFTPLS,Business — BUSCMFTPLS,+183.15 USD,5197.09,USD,Ubfly,BUSCMFTPLS-BUSCMFTPLS,1 personal item; Snack; Journal & Newspaper; Privileged check-in; In-flight entertainment,Included,Included,Included,Included,Included,Included,Included,Unknown,Unknown,Unknown,Unknown,Unknown,Unknown,Unknown,Unknown,Unknown,Yes,,,2026-07-28T07:01:31+00:00,success,0
SQ,SIN,LHR,SIN,SG,LON,GB,2026-11-05,2026-11-08,Winter,Business,2,Bus-3,BUSINESS FLEXIBLE,Business Flex,+458.67 USD,5472.61,USD,Ubfly,BUSFLEX-BUSFLEX,1 personal item; Business class seat with private partition; Snack; Journal & Newspaper; Privileged check-in; In-flight entertainment,Included,Included,Included,Included,Included,Included,Included,Unknown,Unknown,Unknown,Unknown,Unknown,Unknown,Unknown,Unknown,Unknown,Yes,,,2026-07-28T07:01:31+00:00,success,0
BA,SIN,LHR,SIN,SG,LON,GB,2026-09-14,2026-09-17,Summer,Economy,0,Eco-1,BASIC,Economy Basic,0.00 USD,872.01,USD,Ubfly,NOBAG,Personal Item: 40 x 30 x 15 cm,Included,Not Included,Unknown,Included,Unknown,Unknown,Unknown,Unknown,Unknown,Unknown,Unknown,Unknown,Unknown,Unknown,Unknown,Unknown,,,,2026-07-28T07:01:31+00:00,partial,0
BA,SIN,LHR,SIN,SG,LON,GB,2026-09-14,2026-09-17,Summer,Economy,1,Eco-2,ECONOMY BASIC,Economy Basic,+36.77 USD,908.78,USD,Ubfly,BAG,Personal Item: 40 x 30 x 15 cm; 1 Piece Luggage (23 Kg),Included,Included,Unknown,Included,Unknown,Unknown,Unknown,Unknown,Unknown,Unknown,Unknown,Unknown,Unknown,Unknown,Unknown,Unknown,,,,2026-07-28T07:01:31+00:00,partial,0
BA,SIN,LHR,SIN,SG,LON,GB,2026-09-14,2026-09-17,Summer,Economy,2,Eco-3,PLUS SELECT,Economy Comfort,+165.31 USD,1037.32,USD,Ubfly,ECONSEL,Personal Item: 40 x 30 x 15 cm; 1 Piece Luggage (23 Kg); Change without penalty before flight,Included,Included,Unknown,Included,Unknown,Unknown,Unknown,Unknown,Included,Unknown,Unknown,Unknown,Unknown,Unknown,Unknown,Unknown,,,,2026-07-28T07:01:31+00:00,partial,0
BA,SIN,LHR,SIN,SG,LON,GB,2026-09-14,2026-09-17,Summer,Economy,3,Eco-4,ECONPRO,Economy — ECONPRO,+231.28 USD,1103.29,USD,Ubfly,ECONPRO,Personal Item: 40 x 30 x 15 cm; 1 Piece Luggage (23 Kg); Change without penalty before flight,Included,Included,Included,Included,Unknown,Unknown,Unknown,Included,Included,Unknown,Unknown,Unknown,Unknown,Unknown,Unknown,Unknown,,,,2026-07-28T07:01:31+00:00,partial,0
BA,SIN,LHR,SIN,SG,LON,GB,2026-09-14,2026-09-17,Summer,Economy,4,Eco-5,PLUS FLEX,Economy Comfort,"+1,754.00 USD",2626.01,USD,Ubfly,ECONFLEX,Personal Item: 40 x 30 x 15 cm; 1 Piece Luggage (23 Kg); Change without penalty before flight,Included,Included,Included,Included,Unknown,Unknown,Unknown,Included,Included,Unknown,Unknown,Unknown,Unknown,Unknown,Unknown,Unknown,,,,2026-07-28T07:01:31+00:00,partial,0
BA,SIN,LHR,SIN,SG,LON,GB,2026-09-14,2026-09-17,Summer,Premium Economy,0,PEco-1,PREMECON,Premium Economy — PREMECON,"+1,731.90 USD",2603.91,USD,Ubfly,PREMECON,Personal Item: 40 x 30 x 15 cm,Included,Included,Unknown,Included,Unknown,Unknown,Unknown,Unknown,Unknown,Unknown,Unknown,Unknown,Unknown,Unknown,Unknown,Unknown,,,,2026-07-28T07:01:31+00:00,partial,0
BA,SIN,LHR,SIN,SG,LON,GB,2026-09-14,2026-09-17,Summer,Premium Economy,1,PEco-2,PESEL,Premium Economy — PESEL,"+1,863.84 USD",2735.85,USD,Ubfly,PESEL,Personal Item: 40 x 30 x 15 cm; Change without penalty before flight,Included,Included,Unknown,Included,Unknown,Unknown,Unknown,Unknown,Included,Unknown,Unknown,Unknown,Unknown,Unknown,Unknown,Unknown,,,,2026-07-28T07:01:31+00:00,partial,0
BA,SIN,LHR,SIN,SG,LON,GB,2026-09-14,2026-09-17,Summer,Premium Economy,2,PEco-3,PEPRO,Premium Economy — PEPRO,"+1,964.75 USD",2836.76,USD,Ubfly,PEPRO,Personal Item: 40 x 30 x 15 cm; Change without penalty before flight,Included,Included,Included,Included,Unknown,Unknown,Unknown,Included,Included,Unknown,Unknown,Unknown,Unknown,Unknown,Unknown,Unknown,,,,2026-07-28T07:01:31+00:00,partial,0
BA,SIN,LHR,SIN,SG,LON,GB,2026-09-14,2026-09-17,Summer,Premium Economy,3,PEco-4,PEFLEX,Premium Economy Flex,"+3,227.47 USD",4099.48,USD,Ubfly,PEFLEX,Personal Item: 40 x 30 x 15 cm; Change without penalty before flight,Included,Included,Included,Included,Unknown,Unknown,Unknown,Included,Included,Unknown,Unknown,Unknown,Unknown,Unknown,Unknown,Unknown,,,,2026-07-28T07:01:31+00:00,partial,0
BA,SIN,LHR,SIN,SG,LON,GB,2026-09-14,2026-09-17,Summer,Business,0,Bus-1,BUSINESS,Business — BUSINESS,0.00 USD,4247.47,USD,Ubfly,BUSINESS,Personal Item: 40 x 30 x 15 cm; Dedicated check-in area,Included,Included,Unknown,Included,Included,Unknown,Included,Not Included,Paid,Unknown,Unknown,Unknown,Unknown,Unknown,Unknown,Unknown,,,,2026-07-28T07:01:31+00:00,partial,0
BA,SIN,LHR,SIN,SG,LON,GB,2026-09-14,2026-09-17,Summer,Business,1,Bus-2,BUSINESS PLUS SELECT,Business Comfort,+465.67 USD,4713.14,USD,Ubfly,BIZSEL,Personal Item: 40 x 30 x 15 cm; Dedicated check-in area; Change without penalty before flight,Included,Included,Included,Included,Included,Unknown,Included,Not Included,Included,Unknown,Unknown,Unknown,Unknown,Unknown,Unknown,Unknown,,,,2026-07-28T07:01:31+00:00,partial,0
BA,SIN,LHR,SIN,SG,LON,GB,2026-09-14,2026-09-17,Summer,Business,2,Bus-3,BIZPRO,Business — BIZPRO,+729.55 USD,4977.02,USD,Ubfly,BIZPRO,Personal Item: 40 x 30 x 15 cm; Dedicated check-in area; Change without penalty before flight,Included,Included,Included,Included,Included,Unknown,Included,Included,Included,Unknown,Unknown,Unknown,Unknown,Unknown,Unknown,Unknown,,,,2026-07-28T07:01:31+00:00,partial,0
BA,SIN,LHR,SIN,SG,LON,GB,2026-09-14,2026-09-17,Summer,Business,3,Bus-4,BUSINESS FLEX,Business Flex,"+6,007.09 USD",10254.56,USD,Ubfly,BIZFLEX,Personal Item: 40 x 30 x 15 cm; Dedicated check-in area; Change without penalty before flight,Included,Included,Included,Included,Included,Unknown,Included,Included,Included,Unknown,Unknown,Unknown,Unknown,Unknown,Unknown,Unknown,,,,2026-07-28T07:01:31+00:00,partial,0
BA,SIN,LHR,SIN,SG,LON,GB,2026-11-05,2026-11-08,Winter,Economy,0,Eco-1,BASIC,Economy Basic,0.00 USD,872.01,USD,Ubfly,NOBAG,Personal Item: 40 x 30 x 15 cm,Included,Not Included,Unknown,Included,Unknown,Unknown,Unknown,Unknown,Unknown,Unknown,Unknown,Unknown,Unknown,Unknown,Unknown,Unknown,,,,2026-07-28T07:01:31+00:00,partial,0
BA,SIN,LHR,SIN,SG,LON,GB,2026-11-05,2026-11-08,Winter,Economy,1,Eco-2,ECONOMY BASIC,Economy Basic,+36.77 USD,908.78,USD,Ubfly,BAG,Personal Item: 40 x 30 x 15 cm; 1 Piece Luggage (23 Kg),Included,Included,Unknown,Included,Unknown,Unknown,Unknown,Unknown,Unknown,Unknown,Unknown,Unknown,Unknown,Unknown,Unknown,Unknown,,,,2026-07-28T07:01:31+00:00,partial,0
BA,SIN,LHR,SIN,SG,LON,GB,2026-11-05,2026-11-08,Winter,Economy,2,Eco-3,PLUS SELECT,Economy Comfort,+165.31 USD,1037.32,USD,Ubfly,ECONSEL,Personal Item: 40 x 30 x 15 cm; 1 Piece Luggage (23 Kg); Change without penalty before flight,Included,Included,Unknown,Included,Unknown,Unknown,Unknown,Unknown,Included,Unknown,Unknown,Unknown,Unknown,Unknown,Unknown,Unknown,,,,2026-07-28T07:01:31+00:00,partial,0
BA,SIN,LHR,SIN,SG,LON,GB,2026-11-05,2026-11-08,Winter,Economy,3,Eco-4,ECONPRO,Economy — ECONPRO,+231.28 USD,1103.29,USD,Ubfly,ECONPRO,Personal Item: 40 x 30 x 15 cm; 1 Piece Luggage (23 Kg); Change without penalty before flight,Included,Included,Included,Included,Unknown,Unknown,Unknown,Included,Included,Unknown,Unknown,Unknown,Unknown,Unknown,Unknown,Unknown,,,,2026-07-28T07:01:31+00:00,partial,0
BA,SIN,LHR,SIN,SG,LON,GB,2026-11-05,2026-11-08,Winter,Economy,4,Eco-5,PLUS FLEX,Economy Comfort,"+1,754.00 USD",2626.01,USD,Ubfly,ECONFLEX,Personal Item: 40 x 30 x 15 cm; 1 Piece Luggage (23 Kg); Change without penalty before flight,Included,Included,Included,Included,Unknown,Unknown,Unknown,Included,Included,Unknown,Unknown,Unknown,Unknown,Unknown,Unknown,Unknown,,,,2026-07-28T07:01:31+00:00,partial,0
BA,SIN,LHR,SIN,SG,LON,GB,2026-11-05,2026-11-08,Winter,Premium Economy,0,PEco-1,PREMECON,Premium Economy — PREMECON,"+1,731.90 USD",2603.91,USD,Ubfly,PREMECON,Personal Item: 40 x 30 x 15 cm,Included,Included,Unknown,Included,Unknown,Unknown,Unknown,Unknown,Unknown,Unknown,Unknown,Unknown,Unknown,Unknown,Unknown,Unknown,,,,2026-07-28T07:01:31+00:00,partial,0
BA,SIN,LHR,SIN,SG,LON,GB,2026-11-05,2026-11-08,Winter,Premium Economy,1,PEco-2,PESEL,Premium Economy — PESEL,"+1,863.84 USD",2735.85,USD,Ubfly,PESEL,Personal Item: 40 x 30 x 15 cm; Change without penalty before flight,Included,Included,Unknown,Included,Unknown,Unknown,Unknown,Unknown,Included,Unknown,Unknown,Unknown,Unknown,Unknown,Unknown,Unknown,,,,2026-07-28T07:01:31+00:00,partial,0
BA,SIN,LHR,SIN,SG,LON,GB,2026-11-05,2026-11-08,Winter,Premium Economy,2,PEco-3,PEPRO,Premium Economy — PEPRO,"+1,964.75 USD",2836.76,USD,Ubfly,PEPRO,Personal Item: 40 x 30 x 15 cm; Change without penalty before flight,Included,Included,Included,Included,Unknown,Unknown,Unknown,Included,Included,Unknown,Unknown,Unknown,Unknown,Unknown,Unknown,Unknown,,,,2026-07-28T07:01:31+00:00,partial,0
BA,SIN,LHR,SIN,SG,LON,GB,2026-11-05,2026-11-08,Winter,Premium Economy,3,PEco-4,PEFLEX,Premium Economy Flex,"+3,227.47 USD",4099.48,USD,Ubfly,PEFLEX,Personal Item: 40 x 30 x 15 cm; Change without penalty before flight,Included,Included,Included,Included,Unknown,Unknown,Unknown,Included,Included,Unknown,Unknown,Unknown,Unknown,Unknown,Unknown,Unknown,,,,2026-07-28T07:01:31+00:00,partial,0
BA,SIN,LHR,SIN,SG,LON,GB,2026-11-05,2026-11-08,Winter,Business,0,Bus-1,BUSINESS,Business — BUSINESS,0.00 USD,6345.29,USD,Ubfly,BUSINESS,Personal Item: 40 x 30 x 15 cm; Dedicated check-in area,Included,Included,Unknown,Included,Included,Unknown,Included,Not Included,Paid,Unknown,Unknown,Unknown,Unknown,Unknown,Unknown,Unknown,,,,2026-07-28T07:01:31+00:00,partial,0
BA,SIN,LHR,SIN,SG,LON,GB,2026-11-05,2026-11-08,Winter,Business,1,Bus-2,BUSINESS PLUS SELECT,Business Comfort,+465.67 USD,6810.96,USD,Ubfly,BIZSEL,Personal Item: 40 x 30 x 15 cm; Dedicated check-in area; Change without penalty before flight,Included,Included,Included,Included,Included,Unknown,Included,Not Included,Included,Unknown,Unknown,Unknown,Unknown,Unknown,Unknown,Unknown,,,,2026-07-28T07:01:31+00:00,partial,0
BA,SIN,LHR,SIN,SG,LON,GB,2026-11-05,2026-11-08,Winter,Business,2,Bus-3,BIZPRO,Business — BIZPRO,+729.55 USD,7074.84,USD,Ubfly,BIZPRO,Personal Item: 40 x 30 x 15 cm; Dedicated check-in area; Change without penalty before flight,Included,Included,Included,Included,Included,Unknown,Included,Included,Included,Unknown,Unknown,Unknown,Unknown,Unknown,Unknown,Unknown,,,,2026-07-28T07:01:31+00:00,partial,0
BA,SIN,LHR,SIN,SG,LON,GB,2026-11-05,2026-11-08,Winter,Business,3,Bus-4,BUSINESS FLEX,Business Flex,"+3,950.40 USD",10295.69,USD,Ubfly,BIZFLEX,Personal Item: 40 x 30 x 15 cm; Dedicated check-in area; Change without penalty before flight,Included,Included,Included,Included,Included,Unknown,Included,Included,Included,Unknown,Unknown,Unknown,Unknown,Unknown,Unknown,Unknown,,,,2026-07-28T07:01:31+00:00,partial,0
QF,SIN,LHR,SIN,SG,LON,GB,2026-09-14,2026-09-17,Summer,Economy,0,Eco-1,Economy Saver,Economy Basic,0 USD,915.27,USD,Enuygun,bff_0,entertainment: Uçak İçi Eğlence,Included,Included,Unknown,Included,Unknown,Unknown,Unknown,Paid,Paid,Unknown,Unknown,Unknown,Unknown,Unknown,Unknown,Unknown,,,,2026-07-28T07:01:31+00:00,partial,0
QF,SIN,LHR,SIN,SG,LON,GB,2026-09-14,2026-09-17,Summer,Economy,1,Eco-2,Economy Flex,Economy Flex,+930.9 USD,1846.17,USD,Enuygun,bff_1,entertainment: Uçak İçi Eğlence,Included,Included,Unknown,Included,Unknown,Unknown,Unknown,Included,Included,Unknown,Unknown,Unknown,Unknown,Unknown,Unknown,Unknown,,,,2026-07-28T07:01:31+00:00,partial,0
QF,SIN,LHR,SIN,SG,LON,GB,2026-11-05,2026-11-08,Winter,Economy,0,Eco-1,Economy Saver,Economy Basic,0 USD,915.27,USD,Enuygun,bff_0,entertainment: Uçak İçi Eğlence,Included,Included,Unknown,Included,Unknown,Unknown,Unknown,Paid,Paid,Unknown,Unknown,Unknown,Unknown,Unknown,Unknown,Unknown,,,,2026-07-28T07:01:31+00:00,partial,0
QF,SIN,LHR,SIN,SG,LON,GB,2026-11-05,2026-11-08,Winter,Economy,1,Eco-2,Economy Flex,Economy Flex,+930.9 USD,1846.17,USD,Enuygun,bff_1,entertainment: Uçak İçi Eğlence,Included,Included,Unknown,Included,Unknown,Unknown,Unknown,Included,Included,Unknown,Unknown,Unknown,Unknown,Unknown,Unknown,Unknown,,,,2026-07-28T07:01:31+00:00,partial,0
QF,SIN,LHR,SIN,SG,LON,GB,2026-11-05,2026-11-08,Winter,Business,0,Bus-1,Business Saver,Business Basic,0 USD,5641.57,USD,Enuygun,bff_0,priority_check_in: Öncelikli Check-in; entertainment: Uçak İçi Eğlence,Included,Included,Unknown,Included,Included,Unknown,Unknown,Paid,Paid,Unknown,Unknown,Unknown,Unknown,Unknown,Unknown,Unknown,,,,2026-07-28T07:01:31+00:00,partial,0
QF,SIN,LHR,SIN,SG,LON,GB,2026-11-05,2026-11-08,Winter,Business,1,Bus-2,Business Flex,Business Flex,+1409.6 USD,7051.17,USD,Enuygun,bff_1,priority_check_in: Öncelikli Check-in; entertainment: Uçak İçi Eğlence,Included,Included,Unknown,Included,Included,Unknown,Unknown,Included,Included,Unknown,Unknown,Unknown,Unknown,Unknown,Unknown,Unknown,,,,2026-07-28T07:01:31+00:00,partial,0
QR,SIN,LHR,SIN,SG,LON,GB,2026-09-14,2026-09-17,Summer,Economy,0,Eco-1,ECONOMY CLASSIC,Economy Standard,0 USD,580.77,USD,Enuygun,bff_0,,Included,Included,Unknown,Included,Unknown,Unknown,Unknown,Unknown,Paid,Unknown,Unknown,Unknown,Unknown,Unknown,Unknown,Unknown,Yes,,50.0,2026-07-28T07:01:31+00:00,success,0
QR,SIN,LHR,SIN,SG,LON,GB,2026-09-14,2026-09-17,Summer,Economy,1,Eco-2,ECONOMY CONVENIENCE,Economy — ECONOMY CONVENIENCE,+258.06 USD,838.83,USD,Enuygun,bff_1,,Included,Included,Included,Included,Unknown,Unknown,Unknown,Paid,Paid,Unknown,Unknown,Unknown,Unknown,Unknown,Unknown,Unknown,Yes,,75.0,2026-07-28T07:01:31+00:00,success,0
QR,SIN,LHR,SIN,SG,LON,GB,2026-09-14,2026-09-17,Summer,Economy,2,Eco-3,ECONOMY COMFORT,Economy Comfort,+797.97 USD,1378.74,USD,Enuygun,bff_2,,Included,Included,Included,Included,Unknown,Unknown,Unknown,Paid,Paid,Unknown,Unknown,Unknown,Unknown,Unknown,Unknown,Unknown,Yes,,100.0,2026-07-28T07:01:31+00:00,success,0
QR,SIN,LHR,SIN,SG,LON,GB,2026-09-14,2026-09-17,Summer,Business,0,Bus-1,BCLASSIC,Business Standard,0.00 USD,2605.64,USD,Ubfly,BCLASSIC-BCLASSIC,125 PCT QMILES ACCUMULATION(F),Included,Included,Unknown,Included,Included,Unknown,Unknown,Paid,Paid,Unknown,Unknown,Unknown,Unknown,Unknown,Unknown,Unknown,,,,2026-07-28T07:01:31+00:00,success,0
QR,SIN,LHR,SIN,SG,LON,GB,2026-09-14,2026-09-17,Summer,Business,1,Bus-2,BUSINESS COMFORT,Business Comfort,+648.83 USD,3254.47,USD,Ubfly,BCOMFORT-BCOMFORT,175 PCT QMILES ACCUMULATION(F),Included,Included,Included,Included,Included,Unknown,Unknown,Paid,Paid,Unknown,Unknown,Unknown,Unknown,Unknown,Unknown,Unknown,,,,2026-07-28T07:01:31+00:00,success,0
QR,SIN,LHR,SIN,SG,LON,GB,2026-09-14,2026-09-17,Summer,Business,2,Bus-3,BUSINESS ELITE,Business Lite,"+1,736.92 USD",4342.56,USD,Ubfly,BELITE-BELITE,200 PCT QMILES ACCUMULATION(F); Uninterrupted return (up to the last 12 hours); Change with Penalty,Included,Included,Included,Included,Included,Unknown,Unknown,Paid,Paid,Unknown,Unknown,Unknown,Unknown,Unknown,Unknown,Unknown,,,,2026-07-28T07:01:31+00:00,success,0
QR,SIN,LHR,SIN,SG,LON,GB,2026-11-05,2026-11-08,Winter,Economy,0,Eco-1,ECONOMY CLASSIC,Economy Standard,0.00 USD,416.63,USD,Ubfly,ECLASSIC-ECLASSIC,,Included,Included,Unknown,Included,Unknown,Unknown,Unknown,Paid,Paid,Unknown,Unknown,Unknown,Unknown,Unknown,Unknown,Unknown,Yes,,50.0,2026-07-28T07:01:31+00:00,success,0
QR,SIN,LHR,SIN,SG,LON,GB,2026-11-05,2026-11-08,Winter,Economy,1,Eco-2,ECONOMY CONVENIENCE,Economy — ECONOMY CONVENIENCE,+238.57 USD,655.2,USD,Ubfly,ECONVENIEN-ECONVENIEN,,Included,Included,Included,Included,Unknown,Unknown,Unknown,Paid,Paid,Unknown,Unknown,Unknown,Unknown,Unknown,Unknown,Unknown,Yes,,75.0,2026-07-28T07:01:31+00:00,success,0
QR,SIN,LHR,SIN,SG,LON,GB,2026-11-05,2026-11-08,Winter,Economy,2,Eco-3,ECONOMY COMFORT,Economy Comfort,+727.20 USD,1143.83,USD,Ubfly,ECOMFORT-ECOMFORT,Uninterrupted return (up to the last 12 hours); Change with Penalty,Included,Included,Included,Included,Unknown,Unknown,Unknown,Included,Included,Unknown,Unknown,Unknown,Unknown,Unknown,Unknown,Unknown,Yes,,100.0,2026-07-28T07:01:31+00:00,success,0
QR,SIN,LHR,SIN,SG,LON,GB,2026-11-05,2026-11-08,Winter,Business,0,Bus-1,BCLASSIC,Business Standard,0.00 USD,2605.64,USD,Ubfly,BCLASSIC-BCLASSIC,125 PCT QMILES ACCUMULATION(F),Included,Included,Unknown,Included,Included,Unknown,Unknown,Paid,Paid,Unknown,Unknown,Unknown,Unknown,Unknown,Unknown,Unknown,,,,2026-07-28T07:01:31+00:00,success,0
QR,SIN,LHR,SIN,SG,LON,GB,2026-11-05,2026-11-08,Winter,Business,1,Bus-2,BUSINESS COMFORT,Business Comfort,+648.83 USD,3254.47,USD,Ubfly,BCOMFORT-BCOMFORT,175 PCT QMILES ACCUMULATION(F),Included,Included,Included,Included,Included,Unknown,Unknown,Paid,Paid,Unknown,Unknown,Unknown,Unknown,Unknown,Unknown,Unknown,,,,2026-07-28T07:01:31+00:00,success,0
QR,SIN,LHR,SIN,SG,LON,GB,2026-11-05,2026-11-08,Winter,Business,2,Bus-3,BUSINESS ELITE,Business Lite,"+1,736.92 USD",4342.56,USD,Ubfly,BELITE-BELITE,200 PCT QMILES ACCUMULATION(F); Uninterrupted return (up to the last 12 hours); Change with Penalty,Included,Included,Included,Included,Included,Unknown,Unknown,Paid,Paid,Unknown,Unknown,Unknown,Unknown,Unknown,Unknown,Unknown,,,,2026-07-28T07:01:31+00:00,success,0
MH,KUL,LHR,KUL,MY,LON,GB,2027-04-15,2027-04-18,Summer,Economy,0,Eco-1,Basic,Economy Basic,0 USD,744.03,USD,Enuygun,bff_0,,Included,Included,Unknown,Included,Unknown,Unknown,Unknown,Paid,Paid,Unknown,Unknown,Unknown,Unknown,Unknown,Unknown,Unknown,,,,2026-07-28T07:01:31+00:00,partial,0
MH,KUL,LHR,KUL,MY,LON,GB,2027-04-15,2027-04-18,Summer,Economy,1,Eco-2,Flex,Economy Flex,+43.52 USD,787.55,USD,Enuygun,bff_1,,Included,Included,Included,Included,Unknown,Unknown,Unknown,Paid,Included,Unknown,Unknown,Unknown,Unknown,Unknown,Unknown,Unknown,,,,2026-07-28T07:01:31+00:00,partial,0
MH,KUL,LHR,KUL,MY,LON,GB,2027-04-15,2027-04-18,Summer,Premium Economy,0,PEco-1,PECLASSIC,Premium Economy Standard,+581.97 USD,1689.22,USD,Ubfly,PECLASSIC-PECLASSIC-PECLASSIC,Change with Penalty; SMALL BAG UPTO 85LCM(F); FINNAIR PLUS ACCRUAL(F),Included,Included,Unknown,Included,Unknown,Unknown,Unknown,Unknown,Unknown,Unknown,Unknown,Unknown,Unknown,Unknown,Unknown,Unknown,,,,2026-07-28T07:01:31+00:00,partial,0
MH,KUL,LHR,KUL,MY,LON,GB,2027-04-15,2027-04-18,Summer,Premium Economy,1,PEco-2,PEFLEX,Premium Economy Flex,+825.57 USD,1932.82,USD,Ubfly,PEFLEX-PEFLEX-PEFLEX,Change with Penalty; Uninterrupted return (up to the last 12 hours); SMALL BAG UPTO 85LCM(F); FINNAIR PLUS ACCRUAL(F),Included,Included,Included,Included,Unknown,Unknown,Unknown,Unknown,Unknown,Unknown,Unknown,Unknown,Unknown,Unknown,Unknown,Unknown,,,,2026-07-28T07:01:31+00:00,partial,0
MH,KUL,LHR,KUL,MY,LON,GB,2027-04-15,2027-04-18,Summer,Business,0,Bus-1,BCLASSIC,Business Standard,0.00 USD,2077.24,USD,Ubfly,BCLASSIC-BCLASSIC,125 PCT QMILES ACCUMULATION(F),Included,Included,Unknown,Included,Included,Unknown,Unknown,Unknown,Unknown,Unknown,Unknown,Unknown,Unknown,Unknown,Unknown,Unknown,,,,2026-07-28T07:01:31+00:00,partial,0
MH,KUL,LHR,KUL,MY,LON,GB,2027-04-15,2027-04-18,Summer,Business,1,Bus-2,BUSINESS COMFORT,Business Comfort,+592.51 USD,2669.75,USD,Ubfly,BCOMFORT-BCOMFORT,175 PCT QMILES ACCUMULATION(F),Included,Included,Included,Included,Included,Unknown,Unknown,Unknown,Unknown,Unknown,Unknown,Unknown,Unknown,Unknown,Unknown,Unknown,,,,2026-07-28T07:01:31+00:00,partial,0
MH,KUL,LHR,KUL,MY,LON,GB,2027-04-15,2027-04-18,Summer,Business,2,Bus-3,BUSINESS ELITE,Business Lite,"+1,331.90 USD",3409.14,USD,Ubfly,BELITE-BELITE,200 PCT QMILES ACCUMULATION(F); Uninterrupted return (up to the last 12 hours); Change with Penalty,Included,Included,Included,Included,Included,Unknown,Unknown,Unknown,Unknown,Unknown,Unknown,Unknown,Unknown,Unknown,Unknown,Unknown,,,,2026-07-28T07:01:31+00:00,partial,0
MH,KUL,LHR,KUL,MY,LON,GB,2026-11-25,2026-11-28,Winter,Economy,0,Eco-1,ECONOMY CLASSIC,Economy Standard,0.00 USD,397.83,USD,Ubfly,ECLASSIC-ECLASSIC,,Included,Included,Unknown,Included,Unknown,Unknown,Unknown,Unknown,Unknown,Unknown,Unknown,Unknown,Unknown,Unknown,Unknown,Unknown,Yes,,50.0,2026-07-28T07:01:31+00:00,success,0
MH,KUL,LHR,KUL,MY,LON,GB,2026-11-25,2026-11-28,Winter,Economy,1,Eco-2,ECONOMY CONVENIENCE,Economy — ECONOMY CONVENIENCE,+142.97 USD,540.8,USD,Ubfly,ECONVENIEN-ECONVENIEN,,Included,Included,Included,Included,Unknown,Unknown,Unknown,Unknown,Unknown,Unknown,Unknown,Unknown,Unknown,Unknown,Unknown,Unknown,Yes,,75.0,2026-07-28T07:01:31+00:00,success,0
MH,KUL,LHR,KUL,MY,LON,GB,2026-11-25,2026-11-28,Winter,Economy,2,Eco-3,ECONOMY COMFORT,Economy Comfort,+609.63 USD,1007.46,USD,Ubfly,ECOMFORT-ECOMFORT,Uninterrupted return (up to the last 12 hours); Change with Penalty,Included,Included,Included,Included,Unknown,Unknown,Unknown,Unknown,Unknown,Unknown,Unknown,Unknown,Unknown,Unknown,Unknown,Unknown,Yes,,100.0,2026-07-28T07:01:31+00:00,success,0
MH,KUL,LHR,KUL,MY,LON,GB,2026-11-25,2026-11-28,Winter,Business,0,Bus-1,BUSINESS,Business — BUSINESS,0.00 USD,3016.17,USD,Ubfly,BUSINESS-BUSINESS,Personal Item: 40 x 30 x 15 cm; Dedicated check-in area,Included,Included,Unknown,Included,Included,Unknown,Included,Unknown,Unknown,Unknown,Unknown,Unknown,Unknown,Unknown,Unknown,Unknown,,,,2026-07-28T07:01:31+00:00,success,0
MH,KUL,LHR,KUL,MY,LON,GB,2026-11-25,2026-11-28,Winter,Business,1,Bus-2,BUSINESS PLUS SELECT,Business Comfort,+451.73 USD,3467.9,USD,Ubfly,BIZSEL-BIZSEL,Personal Item: 40 x 30 x 15 cm; Dedicated check-in area; Change without penalty before flight,Included,Included,Included,Included,Included,Unknown,Included,Unknown,Included,Unknown,Unknown,Unknown,Unknown,Unknown,Unknown,Unknown,,,,2026-07-28T07:01:31+00:00,success,0
MH,KUL,LHR,KUL,MY,LON,GB,2026-11-25,2026-11-28,Winter,Business,2,Bus-3,BIZPRO,Business — BIZPRO,+710.02 USD,3726.19,USD,Ubfly,BIZPRO-BIZPRO,Personal Item: 40 x 30 x 15 cm; Dedicated check-in area; Change without penalty before flight,Included,Included,Included,Included,Included,Unknown,Included,Included,Included,Unknown,Unknown,Unknown,Unknown,Unknown,Unknown,Unknown,,,,2026-07-28T07:01:31+00:00,success,0
MH,KUL,LHR,KUL,MY,LON,GB,2026-11-25,2026-11-28,Winter,Business,3,Bus-4,BUSINESS FLEX,Business Flex,"+4,599.73 USD",7615.9,USD,Ubfly,BIZFLEX-BIZFLEX,Personal Item: 40 x 30 x 15 cm; Dedicated check-in area; Change without penalty before flight,Included,Included,Included,Included,Included,Unknown,Included,Included,Included,Unknown,Unknown,Unknown,Unknown,Unknown,Unknown,Unknown,,,,2026-07-28T07:01:31+00:00,success,0
BA,KUL,LHR,KUL,MY,LON,GB,2027-04-15,2027-04-18,Summer,Economy,0,Eco-1,BASIC,Economy Basic,0.00 USD,681.0,USD,Ubfly,NOBAG,Personal Item: 40 x 30 x 15 cm,Included,Not Included,Unknown,Included,Unknown,Unknown,Unknown,Unknown,Unknown,Unknown,Unknown,Unknown,Unknown,Unknown,Unknown,Unknown,,,,2026-07-28T07:01:31+00:00,partial,0
BA,KUL,LHR,KUL,MY,LON,GB,2027-04-15,2027-04-18,Summer,Economy,1,Eco-2,ECONOMY BASIC,Economy Basic,+40.14 USD,721.14,USD,Ubfly,BAG,Personal Item: 40 x 30 x 15 cm; 1 Piece Luggage (23 Kg),Included,Included,Unknown,Included,Unknown,Unknown,Unknown,Unknown,Unknown,Unknown,Unknown,Unknown,Unknown,Unknown,Unknown,Unknown,,,,2026-07-28T07:01:31+00:00,partial,0
BA,KUL,LHR,KUL,MY,LON,GB,2027-04-15,2027-04-18,Summer,Economy,2,Eco-3,PLUS SELECT,Economy Comfort,+165.27 USD,846.27,USD,Ubfly,ECONSEL,Personal Item: 40 x 30 x 15 cm; 1 Piece Luggage (23 Kg); Change without penalty before flight,Included,Included,Unknown,Included,Unknown,Unknown,Unknown,Unknown,Included,Unknown,Unknown,Unknown,Unknown,Unknown,Unknown,Unknown,,,,2026-07-28T07:01:31+00:00,partial,0
BA,KUL,LHR,KUL,MY,LON,GB,2027-04-15,2027-04-18,Summer,Economy,3,Eco-4,ECONPRO,Economy — ECONPRO,+230.14 USD,911.14,USD,Ubfly,ECONPRO,Personal Item: 40 x 30 x 15 cm; 1 Piece Luggage (23 Kg); Change without penalty before flight,Included,Included,Included,Included,Unknown,Unknown,Unknown,Included,Included,Unknown,Unknown,Unknown,Unknown,Unknown,Unknown,Unknown,,,,2026-07-28T07:01:31+00:00,partial,0
BA,KUL,LHR,KUL,MY,LON,GB,2027-04-15,2027-04-18,Summer,Economy,4,Eco-5,PLUS FLEX,Economy Comfort,"+1,864.92 USD",2545.92,USD,Ubfly,ECONFLEX,Personal Item: 40 x 30 x 15 cm; 1 Piece Luggage (23 Kg); Change without penalty before flight,Included,Included,Included,Included,Unknown,Unknown,Unknown,Included,Included,Unknown,Unknown,Unknown,Unknown,Unknown,Unknown,Unknown,,,,2026-07-28T07:01:31+00:00,partial,0
BA,KUL,LHR,KUL,MY,LON,GB,2027-04-15,2027-04-18,Summer,Premium Economy,0,PEco-1,PREMECON,Premium Economy — PREMECON,"+1,085.06 USD",1766.06,USD,Ubfly,PREMECON,Personal Item: 40 x 30 x 15 cm,Included,Included,Unknown,Included,Unknown,Unknown,Unknown,Unknown,Unknown,Unknown,Unknown,Unknown,Unknown,Unknown,Unknown,Unknown,,,,2026-07-28T07:01:31+00:00,partial,0
BA,KUL,LHR,KUL,MY,LON,GB,2027-04-15,2027-04-18,Summer,Premium Economy,1,PEco-2,PESEL,Premium Economy — PESEL,"+1,213.59 USD",1894.59,USD,Ubfly,PESEL,Personal Item: 40 x 30 x 15 cm; Change without penalty before flight,Included,Included,Unknown,Included,Unknown,Unknown,Unknown,Unknown,Included,Unknown,Unknown,Unknown,Unknown,Unknown,Unknown,Unknown,,,,2026-07-28T07:01:31+00:00,partial,0
BA,KUL,LHR,KUL,MY,LON,GB,2027-04-15,2027-04-18,Summer,Premium Economy,2,PEco-3,PEPRO,Premium Economy — PEPRO,"+1,311.52 USD",1992.52,USD,Ubfly,PEPRO,Personal Item: 40 x 30 x 15 cm; Change without penalty before flight,Included,Included,Included,Included,Unknown,Unknown,Unknown,Included,Included,Unknown,Unknown,Unknown,Unknown,Unknown,Unknown,Unknown,,,,2026-07-28T07:01:31+00:00,partial,0
BA,KUL,LHR,KUL,MY,LON,GB,2027-04-15,2027-04-18,Summer,Premium Economy,3,PEco-4,PEFLEX,Premium Economy Flex,"+2,340.08 USD",3021.08,USD,Ubfly,PEFLEX,Personal Item: 40 x 30 x 15 cm; Change without penalty before flight,Included,Included,Included,Included,Unknown,Unknown,Unknown,Included,Included,Unknown,Unknown,Unknown,Unknown,Unknown,Unknown,Unknown,,,,2026-07-28T07:01:31+00:00,partial,0
BA,KUL,LHR,KUL,MY,LON,GB,2027-04-15,2027-04-18,Summer,Business,0,Bus-1,BUSINESS,Business — BUSINESS,0.00 USD,4566.26,USD,Ubfly,BUSINESS,Personal Item: 40 x 30 x 15 cm; Dedicated check-in area,Included,Included,Unknown,Included,Included,Unknown,Included,Not Included,Paid,Unknown,Unknown,Unknown,Unknown,Unknown,Unknown,Unknown,,,,2026-07-28T07:01:31+00:00,partial,0
BA,KUL,LHR,KUL,MY,LON,GB,2027-04-15,2027-04-18,Summer,Business,1,Bus-2,BUSINESS PLUS SELECT,Business Comfort,+451.73 USD,5017.99,USD,Ubfly,BIZSEL,Personal Item: 40 x 30 x 15 cm; Dedicated check-in area; Change without penalty before flight,Included,Included,Included,Included,Included,Unknown,Included,Unknown,Included,Unknown,Unknown,Unknown,Unknown,Unknown,Unknown,Unknown,,,,2026-07-28T07:01:31+00:00,partial,0
BA,KUL,LHR,KUL,MY,LON,GB,2027-04-15,2027-04-18,Summer,Business,2,Bus-3,BIZPRO,Business — BIZPRO,+710.02 USD,5276.28,USD,Ubfly,BIZPRO,Personal Item: 40 x 30 x 15 cm; Dedicated check-in area; Change without penalty before flight,Included,Included,Included,Included,Included,Unknown,Included,Included,Included,Unknown,Unknown,Unknown,Unknown,Unknown,Unknown,Unknown,,,,2026-07-28T07:01:31+00:00,partial,0
BA,KUL,LHR,KUL,MY,LON,GB,2027-04-15,2027-04-18,Summer,Business,3,Bus-4,BUSINESS FLEX,Business Flex,"+3,127.53 USD",7693.79,USD,Ubfly,BIZFLEX,Personal Item: 40 x 30 x 15 cm; Dedicated check-in area; Change without penalty before flight,Included,Included,Included,Included,Included,Unknown,Included,Included,Included,Unknown,Unknown,Unknown,Unknown,Unknown,Unknown,Unknown,,,,2026-07-28T07:01:31+00:00,partial,0
BA,KUL,LHR,KUL,MY,LON,GB,2026-11-25,2026-11-28,Winter,Economy,0,Eco-1,BASIC,Economy Basic,0.00 USD,681.0,USD,Ubfly,NOBAG,Personal Item: 40 x 30 x 15 cm,Included,Not Included,Unknown,Included,Unknown,Unknown,Unknown,Unknown,Unknown,Unknown,Unknown,Unknown,Unknown,Unknown,Unknown,Unknown,,,,2026-07-28T07:01:31+00:00,partial,0
BA,KUL,LHR,KUL,MY,LON,GB,2026-11-25,2026-11-28,Winter,Economy,1,Eco-2,ECONOMY BASIC,Economy Basic,+40.14 USD,721.14,USD,Ubfly,BAG,Personal Item: 40 x 30 x 15 cm; 1 Piece Luggage (23 Kg),Included,Included,Unknown,Included,Unknown,Unknown,Unknown,Unknown,Unknown,Unknown,Unknown,Unknown,Unknown,Unknown,Unknown,Unknown,,,,2026-07-28T07:01:31+00:00,partial,0
BA,KUL,LHR,KUL,MY,LON,GB,2026-11-25,2026-11-28,Winter,Economy,2,Eco-3,PLUS SELECT,Economy Comfort,+165.27 USD,846.27,USD,Ubfly,ECONSEL,Personal Item: 40 x 30 x 15 cm; 1 Piece Luggage (23 Kg); Change without penalty before flight,Included,Included,Unknown,Included,Unknown,Unknown,Unknown,Unknown,Included,Unknown,Unknown,Unknown,Unknown,Unknown,Unknown,Unknown,,,,2026-07-28T07:01:31+00:00,partial,0
BA,KUL,LHR,KUL,MY,LON,GB,2026-11-25,2026-11-28,Winter,Economy,3,Eco-4,ECONPRO,Economy — ECONPRO,+230.14 USD,911.14,USD,Ubfly,ECONPRO,Personal Item: 40 x 30 x 15 cm; 1 Piece Luggage (23 Kg); Change without penalty before flight,Included,Included,Included,Included,Unknown,Unknown,Unknown,Included,Included,Unknown,Unknown,Unknown,Unknown,Unknown,Unknown,Unknown,,,,2026-07-28T07:01:31+00:00,partial,0
BA,KUL,LHR,KUL,MY,LON,GB,2026-11-25,2026-11-28,Winter,Economy,4,Eco-5,PLUS FLEX,Economy Comfort,"+1,864.92 USD",2545.92,USD,Ubfly,ECONFLEX,Personal Item: 40 x 30 x 15 cm; 1 Piece Luggage (23 Kg); Change without penalty before flight,Included,Included,Included,Included,Unknown,Unknown,Unknown,Included,Included,Unknown,Unknown,Unknown,Unknown,Unknown,Unknown,Unknown,,,,2026-07-28T07:01:31+00:00,partial,0
BA,KUL,LHR,KUL,MY,LON,GB,2026-11-25,2026-11-28,Winter,Premium Economy,0,PEco-1,PREMECON,Premium Economy — PREMECON,+851.96 USD,1532.96,USD,Ubfly,PREMECON,Personal Item: 40 x 30 x 15 cm,Included,Included,Unknown,Included,Unknown,Unknown,Unknown,Unknown,Unknown,Unknown,Unknown,Unknown,Unknown,Unknown,Unknown,Unknown,,,,2026-07-28T07:01:31+00:00,partial,0
BA,KUL,LHR,KUL,MY,LON,GB,2026-11-25,2026-11-28,Winter,Premium Economy,1,PEco-2,PESEL,Premium Economy — PESEL,+980.51 USD,1661.51,USD,Ubfly,PESEL,Personal Item: 40 x 30 x 15 cm; Change without penalty before flight,Included,Included,Unknown,Included,Unknown,Unknown,Unknown,Unknown,Included,Unknown,Unknown,Unknown,Unknown,Unknown,Unknown,Unknown,,,,2026-07-28T07:01:31+00:00,partial,0
BA,KUL,LHR,KUL,MY,LON,GB,2026-11-25,2026-11-28,Winter,Premium Economy,2,PEco-3,PEPRO,Premium Economy — PEPRO,"+1,078.44 USD",1759.44,USD,Ubfly,PEPRO,Personal Item: 40 x 30 x 15 cm; Change without penalty before flight,Included,Included,Included,Included,Unknown,Unknown,Unknown,Included,Included,Unknown,Unknown,Unknown,Unknown,Unknown,Unknown,Unknown,,,,2026-07-28T07:01:31+00:00,partial,0
BA,KUL,LHR,KUL,MY,LON,GB,2026-11-25,2026-11-28,Winter,Premium Economy,3,PEco-4,PEFLEX,Premium Economy Flex,"+2,340.08 USD",3021.08,USD,Ubfly,PEFLEX,Personal Item: 40 x 30 x 15 cm; Change without penalty before flight,Included,Included,Included,Included,Unknown,Unknown,Unknown,Included,Included,Unknown,Unknown,Unknown,Unknown,Unknown,Unknown,Unknown,,,,2026-07-28T07:01:31+00:00,partial,0
BA,KUL,LHR,KUL,MY,LON,GB,2026-11-25,2026-11-28,Winter,Business,0,Bus-1,Business,Business — Business,0 USD,7337.03,USD,Enuygun,bff_0,priority_check_in: Öncelikli Check-in,Included,Included,Unknown,Included,Included,Unknown,Included,Not Included,Paid,Unknown,Unknown,Unknown,Unknown,Unknown,Unknown,Unknown,,,,2026-07-28T07:01:31+00:00,partial,0
BA,KUL,LHR,KUL,MY,LON,GB,2026-11-25,2026-11-28,Winter,Business,1,Bus-2,Business Select,Business — Business Select,+432.53 USD,7769.56,USD,Enuygun,bff_1,priority_check_in: Öncelikli Check-in,Included,Included,Included,Included,Included,Unknown,Included,Not Included,Included,Unknown,Unknown,Unknown,Unknown,Unknown,Unknown,Unknown,,,,2026-07-28T07:01:31+00:00,partial,0
BA,KUL,LHR,KUL,MY,LON,GB,2026-11-25,2026-11-28,Winter,Business,2,Bus-3,Business Select Pro,Business — Business Select Pro,+865.09 USD,8202.12,USD,Enuygun,bff_2,priority_check_in: Öncelikli Check-in,Included,Included,Included,Included,Included,Unknown,Included,Not Included,Included,Unknown,Unknown,Unknown,Unknown,Unknown,Unknown,Unknown,,,,2026-07-28T07:01:31+00:00,partial,0
BA,KUL,LHR,KUL,MY,LON,GB,2026-11-25,2026-11-28,Winter,Business,3,Bus-4,Business Fully Flex,Business Flex,+1927.62 USD,9264.65,USD,Enuygun,bff_3,priority_check_in: Öncelikli Check-in,Included,Included,Included,Included,Included,Unknown,Included,Included,Included,Unknown,Unknown,Unknown,Unknown,Unknown,Unknown,Unknown,,,,2026-07-28T07:01:31+00:00,partial,0
EK,KUL,LHR,KUL,MY,LON,GB,2027-04-15,2027-04-18,Summer,Economy,0,Eco-1,Economy Saver,Economy Basic,0.00 USD,423.03,USD,Ubfly,YP-c582ecf2b322449198f9aa389f486eff,• Hot and cold refreshments; • ICE entertainment; • Mileage upgrade eligibility at time of check-in; Economy Cabin,Included,Included,Paid,Included,Unknown,Unknown,Unknown,Included,Not Included,Unknown,Unknown,Unknown,Included,Unknown,Unknown,Unknown,Yes,1800.0,,2026-07-28T07:01:31+00:00,success,0
EK,KUL,LHR,KUL,MY,LON,GB,2027-04-15,2027-04-18,Summer,Economy,1,Eco-2,Economy Flex,Economy Flex,+58.29 USD,481.32,USD,Ubfly,YS-cea7c66f4df24889b49023589ed8d061,• Hot and cold refreshments; • ICE entertainment; • Mileage upgrade eligibility; Economy Cabin,Included,Included,Included,Included,Unknown,Unknown,Unknown,Included,Not Included,Unknown,Unknown,Unknown,Included,Unknown,Unknown,Unknown,Yes,4500.0,,2026-07-28T07:01:31+00:00,success,0
EK,KUL,LHR,KUL,MY,LON,GB,2027-04-15,2027-04-18,Summer,Economy,2,Eco-3,Economy Flex Plus,Economy Comfort,+302.14 USD,725.17,USD,Ubfly,YF-e4dbcfa0945f4a01b403e8fc75db7503,• Hot and cold refreshments; • ICE entertainment; • Mileage upgrade eligibility; Economy Cabin,Included,Included,Included,Included,Unknown,Unknown,Unknown,Not Included,Not Included,Unknown,Unknown,Unknown,Included,Unknown,Unknown,Unknown,Yes,6000.0,,2026-07-28T07:01:31+00:00,success,0
EK,KUL,LHR,KUL,MY,LON,GB,2027-04-15,2027-04-18,Summer,Premium Economy,0,PEco-1,Premium Economy FlexPlus,Premium Economy Comfort,+853.99 USD,1277.02,USD,Ubfly,WF-99dc796413f7470aacb931057665bd71,• Hot and cold refreshments; • ICE entertainment; • Mileage upgrade eligibility; • Exclusive Premium Economy Class dining; Premium Economy Cabin,Included,Included,Included,Unknown,Unknown,Unknown,Unknown,Not Included,Not Included,Unknown,Unknown,Unknown,Included,Unknown,Unknown,Unknown,Yes,6600.0,,2026-07-28T07:01:31+00:00,success,0
EK,KUL,LHR,KUL,MY,LON,GB,2027-04-15,2027-04-18,Summer,Business,0,Bus-1,BSSAVER,Business Basic,0.00 USD,2131.51,USD,Ubfly,BSSAVER-BSSAVER,Premium check-in; Soft drink; In-flight entertainment; Chauffeur Drive; Internet Access,Included,Included,Included,Included,Included,Included,Included,Paid,Paid,Unknown,Unknown,Unknown,Unknown,Unknown,Unknown,Unknown,Yes,,,2026-07-28T07:01:31+00:00,success,0
EK,KUL,LHR,KUL,MY,LON,GB,2027-04-15,2027-04-18,Summer,Business,1,Bus-2,BSFLEX,Business Flex,+324.89 USD,2456.4,USD,Ubfly,BSFLEX-BSFLEX,Premium check-in; Soft drink; In-flight entertainment; Chauffeur Drive; Internet Access,Included,Included,Included,Included,Included,Included,Included,Paid,Paid,Unknown,Unknown,Unknown,Unknown,Unknown,Unknown,Unknown,Yes,,175.0,2026-07-28T07:01:31+00:00,success,0
EK,KUL,LHR,KUL,MY,LON,GB,2027-04-15,2027-04-18,Summer,Business,2,Bus-3,BSFLXPLUS,Business Comfort,+802.82 USD,2934.33,USD,Ubfly,BSFLXPLUS-BSFLXPLUS,Premium check-in; Soft drink; In-flight entertainment; Chauffeur Drive; Internet Access; Uninterrupted return (up to the last 12 hours); Change with Penalty,Included,Included,Included,Included,Included,Included,Included,Included,Included,Unknown,Unknown,Unknown,Unknown,Unknown,Unknown,Unknown,Yes,,190.0,2026-07-28T07:01:31+00:00,success,0
EK,KUL,LHR,KUL,MY,LON,GB,2026-11-25,2026-11-28,Winter,Economy,0,Eco-1,Economy Saver,Economy Basic,0.00 USD,344.68,USD,Ubfly,YP-c165268b283748a0983597a797c9bafb,• Hot and cold refreshments; • ICE entertainment; • Mileage upgrade eligibility at time of check-in; Economy Cabin,Included,Included,Paid,Included,Unknown,Unknown,Unknown,Included,Not Included,Unknown,Unknown,Unknown,Included,Unknown,Unknown,Unknown,Yes,1800.0,,2026-07-28T07:01:31+00:00,success,0
EK,KUL,LHR,KUL,MY,LON,GB,2026-11-25,2026-11-28,Winter,Economy,1,Eco-2,Economy Flex,Economy Flex,+136.64 USD,481.32,USD,Ubfly,YS-21b873e49ca94744b6764213870804ee,• Hot and cold refreshments; • ICE entertainment; • Mileage upgrade eligibility; Economy Cabin,Included,Included,Included,Included,Unknown,Unknown,Unknown,Included,Not Included,Unknown,Unknown,Unknown,Included,Unknown,Unknown,Unknown,Yes,4500.0,,2026-07-28T07:01:31+00:00,success,0
EK,KUL,LHR,KUL,MY,LON,GB,2026-11-25,2026-11-28,Winter,Economy,2,Eco-3,Economy Flex Plus,Economy Comfort,+380.49 USD,725.17,USD,Ubfly,YF-f7c653f1f7f54fdba0bda3764de32722,• Hot and cold refreshments; • ICE entertainment; • Mileage upgrade eligibility; Economy Cabin,Included,Included,Included,Included,Unknown,Unknown,Unknown,Not Included,Not Included,Unknown,Unknown,Unknown,Included,Unknown,Unknown,Unknown,Yes,6000.0,,2026-07-28T07:01:31+00:00,success,0
EK,KUL,LHR,KUL,MY,LON,GB,2026-11-25,2026-11-28,Winter,Premium Economy,0,PEco-1,Premium Economy FlexPlus,Premium Economy Comfort,+552.36 USD,897.04,USD,Ubfly,WF-bdb486d1a25f417dafd148fa8ef76443,• Hot and cold refreshments; • ICE entertainment; • Mileage upgrade eligibility; • Exclusive Premium Economy Class dining; Premium Economy Cabin,Included,Included,Included,Unknown,Unknown,Unknown,Unknown,Not Included,Not Included,Unknown,Unknown,Unknown,Included,Unknown,Unknown,Unknown,Yes,6600.0,,2026-07-28T07:01:31+00:00,success,0
EK,KUL,LHR,KUL,MY,LON,GB,2026-11-25,2026-11-28,Winter,Business,0,Bus-1,BSSAVER,Business Basic,0.00 USD,2131.51,USD,Ubfly,BSSAVER-BSSAVER,Premium check-in; Soft drink; In-flight entertainment; Chauffeur Drive; Internet Access,Included,Included,Included,Included,Included,Included,Included,Not Included,Paid,Unknown,Unknown,Unknown,Unknown,Unknown,Unknown,Unknown,Yes,,,2026-07-28T07:01:31+00:00,success,0
EK,KUL,LHR,KUL,MY,LON,GB,2026-11-25,2026-11-28,Winter,Business,1,Bus-2,BSFLEX,Business Flex,+324.89 USD,2456.4,USD,Ubfly,BSFLEX-BSFLEX,Premium check-in; Soft drink; In-flight entertainment; Chauffeur Drive; Internet Access,Included,Included,Included,Included,Included,Included,Included,Paid,Paid,Unknown,Unknown,Unknown,Unknown,Unknown,Unknown,Unknown,Yes,,175.0,2026-07-28T07:01:31+00:00,success,0
EK,KUL,LHR,KUL,MY,LON,GB,2026-11-25,2026-11-28,Winter,Business,2,Bus-3,BSFLXPLUS,Business Comfort,+802.82 USD,2934.33,USD,Ubfly,BSFLXPLUS-BSFLXPLUS,Premium check-in; Soft drink; In-flight entertainment; Chauffeur Drive; Internet Access; Uninterrupted return (up to the last 12 hours); Change with Penalty,Included,Included,Included,Included,Included,Included,Included,Included,Included,Unknown,Unknown,Unknown,Unknown,Unknown,Unknown,Unknown,Yes,,190.0,2026-07-28T07:01:31+00:00,success,0
QR,KUL,LHR,KUL,MY,LON,GB,2027-04-15,2027-04-18,Summer,Economy,0,Eco-1,ECONOMY CLASSIC,Economy Standard,0.00 USD,513.27,USD,Ubfly,ECLASSIC-ECLASSIC-ECLASSIC,,Included,Included,Unknown,Included,Unknown,Unknown,Unknown,Paid,Paid,Unknown,Unknown,Unknown,Unknown,Unknown,Unknown,Unknown,Yes,,50.0,2026-07-28T07:01:31+00:00,success,0
QR,KUL,LHR,KUL,MY,LON,GB,2027-04-15,2027-04-18,Summer,Economy,1,Eco-2,ECONOMY CONVENIENCE,Economy — ECONOMY CONVENIENCE,+218.87 USD,732.14,USD,Ubfly,ECONVENIEN-ECONVENIEN-ECONVENIEN,,Included,Included,Included,Included,Unknown,Unknown,Unknown,Paid,Paid,Unknown,Unknown,Unknown,Unknown,Unknown,Unknown,Unknown,Yes,,75.0,2026-07-28T07:01:31+00:00,success,0
QR,KUL,LHR,KUL,MY,LON,GB,2027-04-15,2027-04-18,Summer,Economy,2,Eco-3,ECONOMY COMFORT,Economy Comfort,+742.59 USD,1255.86,USD,Ubfly,ECOMFORT-ECOMFORT-ECOMFORT,Uninterrupted return (up to the last 12 hours); Change with Penalty,Included,Included,Included,Included,Unknown,Unknown,Unknown,Included,Included,Unknown,Unknown,Unknown,Unknown,Unknown,Unknown,Unknown,Yes,,100.0,2026-07-28T07:01:31+00:00,success,0
QR,KUL,LHR,KUL,MY,LON,GB,2027-04-15,2027-04-18,Summer,Business,0,Bus-1,BCLASSIC,Business Standard,0.00 USD,2077.24,USD,Ubfly,BCLASSIC-BCLASSIC,125 PCT QMILES ACCUMULATION(F),Included,Included,Unknown,Included,Included,Unknown,Unknown,Paid,Paid,Unknown,Unknown,Unknown,Unknown,Unknown,Unknown,Unknown,,,,2026-07-28T07:01:31+00:00,success,0
QR,KUL,LHR,KUL,MY,LON,GB,2027-04-15,2027-04-18,Summer,Business,1,Bus-2,BUSINESS COMFORT,Business Comfort,+592.51 USD,2669.75,USD,Ubfly,BCOMFORT-BCOMFORT,175 PCT QMILES ACCUMULATION(F),Included,Included,Included,Included,Included,Unknown,Unknown,Paid,Paid,Unknown,Unknown,Unknown,Unknown,Unknown,Unknown,Unknown,,,,2026-07-28T07:01:31+00:00,success,0
QR,KUL,LHR,KUL,MY,LON,GB,2027-04-15,2027-04-18,Summer,Business,2,Bus-3,BUSINESS ELITE,Business Lite,"+1,331.90 USD",3409.14,USD,Ubfly,BELITE-BELITE,200 PCT QMILES ACCUMULATION(F); Uninterrupted return (up to the last 12 hours); Change with Penalty,Included,Included,Included,Included,Included,Unknown,Unknown,Paid,Paid,Unknown,Unknown,Unknown,Unknown,Unknown,Unknown,Unknown,,,,2026-07-28T07:01:31+00:00,success,0
QR,KUL,LHR,KUL,MY,LON,GB,2026-11-25,2026-11-28,Winter,Economy,0,Eco-1,ECONOMY CLASSIC,Economy Standard,0.00 USD,339.08,USD,Ubfly,ECLASSIC-ECLASSIC,,Included,Included,Unknown,Included,Unknown,Unknown,Unknown,Paid,Paid,Unknown,Unknown,Unknown,Unknown,Unknown,Unknown,Unknown,Yes,,50.0,2026-07-28T07:01:31+00:00,success,0
QR,KUL,LHR,KUL,MY,LON,GB,2026-11-25,2026-11-28,Winter,Economy,1,Eco-2,ECONOMY CONVENIENCE,Economy — ECONOMY CONVENIENCE,+201.72 USD,540.8,USD,Ubfly,ECONVENIEN-ECONVENIEN,,Included,Included,Included,Included,Unknown,Unknown,Unknown,Paid,Paid,Unknown,Unknown,Unknown,Unknown,Unknown,Unknown,Unknown,Yes,,75.0,2026-07-28T07:01:31+00:00,success,0
QR,KUL,LHR,KUL,MY,LON,GB,2026-11-25,2026-11-28,Winter,Economy,2,Eco-3,ECONOMY COMFORT,Economy Comfort,+668.39 USD,1007.47,USD,Ubfly,ECOMFORT-ECOMFORT,Uninterrupted return (up to the last 12 hours); Change with Penalty,Included,Included,Included,Included,Unknown,Unknown,Unknown,Included,Included,Unknown,Unknown,Unknown,Unknown,Unknown,Unknown,Unknown,Yes,,100.0,2026-07-28T07:01:31+00:00,success,0
QR,KUL,LHR,KUL,MY,LON,GB,2026-11-25,2026-11-28,Winter,Business,0,Bus-1,BCLASSIC,Business Standard,0.00 USD,2077.24,USD,Ubfly,BCLASSIC-BCLASSIC,125 PCT QMILES ACCUMULATION(F),Included,Included,Unknown,Included,Included,Unknown,Unknown,Paid,Paid,Unknown,Unknown,Unknown,Unknown,Unknown,Unknown,Unknown,,,,2026-07-28T07:01:31+00:00,success,0
QR,KUL,LHR,KUL,MY,LON,GB,2026-11-25,2026-11-28,Winter,Business,1,Bus-2,BUSINESS COMFORT,Business Comfort,+592.51 USD,2669.75,USD,Ubfly,BCOMFORT-BCOMFORT,175 PCT QMILES ACCUMULATION(F),Included,Included,Included,Included,Included,Unknown,Unknown,Paid,Paid,Unknown,Unknown,Unknown,Unknown,Unknown,Unknown,Unknown,,,,2026-07-28T07:01:31+00:00,success,0
QR,KUL,LHR,KUL,MY,LON,GB,2026-11-25,2026-11-28,Winter,Business,2,Bus-3,BUSINESS ELITE,Business Lite,"+1,331.90 USD",3409.14,USD,Ubfly,BELITE-BELITE,200 PCT QMILES ACCUMULATION(F); Uninterrupted return (up to the last 12 hours); Change with Penalty,Included,Included,Included,Included,Included,Unknown,Unknown,Included,Included,Unknown,Unknown,Unknown,Unknown,Unknown,Unknown,Unknown,,,,2026-07-28T07:01:31+00:00,success,0
KL,BKK,AMS,BKK,TH,AMS,NL,2027-04-05,2027-04-08,Summer,Economy,0,Eco-1,LIGHT,Economy Lite,0.00 USD,1035.87,USD,Ubfly,LIGHT,Snack; Soft drink,Included,Not Included,Unknown,Included,Unknown,Unknown,Unknown,Unknown,Paid,Unknown,Unknown,Unknown,Unknown,Unknown,Unknown,Unknown,Yes,,,2026-07-28T07:01:31+00:00,success,0
KL,BKK,AMS,BKK,TH,AMS,NL,2027-04-05,2027-04-08,Summer,Economy,1,Eco-2,STANDARD,Economy Standard,+73.18 USD,1109.05,USD,Ubfly,STANDARD,Snack; Soft drink,Included,Included,Unknown,Included,Unknown,Unknown,Unknown,Unknown,Paid,Unknown,Unknown,Unknown,Unknown,Unknown,Unknown,Unknown,Yes,,,2026-07-28T07:01:31+00:00,success,0
KL,BKK,AMS,BKK,TH,AMS,NL,2027-04-05,2027-04-08,Summer,Economy,2,Eco-3,FLEX,Economy Flex,+161.88 USD,1197.75,USD,Ubfly,FLEX,Snack; Soft drink; Change with Penalty; Uninterrupted return (up to the last 12 hours),Included,Included,Included,Included,Unknown,Unknown,Unknown,Included,Included,Unknown,Unknown,Unknown,Unknown,Unknown,Unknown,Unknown,Yes,,,2026-07-28T07:01:31+00:00,success,0
KL,BKK,AMS,BKK,TH,AMS,NL,2027-04-05,2027-04-08,Summer,Economy,3,Eco-4,PREMLIGHT,Economy Lite,+545.14 USD,1581.01,USD,Ubfly,PREMLIGHT,Snack; Soft drink; Privileged check-in,Included,Included,Unknown,Included,Unknown,Included,Included,Unknown,Unknown,Unknown,Unknown,Unknown,Unknown,Unknown,Unknown,Unknown,Yes,,,2026-07-28T07:01:31+00:00,success,0
KL,BKK,AMS,BKK,TH,AMS,NL,2027-04-05,2027-04-08,Summer,Economy,4,Eco-5,PREMSTAND,Economy — PREMSTAND,+630.42 USD,1666.29,USD,Ubfly,PREMSTAND,Snack; Soft drink; Privileged check-in,Included,Included,Unknown,Included,Unknown,Included,Included,Unknown,Unknown,Unknown,Unknown,Unknown,Unknown,Unknown,Unknown,Unknown,Yes,,,2026-07-28T07:01:31+00:00,success,0
KL,BKK,AMS,BKK,TH,AMS,NL,2027-04-05,2027-04-08,Summer,Economy,5,Eco-6,PREMFLEX,Economy Flex,+752.51 USD,1788.38,USD,Ubfly,PREMFLEX,Snack; Soft drink; Change with Penalty; Uninterrupted return (up to the last 12 hours); Privileged check-in,Included,Included,Included,Included,Unknown,Included,Included,Unknown,Unknown,Unknown,Unknown,Unknown,Unknown,Unknown,Unknown,Unknown,Yes,,,2026-07-28T07:01:31+00:00,success,0
KL,BKK,AMS,BKK,TH,AMS,NL,2027-04-05,2027-04-08,Summer,Economy,6,Eco-7,ECONOMY FULL FLEX,Economy Flex,"+2,668.82 USD",3704.69,USD,Ubfly,FULLFLEX,Snack; Soft drink; Change with Penalty; Uninterrupted return (up to the last 12 hours),Included,Included,Included,Included,Unknown,Unknown,Unknown,Unknown,Unknown,Unknown,Unknown,Unknown,Unknown,Unknown,Unknown,Unknown,Yes,,,2026-07-28T07:01:31+00:00,success,0
KL,BKK,AMS,BKK,TH,AMS,NL,2027-04-05,2027-04-08,Summer,Economy,7,Eco-8,PREMIUM,Economy Premium,"+3,978.32 USD",5014.19,USD,Ubfly,PREMIUM,Snack; Soft drink; Change with Penalty; Privileged check-in,Included,Included,Included,Included,Unknown,Included,Included,Unknown,Unknown,Unknown,Unknown,Unknown,Unknown,Unknown,Unknown,Unknown,Yes,,,2026-07-28T07:01:31+00:00,success,0
KL,BKK,AMS,BKK,TH,AMS,NL,2027-04-05,2027-04-08,Summer,Business,0,Bus-1,BUSINESS STANDART,Business — BUSINESS STANDART,0.00 USD,3737.64,USD,Ubfly,BIZSTAND,Snack; Soft drink; Privileged check-in,Included,Included,Unknown,Included,Included,Included,Included,Unknown,Unknown,Unknown,Unknown,Unknown,Unknown,Unknown,Unknown,Unknown,Yes,,,2026-07-28T07:01:31+00:00,success,0
KL,BKK,AMS,BKK,TH,AMS,NL,2027-04-05,2027-04-08,Summer,Business,1,Bus-2,BUSINESS FLEX,Business Flex,+250.99 USD,3988.63,USD,Ubfly,BIZFLEX,Snack; Soft drink; Change with Penalty; Uninterrupted return (up to the last 12 hours); Privileged check-in,Included,Included,Included,Included,Included,Included,Included,Included,Included,Unknown,Unknown,Unknown,Unknown,Unknown,Unknown,Unknown,Yes,,,2026-07-28T07:01:31+00:00,success,0
KL,BKK,AMS,BKK,TH,AMS,NL,2027-04-05,2027-04-08,Summer,Business,2,Bus-3,BUSINESS,Business — BUSINESS,"+5,067.68 USD",8805.32,USD,Ubfly,BUSINESS,Snack; Soft drink; Change with Penalty; Privileged check-in,Included,Included,Included,Included,Included,Included,Included,Unknown,Paid,Unknown,Unknown,Unknown,Unknown,Unknown,Unknown,Unknown,Yes,,,2026-07-28T07:01:31+00:00,success,0
KL,BKK,AMS,BKK,TH,AMS,NL,2026-11-08,2026-11-11,Winter,Economy,0,Eco-1,LIGHT,Economy Lite,0.00 USD,918.4,USD,Ubfly,LIGHT,Snack; Soft drink,Included,Not Included,Unknown,Included,Unknown,Unknown,Unknown,Unknown,Paid,Unknown,Unknown,Unknown,Unknown,Unknown,Unknown,Unknown,Yes,,,2026-07-28T07:01:31+00:00,success,0
KL,BKK,AMS,BKK,TH,AMS,NL,2026-11-08,2026-11-11,Winter,Economy,1,Eco-2,STANDARD,Economy Standard,+73.18 USD,991.58,USD,Ubfly,STANDARD,Snack; Soft drink,Included,Included,Unknown,Included,Unknown,Unknown,Unknown,Unknown,Paid,Unknown,Unknown,Unknown,Unknown,Unknown,Unknown,Unknown,Yes,,,2026-07-28T07:01:31+00:00,success,0
KL,BKK,AMS,BKK,TH,AMS,NL,2026-11-08,2026-11-11,Winter,Economy,2,Eco-3,FLEX,Economy Flex,+161.88 USD,1080.28,USD,Ubfly,FLEX,Snack; Soft drink; Change with Penalty; Uninterrupted return (up to the last 12 hours),Included,Included,Included,Included,Unknown,Unknown,Unknown,Included,Included,Unknown,Unknown,Unknown,Unknown,Unknown,Unknown,Unknown,Yes,,,2026-07-28T07:01:31+00:00,success,0
KL,BKK,AMS,BKK,TH,AMS,NL,2026-11-08,2026-11-11,Winter,Economy,3,Eco-4,PREMLIGHT,Economy Lite,"+2,698.49 USD",3616.89,USD,Ubfly,PREMLIGHT,Snack; Soft drink; Privileged check-in,Included,Included,Unknown,Included,Unknown,Included,Included,Unknown,Unknown,Unknown,Unknown,Unknown,Unknown,Unknown,Unknown,Unknown,Yes,,,2026-07-28T07:01:31+00:00,success,0
KL,BKK,AMS,BKK,TH,AMS,NL,2026-11-08,2026-11-11,Winter,Economy,4,Eco-5,PREMSTAND,Economy — PREMSTAND,"+2,783.77 USD",3702.17,USD,Ubfly,PREMSTAND,Snack; Soft drink; Privileged check-in,Included,Included,Unknown,Included,Unknown,Included,Included,Unknown,Unknown,Unknown,Unknown,Unknown,Unknown,Unknown,Unknown,Unknown,Yes,,,2026-07-28T07:01:31+00:00,success,0
KL,BKK,AMS,BKK,TH,AMS,NL,2026-11-08,2026-11-11,Winter,Economy,5,Eco-6,ECONOMY FULL FLEX,Economy Flex,"+2,818.34 USD",3736.74,USD,Ubfly,FULLFLEX,Snack; Soft drink; Change with Penalty; Uninterrupted return (up to the last 12 hours),Included,Included,Included,Included,Unknown,Unknown,Unknown,Unknown,Unknown,Unknown,Unknown,Unknown,Unknown,Unknown,Unknown,Unknown,Yes,,,2026-07-28T07:01:31+00:00,success,0
KL,BKK,AMS,BKK,TH,AMS,NL,2026-11-08,2026-11-11,Winter,Economy,6,Eco-7,PREMFLEX,Economy Flex,"+2,957.04 USD",3875.44,USD,Ubfly,PREMFLEX,Snack; Soft drink; Change with Penalty; Uninterrupted return (up to the last 12 hours); Privileged check-in,Included,Included,Included,Included,Unknown,Included,Included,Unknown,Unknown,Unknown,Unknown,Unknown,Unknown,Unknown,Unknown,Unknown,Yes,,,2026-07-28T07:01:31+00:00,success,0
KL,BKK,AMS,BKK,TH,AMS,NL,2026-11-08,2026-11-11,Winter,Economy,7,Eco-8,PREMIUM,Economy Premium,"+4,095.79 USD",5014.19,USD,Ubfly,PREMIUM,Snack; Soft drink; Change with Penalty; Privileged check-in,Included,Included,Included,Included,Unknown,Included,Included,Unknown,Unknown,Unknown,Unknown,Unknown,Unknown,Unknown,Unknown,Unknown,Yes,,,2026-07-28T07:01:31+00:00,success,0
KL,BKK,AMS,BKK,TH,AMS,NL,2026-11-08,2026-11-11,Winter,Business,0,Bus-1,BIZLIGHT,Business Lite,0.00 USD,3079.63,USD,Ubfly,BIZLIGHT,Snack; Soft drink; Privileged check-in,Included,Included,Unknown,Included,Unknown,Included,Included,Unknown,Unknown,Unknown,Unknown,Unknown,Unknown,Unknown,Unknown,Unknown,Yes,,,2026-07-28T07:01:31+00:00,success,0
KL,BKK,AMS,BKK,TH,AMS,NL,2026-11-08,2026-11-11,Winter,Business,1,Bus-2,BUSINESS STANDART,Business — BUSINESS STANDART,+111.24 USD,3190.87,USD,Ubfly,BIZSTAND,Snack; Soft drink; Privileged check-in,Included,Included,Unknown,Included,Included,Included,Included,Unknown,Unknown,Unknown,Unknown,Unknown,Unknown,Unknown,Unknown,Unknown,Yes,,,2026-07-28T07:01:31+00:00,success,0
KL,BKK,AMS,BKK,TH,AMS,NL,2026-11-08,2026-11-11,Winter,Business,2,Bus-3,BUSINESS FLEX,Business Flex,+280.65 USD,3360.28,USD,Ubfly,BIZFLEX,Snack; Soft drink; Change with Penalty; Uninterrupted return (up to the last 12 hours); Privileged check-in,Included,Included,Included,Included,Included,Included,Included,Included,Included,Unknown,Unknown,Unknown,Unknown,Unknown,Unknown,Unknown,Yes,,,2026-07-28T07:01:31+00:00,success,0
KL,BKK,AMS,BKK,TH,AMS,NL,2026-11-08,2026-11-11,Winter,Business,3,Bus-4,BUSINESS,Business — BUSINESS,"+5,652.40 USD",8732.03,USD,Ubfly,BUSINESS,Snack; Soft drink; Change with Penalty; Privileged check-in,Included,Included,Included,Included,Included,Included,Included,Unknown,Unknown,Unknown,Unknown,Unknown,Unknown,Unknown,Unknown,Unknown,Yes,,,2026-07-28T07:01:31+00:00,success,0
BR,BKK,AMS,BKK,TH,AMS,NL,2027-04-06,2027-04-09,Summer,Economy,0,Eco-1,Economy Basic,Economy Basic,0 USD,553.03,USD,Enuygun,bff_0,entertainment: Uçak İçi Eğlence,Included,Included,Unknown,Included,Unknown,Unknown,Unknown,Paid,Paid,Unknown,Unknown,Unknown,Unknown,Unknown,Unknown,Unknown,,,,2026-07-28T07:01:31+00:00,partial,0
BR,BKK,AMS,BKK,TH,AMS,NL,2027-04-06,2027-04-09,Summer,Economy,1,Eco-2,Economy Standard,Economy Standard,+311.86 USD,864.89,USD,Enuygun,bff_1,entertainment: Uçak İçi Eğlence,Included,Included,Unknown,Included,Unknown,Unknown,Unknown,Paid,Paid,Unknown,Unknown,Unknown,Unknown,Unknown,Unknown,Unknown,,,,2026-07-28T07:01:31+00:00,partial,0
BR,BKK,AMS,BKK,TH,AMS,NL,2027-04-06,2027-04-09,Summer,Economy,2,Eco-3,Economy Up,Economy — Economy Up,+555.82 USD,1108.85,USD,Enuygun,bff_2,entertainment: Uçak İçi Eğlence,Included,Included,Unknown,Included,Unknown,Unknown,Unknown,Paid,Included,Unknown,Unknown,Unknown,Unknown,Unknown,Unknown,Unknown,,,,2026-07-28T07:01:31+00:00,partial,0
BR,BKK,AMS,BKK,TH,AMS,NL,2027-04-06,2027-04-09,Summer,Business,0,Bus-1,Business Basic,Business Basic,0 USD,2022.63,USD,Enuygun,bff_0,entertainment: Uçak İçi Eğlence,Included,Included,Unknown,Included,Unknown,Unknown,Unknown,Paid,Paid,Unknown,Unknown,Unknown,Unknown,Unknown,Unknown,Unknown,,,,2026-07-28T07:01:31+00:00,partial,0
BR,BKK,AMS,BKK,TH,AMS,NL,2027-04-06,2027-04-09,Summer,Business,1,Bus-2,Business Standard,Business Standard,+1456.47 USD,3479.1,USD,Enuygun,bff_1,entertainment: Uçak İçi Eğlence,Included,Included,Unknown,Included,Unknown,Unknown,Unknown,Paid,Paid,Unknown,Unknown,Unknown,Unknown,Unknown,Unknown,Unknown,,,,2026-07-28T07:01:31+00:00,partial,0
BR,BKK,AMS,BKK,TH,AMS,NL,2027-04-06,2027-04-09,Summer,Business,2,Bus-3,Business Up,Business — Business Up,+4406.93 USD,6429.56,USD,Enuygun,bff_2,entertainment: Uçak İçi Eğlence,Included,Included,Unknown,Included,Unknown,Unknown,Unknown,Paid,Included,Unknown,Unknown,Unknown,Unknown,Unknown,Unknown,Unknown,,,,2026-07-28T07:01:31+00:00,partial,0
BR,BKK,AMS,BKK,TH,AMS,NL,2026-11-10,2026-11-13,Winter,Economy,0,Eco-1,Economy Basic,Economy Basic,0 USD,553.03,USD,Enuygun,bff_0,entertainment: Uçak İçi Eğlence,Included,Included,Unknown,Included,Unknown,Unknown,Unknown,Paid,Paid,Unknown,Unknown,Unknown,Unknown,Unknown,Unknown,Unknown,,,,2026-07-28T07:01:31+00:00,partial,0
BR,BKK,AMS,BKK,TH,AMS,NL,2026-11-10,2026-11-13,Winter,Economy,1,Eco-2,Economy Standard,Economy Standard,+311.86 USD,864.89,USD,Enuygun,bff_1,entertainment: Uçak İçi Eğlence,Included,Included,Unknown,Included,Unknown,Unknown,Unknown,Paid,Paid,Unknown,Unknown,Unknown,Unknown,Unknown,Unknown,Unknown,,,,2026-07-28T07:01:31+00:00,partial,0
BR,BKK,AMS,BKK,TH,AMS,NL,2026-11-10,2026-11-13,Winter,Economy,2,Eco-3,Economy Up,Economy — Economy Up,+555.82 USD,1108.85,USD,Enuygun,bff_2,entertainment: Uçak İçi Eğlence,Included,Included,Unknown,Included,Unknown,Unknown,Unknown,Paid,Included,Unknown,Unknown,Unknown,Unknown,Unknown,Unknown,Unknown,,,,2026-07-28T07:01:31+00:00,partial,0
BR,BKK,AMS,BKK,TH,AMS,NL,2026-11-10,2026-11-13,Winter,Business,0,Bus-1,Business Basic,Business Basic,0 USD,2022.63,USD,Enuygun,bff_0,entertainment: Uçak İçi Eğlence,Included,Included,Unknown,Included,Unknown,Unknown,Unknown,Paid,Paid,Unknown,Unknown,Unknown,Unknown,Unknown,Unknown,Unknown,,,,2026-07-28T07:01:31+00:00,partial,0
BR,BKK,AMS,BKK,TH,AMS,NL,2026-11-10,2026-11-13,Winter,Business,1,Bus-2,Business Standard,Business Standard,+1456.47 USD,3479.1,USD,Enuygun,bff_1,entertainment: Uçak İçi Eğlence,Included,Included,Unknown,Included,Unknown,Unknown,Unknown,Paid,Paid,Unknown,Unknown,Unknown,Unknown,Unknown,Unknown,Unknown,,,,2026-07-28T07:01:31+00:00,partial,0
BR,BKK,AMS,BKK,TH,AMS,NL,2026-11-10,2026-11-13,Winter,Business,2,Bus-3,Business Up,Business — Business Up,+4406.93 USD,6429.56,USD,Enuygun,bff_2,entertainment: Uçak İçi Eğlence,Included,Included,Unknown,Included,Unknown,Unknown,Unknown,Paid,Included,Unknown,Unknown,Unknown,Unknown,Unknown,Unknown,Unknown,,,,2026-07-28T07:01:31+00:00,partial,0
QR,BKK,AMS,BKK,TH,AMS,NL,2027-04-05,2027-04-08,Summer,Economy,0,Eco-1,Economy Classic,Economy Standard,0 USD,609.32,USD,Enuygun,bff_0,,Included,Included,Unknown,Included,Unknown,Unknown,Unknown,Paid,Paid,Unknown,Unknown,Unknown,Unknown,Unknown,Unknown,Unknown,Yes,,50.0,2026-07-28T07:01:31+00:00,success,0
QR,BKK,AMS,BKK,TH,AMS,NL,2027-04-05,2027-04-08,Summer,Economy,1,Eco-2,Economy Convenience,Economy — Economy Convenience,+276.9 USD,886.22,USD,Enuygun,bff_1,,Included,Included,Included,Included,Unknown,Unknown,Unknown,Paid,Paid,Unknown,Unknown,Unknown,Unknown,Unknown,Unknown,Unknown,Yes,,75.0,2026-07-28T07:01:31+00:00,success,0
QR,BKK,AMS,BKK,TH,AMS,NL,2027-04-05,2027-04-08,Summer,Economy,2,Eco-3,Economy Comfort,Economy Comfort,+718.24 USD,1327.56,USD,Enuygun,bff_2,,Included,Included,Included,Included,Unknown,Unknown,Unknown,Included,Included,Unknown,Unknown,Unknown,Unknown,Unknown,Unknown,Unknown,Yes,,100.0,2026-07-28T07:01:31+00:00,success,0
QR,BKK,AMS,BKK,TH,AMS,NL,2027-04-05,2027-04-08,Summer,Business,0,Bus-1,BUSINESS COMFORT,Business Comfort,0.00 USD,2425.18,USD,Ubfly,BCOMFORT-BCOMFORT,175 PCT QMILES ACCUMULATION(F),Included,Included,Included,Included,Included,Unknown,Unknown,Paid,Paid,Unknown,Unknown,Unknown,Unknown,Unknown,Unknown,Unknown,,,,2026-07-28T07:01:31+00:00,success,0
QR,BKK,AMS,BKK,TH,AMS,NL,2027-04-05,2027-04-08,Summer,Business,1,Bus-2,BUSINESS ELITE,Business Lite,+229.33 USD,2654.51,USD,Ubfly,BELITE-BELITE,200 PCT QMILES ACCUMULATION(F); Uninterrupted return (up to the last 12 hours); Change with Penalty,Included,Included,Included,Included,Included,Unknown,Unknown,Included,Included,Unknown,Unknown,Unknown,Unknown,Unknown,Unknown,Unknown,,,,2026-07-28T07:01:31+00:00,success,0
QR,BKK,AMS,BKK,TH,AMS,NL,2026-11-08,2026-11-11,Winter,Economy,0,Eco-1,Economy Classic,Economy Standard,0 USD,874.54,USD,Enuygun,bff_0,,Included,Included,Unknown,Included,Unknown,Unknown,Unknown,Paid,Paid,Unknown,Unknown,Unknown,Unknown,Unknown,Unknown,Unknown,Yes,,50.0,2026-07-28T07:01:31+00:00,success,0
QR,BKK,AMS,BKK,TH,AMS,NL,2026-11-08,2026-11-11,Winter,Economy,1,Eco-2,Economy Convenience,Economy — Economy Convenience,+56.91 USD,931.45,USD,Enuygun,bff_1,,Included,Included,Included,Included,Unknown,Unknown,Unknown,Paid,Paid,Unknown,Unknown,Unknown,Unknown,Unknown,Unknown,Unknown,Yes,,75.0,2026-07-28T07:01:31+00:00,success,0
QR,BKK,AMS,BKK,TH,AMS,NL,2026-11-08,2026-11-11,Winter,Economy,2,Eco-3,Economy Comfort,Economy Comfort,+503.2 USD,1377.74,USD,Enuygun,bff_2,,Included,Included,Included,Included,Unknown,Unknown,Unknown,Included,Included,Unknown,Unknown,Unknown,Unknown,Unknown,Unknown,Unknown,Yes,,100.0,2026-07-28T07:01:31+00:00,success,0
QR,BKK,AMS,BKK,TH,AMS,NL,2026-11-08,2026-11-11,Winter,Business,0,Bus-1,Business Comfort,Business Comfort,0 USD,2768.73,USD,Enuygun,bff_0,,Included,Included,Included,Included,Included,Unknown,Unknown,Paid,Paid,Unknown,Unknown,Unknown,Unknown,Unknown,Unknown,Unknown,,,,2026-07-28T07:01:31+00:00,success,0
QR,BKK,AMS,BKK,TH,AMS,NL,2026-11-08,2026-11-11,Winter,Business,1,Bus-2,Business Elite,Business Lite,+253.28 USD,3022.02,USD,Enuygun,bff_1,,Included,Included,Included,Included,Included,Unknown,Unknown,Included,Included,Unknown,Unknown,Unknown,Unknown,Unknown,Unknown,Unknown,,,,2026-07-28T07:01:31+00:00,success,0
EY,BKK,AMS,BKK,TH,AMS,NL,2027-04-05,2027-04-08,Summer,Economy,0,Eco-1,YBASIC,Economy Basic,0.00 USD,1090.01,USD,Ubfly,YBASIC-YBASIC-YBASIC,,Included,Not Included,Unknown,Included,Unknown,Unknown,Unknown,Not Included,Included,Unknown,Unknown,Unknown,Unknown,Unknown,Unknown,Unknown,Yes,,5.0,2026-07-28T07:01:31+00:00,success,0
EY,BKK,AMS,BKK,TH,AMS,NL,2027-04-05,2027-04-08,Summer,Economy,1,Eco-2,YVALUE,Economy Basic,+29.60 USD,1119.61,USD,Ubfly,YVALUE-YVALUE-YVALUE,,Included,Included,Unknown,Included,Unknown,Unknown,Unknown,Not Included,Paid,Unknown,Unknown,Unknown,Unknown,Unknown,Unknown,Unknown,Yes,,35.0,2026-07-28T07:01:31+00:00,success,0
EY,BKK,AMS,BKK,TH,AMS,NL,2027-04-05,2027-04-08,Summer,Economy,2,Eco-3,YCOMFORT,Economy Comfort,+77.66 USD,1167.67,USD,Ubfly,YCOMFORT-YCOMFORT-YCOMFORT,,Included,Included,Included,Included,Unknown,Unknown,Unknown,Paid,Paid,Unknown,Unknown,Unknown,Unknown,Unknown,Unknown,Unknown,Yes,,75.0,2026-07-28T07:01:31+00:00,success,0
EY,BKK,AMS,BKK,TH,AMS,NL,2027-04-05,2027-04-08,Summer,Economy,3,Eco-4,YDELUXE,Economy — YDELUXE,+254.33 USD,1344.34,USD,Ubfly,YDELUXE-YDELUXE-YDELUXE,Change with Penalty; Uninterrupted return (up to the last 12 hours); Priority Access,Included,Included,Included,Included,Unknown,Unknown,Unknown,Included,Included,Unknown,Unknown,Unknown,Unknown,Unknown,Unknown,Unknown,Yes,,,2026-07-28T07:01:31+00:00,success,0
EY,BKK,AMS,BKK,TH,AMS,NL,2027-04-05,2027-04-08,Summer,Business,0,Bus-1,JVALUE,Business Basic,0.00 USD,2824.77,USD,Ubfly,JVALUE-JVALUE-JVALUE,Priority Access,Included,Included,Unknown,Included,Unknown,Unknown,Unknown,Not Included,Paid,Unknown,Unknown,Unknown,Unknown,Unknown,Unknown,Unknown,Yes,,100.0,2026-07-28T07:01:31+00:00,success,0
EY,BKK,AMS,BKK,TH,AMS,NL,2027-04-05,2027-04-08,Summer,Business,1,Bus-2,JCOMFORT,Business Comfort,+146.98 USD,2971.75,USD,Ubfly,JCOMFORT-JCOMFORT-JCOMFORT,Priority Access; ETIHAD UAE CHAUFFEUR(F),Included,Included,Included,Included,Included,Unknown,Unknown,Paid,Paid,Unknown,Unknown,Unknown,Unknown,Unknown,Unknown,Unknown,Yes,,,2026-07-28T07:01:31+00:00,success,0
EY,BKK,AMS,BKK,TH,AMS,NL,2027-04-05,2027-04-08,Summer,Business,2,Bus-3,JDELUXE,Business — JDELUXE,+464.86 USD,3289.63,USD,Ubfly,JDELUXE-JDELUXE-JDELUXE,Change with Penalty; Uninterrupted return (up to the last 12 hours); Priority Access; ETIHAD UAE CHAUFFEUR(F); ETIHAD GLOBAL CHAUFFEUR(F),Included,Included,Included,Included,Included,Unknown,Unknown,Included,Included,Unknown,Unknown,Unknown,Unknown,Unknown,Unknown,Unknown,Yes,,,2026-07-28T07:01:31+00:00,success,0
EY,BKK,AMS,BKK,TH,AMS,NL,2026-11-08,2026-11-11,Winter,Economy,0,Eco-1,YBASIC,Economy Basic,0.00 USD,487.49,USD,Ubfly,YBASIC-YBASIC,,Included,Not Included,Unknown,Included,Unknown,Unknown,Unknown,Not Included,Included,Unknown,Unknown,Unknown,Unknown,Unknown,Unknown,Unknown,Yes,,5.0,2026-07-28T07:01:31+00:00,success,0
EY,BKK,AMS,BKK,TH,AMS,NL,2026-11-08,2026-11-11,Winter,Economy,1,Eco-2,YVALUE,Economy Basic,+24.87 USD,512.36,USD,Ubfly,YVALUE-YVALUE,,Included,Included,Unknown,Included,Unknown,Unknown,Unknown,Not Included,Paid,Unknown,Unknown,Unknown,Unknown,Unknown,Unknown,Unknown,Yes,,35.0,2026-07-28T07:01:31+00:00,success,0
EY,BKK,AMS,BKK,TH,AMS,NL,2026-11-08,2026-11-11,Winter,Economy,2,Eco-3,YCOMFORT,Economy Comfort,+55.71 USD,543.2,USD,Ubfly,YCOMFORT-YCOMFORT,,Included,Included,Included,Included,Unknown,Unknown,Unknown,Paid,Paid,Unknown,Unknown,Unknown,Unknown,Unknown,Unknown,Unknown,Yes,,75.0,2026-07-28T07:01:31+00:00,success,0
EY,BKK,AMS,BKK,TH,AMS,NL,2026-11-08,2026-11-11,Winter,Economy,3,Eco-4,YDELUXE,Economy — YDELUXE,+170.08 USD,657.57,USD,Ubfly,YDELUXE-YDELUXE,Priority Access; Change with Penalty; Uninterrupted return (up to the last 12 hours),Included,Included,Included,Included,Unknown,Unknown,Unknown,Included,Included,Unknown,Unknown,Unknown,Unknown,Unknown,Unknown,Unknown,Yes,,,2026-07-28T07:01:31+00:00,success,0
EY,BKK,AMS,BKK,TH,AMS,NL,2026-11-08,2026-11-11,Winter,Business,0,Bus-1,JVALUE,Business Basic,0.00 USD,2189.59,USD,Ubfly,JVALUE-JVALUE,Priority Access,Included,Included,Unknown,Included,Unknown,Unknown,Unknown,Not Included,Paid,Unknown,Unknown,Unknown,Unknown,Unknown,Unknown,Unknown,Yes,,100.0,2026-07-28T07:01:31+00:00,success,0
EY,BKK,AMS,BKK,TH,AMS,NL,2026-11-08,2026-11-11,Winter,Business,1,Bus-2,JCOMFORT,Business Comfort,+147.00 USD,2336.59,USD,Ubfly,JCOMFORT-JCOMFORT,Priority Access; ETIHAD UAE CHAUFFEUR(F),Included,Included,Included,Included,Included,Unknown,Unknown,Paid,Paid,Unknown,Unknown,Unknown,Unknown,Unknown,Unknown,Unknown,Yes,,,2026-07-28T07:01:31+00:00,success,0
EY,BKK,AMS,BKK,TH,AMS,NL,2026-11-08,2026-11-11,Winter,Business,2,Bus-3,JDELUXE,Business — JDELUXE,+464.89 USD,2654.48,USD,Ubfly,JDELUXE-JDELUXE,Change with Penalty; Uninterrupted return (up to the last 12 hours); Priority Access; ETIHAD UAE CHAUFFEUR(F); ETIHAD GLOBAL CHAUFFEUR(F),Included,Included,Included,Included,Included,Unknown,Unknown,Included,Included,Unknown,Unknown,Unknown,Unknown,Unknown,Unknown,Unknown,Yes,,,2026-07-28T07:01:31+00:00,success,0
AC,YYZ,DEL,YTO,CA,DEL,IN,2027-04-02,2027-04-05,Summer,Economy,0,Eco-1,Standard,Economy Standard,0.00 USD,1450.08,USD,Ubfly,TG-TG,POINT ACCRUAL(F),Included,Included,Unknown,Included,Unknown,Unknown,Unknown,Not Included,Paid,Unknown,Unknown,Unknown,Unknown,Unknown,Unknown,Unknown,,,,2026-07-28T07:01:31+00:00,success,0
AC,YYZ,DEL,YTO,CA,DEL,IN,2027-04-02,2027-04-05,Summer,Economy,1,Eco-2,Flexible,Economy Flex,+145.15 USD,1595.23,USD,Ubfly,FL-FL,POINT ACCRUAL(F),Included,Included,Included,Included,Unknown,Unknown,Unknown,Paid,Included,Unknown,Unknown,Unknown,Unknown,Unknown,Unknown,Unknown,,,,2026-07-28T07:01:31+00:00,success,0
AC,YYZ,DEL,YTO,CA,DEL,IN,2027-04-02,2027-04-05,Summer,Economy,2,Eco-3,Comfort,Economy Comfort,+230.32 USD,1680.4,USD,Ubfly,CO-CO,Change with Penalty; Uninterrupted return (up to the last 12 hours); Privileged check-in; POINT ACCRUAL(F),Included,Included,Included,Included,Unknown,Unknown,Unknown,Included,Included,Unknown,Unknown,Included,Unknown,Unknown,Unknown,Unknown,,,,2026-07-28T07:01:31+00:00,success,0
AC,YYZ,DEL,YTO,CA,DEL,IN,2027-04-02,2027-04-05,Summer,Economy,3,Eco-4,PB,Economy — PB,+571.89 USD,2021.97,USD,Ubfly,PB-PB,Privileged check-in; POINT ACCRUAL(F),Included,Included,Unknown,Included,Unknown,Unknown,Unknown,Unknown,Unknown,Unknown,Unknown,Unknown,Unknown,Unknown,Unknown,Unknown,,,,2026-07-28T07:01:31+00:00,success,0
AC,YYZ,DEL,YTO,CA,DEL,IN,2027-04-02,2027-04-05,Summer,Economy,4,Eco-5,Latitude,Economy — Latitude,"+1,415.89 USD",2865.97,USD,Ubfly,LT-LT,Change with Penalty; Uninterrupted return (up to the last 12 hours); Privileged check-in; POINT ACCRUAL(F),Included,Included,Included,Included,Unknown,Unknown,Unknown,Included,Included,Unknown,Unknown,Included,Unknown,Unknown,Unknown,Unknown,,,,2026-07-28T07:01:31+00:00,success,0
AC,YYZ,DEL,YTO,CA,DEL,IN,2027-04-02,2027-04-05,Summer,Premium Economy,0,PEco-1,PL,Premium Economy — PL,+664.01 USD,2114.09,USD,Ubfly,PL-PL,Privileged check-in; POINT ACCRUAL(F),Included,Included,Included,Included,Unknown,Unknown,Unknown,Unknown,Unknown,Unknown,Unknown,Unknown,Unknown,Unknown,Unknown,Unknown,,,,2026-07-28T07:01:31+00:00,success,0
AC,YYZ,DEL,YTO,CA,DEL,IN,2027-04-02,2027-04-05,Summer,Premium Economy,1,PEco-2,PRIME FLY,Premium Economy Premium,+848.27 USD,2298.35,USD,Ubfly,PF-PF,Change with Penalty; Uninterrupted return (up to the last 12 hours); Privileged check-in; POINT ACCRUAL(F),Included,Included,Included,Included,Unknown,Unknown,Unknown,Unknown,Unknown,Unknown,Unknown,Included,Unknown,Unknown,Unknown,Unknown,,,,2026-07-28T07:01:31+00:00,success,0
AC,YYZ,DEL,YTO,CA,DEL,IN,2027-04-02,2027-04-05,Summer,Business,0,Bus-1,BUSLIGHT,Business Lite,0.00 USD,2428.93,USD,Ubfly,BUSLIGHT-BUSLIGHT-BUSLIGHT,In-flight entertainment; Privileged check-in; Snack; Journal & Newspaper; 1 personal item,Included,Included,Unknown,Included,Included,Included,Included,Not Included,Paid,Unknown,Unknown,Unknown,Unknown,Unknown,Unknown,Unknown,Yes,,,2026-07-28T07:01:31+00:00,success,0
AC,YYZ,DEL,YTO,CA,DEL,IN,2027-04-02,2027-04-05,Summer,Business,1,Bus-2,BUSCMFTPLS,Business — BUSCMFTPLS,+141.73 USD,2570.66,USD,Ubfly,BUSCMFTPLS-BUSCMFTPLS-BUSCMFTPLS,1 personal item; Snack; Journal & Newspaper; Privileged check-in; In-flight entertainment,Included,Included,Included,Included,Included,Included,Included,Paid,Paid,Unknown,Unknown,Unknown,Unknown,Unknown,Unknown,Unknown,Yes,,,2026-07-28T07:01:31+00:00,success,0
AC,YYZ,DEL,YTO,CA,DEL,IN,2027-04-02,2027-04-05,Summer,Business,2,Bus-3,BUSINESS FLEXIBLE,Business Flex,"+2,761.64 USD",5190.57,USD,Ubfly,BUSFLEX-BUSFLEX-BUSFLEX,1 personal item; Business class seat with private partition; Change without penalty before flight; Snack; Journal & Newspaper; Privileged check-in; In-flight entertainment,Included,Included,Included,Included,Included,Included,Included,Included,Included,Unknown,Unknown,Unknown,Unknown,Unknown,Unknown,Unknown,Yes,,,2026-07-28T07:01:31+00:00,success,0
AC,YYZ,DEL,YTO,CA,DEL,IN,2026-11-19,2026-11-22,Winter,Economy,0,Eco-1,Standard,Economy Standard,0.00 USD,1531.08,USD,Ubfly,TG-TG-TG,POINT ACCRUAL(F),Included,Included,Unknown,Included,Unknown,Unknown,Unknown,Not Included,Paid,Unknown,Unknown,Unknown,Unknown,Unknown,Unknown,Unknown,,,,2026-07-28T07:01:31+00:00,success,0
AC,YYZ,DEL,YTO,CA,DEL,IN,2026-11-19,2026-11-22,Winter,Economy,1,Eco-2,Flexible,Economy Flex,+145.13 USD,1676.21,USD,Ubfly,FL-FL-FL,POINT ACCRUAL(F),Included,Included,Included,Included,Unknown,Unknown,Unknown,Paid,Included,Unknown,Unknown,Unknown,Unknown,Unknown,Unknown,Unknown,,,,2026-07-28T07:01:31+00:00,success,0
AC,YYZ,DEL,YTO,CA,DEL,IN,2026-11-19,2026-11-22,Winter,Economy,2,Eco-3,Comfort,Economy Comfort,+230.30 USD,1761.38,USD,Ubfly,CO-CO-CO,Change with Penalty; Uninterrupted return (up to the last 12 hours); Privileged check-in; POINT ACCRUAL(F),Included,Included,Included,Included,Unknown,Unknown,Unknown,Included,Included,Unknown,Unknown,Included,Unknown,Unknown,Unknown,Unknown,,,,2026-07-28T07:01:31+00:00,success,0
AC,YYZ,DEL,YTO,CA,DEL,IN,2026-11-19,2026-11-22,Winter,Economy,3,Eco-4,PB,Economy — PB,+588.18 USD,2119.26,USD,Ubfly,PB-PB-PB,Privileged check-in; POINT ACCRUAL(F),Included,Included,Unknown,Included,Unknown,Unknown,Unknown,Unknown,Unknown,Unknown,Unknown,Unknown,Unknown,Unknown,Unknown,Unknown,,,,2026-07-28T07:01:31+00:00,success,0
AC,YYZ,DEL,YTO,CA,DEL,IN,2026-11-19,2026-11-22,Winter,Economy,4,Eco-5,Latitude,Economy — Latitude,"+1,381.86 USD",2912.94,USD,Ubfly,LT-LT-LT,Change with Penalty; Uninterrupted return (up to the last 12 hours); Privileged check-in; POINT ACCRUAL(F),Included,Included,Included,Included,Unknown,Unknown,Unknown,Included,Included,Unknown,Unknown,Included,Unknown,Unknown,Unknown,Unknown,,,,2026-07-28T07:01:31+00:00,success,0
AC,YYZ,DEL,YTO,CA,DEL,IN,2026-11-19,2026-11-22,Winter,Premium Economy,0,PEco-1,PL,Premium Economy — PL,+680.30 USD,2211.38,USD,Ubfly,PL-PL-PL,Privileged check-in; POINT ACCRUAL(F),Included,Included,Included,Included,Unknown,Unknown,Unknown,Unknown,Unknown,Unknown,Unknown,Unknown,Unknown,Unknown,Unknown,Unknown,,,,2026-07-28T07:01:31+00:00,success,0
AC,YYZ,DEL,YTO,CA,DEL,IN,2026-11-19,2026-11-22,Winter,Premium Economy,1,PEco-2,PRIME FLY,Premium Economy Premium,+864.56 USD,2395.64,USD,Ubfly,PF-PF-PF,Change with Penalty; Uninterrupted return (up to the last 12 hours); Privileged check-in; POINT ACCRUAL(F),Included,Included,Included,Included,Unknown,Unknown,Unknown,Unknown,Unknown,Unknown,Unknown,Included,Unknown,Unknown,Unknown,Unknown,,,,2026-07-28T07:01:31+00:00,success,0
AC,YYZ,DEL,YTO,CA,DEL,IN,2026-11-19,2026-11-22,Winter,Business,0,Bus-1,BSSAVER,Business Basic,0.00 USD,3847.99,USD,Ubfly,BSSAVER-BSSAVER-BSSAVER,Soft drink; Premium check-in; In-flight entertainment; Chauffeur Drive; Internet Access,Included,Included,Included,Included,Included,Included,Included,Unknown,Unknown,Unknown,Unknown,Unknown,Unknown,Unknown,Unknown,Unknown,Yes,,,2026-07-28T07:01:31+00:00,success,0
AC,YYZ,DEL,YTO,CA,DEL,IN,2026-11-19,2026-11-22,Winter,Business,1,Bus-2,BSFLEX,Business Flex,"+1,396.75 USD",5244.74,USD,Ubfly,BSFLEX-BSFLEX-BSFLEX,Premium check-in; Soft drink; In-flight entertainment; Chauffeur Drive; Internet Access,Included,Included,Included,Included,Included,Included,Included,Unknown,Unknown,Unknown,Unknown,Unknown,Unknown,Unknown,Unknown,Unknown,Yes,,175.0,2026-07-28T07:01:31+00:00,success,0
AC,YYZ,DEL,YTO,CA,DEL,IN,2026-11-19,2026-11-22,Winter,Business,2,Bus-3,BSFLXPLUS,Business Comfort,"+3,202.39 USD",7050.38,USD,Ubfly,BSFLXPLUS-BSFLXPLUS-BSFLXPLUS,Premium check-in; Soft drink; In-flight entertainment; Chauffeur Drive; Internet Access; Uninterrupted return (up to the last 12 hours); Change with Penalty,Included,Included,Included,Included,Included,Included,Included,Unknown,Unknown,Unknown,Unknown,Unknown,Unknown,Unknown,Unknown,Unknown,Yes,,190.0,2026-07-28T07:01:31+00:00,success,0
AI,YYZ,DEL,YTO,CA,DEL,IN,2027-04-02,2027-04-05,Summer,Economy,0,Eco-1,ECOVALU,Economy — ECOVALU,0.00 USD,1167.31,USD,Ubfly,ECOVALU,,Included,Included,Included,Paid,Unknown,Unknown,Unknown,Not Included,Paid,Unknown,Unknown,Unknown,Unknown,Unknown,Unknown,Unknown,,,,2026-07-28T07:01:31+00:00,partial,0
AI,YYZ,DEL,YTO,CA,DEL,IN,2027-04-02,2027-04-05,Summer,Economy,1,Eco-2,ECOCLAS,Economy — ECOCLAS,+44.78 USD,1212.09,USD,Ubfly,ECOCLAS,,Included,Included,Included,Paid,Unknown,Unknown,Unknown,Paid,Paid,Unknown,Unknown,Unknown,Unknown,Unknown,Unknown,Unknown,,,,2026-07-28T07:01:31+00:00,partial,0
AI,YYZ,DEL,YTO,CA,DEL,IN,2027-04-02,2027-04-05,Summer,Economy,2,Eco-3,ECOFLX,Economy — ECOFLX,+172.35 USD,1339.66,USD,Ubfly,ECOFLX,Change with Penalty,Included,Included,Included,Paid,Unknown,Unknown,Unknown,Paid,Included,Unknown,Unknown,Unknown,Unknown,Unknown,Unknown,Unknown,,,,2026-07-28T07:01:31+00:00,partial,0
AI,YYZ,DEL,YTO,CA,DEL,IN,2027-04-02,2027-04-05,Summer,Premium Economy,0,PEco-1,PEYVALU,Premium Economy — PEYVALU,+446.46 USD,1613.77,USD,Ubfly,PEYVALU,,Included,Included,Included,Paid,Unknown,Unknown,Unknown,Unknown,Unknown,Unknown,Unknown,Unknown,Unknown,Unknown,Unknown,Unknown,,,,2026-07-28T07:01:31+00:00,partial,0
AI,YYZ,DEL,YTO,CA,DEL,IN,2027-04-02,2027-04-05,Summer,Premium Economy,1,PEco-2,PEYFLX,Premium Economy — PEYFLX,+524.39 USD,1691.7,USD,Ubfly,PEYFLX,Change with Penalty,Included,Included,Included,Paid,Unknown,Unknown,Unknown,Unknown,Unknown,Unknown,Unknown,Unknown,Unknown,Unknown,Unknown,Unknown,,,,2026-07-28T07:01:31+00:00,partial,0
AI,YYZ,DEL,YTO,CA,DEL,IN,2027-04-02,2027-04-05,Summer,Business,0,Bus-1,BUSVALU,Business — BUSVALU,0.00 USD,2986.56,USD,Ubfly,BUSVALU,,Included,Included,Included,Paid,Unknown,Unknown,Unknown,Paid,Paid,Unknown,Unknown,Unknown,Unknown,Unknown,Unknown,Unknown,,,,2026-07-28T07:01:31+00:00,partial,0
AI,YYZ,DEL,YTO,CA,DEL,IN,2027-04-02,2027-04-05,Summer,Business,1,Bus-2,BUSFLX,Business — BUSFLX,+170.08 USD,3156.64,USD,Ubfly,BUSFLX,Change with Penalty,Included,Included,Included,Paid,Unknown,Unknown,Unknown,Paid,Included,Unknown,Unknown,Unknown,Unknown,Unknown,Unknown,Unknown,,,,2026-07-28T07:01:31+00:00,partial,0
AI,YYZ,DEL,YTO,CA,DEL,IN,2026-11-19,2026-11-22,Winter,Economy,0,Eco-1,ECOVALU,Economy — ECOVALU,0.00 USD,1508.16,USD,Ubfly,ECOVALU,,Included,Included,Included,Paid,Unknown,Unknown,Unknown,Not Included,Paid,Unknown,Unknown,Unknown,Unknown,Unknown,Unknown,Unknown,,,,2026-07-28T07:01:31+00:00,partial,0
AI,YYZ,DEL,YTO,CA,DEL,IN,2026-11-19,2026-11-22,Winter,Economy,1,Eco-2,ECOCLAS,Economy — ECOCLAS,+44.81 USD,1552.97,USD,Ubfly,ECOCLAS,,Included,Included,Included,Paid,Unknown,Unknown,Unknown,Paid,Paid,Unknown,Unknown,Unknown,Unknown,Unknown,Unknown,Unknown,,,,2026-07-28T07:01:31+00:00,partial,0
AI,YYZ,DEL,YTO,CA,DEL,IN,2026-11-19,2026-11-22,Winter,Economy,2,Eco-3,ECOFLX,Economy — ECOFLX,+172.35 USD,1680.51,USD,Ubfly,ECOFLX,Change with Penalty,Included,Included,Included,Paid,Unknown,Unknown,Unknown,Paid,Included,Unknown,Unknown,Unknown,Unknown,Unknown,Unknown,Unknown,,,,2026-07-28T07:01:31+00:00,partial,0
AI,YYZ,DEL,YTO,CA,DEL,IN,2026-11-19,2026-11-22,Winter,Premium Economy,0,PEco-1,PEYVALU,Premium Economy — PEYVALU,+105.61 USD,1613.77,USD,Ubfly,PEYVALU,,Included,Included,Included,Paid,Unknown,Unknown,Unknown,Unknown,Unknown,Unknown,Unknown,Unknown,Unknown,Unknown,Unknown,Unknown,,,,2026-07-28T07:01:31+00:00,partial,0
AI,YYZ,DEL,YTO,CA,DEL,IN,2026-11-19,2026-11-22,Winter,Premium Economy,1,PEco-2,PEYFLX,Premium Economy — PEYFLX,+183.54 USD,1691.7,USD,Ubfly,PEYFLX,Change with Penalty,Included,Included,Included,Paid,Unknown,Unknown,Unknown,Unknown,Unknown,Unknown,Unknown,Unknown,Unknown,Unknown,Unknown,Unknown,,,,2026-07-28T07:01:31+00:00,partial,0
AI,YYZ,DEL,YTO,CA,DEL,IN,2026-11-19,2026-11-22,Winter,Business,0,Bus-1,BUSVALU,Business — BUSVALU,0.00 USD,4898.9,USD,Ubfly,BUSVALU,,Included,Included,Included,Paid,Unknown,Unknown,Unknown,Paid,Paid,Unknown,Unknown,Unknown,Unknown,Unknown,Unknown,Unknown,,,,2026-07-28T07:01:31+00:00,partial,0
AI,YYZ,DEL,YTO,CA,DEL,IN,2026-11-19,2026-11-22,Winter,Business,1,Bus-2,BUSFLX,Business — BUSFLX,+170.08 USD,5068.98,USD,Ubfly,BUSFLX,Change with Penalty,Included,Included,Included,Paid,Unknown,Unknown,Unknown,Paid,Included,Unknown,Unknown,Unknown,Unknown,Unknown,Unknown,Unknown,,,,2026-07-28T07:01:31+00:00,partial,0
EY,YYZ,DEL,YTO,CA,DEL,IN,2027-04-02,2027-04-05,Summer,Economy,0,Eco-1,YVALUE,Economy Basic,0.00 USD,919.61,USD,Ubfly,YVALUE-YVALUE,,Included,Included,Unknown,Included,Unknown,Unknown,Unknown,Not Included,Paid,Unknown,Unknown,Unknown,Unknown,Unknown,Unknown,Unknown,Yes,,35.0,2026-07-28T07:01:31+00:00,success,0
EY,YYZ,DEL,YTO,CA,DEL,IN,2027-04-02,2027-04-05,Summer,Economy,1,Eco-2,YCOMFORT,Economy Comfort,+52.43 USD,972.04,USD,Ubfly,YCOMFORT-YCOMFORT,,Included,Included,Included,Included,Unknown,Unknown,Unknown,Paid,Paid,Unknown,Unknown,Unknown,Unknown,Unknown,Unknown,Unknown,Yes,,75.0,2026-07-28T07:01:31+00:00,success,0
EY,YYZ,DEL,YTO,CA,DEL,IN,2027-04-02,2027-04-05,Summer,Economy,2,Eco-3,YDELUXE,Economy — YDELUXE,+184.96 USD,1104.57,USD,Ubfly,YDELUXE-YDELUXE,Change with Penalty; Uninterrupted return (up to the last 12 hours); Priority Access,Included,Included,Included,Included,Unknown,Unknown,Unknown,Included,Included,Unknown,Unknown,Unknown,Unknown,Unknown,Unknown,Unknown,Yes,,,2026-07-28T07:01:31+00:00,success,0
EY,YYZ,DEL,YTO,CA,DEL,IN,2027-04-02,2027-04-05,Summer,Business,0,Bus-1,JVALUE,Business Basic,0.00 USD,2390.88,USD,Ubfly,JVALUE-JVALUE,Priority Access,Included,Included,Unknown,Included,Unknown,Unknown,Unknown,Not Included,Paid,Unknown,Unknown,Unknown,Unknown,Unknown,Unknown,Unknown,Yes,,100.0,2026-07-28T07:01:31+00:00,success,0
EY,YYZ,DEL,YTO,CA,DEL,IN,2027-04-02,2027-04-05,Summer,Business,1,Bus-2,JCOMFORT,Business Comfort,+148.80 USD,2539.68,USD,Ubfly,JCOMFORT-JCOMFORT,Priority Access; ETIHAD UAE CHAUFFEUR(F),Included,Included,Included,Included,Included,Unknown,Unknown,Paid,Paid,Unknown,Unknown,Unknown,Unknown,Unknown,Unknown,Unknown,Yes,,,2026-07-28T07:01:31+00:00,success,0
EY,YYZ,DEL,YTO,CA,DEL,IN,2027-04-02,2027-04-05,Summer,Business,2,Bus-3,JDELUXE,Business — JDELUXE,"+1,555.49 USD",3946.37,USD,Ubfly,JDELUXE-JDELUXE,Change with Penalty; Uninterrupted return (up to the last 12 hours); Priority Access; ETIHAD UAE CHAUFFEUR(F); ETIHAD GLOBAL CHAUFFEUR(F),Included,Included,Included,Included,Included,Unknown,Unknown,Included,Included,Unknown,Unknown,Unknown,Unknown,Unknown,Unknown,Unknown,Yes,,,2026-07-28T07:01:31+00:00,success,0
EY,YYZ,DEL,YTO,CA,DEL,IN,2026-11-19,2026-11-22,Winter,Economy,0,Eco-1,YVALUE,Economy Basic,0.00 USD,1283.85,USD,Ubfly,YVALUE-YVALUE,,Included,Included,Unknown,Included,Unknown,Unknown,Unknown,Not Included,Paid,Unknown,Unknown,Unknown,Unknown,Unknown,Unknown,Unknown,Yes,,35.0,2026-07-28T07:01:31+00:00,success,0
EY,YYZ,DEL,YTO,CA,DEL,IN,2026-11-19,2026-11-22,Winter,Economy,1,Eco-2,YCOMFORT,Economy Comfort,+38.27 USD,1322.12,USD,Ubfly,YCOMFORT-YCOMFORT,,Included,Included,Included,Included,Unknown,Unknown,Unknown,Paid,Paid,Unknown,Unknown,Unknown,Unknown,Unknown,Unknown,Unknown,Yes,,75.0,2026-07-28T07:01:31+00:00,success,0
EY,YYZ,DEL,YTO,CA,DEL,IN,2026-11-19,2026-11-22,Winter,Economy,2,Eco-3,YDELUXE,Economy — YDELUXE,+170.79 USD,1454.64,USD,Ubfly,YDELUXE-YDELUXE,Change with Penalty; Uninterrupted return (up to the last 12 hours); Priority Access,Included,Included,Included,Included,Unknown,Unknown,Unknown,Included,Included,Unknown,Unknown,Unknown,Unknown,Unknown,Unknown,Unknown,Yes,,,2026-07-28T07:01:31+00:00,success,0
EY,YYZ,DEL,YTO,CA,DEL,IN,2026-11-19,2026-11-22,Winter,Business,0,Bus-1,JVALUE,Business Basic,0.00 USD,3354.51,USD,Ubfly,JVALUE-JVALUE,Priority Access,Included,Included,Unknown,Included,Unknown,Unknown,Unknown,Not Included,Paid,Unknown,Unknown,Unknown,Unknown,Unknown,Unknown,Unknown,Yes,,100.0,2026-07-28T07:01:31+00:00,success,0
EY,YYZ,DEL,YTO,CA,DEL,IN,2026-11-19,2026-11-22,Winter,Business,1,Bus-2,JCOMFORT,Business Comfort,+148.82 USD,3503.33,USD,Ubfly,JCOMFORT-JCOMFORT,Priority Access; ETIHAD UAE CHAUFFEUR(F),Included,Included,Included,Included,Included,Unknown,Unknown,Paid,Paid,Unknown,Unknown,Unknown,Unknown,Unknown,Unknown,Unknown,Yes,,,2026-07-28T07:01:31+00:00,success,0
EY,YYZ,DEL,YTO,CA,DEL,IN,2026-11-19,2026-11-22,Winter,Business,2,Bus-3,JDELUXE,Business — JDELUXE,+515.91 USD,3870.42,USD,Ubfly,JDELUXE-JDELUXE,Change with Penalty; Uninterrupted return (up to the last 12 hours); Priority Access; ETIHAD UAE CHAUFFEUR(F); ETIHAD GLOBAL CHAUFFEUR(F),Included,Included,Included,Included,Included,Unknown,Unknown,Included,Included,Unknown,Unknown,Unknown,Unknown,Unknown,Unknown,Unknown,Yes,,,2026-07-28T07:01:31+00:00,success,0
AF,YYZ,DEL,YTO,CA,DEL,IN,2027-04-02,2027-04-05,Summer,Economy,0,Eco-1,LIGHTBAG,Economy Lite,0.00 USD,832.7,USD,Ubfly,LIGHTBAG-LIGHTBAG,Snack; Soft drink,Included,Included,Unknown,Included,Unknown,Unknown,Unknown,Unknown,Paid,Unknown,Unknown,Unknown,Unknown,Unknown,Unknown,Unknown,Yes,,,2026-07-28T07:01:31+00:00,success,0
AF,YYZ,DEL,YTO,CA,DEL,IN,2027-04-02,2027-04-05,Summer,Economy,1,Eco-2,STANDARD3,Economy Standard,+67.34 USD,900.04,USD,Ubfly,STANDARD3-STANDARD3,Snack; Soft drink; Change with Penalty,Included,Included,Included,Included,Unknown,Unknown,Unknown,Unknown,Included,Unknown,Unknown,Unknown,Unknown,Unknown,Unknown,Unknown,Yes,,,2026-07-28T07:01:31+00:00,success,0
AF,YYZ,DEL,YTO,CA,DEL,IN,2027-04-02,2027-04-05,Summer,Economy,2,Eco-3,FLEX1,Economy Flex,+175.06 USD,1007.76,USD,Ubfly,FLEX1-FLEX1,Snack; Soft drink; Change with Penalty,Included,Included,Included,Included,Unknown,Unknown,Unknown,Included,Included,Unknown,Unknown,Unknown,Unknown,Unknown,Unknown,Unknown,Yes,,,2026-07-28T07:01:31+00:00,success,0
AF,YYZ,DEL,YTO,CA,DEL,IN,2027-04-02,2027-04-05,Summer,Economy,3,Eco-4,PREMSTAND,Economy — PREMSTAND,+486.16 USD,1318.86,USD,Ubfly,PREMSTAND-PREMSTAND,Snack; Soft drink; Change with Penalty; Privileged check-in,Included,Included,Included,Included,Unknown,Included,Included,Unknown,Unknown,Unknown,Unknown,Unknown,Unknown,Unknown,Unknown,Unknown,Yes,,,2026-07-28T07:01:31+00:00,success,0
AF,YYZ,DEL,YTO,CA,DEL,IN,2027-04-02,2027-04-05,Summer,Economy,4,Eco-5,PREMFLEX,Economy Flex,+626.47 USD,1459.17,USD,Ubfly,PREMFLEX-PREMFLEX,Snack; Soft drink; Change with Penalty; Uninterrupted return (up to the last 12 hours); Privileged check-in,Included,Included,Included,Included,Unknown,Included,Included,Unknown,Unknown,Unknown,Unknown,Unknown,Unknown,Unknown,Unknown,Unknown,Yes,,,2026-07-28T07:01:31+00:00,success,0
AF,YYZ,DEL,YTO,CA,DEL,IN,2027-04-02,2027-04-05,Summer,Business,0,Bus-1,Business Standard,Business Standard,0 USD,9180.02,USD,Enuygun,bff_0,,Included,Included,Included,Included,Included,Included,Included,Unknown,Included,Unknown,Unknown,Unknown,Unknown,Unknown,Unknown,Unknown,Yes,,,2026-07-28T07:01:31+00:00,success,0
AF,YYZ,DEL,YTO,CA,DEL,IN,2027-04-02,2027-04-05,Summer,Business,1,Bus-2,Business Flex,Business Flex,+308.75 USD,9488.78,USD,Enuygun,bff_1,,Included,Included,Included,Included,Included,Included,Included,Included,Included,Unknown,Unknown,Unknown,Unknown,Unknown,Unknown,Unknown,Yes,,,2026-07-28T07:01:31+00:00,success,0
AF,YYZ,DEL,YTO,CA,DEL,IN,2026-11-19,2026-11-22,Winter,Economy,0,Eco-1,LIGHTBAG,Economy Lite,0.00 USD,1374.82,USD,Ubfly,LIGHTBAG-LIGHTBAG,Snack; Soft drink,Included,Included,Unknown,Included,Unknown,Unknown,Unknown,Unknown,Paid,Unknown,Unknown,Unknown,Unknown,Unknown,Unknown,Unknown,Yes,,,2026-07-28T07:01:31+00:00,success,0
AF,YYZ,DEL,YTO,CA,DEL,IN,2026-11-19,2026-11-22,Winter,Economy,1,Eco-2,STANDARD3,Economy Standard,+74.41 USD,1449.23,USD,Ubfly,STANDARD3-STANDARD3,Snack; Soft drink; Change with Penalty,Included,Included,Included,Included,Unknown,Unknown,Unknown,Unknown,Included,Unknown,Unknown,Unknown,Unknown,Unknown,Unknown,Unknown,Yes,,,2026-07-28T07:01:31+00:00,success,0
AF,YYZ,DEL,YTO,CA,DEL,IN,2026-11-19,2026-11-22,Winter,Economy,2,Eco-3,FLEX1,Economy Flex,+194.18 USD,1569.0,USD,Ubfly,FLEX1-FLEX1,Snack; Soft drink; Change with Penalty; Uninterrupted return (up to the last 12 hours),Included,Included,Included,Included,Unknown,Unknown,Unknown,Included,Included,Unknown,Unknown,Unknown,Unknown,Unknown,Unknown,Unknown,Yes,,,2026-07-28T07:01:31+00:00,success,0
AF,YYZ,DEL,YTO,CA,DEL,IN,2026-11-19,2026-11-22,Winter,Economy,3,Eco-4,PREMSTAND,Economy — PREMSTAND,+493.23 USD,1868.05,USD,Ubfly,PREMSTAND-PREMSTAND,Snack; Soft drink; Change with Penalty; Privileged check-in,Included,Included,Included,Included,Unknown,Included,Included,Unknown,Unknown,Unknown,Unknown,Unknown,Unknown,Unknown,Unknown,Unknown,Yes,,,2026-07-28T07:01:31+00:00,success,0
AF,YYZ,DEL,YTO,CA,DEL,IN,2026-11-19,2026-11-22,Winter,Economy,4,Eco-5,PREMFLEX,Economy Flex,+657.65 USD,2032.47,USD,Ubfly,PREMFLEX-PREMFLEX,Snack; Soft drink; Change with Penalty; Uninterrupted return (up to the last 12 hours); Privileged check-in,Included,Included,Included,Included,Unknown,Included,Included,Unknown,Unknown,Unknown,Unknown,Unknown,Unknown,Unknown,Unknown,Unknown,Yes,,,2026-07-28T07:01:31+00:00,success,0
AF,YYZ,DEL,YTO,CA,DEL,IN,2026-11-19,2026-11-22,Winter,Business,0,Bus-1,Business Standard,Business Standard,0 USD,9037.88,USD,Enuygun,bff_0,,Included,Included,Included,Unknown,Included,Included,Unknown,Unknown,Included,Unknown,Unknown,Unknown,Unknown,Unknown,Unknown,Unknown,Yes,,,2026-07-28T07:01:31+00:00,success,0
AF,YYZ,DEL,YTO,CA,DEL,IN,2026-11-19,2026-11-22,Winter,Business,1,Bus-2,Business Flex,Business Flex,+308.73 USD,9346.61,USD,Enuygun,bff_1,,Included,Included,Included,Unknown,Included,Included,Unknown,Included,Included,Unknown,Unknown,Unknown,Unknown,Unknown,Unknown,Unknown,Yes,,,2026-07-28T07:01:31+00:00,success,0
AI,YVR,DEL,YVR,CA,DEL,IN,2026-10-10,2026-10-13,Summer,Economy,0,Eco-1,ECOVALU,Economy — ECOVALU,0.00 USD,1253.79,USD,Ubfly,ECOVALU,,Included,Included,Included,Paid,Unknown,Unknown,Unknown,Not Included,Paid,Unknown,Unknown,Unknown,Unknown,Unknown,Unknown,Unknown,,,,2026-07-28T07:01:31+00:00,partial,0
AI,YVR,DEL,YVR,CA,DEL,IN,2026-10-10,2026-10-13,Summer,Economy,1,Eco-2,ECOCLAS,Economy — ECOCLAS,+44.81 USD,1298.6,USD,Ubfly,ECOCLAS,,Included,Included,Included,Paid,Unknown,Unknown,Unknown,Paid,Paid,Unknown,Unknown,Unknown,Unknown,Unknown,Unknown,Unknown,,,,2026-07-28T07:01:31+00:00,partial,0
AI,YVR,DEL,YVR,CA,DEL,IN,2026-10-10,2026-10-13,Summer,Economy,2,Eco-3,ECOFLX,Economy — ECOFLX,+172.35 USD,1426.14,USD,Ubfly,ECOFLX,Change with Penalty,Included,Included,Included,Paid,Unknown,Unknown,Unknown,Paid,Included,Unknown,Unknown,Unknown,Unknown,Unknown,Unknown,Unknown,,,,2026-07-28T07:01:31+00:00,partial,0
AI,YVR,DEL,YVR,CA,DEL,IN,2026-10-10,2026-10-13,Summer,Business,0,Bus-1,BUSVALU,Business — BUSVALU,0.00 USD,3949.13,USD,Ubfly,BUSVALU,,Included,Included,Included,Paid,Unknown,Unknown,Unknown,Paid,Paid,Unknown,Unknown,Unknown,Unknown,Unknown,Unknown,Unknown,,,,2026-07-28T07:01:31+00:00,partial,0
AI,YVR,DEL,YVR,CA,DEL,IN,2026-10-10,2026-10-13,Summer,Business,1,Bus-2,BUSFLX,Business — BUSFLX,+170.08 USD,4119.21,USD,Ubfly,BUSFLX,Change with Penalty,Included,Included,Included,Paid,Unknown,Unknown,Unknown,Paid,Included,Unknown,Unknown,Unknown,Unknown,Unknown,Unknown,Unknown,,,,2026-07-28T07:01:31+00:00,partial,0
AI,YVR,DEL,YVR,CA,DEL,IN,2027-03-21,2027-03-24,Winter,Economy,0,Eco-1,ECOVALU,Economy — ECOVALU,0.00 USD,971.03,USD,Ubfly,ECOVALU,,Included,Included,Included,Paid,Unknown,Unknown,Unknown,Not Included,Paid,Unknown,Unknown,Unknown,Unknown,Unknown,Unknown,Unknown,,,,2026-07-28T07:01:31+00:00,partial,0
AI,YVR,DEL,YVR,CA,DEL,IN,2027-03-21,2027-03-24,Winter,Economy,1,Eco-2,ECOCLAS,Economy — ECOCLAS,+44.81 USD,1015.84,USD,Ubfly,ECOCLAS,,Included,Included,Included,Paid,Unknown,Unknown,Unknown,Paid,Paid,Unknown,Unknown,Unknown,Unknown,Unknown,Unknown,Unknown,,,,2026-07-28T07:01:31+00:00,partial,0
AI,YVR,DEL,YVR,CA,DEL,IN,2027-03-21,2027-03-24,Winter,Economy,2,Eco-3,ECOFLX,Economy — ECOFLX,+172.35 USD,1143.38,USD,Ubfly,ECOFLX,Change with Penalty,Included,Included,Included,Paid,Unknown,Unknown,Unknown,Paid,Included,Unknown,Unknown,Unknown,Unknown,Unknown,Unknown,Unknown,,,,2026-07-28T07:01:31+00:00,partial,0
AI,YVR,DEL,YVR,CA,DEL,IN,2027-03-21,2027-03-24,Winter,Business,0,Bus-1,BUSVALU,Business — BUSVALU,0.00 USD,3152.43,USD,Ubfly,BUSVALU,,Included,Included,Included,Paid,Unknown,Unknown,Unknown,Paid,Paid,Unknown,Unknown,Unknown,Unknown,Unknown,Unknown,Unknown,,,,2026-07-28T07:01:31+00:00,partial,0
AI,YVR,DEL,YVR,CA,DEL,IN,2027-03-21,2027-03-24,Winter,Business,1,Bus-2,BUSFLX,Business — BUSFLX,+170.08 USD,3322.51,USD,Ubfly,BUSFLX,Change with Penalty,Included,Included,Included,Paid,Unknown,Unknown,Unknown,Paid,Included,Unknown,Unknown,Unknown,Unknown,Unknown,Unknown,Unknown,,,,2026-07-28T07:01:31+00:00,partial,0
CX,YVR,DEL,YVR,CA,DEL,IN,2026-10-10,2026-10-13,Summer,Economy,0,Eco-1,Economy Light,Economy Lite,0 USD,1344.26,USD,Enuygun,bff_0,,Included,Included,Unknown,Included,Unknown,Unknown,Unknown,Paid,Paid,Unknown,Unknown,Unknown,Unknown,Unknown,Unknown,Unknown,,,,2026-07-28T07:01:31+00:00,partial,0
CX,YVR,DEL,YVR,CA,DEL,IN,2026-10-10,2026-10-13,Summer,Economy,1,Eco-2,Economy Essential,Economy — Economy Essential,+131.75 USD,1476.01,USD,Enuygun,bff_1,,Included,Included,Unknown,Included,Unknown,Unknown,Unknown,Paid,Paid,Unknown,Unknown,Unknown,Unknown,Unknown,Unknown,Unknown,,,,2026-07-28T07:01:31+00:00,partial,0
CX,YVR,DEL,YVR,CA,DEL,IN,2026-10-10,2026-10-13,Summer,Economy,2,Eco-3,Economy Flex,Economy Flex,+281.44 USD,1625.71,USD,Enuygun,bff_2,,Included,Included,Unknown,Included,Unknown,Unknown,Unknown,Paid,Included,Unknown,Unknown,Unknown,Unknown,Unknown,Unknown,Unknown,,,,2026-07-28T07:01:31+00:00,partial,0
CX,YVR,DEL,YVR,CA,DEL,IN,2026-10-10,2026-10-13,Summer,Business,0,Bus-1,Business Essential,Business — Business Essential,0 USD,4705.21,USD,Enuygun,bff_0,priority_check_in: Öncelikli Check-in,Included,Included,Unknown,Included,Included,Unknown,Unknown,Paid,Paid,Unknown,Unknown,Unknown,Unknown,Unknown,Unknown,Unknown,,,,2026-07-28T07:01:31+00:00,partial,0
CX,YVR,DEL,YVR,CA,DEL,IN,2026-10-10,2026-10-13,Summer,Business,1,Bus-2,Business Flex,Business Flex,+3142.68 USD,7847.89,USD,Enuygun,bff_1,priority_check_in: Öncelikli Check-in,Included,Included,Unknown,Included,Included,Unknown,Unknown,Included,Included,Unknown,Unknown,Unknown,Unknown,Unknown,Unknown,Unknown,,,,2026-07-28T07:01:31+00:00,partial,0
CX,YVR,DEL,YVR,CA,DEL,IN,2027-03-21,2027-03-24,Winter,Economy,0,Eco-1,Economy Light,Economy Lite,0 USD,782.33,USD,Enuygun,bff_0,,Included,Included,Unknown,Included,Unknown,Unknown,Unknown,Paid,Paid,Unknown,Unknown,Unknown,Unknown,Unknown,Unknown,Unknown,,,,2026-07-28T07:01:31+00:00,partial,0
CX,YVR,DEL,YVR,CA,DEL,IN,2027-03-21,2027-03-24,Winter,Economy,1,Eco-2,Economy Essential,Economy — Economy Essential,+124.11 USD,906.43,USD,Enuygun,bff_1,,Included,Included,Unknown,Included,Unknown,Unknown,Unknown,Paid,Paid,Unknown,Unknown,Unknown,Unknown,Unknown,Unknown,Unknown,,,,2026-07-28T07:01:31+00:00,partial,0
CX,YVR,DEL,YVR,CA,DEL,IN,2027-03-21,2027-03-24,Winter,Economy,2,Eco-3,Economy Flex,Economy Flex,+234.81 USD,1017.14,USD,Enuygun,bff_2,,Included,Included,Unknown,Included,Unknown,Unknown,Unknown,Paid,Included,Unknown,Unknown,Unknown,Unknown,Unknown,Unknown,Unknown,,,,2026-07-28T07:01:31+00:00,partial,0
CX,YVR,DEL,YVR,CA,DEL,IN,2027-03-21,2027-03-24,Winter,Business,0,Bus-1,Business Light,Business Lite,0 USD,2892.41,USD,Enuygun,bff_0,priority_check_in: Öncelikli Check-in,Included,Included,Unknown,Included,Included,Unknown,Unknown,Paid,Paid,Unknown,Unknown,Unknown,Unknown,Unknown,Unknown,Unknown,,,,2026-07-28T07:01:31+00:00,partial,0
CX,YVR,DEL,YVR,CA,DEL,IN,2027-03-21,2027-03-24,Winter,Business,1,Bus-2,Business Essential,Business — Business Essential,+1075.47 USD,3967.88,USD,Enuygun,bff_1,priority_check_in: Öncelikli Check-in,Included,Included,Unknown,Included,Included,Unknown,Unknown,Paid,Paid,Unknown,Unknown,Unknown,Unknown,Unknown,Unknown,Unknown,,,,2026-07-28T07:01:31+00:00,partial,0
CX,YVR,DEL,YVR,CA,DEL,IN,2027-03-21,2027-03-24,Winter,Business,2,Bus-3,Business Flex,Business Flex,+5119.63 USD,8012.04,USD,Enuygun,bff_2,priority_check_in: Öncelikli Check-in,Included,Included,Unknown,Included,Included,Unknown,Unknown,Included,Included,Unknown,Unknown,Unknown,Unknown,Unknown,Unknown,Unknown,,,,2026-07-28T07:01:31+00:00,partial,0
AC,YVR,DEL,YVR,CA,DEL,IN,2026-10-10,2026-10-13,Summer,Economy,0,Eco-1,Standard,Economy Standard,0.00 USD,1435.1,USD,Ubfly,TG-TG-TG,POINT ACCRUAL(F),Included,Included,Unknown,Included,Unknown,Unknown,Unknown,Not Included,Paid,Unknown,Unknown,Unknown,Unknown,Unknown,Unknown,Unknown,,,,2026-07-28T07:01:31+00:00,success,0
AC,YVR,DEL,YVR,CA,DEL,IN,2026-10-10,2026-10-13,Summer,Economy,1,Eco-2,Flexible,Economy Flex,+145.13 USD,1580.23,USD,Ubfly,FL-FL-FL,POINT ACCRUAL(F),Included,Included,Included,Included,Unknown,Unknown,Unknown,Paid,Included,Unknown,Unknown,Unknown,Unknown,Unknown,Unknown,Unknown,,,,2026-07-28T07:01:31+00:00,success,0
AC,YVR,DEL,YVR,CA,DEL,IN,2026-10-10,2026-10-13,Summer,Economy,2,Eco-3,Comfort,Economy Comfort,+230.30 USD,1665.4,USD,Ubfly,CO-CO-CO,Change with Penalty; Uninterrupted return (up to the last 12 hours); Privileged check-in; POINT ACCRUAL(F),Included,Included,Included,Included,Unknown,Unknown,Unknown,Included,Included,Unknown,Unknown,Included,Unknown,Unknown,Unknown,Unknown,,,,2026-07-28T07:01:31+00:00,success,0
AC,YVR,DEL,YVR,CA,DEL,IN,2026-10-10,2026-10-13,Summer,Economy,3,Eco-4,PB,Economy — PB,+687.38 USD,2122.48,USD,Ubfly,PB-PB-PB,Privileged check-in; POINT ACCRUAL(F),Included,Included,Unknown,Included,Unknown,Unknown,Unknown,Unknown,Unknown,Unknown,Unknown,Unknown,Unknown,Unknown,Unknown,Unknown,,,,2026-07-28T07:01:31+00:00,success,0
AC,YVR,DEL,YVR,CA,DEL,IN,2026-10-10,2026-10-13,Summer,Economy,4,Eco-5,Latitude,Economy — Latitude,"+1,393.20 USD",2828.3,USD,Ubfly,LT-LT-LT,Change with Penalty; Uninterrupted return (up to the last 12 hours); Privileged check-in; POINT ACCRUAL(F),Included,Included,Included,Included,Unknown,Unknown,Unknown,Included,Included,Unknown,Unknown,Included,Unknown,Unknown,Unknown,Unknown,,,,2026-07-28T07:01:31+00:00,success,0
AC,YVR,DEL,YVR,CA,DEL,IN,2026-10-10,2026-10-13,Summer,Premium Economy,0,PEco-1,PL,Premium Economy — PL,+779.52 USD,2214.62,USD,Ubfly,PL-PL-PL,Privileged check-in; POINT ACCRUAL(F),Included,Included,Included,Included,Unknown,Unknown,Unknown,Unknown,Unknown,Unknown,Unknown,Unknown,Unknown,Unknown,Unknown,Unknown,,,,2026-07-28T07:01:31+00:00,success,0
AC,YVR,DEL,YVR,CA,DEL,IN,2026-10-10,2026-10-13,Summer,Premium Economy,1,PEco-2,PRIME FLY,Premium Economy Premium,+963.76 USD,2398.86,USD,Ubfly,PF-PF-PF,Change with Penalty; Uninterrupted return (up to the last 12 hours); Privileged check-in; POINT ACCRUAL(F),Included,Included,Included,Included,Unknown,Unknown,Unknown,Unknown,Unknown,Unknown,Unknown,Included,Unknown,Unknown,Unknown,Unknown,,,,2026-07-28T07:01:31+00:00,success,0
AC,YVR,DEL,YVR,CA,DEL,IN,2026-10-10,2026-10-13,Summer,Business,0,Bus-1,BUSSTAND,Business — BUSSTAND,0.00 USD,3463.24,USD,Ubfly,BUSSTAND-BUSSTAND-BUSSTAND,Hot dinner service; Laptop or handbag up to 85 LCM,Included,Included,Included,Included,Unknown,Unknown,Unknown,Unknown,Unknown,Unknown,Unknown,Unknown,Unknown,Unknown,Unknown,Unknown,Yes,,,2026-07-28T07:01:31+00:00,success,0
AC,YVR,DEL,YVR,CA,DEL,IN,2026-10-10,2026-10-13,Summer,Business,1,Bus-2,BUSSEMIFLX,Business — BUSSEMIFLX,+70.86 USD,3534.1,USD,Ubfly,BUSSEMIFLX-BUSSEMIFLX-BUSSEMIFLX,Hot dinner service; Change with penalty; Laptop or handbag up to 85 LCM,Included,Included,Included,Included,Unknown,Unknown,Unknown,Unknown,Unknown,Unknown,Unknown,Unknown,Unknown,Unknown,Unknown,Unknown,Yes,,,2026-07-28T07:01:31+00:00,success,0
AC,YVR,DEL,YVR,CA,DEL,IN,2026-10-10,2026-10-13,Summer,Business,2,Bus-3,BUSFULLFLX,Business Premium,+166.53 USD,3629.77,USD,Ubfly,BUSFULLFLX-BUSFULLFLX-BUSFULLFLX,Hot dinner service; Uninterrupted return (up to the last 12 hours); Change with penalty; Laptop or handbag up to 85 LCM,Included,Included,Included,Included,Unknown,Unknown,Unknown,Unknown,Unknown,Unknown,Unknown,Unknown,Unknown,Unknown,Unknown,Unknown,Yes,,,2026-07-28T07:01:31+00:00,success,0
AC,YVR,DEL,YVR,CA,DEL,IN,2027-03-21,2027-03-24,Winter,Economy,0,Eco-1,Standard,Economy Standard,0.00 USD,1426.66,USD,Ubfly,TG-TG-TG,POINT ACCRUAL(F),Included,Included,Unknown,Included,Unknown,Unknown,Unknown,Not Included,Paid,Unknown,Unknown,Unknown,Unknown,Unknown,Unknown,Unknown,,,,2026-07-28T07:01:31+00:00,success,0
AC,YVR,DEL,YVR,CA,DEL,IN,2027-03-21,2027-03-24,Winter,Economy,1,Eco-2,Flexible,Economy Flex,+145.13 USD,1571.79,USD,Ubfly,FL-FL-FL,POINT ACCRUAL(F),Included,Included,Included,Included,Unknown,Unknown,Unknown,Paid,Included,Unknown,Unknown,Unknown,Unknown,Unknown,Unknown,Unknown,,,,2026-07-28T07:01:31+00:00,success,0
AC,YVR,DEL,YVR,CA,DEL,IN,2027-03-21,2027-03-24,Winter,Economy,2,Eco-3,Comfort,Economy Comfort,+230.30 USD,1656.96,USD,Ubfly,CO-CO-CO,Change with Penalty; Uninterrupted return (up to the last 12 hours); Privileged check-in; POINT ACCRUAL(F),Included,Included,Included,Included,Unknown,Unknown,Unknown,Included,Included,Unknown,Unknown,Included,Unknown,Unknown,Unknown,Unknown,,,,2026-07-28T07:01:31+00:00,success,0
AC,YVR,DEL,YVR,CA,DEL,IN,2027-03-21,2027-03-24,Winter,Economy,3,Eco-4,PB,Economy — PB,+657.62 USD,2084.28,USD,Ubfly,PB-PB-PB,Privileged check-in; POINT ACCRUAL(F),Included,Included,Unknown,Included,Unknown,Unknown,Unknown,Unknown,Unknown,Unknown,Unknown,Unknown,Unknown,Unknown,Unknown,Unknown,,,,2026-07-28T07:01:31+00:00,success,0
AC,YVR,DEL,YVR,CA,DEL,IN,2027-03-21,2027-03-24,Winter,Economy,4,Eco-5,Latitude,Economy — Latitude,"+1,473.98 USD",2900.64,USD,Ubfly,LT-LT-LT,Change with Penalty; Uninterrupted return (up to the last 12 hours); Privileged check-in; POINT ACCRUAL(F),Included,Included,Included,Included,Unknown,Unknown,Unknown,Included,Included,Unknown,Unknown,Included,Unknown,Unknown,Unknown,Unknown,,,,2026-07-28T07:01:31+00:00,success,0
AC,YVR,DEL,YVR,CA,DEL,IN,2027-03-21,2027-03-24,Winter,Premium Economy,0,PEco-1,PL,Premium Economy — PL,+749.74 USD,2176.4,USD,Ubfly,PL-PL-PL,Privileged check-in; POINT ACCRUAL(F),Included,Included,Included,Included,Unknown,Unknown,Unknown,Unknown,Unknown,Unknown,Unknown,Unknown,Unknown,Unknown,Unknown,Unknown,,,,2026-07-28T07:01:31+00:00,success,0
AC,YVR,DEL,YVR,CA,DEL,IN,2027-03-21,2027-03-24,Winter,Premium Economy,1,PEco-2,PRIME FLY,Premium Economy Premium,+934.01 USD,2360.67,USD,Ubfly,PF-PF-PF,Change with Penalty; Uninterrupted return (up to the last 12 hours); Privileged check-in; POINT ACCRUAL(F),Included,Included,Included,Included,Unknown,Unknown,Unknown,Unknown,Unknown,Unknown,Unknown,Included,Unknown,Unknown,Unknown,Unknown,,,,2026-07-28T07:01:31+00:00,success,0
AC,YVR,DEL,YVR,CA,DEL,IN,2027-03-21,2027-03-24,Winter,Business,0,Bus-1,BUSSTAND,Business — BUSSTAND,0.00 USD,4483.7,USD,Ubfly,BUSSTAND-BUSSTAND-BUSSTAND,Hot dinner service; Laptop or handbag up to 85 LCM,Included,Included,Included,Included,Unknown,Unknown,Unknown,Not Included,Paid,Unknown,Unknown,Unknown,Unknown,Unknown,Unknown,Unknown,Yes,,,2026-07-28T07:01:31+00:00,success,0
AC,YVR,DEL,YVR,CA,DEL,IN,2027-03-21,2027-03-24,Winter,Business,1,Bus-2,BUSSEMIFLX,Business — BUSSEMIFLX,+70.86 USD,4554.56,USD,Ubfly,BUSSEMIFLX-BUSSEMIFLX-BUSSEMIFLX,Hot dinner service; Change with penalty; Laptop or handbag up to 85 LCM,Included,Included,Included,Included,Unknown,Unknown,Unknown,Paid,Paid,Unknown,Unknown,Unknown,Unknown,Unknown,Unknown,Unknown,Yes,,,2026-07-28T07:01:31+00:00,success,0
AC,YVR,DEL,YVR,CA,DEL,IN,2027-03-21,2027-03-24,Winter,Business,2,Bus-3,BUSFULLFLX,Business Premium,+166.53 USD,4650.23,USD,Ubfly,BUSFULLFLX-BUSFULLFLX-BUSFULLFLX,Hot dinner service; Uninterrupted return (up to the last 12 hours); Change with penalty; Laptop or handbag up to 85 LCM,Included,Included,Included,Included,Unknown,Unknown,Unknown,Included,Included,Unknown,Unknown,Unknown,Unknown,Unknown,Unknown,Unknown,Yes,,,2026-07-28T07:01:31+00:00,success,0
AF,YVR,DEL,YVR,CA,DEL,IN,2026-10-11,2026-10-14,Summer,Economy,0,Eco-1,LIGHTBAG,Economy Lite,0.00 USD,1481.3,USD,Ubfly,LIGHTBAG-LIGHTBAG-LIGHTBAG,Snack; Soft drink,Included,Included,Unknown,Included,Unknown,Unknown,Unknown,Unknown,Paid,Unknown,Unknown,Unknown,Unknown,Unknown,Unknown,Unknown,Yes,,,2026-07-28T07:01:31+00:00,success,0
AF,YVR,DEL,YVR,CA,DEL,IN,2026-10-11,2026-10-14,Summer,Economy,1,Eco-2,STANDARD3,Economy Standard,+74.41 USD,1555.71,USD,Ubfly,STANDARD3-STANDARD3-STANDARD3,Snack; Soft drink; Change with Penalty,Included,Included,Included,Included,Unknown,Unknown,Unknown,Unknown,Included,Unknown,Unknown,Unknown,Unknown,Unknown,Unknown,Unknown,Yes,,,2026-07-28T07:01:31+00:00,success,0
AF,YVR,DEL,YVR,CA,DEL,IN,2026-10-11,2026-10-14,Summer,Economy,2,Eco-3,FLEX1,Economy Flex,+194.16 USD,1675.46,USD,Ubfly,FLEX1-FLEX1-FLEX1,Snack; Soft drink; Change with Penalty; Uninterrupted return (up to the last 12 hours),Included,Included,Included,Included,Unknown,Unknown,Unknown,Included,Included,Unknown,Unknown,Unknown,Unknown,Unknown,Unknown,Unknown,Yes,,,2026-07-28T07:01:31+00:00,success,0
AF,YVR,DEL,YVR,CA,DEL,IN,2026-10-11,2026-10-14,Summer,Economy,3,Eco-4,PREMSTAND,Economy — PREMSTAND,"+1,423.67 USD",2904.97,USD,Ubfly,PREMSTAND-PREMSTAND-PREMSTAND,Snack; Soft drink; Change with Penalty; Privileged check-in,Included,Included,Included,Included,Unknown,Included,Included,Unknown,Unknown,Unknown,Unknown,Unknown,Unknown,Unknown,Unknown,Unknown,Yes,,,2026-07-28T07:01:31+00:00,success,0
AF,YVR,DEL,YVR,CA,DEL,IN,2026-10-11,2026-10-14,Summer,Economy,4,Eco-5,PREMFLEX,Economy Flex,"+1,622.10 USD",3103.4,USD,Ubfly,PREMFLEX-PREMFLEX-PREMFLEX,Snack; Soft drink; Change with Penalty; Uninterrupted return (up to the last 12 hours); Privileged check-in,Included,Included,Included,Included,Unknown,Included,Included,Unknown,Unknown,Unknown,Unknown,Unknown,Unknown,Unknown,Unknown,Unknown,Yes,,,2026-07-28T07:01:31+00:00,success,0
AF,YVR,DEL,YVR,CA,DEL,IN,2026-10-11,2026-10-14,Summer,Business,0,Bus-1,DONECLASC,Business — DONECLASC,0.00 USD,8951.71,USD,Ubfly,DONECLASC-DONECLASC,Change with Penalty; In-flight entertainment; Privileged check-in; Snack; Extra legroom; Alcoholic drink,Included,Included,Included,Unknown,Included,Included,Unknown,Unknown,Included,Unknown,Unknown,Unknown,Unknown,Unknown,Unknown,Unknown,Yes,,,2026-07-28T07:01:31+00:00,success,0
AF,YVR,DEL,YVR,CA,DEL,IN,2026-10-11,2026-10-14,Summer,Business,1,Bus-2,DONEEXTRA,Business — DONEEXTRA,+280.62 USD,9232.33,USD,Ubfly,DONEEXTRA-DONEEXTRA,Change with Penalty; Uninterrupted return (up to the last 12 hours); Extra legroom; Privileged check-in; Alcoholic drink; Snack; In-flight entertainment,Included,Included,Included,Unknown,Included,Included,Unknown,Included,Included,Unknown,Unknown,Unknown,Unknown,Unknown,Unknown,Unknown,Yes,,,2026-07-28T07:01:31+00:00,success,0
AF,YVR,DEL,YVR,CA,DEL,IN,2027-03-21,2027-03-24,Winter,Economy,0,Eco-1,LIGHTBAG,Economy Lite,0.00 USD,880.23,USD,Ubfly,LIGHTBAG-LIGHTBAG,Snack; Soft drink,Included,Included,Unknown,Included,Unknown,Unknown,Unknown,Unknown,Paid,Unknown,Unknown,Unknown,Unknown,Unknown,Unknown,Unknown,Yes,,,2026-07-28T07:01:31+00:00,success,0
AF,YVR,DEL,YVR,CA,DEL,IN,2027-03-21,2027-03-24,Winter,Economy,1,Eco-2,STANDARD3,Economy Standard,+67.32 USD,947.55,USD,Ubfly,STANDARD3-STANDARD3,Snack; Soft drink; Change with Penalty,Included,Included,Included,Included,Unknown,Unknown,Unknown,Unknown,Included,Unknown,Unknown,Unknown,Unknown,Unknown,Unknown,Unknown,Yes,,,2026-07-28T07:01:31+00:00,success,0
AF,YVR,DEL,YVR,CA,DEL,IN,2027-03-21,2027-03-24,Winter,Economy,2,Eco-3,FLEX1,Economy Flex,+175.04 USD,1055.27,USD,Ubfly,FLEX1-FLEX1,Snack; Soft drink; Change with Penalty; Uninterrupted return (up to the last 12 hours),Included,Included,Included,Included,Unknown,Unknown,Unknown,Included,Included,Unknown,Unknown,Unknown,Unknown,Unknown,Unknown,Unknown,Yes,,,2026-07-28T07:01:31+00:00,success,0
AF,YVR,DEL,YVR,CA,DEL,IN,2027-03-21,2027-03-24,Winter,Economy,3,Eco-4,PREMSTAND,Economy — PREMSTAND,+486.13 USD,1366.36,USD,Ubfly,PREMSTAND-PREMSTAND,Snack; Soft drink; Change with Penalty; Privileged check-in,Included,Included,Included,Included,Unknown,Included,Included,Unknown,Unknown,Unknown,Unknown,Unknown,Unknown,Unknown,Unknown,Unknown,Yes,,,2026-07-28T07:01:31+00:00,success,0
AF,YVR,DEL,YVR,CA,DEL,IN,2027-03-21,2027-03-24,Winter,Economy,4,Eco-5,PREMFLEX,Economy Flex,+626.45 USD,1506.68,USD,Ubfly,PREMFLEX-PREMFLEX,Snack; Soft drink; Change with Penalty; Uninterrupted return (up to the last 12 hours); Privileged check-in,Included,Included,Included,Included,Unknown,Included,Included,Unknown,Unknown,Unknown,Unknown,Unknown,Unknown,Unknown,Unknown,Unknown,Yes,,,2026-07-28T07:01:31+00:00,success,0
AF,YVR,DEL,YVR,CA,DEL,IN,2027-03-21,2027-03-24,Winter,Business,0,Bus-1,DONECLASC,Business — DONECLASC,0.00 USD,6747.08,USD,Ubfly,DONECLASC-DONECLASC,Change with Penalty; In-flight entertainment; Privileged check-in; Snack; Extra legroom; Alcoholic drink,Included,Included,Included,Unknown,Included,Included,Unknown,Unknown,Included,Unknown,Unknown,Unknown,Unknown,Unknown,Unknown,Unknown,Yes,,,2026-07-28T07:01:31+00:00,success,0
AF,YVR,DEL,YVR,CA,DEL,IN,2027-03-21,2027-03-24,Winter,Business,1,Bus-2,DONEEXTRA,Business — DONEEXTRA,+257.95 USD,7005.03,USD,Ubfly,DONEEXTRA-DONEEXTRA,Change with Penalty; Uninterrupted return (up to the last 12 hours); Extra legroom; Privileged check-in; Alcoholic drink; Snack; In-flight entertainment,Included,Included,Included,Unknown,Included,Included,Unknown,Included,Included,Unknown,Unknown,Unknown,Unknown,Unknown,Unknown,Unknown,Yes,,,2026-07-28T07:01:31+00:00,success,0
AI,JFK,DEL,NYC,US,DEL,IN,2026-09-21,2026-09-24,Summer,Economy,0,Eco-1,ECOVALU,Economy — ECOVALU,0.00 USD,493.25,USD,Ubfly,ECOVALU,,Included,Included,Included,Paid,Unknown,Unknown,Unknown,Unknown,Unknown,Unknown,Unknown,Unknown,Unknown,Unknown,Unknown,Unknown,,,,2026-07-28T07:01:31+00:00,partial,3
AI,JFK,DEL,NYC,US,DEL,IN,2026-09-21,2026-09-24,Summer,Economy,1,Eco-2,ECOCLAS,Economy — ECOCLAS,+47.17 USD,540.42,USD,Ubfly,ECOCLAS,,Included,Included,Included,Paid,Unknown,Unknown,Unknown,Unknown,Unknown,Unknown,Unknown,Unknown,Unknown,Unknown,Unknown,Unknown,,,,2026-07-28T07:01:31+00:00,partial,3
AI,JFK,DEL,NYC,US,DEL,IN,2026-09-21,2026-09-24,Summer,Economy,2,Eco-3,ECOFLX,Economy — ECOFLX,+211.74 USD,704.99,USD,Ubfly,ECOFLX,Change with Penalty,Included,Included,Included,Paid,Unknown,Unknown,Unknown,Unknown,Unknown,Unknown,Unknown,Unknown,Unknown,Unknown,Unknown,Unknown,,,,2026-07-28T07:01:31+00:00,partial,3
AI,JFK,DEL,NYC,US,DEL,IN,2026-09-21,2026-09-24,Summer,Premium Economy,0,PEco-1,PEYVALU,Premium Economy — PEYVALU,"+1,608.81 USD",2102.06,USD,Ubfly,PEYVALU,,Included,Included,Included,Paid,Unknown,Unknown,Unknown,Unknown,Unknown,Unknown,Unknown,Unknown,Unknown,Unknown,Unknown,Unknown,,,,2026-07-28T07:01:31+00:00,partial,3
AI,JFK,DEL,NYC,US,DEL,IN,2026-09-21,2026-09-24,Summer,Premium Economy,1,PEco-2,PEYFLX,Premium Economy — PEYFLX,"+1,683.62 USD",2176.87,USD,Ubfly,PEYFLX,Change with Penalty,Included,Included,Included,Paid,Unknown,Unknown,Unknown,Unknown,Unknown,Unknown,Unknown,Unknown,Unknown,Unknown,Unknown,Unknown,,,,2026-07-28T07:01:31+00:00,partial,3
AI,JFK,DEL,NYC,US,DEL,IN,2026-09-21,2026-09-24,Summer,Business,0,Bus-1,BUSVALU,Business — BUSVALU,0.00 USD,3827.66,USD,Ubfly,BUSVALU,,Included,Included,Included,Paid,Unknown,Unknown,Unknown,Unknown,Unknown,Unknown,Unknown,Unknown,Unknown,Unknown,Unknown,Unknown,,,,2026-07-28T07:01:31+00:00,partial,3
AI,JFK,DEL,NYC,US,DEL,IN,2026-09-21,2026-09-24,Summer,Business,1,Bus-2,BUSFLX,Business — BUSFLX,+199.48 USD,4027.14,USD,Ubfly,BUSFLX,Change with Penalty,Included,Included,Included,Paid,Unknown,Unknown,Unknown,Unknown,Unknown,Unknown,Unknown,Unknown,Unknown,Unknown,Unknown,Unknown,,,,2026-07-28T07:01:31+00:00,partial,3
AI,JFK,DEL,NYC,US,DEL,IN,2027-02-19,2027-02-22,Winter,Economy,0,Eco-1,ECOVALU,Economy — ECOVALU,0.00 USD,592.99,USD,Ubfly,ECOVALU,,Included,Included,Included,Paid,Unknown,Unknown,Unknown,Unknown,Unknown,Unknown,Unknown,Unknown,Unknown,Unknown,Unknown,Unknown,,,,2026-07-28T07:01:31+00:00,partial,3
AI,JFK,DEL,NYC,US,DEL,IN,2027-02-19,2027-02-22,Winter,Economy,1,Eco-2,ECOCLAS,Economy — ECOCLAS,+47.17 USD,640.16,USD,Ubfly,ECOCLAS,,Included,Included,Included,Paid,Unknown,Unknown,Unknown,Unknown,Unknown,Unknown,Unknown,Unknown,Unknown,Unknown,Unknown,Unknown,,,,2026-07-28T07:01:31+00:00,partial,3
AI,JFK,DEL,NYC,US,DEL,IN,2027-02-19,2027-02-22,Winter,Economy,2,Eco-3,ECOFLX,Economy — ECOFLX,+211.74 USD,804.73,USD,Ubfly,ECOFLX,Change with Penalty,Included,Included,Included,Paid,Unknown,Unknown,Unknown,Unknown,Unknown,Unknown,Unknown,Unknown,Unknown,Unknown,Unknown,Unknown,,,,2026-07-28T07:01:31+00:00,partial,3
AI,JFK,DEL,NYC,US,DEL,IN,2027-02-19,2027-02-22,Winter,Premium Economy,0,PEco-1,PEYVALU,Premium Economy — PEYVALU,"+1,587.87 USD",2180.86,USD,Ubfly,PEYVALU,,Included,Included,Included,Paid,Unknown,Unknown,Unknown,Unknown,Unknown,Unknown,Unknown,Unknown,Unknown,Unknown,Unknown,Unknown,,,,2026-07-28T07:01:31+00:00,partial,3
AI,JFK,DEL,NYC,US,DEL,IN,2027-02-19,2027-02-22,Winter,Premium Economy,1,PEco-2,PEYFLX,Premium Economy — PEYFLX,"+1,662.68 USD",2255.67,USD,Ubfly,PEYFLX,Change with Penalty,Included,Included,Included,Paid,Unknown,Unknown,Unknown,Unknown,Unknown,Unknown,Unknown,Unknown,Unknown,Unknown,Unknown,Unknown,,,,2026-07-28T07:01:31+00:00,partial,3
AI,JFK,DEL,NYC,US,DEL,IN,2027-02-19,2027-02-22,Winter,Business,0,Bus-1,BUSVALU,Business — BUSVALU,0.00 USD,5658.89,USD,Ubfly,BUSVALU,,Included,Included,Included,Paid,Unknown,Unknown,Unknown,Unknown,Unknown,Unknown,Unknown,Unknown,Unknown,Unknown,Unknown,Unknown,,,,2026-07-28T07:01:31+00:00,partial,3
AI,JFK,DEL,NYC,US,DEL,IN,2027-02-19,2027-02-22,Winter,Business,1,Bus-2,BUSFLX,Business — BUSFLX,+199.46 USD,5858.35,USD,Ubfly,BUSFLX,Change with Penalty,Included,Included,Included,Paid,Unknown,Unknown,Unknown,Unknown,Unknown,Unknown,Unknown,Unknown,Unknown,Unknown,Unknown,Unknown,,,,2026-07-28T07:01:31+00:00,partial,3
AA,JFK,DEL,NYC,US,DEL,IN,2026-09-21,2026-09-24,Summer,Economy,0,Eco-1,ECOLITE,Economy Lite,0.00 USD,1281.4,USD,Ubfly,ECOLITE-ECOLITE-ECOLITE,,Included,Included,Unknown,Included,Unknown,Unknown,Unknown,Unknown,Unknown,Unknown,Unknown,Unknown,Unknown,Unknown,Unknown,Unknown,Yes,,,2026-07-28T07:01:31+00:00,success,3
AA,JFK,DEL,NYC,US,DEL,IN,2026-09-21,2026-09-24,Summer,Economy,1,Eco-2,ECOSMART,Economy Standard,+58.13 USD,1339.53,USD,Ubfly,ECOSMART-ECOSMART-ECOSMART,,Included,Included,Included,Included,Unknown,Unknown,Unknown,Unknown,Unknown,Unknown,Unknown,Unknown,Unknown,Unknown,Unknown,Unknown,Yes,,75.0,2026-07-28T07:01:31+00:00,success,3
AA,JFK,DEL,NYC,US,DEL,IN,2026-09-21,2026-09-24,Summer,Economy,2,Eco-3,ECOFLEX,Economy Flex,+113.98 USD,1395.38,USD,Ubfly,ECOFLEX-ECOFLEX-ECOFLEX,,Included,Included,Included,Included,Unknown,Unknown,Unknown,Unknown,Unknown,Unknown,Unknown,Unknown,Unknown,Unknown,Unknown,Unknown,Yes,,,2026-07-28T07:01:31+00:00,success,3
AA,JFK,DEL,NYC,US,DEL,IN,2026-09-21,2026-09-24,Summer,Business,0,Bus-1,BIZSMART,Business Standard,0.00 USD,3251.11,USD,Ubfly,BIZSMART-BIZSMART-BIZSMART,Privileged check-in,Included,Included,Included,Included,Included,Unknown,Unknown,Unknown,Unknown,Unknown,Unknown,Unknown,Unknown,Unknown,Unknown,Unknown,Yes,,,2026-07-28T07:01:31+00:00,success,3
AA,JFK,DEL,NYC,US,DEL,IN,2026-09-21,2026-09-24,Summer,Business,1,Bus-2,BUSINESS FLEX,Business Flex,+183.52 USD,3434.63,USD,Ubfly,BIZFLEX-BIZFLEX-BIZFLEX,Change with Penalty; Uninterrupted return (up to the last 12 hours); Privileged check-in,Included,Included,Included,Included,Included,Unknown,Unknown,Unknown,Unknown,Unknown,Unknown,Unknown,Unknown,Unknown,Unknown,Unknown,Yes,,,2026-07-28T07:01:31+00:00,success,3
AA,JFK,DEL,NYC,US,DEL,IN,2027-02-19,2027-02-22,Winter,Economy,0,Eco-1,ECOLITE,Economy Lite,0.00 USD,1418.38,USD,Ubfly,ECOLITE-ECOLITE-ECOLITE,,Included,Included,Unknown,Included,Unknown,Unknown,Unknown,Unknown,Unknown,Unknown,Unknown,Unknown,Unknown,Unknown,Unknown,Unknown,Yes,,,2026-07-28T07:01:31+00:00,success,3
AA,JFK,DEL,NYC,US,DEL,IN,2027-02-19,2027-02-22,Winter,Economy,1,Eco-2,ECOSMART,Economy Standard,+58.13 USD,1476.51,USD,Ubfly,ECOSMART-ECOSMART-ECOSMART,,Included,Included,Included,Included,Unknown,Unknown,Unknown,Unknown,Unknown,Unknown,Unknown,Unknown,Unknown,Unknown,Unknown,Unknown,Yes,,75.0,2026-07-28T07:01:31+00:00,success,3
AA,JFK,DEL,NYC,US,DEL,IN,2027-02-19,2027-02-22,Winter,Economy,2,Eco-3,ECOFLEX,Economy Flex,+113.98 USD,1532.36,USD,Ubfly,ECOFLEX-ECOFLEX-ECOFLEX,,Included,Included,Included,Included,Unknown,Unknown,Unknown,Unknown,Unknown,Unknown,Unknown,Unknown,Unknown,Unknown,Unknown,Unknown,Yes,,,2026-07-28T07:01:31+00:00,success,3
AA,JFK,DEL,NYC,US,DEL,IN,2027-02-19,2027-02-22,Winter,Business,0,Bus-1,BIZSMART,Business Standard,0.00 USD,3239.48,USD,Ubfly,BIZSMART-BIZSMART-BIZSMART,Privileged check-in,Included,Included,Included,Included,Included,Unknown,Unknown,Unknown,Unknown,Unknown,Unknown,Unknown,Unknown,Unknown,Unknown,Unknown,Yes,,,2026-07-28T07:01:31+00:00,success,3
AA,JFK,DEL,NYC,US,DEL,IN,2027-02-19,2027-02-22,Winter,Business,1,Bus-2,BUSINESS FLEX,Business Flex,+183.52 USD,3423.0,USD,Ubfly,BIZFLEX-BIZFLEX-BIZFLEX,Change with Penalty; Uninterrupted return (up to the last 12 hours); Privileged check-in,Included,Included,Included,Included,Included,Unknown,Unknown,Unknown,Unknown,Unknown,Unknown,Unknown,Unknown,Unknown,Unknown,Unknown,Yes,,,2026-07-28T07:01:31+00:00,success,3
EY,JFK,DEL,NYC,US,DEL,IN,2026-09-21,2026-09-24,Summer,Economy,0,Eco-1,YBASIC,Economy Basic,0.00 USD,376.39,USD,Ubfly,YBASIC-YBASIC,,Included,Not Included,Unknown,Included,Unknown,Unknown,Unknown,Unknown,Unknown,Unknown,Unknown,Unknown,Unknown,Unknown,Unknown,Unknown,Yes,,5.0,2026-07-28T07:01:31+00:00,success,3
EY,JFK,DEL,NYC,US,DEL,IN,2026-09-21,2026-09-24,Summer,Economy,1,Eco-2,YVALUE,Economy Basic,+29.47 USD,405.86,USD,Ubfly,YVALUE-YVALUE,,Included,Included,Unknown,Included,Unknown,Unknown,Unknown,Unknown,Unknown,Unknown,Unknown,Unknown,Unknown,Unknown,Unknown,Unknown,Yes,,35.0,2026-07-28T07:01:31+00:00,success,3
EY,JFK,DEL,NYC,US,DEL,IN,2026-09-21,2026-09-24,Summer,Economy,2,Eco-3,YCOMFORT,Economy Comfort,+316.72 USD,693.11,USD,Ubfly,YCOMFORT-YCOMFORT,,Included,Included,Included,Included,Unknown,Unknown,Unknown,Unknown,Unknown,Unknown,Unknown,Unknown,Unknown,Unknown,Unknown,Unknown,Yes,,75.0,2026-07-28T07:01:31+00:00,success,3
EY,JFK,DEL,NYC,US,DEL,IN,2026-09-21,2026-09-24,Summer,Economy,3,Eco-4,YDELUXE,Economy — YDELUXE,+507.23 USD,883.62,USD,Ubfly,YDELUXE-YDELUXE,Change with Penalty; Uninterrupted return (up to the last 12 hours); Priority Access,Included,Included,Included,Included,Unknown,Unknown,Unknown,Unknown,Unknown,Unknown,Unknown,Unknown,Unknown,Unknown,Unknown,Unknown,Yes,,,2026-07-28T07:01:31+00:00,success,3
EY,JFK,DEL,NYC,US,DEL,IN,2026-09-21,2026-09-24,Summer,Business,0,Bus-1,JVALUE,Business Basic,0.00 USD,3514.66,USD,Ubfly,JVALUE-JVALUE,Priority Access,Included,Included,Unknown,Included,Unknown,Unknown,Unknown,Unknown,Unknown,Unknown,Unknown,Unknown,Unknown,Unknown,Unknown,Unknown,Yes,,100.0,2026-07-28T07:01:31+00:00,success,3
EY,JFK,DEL,NYC,US,DEL,IN,2026-09-21,2026-09-24,Summer,Business,1,Bus-2,JCOMFORT,Business Comfort,+170.54 USD,3685.2,USD,Ubfly,JCOMFORT-JCOMFORT,Priority Access; ETIHAD UAE CHAUFFEUR(F),Included,Included,Included,Included,Included,Unknown,Unknown,Unknown,Unknown,Unknown,Unknown,Unknown,Unknown,Unknown,Unknown,Unknown,Yes,,,2026-07-28T07:01:31+00:00,success,3
EY,JFK,DEL,NYC,US,DEL,IN,2026-09-21,2026-09-24,Summer,Business,2,Bus-3,JDELUXE,Business — JDELUXE,"+1,895.05 USD",5409.71,USD,Ubfly,JDELUXE-JDELUXE,Change with Penalty; Uninterrupted return (up to the last 12 hours); Priority Access; ETIHAD UAE CHAUFFEUR(F); ETIHAD GLOBAL CHAUFFEUR(F),Included,Included,Included,Included,Included,Unknown,Unknown,Unknown,Unknown,Unknown,Unknown,Unknown,Unknown,Unknown,Unknown,Unknown,Yes,,,2026-07-28T07:01:31+00:00,success,3
EY,JFK,DEL,NYC,US,DEL,IN,2027-02-19,2027-02-22,Winter,Economy,0,Eco-1,YBASIC,Economy Basic,0.00 USD,785.82,USD,Ubfly,YBASIC-YBASIC,,Included,Not Included,Unknown,Included,Unknown,Unknown,Unknown,Unknown,Unknown,Unknown,Unknown,Unknown,Unknown,Unknown,Unknown,Unknown,Yes,,5.0,2026-07-28T07:01:31+00:00,success,3
EY,JFK,DEL,NYC,US,DEL,IN,2027-02-19,2027-02-22,Winter,Economy,1,Eco-2,YVALUE,Economy Basic,+29.47 USD,815.29,USD,Ubfly,YVALUE-YVALUE,,Included,Included,Unknown,Included,Unknown,Unknown,Unknown,Unknown,Unknown,Unknown,Unknown,Unknown,Unknown,Unknown,Unknown,Unknown,Yes,,35.0,2026-07-28T07:01:31+00:00,success,3
EY,JFK,DEL,NYC,US,DEL,IN,2027-02-19,2027-02-22,Winter,Economy,2,Eco-3,YCOMFORT,Economy Comfort,+107.28 USD,893.1,USD,Ubfly,YCOMFORT-YCOMFORT,,Included,Included,Included,Included,Unknown,Unknown,Unknown,Unknown,Unknown,Unknown,Unknown,Unknown,Unknown,Unknown,Unknown,Unknown,Yes,,75.0,2026-07-28T07:01:31+00:00,success,3
EY,JFK,DEL,NYC,US,DEL,IN,2027-02-19,2027-02-22,Winter,Economy,3,Eco-4,YDELUXE,Economy — YDELUXE,+307.75 USD,1093.57,USD,Ubfly,YDELUXE-YDELUXE,Change with Penalty; Uninterrupted return (up to the last 12 hours); Priority Access,Included,Included,Included,Included,Unknown,Unknown,Unknown,Unknown,Unknown,Unknown,Unknown,Unknown,Unknown,Unknown,Unknown,Unknown,Yes,,,2026-07-28T07:01:31+00:00,success,3
EY,JFK,DEL,NYC,US,DEL,IN,2027-02-19,2027-02-22,Winter,Business,0,Bus-1,JVALUE,Business Basic,0.00 USD,6915.63,USD,Ubfly,JVALUE-JVALUE,Priority Access,Included,Included,Unknown,Included,Unknown,Unknown,Unknown,Unknown,Unknown,Unknown,Unknown,Unknown,Unknown,Unknown,Unknown,Unknown,Yes,,100.0,2026-07-28T07:01:31+00:00,success,3
EY,JFK,DEL,NYC,US,DEL,IN,2027-02-19,2027-02-22,Winter,Business,1,Bus-2,JCOMFORT,Business Comfort,+230.41 USD,7146.04,USD,Ubfly,JCOMFORT-JCOMFORT,Priority Access; ETIHAD UAE CHAUFFEUR(F),Included,Included,Included,Included,Included,Unknown,Unknown,Unknown,Unknown,Unknown,Unknown,Unknown,Unknown,Unknown,Unknown,Unknown,Yes,,,2026-07-28T07:01:31+00:00,success,3
EY,JFK,DEL,NYC,US,DEL,IN,2027-02-19,2027-02-22,Winter,Business,2,Bus-3,JDELUXE,Business — JDELUXE,+629.37 USD,7545.0,USD,Ubfly,JDELUXE-JDELUXE,Change with Penalty; Uninterrupted return (up to the last 12 hours); Priority Access; ETIHAD UAE CHAUFFEUR(F); ETIHAD GLOBAL CHAUFFEUR(F),Included,Included,Included,Included,Included,Unknown,Unknown,Unknown,Unknown,Unknown,Unknown,Unknown,Unknown,Unknown,Unknown,Unknown,Yes,,,2026-07-28T07:01:31+00:00,success,3
VS,JFK,DEL,NYC,US,DEL,IN,2026-09-21,2026-09-24,Summer,Economy,0,Eco-1,MAINBASIC,Economy Basic,0.00 USD,829.29,USD,Ubfly,MAINBASIC-MAINBASIC,In-flight entertainment; Snack; Last Group on Boarding; Limited overhead space; Alcoholic drink,Included,Included,Unknown,Unknown,Unknown,Unknown,Unknown,Unknown,Unknown,Unknown,Unknown,Unknown,Unknown,Unknown,Unknown,Unknown,,,,2026-07-28T07:01:31+00:00,success,3
VS,JFK,DEL,NYC,US,DEL,IN,2026-09-21,2026-09-24,Summer,Economy,1,Eco-2,MAINCLASC,Economy Standard,+63.83 USD,893.12,USD,Ubfly,MAINCLASC-MAINCLASC,Change with Penalty; Standard boarding; Alcoholic drink; Snack; In-flight entertainment,Included,Included,Included,Unknown,Unknown,Unknown,Unknown,Unknown,Unknown,Unknown,Unknown,Unknown,Unknown,Unknown,Unknown,Unknown,Yes,,,2026-07-28T07:01:31+00:00,success,3
VS,JFK,DEL,NYC,US,DEL,IN,2026-09-21,2026-09-24,Summer,Economy,2,Eco-3,MAINEXTRA,Economy Standard,+263.31 USD,1092.6,USD,Ubfly,MAINEXTRA-MAINEXTRA,Change with Penalty; Uninterrupted return (up to the last 12 hours); Standard boarding; Alcoholic drink; Snack; In-flight entertainment,Included,Included,Included,Unknown,Unknown,Unknown,Unknown,Unknown,Unknown,Unknown,Unknown,Unknown,Unknown,Unknown,Unknown,Unknown,Yes,,,2026-07-28T07:01:31+00:00,success,3
VS,JFK,DEL,NYC,US,DEL,IN,2026-09-21,2026-09-24,Summer,Economy,3,Eco-4,DPSCLASC,Economy — DPSCLASC,+813.86 USD,1643.15,USD,Ubfly,DPSCLASC-DPSCLASC,Change with Penalty; Extra legroom; Privileged check-in; Alcoholic drink; Snack; In-flight entertainment,Included,Included,Included,Unknown,Unknown,Included,Unknown,Unknown,Unknown,Unknown,Unknown,Unknown,Unknown,Unknown,Unknown,Unknown,Yes,,,2026-07-28T07:01:31+00:00,success,3
VS,JFK,DEL,NYC,US,DEL,IN,2026-09-21,2026-09-24,Summer,Economy,4,Eco-5,DPSEXTRA,Economy — DPSEXTRA,"+1,212.82 USD",2042.11,USD,Ubfly,DPSEXTRA-DPSEXTRA,Change with Penalty; Uninterrupted return (up to the last 12 hours); Extra legroom; Privileged check-in; Alcoholic drink; Snack; In-flight entertainment,Included,Included,Included,Unknown,Unknown,Included,Unknown,Unknown,Unknown,Unknown,Unknown,Unknown,Unknown,Unknown,Unknown,Unknown,Yes,,,2026-07-28T07:01:31+00:00,success,3
VS,JFK,DEL,NYC,US,DEL,IN,2026-09-21,2026-09-24,Summer,Business,0,Bus-1,DONECLASC,Business — DONECLASC,0.00 USD,5082.97,USD,Ubfly,DONECLASC-DONECLASC,Change with Penalty; In-flight entertainment; Snack; Privileged check-in; Alcoholic drink; Extra legroom,Included,Included,Included,Unknown,Included,Included,Unknown,Unknown,Unknown,Unknown,Unknown,Unknown,Unknown,Unknown,Unknown,Unknown,Yes,,,2026-07-28T07:01:31+00:00,success,3
VS,JFK,DEL,NYC,US,DEL,IN,2026-09-21,2026-09-24,Summer,Business,1,Bus-2,DONEEXTRA,Business — DONEEXTRA,"+1,032.30 USD",6115.27,USD,Ubfly,DONEEXTRA-DONEEXTRA,Change with Penalty; Uninterrupted return (up to the last 12 hours); Extra legroom; Privileged check-in; Alcoholic drink; Snack; In-flight entertainment,Included,Included,Included,Unknown,Included,Included,Unknown,Unknown,Unknown,Unknown,Unknown,Unknown,Unknown,Unknown,Unknown,Unknown,Yes,,,2026-07-28T07:01:31+00:00,success,3
VS,JFK,DEL,NYC,US,DEL,IN,2027-02-19,2027-02-22,Winter,Business,0,Bus-1,BASIC BUS,Business Basic,0.00 USD,6872.55,USD,Ubfly,NBASICB-NBASICB-NBASICB,Business/First Class: 2 free bags,Included,Included,Included,Unknown,Unknown,Unknown,Unknown,Unknown,Unknown,Unknown,Unknown,Unknown,Unknown,Unknown,Unknown,Unknown,Yes,,,2026-07-28T07:01:31+00:00,success,3
VS,JFK,DEL,NYC,US,DEL,IN,2027-02-19,2027-02-22,Winter,Business,1,Bus-2,FLEX BUS,Business Flex,+432.88 USD,7305.43,USD,Ubfly,NFLEXB-NFLEXB-NFLEXB,Change without penalty; Uninterrupted return (up to the last 12 hours); Business/First Class: 2 free bags; Change with Penalty,Included,Included,Included,Unknown,Unknown,Unknown,Unknown,Unknown,Unknown,Unknown,Unknown,Unknown,Unknown,Unknown,Unknown,Unknown,Yes,,175.0,2026-07-28T07:01:31+00:00,success,3
