Carrier,Origin,Destination,Origin City Code,Origin Country Code,Dest City Code,Dest Country Code,Departure Date,Return Date,Season,Cabin,Brand Order,Tier Code,Raw Brand Name,Normalized Brand Name,Display Price,Calculated Absolute Price,Currency,Source,Fare Family Code,Brand Description,Cabin Baggage,Checked Baggage,Seat Selection,Meal,Lounge,Priority Boarding,Fast Track,Refund,Change,No-Show Refund,No-Show Change,Same Day Earlier Flight,WiFi,Extra Baggage,Sports Equipment,Pet,Mileage Available,Miles Earned,Bonus Percent,Scrape Timestamp,Status,Retry Count
SQ,LHR,SIN,LON,GB,SIN,SG,2026-10-31,2026-11-03,Summer,Economy,0,Eco-1,Basic,Economy Basic,0.00 USD,947.35,USD,Ubfly,YCLVALUE,,Included,Included,Unknown,Unknown,Unknown,Unknown,Unknown,Unknown,Unknown,Unknown,Unknown,Unknown,Unknown,Unknown,Unknown,Unknown,,,,2026-07-28T11:11:35+00:00,partial,0
SQ,LHR,SIN,LON,GB,SIN,SG,2026-11-03,2026-11-06,Winter,Economy,0,Eco-1,Basic,Economy Basic,0.00 USD,907.43,USD,Ubfly,YCLVALUE,,Included,Included,Unknown,Unknown,Unknown,Unknown,Unknown,Unknown,Unknown,Unknown,Unknown,Unknown,Unknown,Unknown,Unknown,Unknown,,,,2026-07-28T11:11:35+00:00,partial,0
BA,LHR,SIN,LON,GB,SIN,SG,2026-10-31,2026-11-03,Summer,Economy,0,Eco-1,BASIC,Economy Basic,0.00 USD,1032.56,USD,Ubfly,NOBAG,Personal Item: 40 x 30 x 15 cm,Included,Not Included,Unknown,Included,Unknown,Unknown,Unknown,Unknown,Unknown,Unknown,Unknown,Unknown,Unknown,Unknown,Unknown,Unknown,,,,2026-07-28T11:11:35+00:00,partial,0
BA,LHR,SIN,LON,GB,SIN,SG,2026-10-31,2026-11-03,Summer,Economy,1,Eco-2,ECONOMY BASIC,Economy Basic,+36.68 USD,1069.24,USD,Ubfly,BAG,Personal Item: 40 x 30 x 15 cm; 1 Piece Luggage (23 Kg),Included,Included,Unknown,Included,Unknown,Unknown,Unknown,Unknown,Unknown,Unknown,Unknown,Unknown,Unknown,Unknown,Unknown,Unknown,,,,2026-07-28T11:11:35+00:00,partial,0
BA,LHR,SIN,LON,GB,SIN,SG,2026-10-31,2026-11-03,Summer,Economy,2,Eco-3,PLUS SELECT,Economy Comfort,+166.36 USD,1198.92,USD,Ubfly,ECONSEL,Personal Item: 40 x 30 x 15 cm; 1 Piece Luggage (23 Kg); Change without penalty before flight,Included,Included,Unknown,Included,Unknown,Unknown,Unknown,Unknown,Included,Unknown,Unknown,Unknown,Unknown,Unknown,Unknown,Unknown,,,,2026-07-28T11:11:35+00:00,partial,0
BA,LHR,SIN,LON,GB,SIN,SG,2026-10-31,2026-11-03,Summer,Economy,3,Eco-4,ECONPRO,Economy — ECONPRO,+232.92 USD,1265.48,USD,Ubfly,ECONPRO,Change without penalty before flight; Personal Item: 40 x 30 x 15 cm; 1 Piece Luggage (23 Kg),Included,Included,Included,Included,Unknown,Unknown,Unknown,Included,Included,Unknown,Unknown,Unknown,Unknown,Unknown,Unknown,Unknown,,,,2026-07-28T11:11:35+00:00,partial,0
BA,LHR,SIN,LON,GB,SIN,SG,2026-10-31,2026-11-03,Summer,Economy,4,Eco-5,PLUS FLEX,Economy Comfort,"+2,389.08 USD",3421.64,USD,Ubfly,ECONFLEX,Change without penalty before flight; Personal Item: 40 x 30 x 15 cm; 1 Piece Luggage (23 Kg),Included,Included,Included,Included,Unknown,Unknown,Unknown,Included,Included,Unknown,Unknown,Unknown,Unknown,Unknown,Unknown,Unknown,,,,2026-07-28T11:11:35+00:00,partial,0
BA,LHR,SIN,LON,GB,SIN,SG,2026-10-31,2026-11-03,Summer,Premium Economy,0,PEco-1,PREMECON,Premium Economy — PREMECON,"+1,677.02 USD",2709.58,USD,Ubfly,PREMECON,Personal Item: 40 x 30 x 15 cm,Included,Included,Unknown,Included,Unknown,Unknown,Unknown,Unknown,Unknown,Unknown,Unknown,Unknown,Unknown,Unknown,Unknown,Unknown,,,,2026-07-28T11:11:35+00:00,partial,0
BA,LHR,SIN,LON,GB,SIN,SG,2026-10-31,2026-11-03,Summer,Premium Economy,1,PEco-2,PESEL,Premium Economy — PESEL,"+1,810.11 USD",2842.67,USD,Ubfly,PESEL,Personal Item: 40 x 30 x 15 cm; Change without penalty before flight,Included,Included,Unknown,Included,Unknown,Unknown,Unknown,Unknown,Included,Unknown,Unknown,Unknown,Unknown,Unknown,Unknown,Unknown,,,,2026-07-28T11:11:35+00:00,partial,0
BA,LHR,SIN,LON,GB,SIN,SG,2026-10-31,2026-11-03,Summer,Premium Economy,2,PEco-3,PEPRO,Premium Economy — PEPRO,"+1,909.93 USD",2942.49,USD,Ubfly,PEPRO,Personal Item: 40 x 30 x 15 cm; Change without penalty before flight,Included,Included,Included,Included,Unknown,Unknown,Unknown,Included,Included,Unknown,Unknown,Unknown,Unknown,Unknown,Unknown,Unknown,,,,2026-07-28T11:11:35+00:00,partial,0
BA,LHR,SIN,LON,GB,SIN,SG,2026-10-31,2026-11-03,Summer,Premium Economy,3,PEco-4,PEFLEX,Premium Economy Flex,"+3,664.14 USD",4696.7,USD,Ubfly,PEFLEX,Personal Item: 40 x 30 x 15 cm; Change without penalty before flight,Included,Included,Included,Included,Unknown,Unknown,Unknown,Included,Included,Unknown,Unknown,Unknown,Unknown,Unknown,Unknown,Unknown,,,,2026-07-28T11:11:35+00:00,partial,0
BA,LHR,SIN,LON,GB,SIN,SG,2026-10-31,2026-11-03,Summer,Business,0,Bus-1,BIZPROMO,Business Basic,0.00 USD,9479.73,USD,Ubfly,BIZPROMO,Personal Item: 40 x 30 x 15 cm; Dedicated check-in area,Included,Included,Unknown,Included,Included,Unknown,Included,Unknown,Unknown,Unknown,Unknown,Unknown,Unknown,Unknown,Unknown,Unknown,,,,2026-07-28T11:11:35+00:00,partial,0
BA,LHR,SIN,LON,GB,SIN,SG,2026-10-31,2026-11-03,Summer,Business,1,Bus-2,BUSINESS PLUS SELECT,Business Comfort,+465.83 USD,9945.56,USD,Ubfly,BIZSEL,Personal Item: 40 x 30 x 15 cm; Dedicated check-in area,Included,Included,Included,Included,Included,Unknown,Included,Unknown,Unknown,Unknown,Unknown,Unknown,Unknown,Unknown,Unknown,Unknown,,,,2026-07-28T11:11:35+00:00,partial,0
BA,LHR,SIN,LON,GB,SIN,SG,2026-10-31,2026-11-03,Summer,Business,2,Bus-3,BIZPRO,Business — BIZPRO,+732.04 USD,10211.77,USD,Ubfly,BIZPRO,Dedicated check-in area; Change without penalty before flight; Personal Item: 40 x 30 x 15 cm,Included,Included,Included,Included,Included,Unknown,Included,Included,Included,Unknown,Unknown,Unknown,Unknown,Unknown,Unknown,Unknown,,,,2026-07-28T11:11:35+00:00,partial,0
BA,LHR,SIN,LON,GB,SIN,SG,2026-10-31,2026-11-03,Summer,Business,3,Bus-4,BUSINESS FLEX,Business Flex,"+2,129.55 USD",11609.28,USD,Ubfly,BIZFLEX,Personal Item: 40 x 30 x 15 cm; Dedicated check-in area; Change without penalty before flight,Included,Included,Included,Included,Included,Unknown,Included,Included,Included,Unknown,Unknown,Unknown,Unknown,Unknown,Unknown,Unknown,,,,2026-07-28T11:11:35+00:00,partial,0
BA,LHR,SIN,LON,GB,SIN,SG,2026-11-03,2026-11-06,Winter,Economy,0,Eco-1,BASIC,Economy Basic,0.00 USD,1032.56,USD,Ubfly,NOBAG,Personal Item: 40 x 30 x 15 cm,Included,Not Included,Unknown,Included,Unknown,Unknown,Unknown,Unknown,Unknown,Unknown,Unknown,Unknown,Unknown,Unknown,Unknown,Unknown,,,,2026-07-28T11:11:35+00:00,partial,0
BA,LHR,SIN,LON,GB,SIN,SG,2026-11-03,2026-11-06,Winter,Economy,1,Eco-2,ECONOMY BASIC,Economy Basic,+36.68 USD,1069.24,USD,Ubfly,BAG,Personal Item: 40 x 30 x 15 cm; 1 Piece Luggage (23 Kg),Included,Included,Unknown,Included,Unknown,Unknown,Unknown,Unknown,Unknown,Unknown,Unknown,Unknown,Unknown,Unknown,Unknown,Unknown,,,,2026-07-28T11:11:35+00:00,partial,0
BA,LHR,SIN,LON,GB,SIN,SG,2026-11-03,2026-11-06,Winter,Economy,2,Eco-3,PLUS SELECT,Economy Comfort,+166.36 USD,1198.92,USD,Ubfly,ECONSEL,Personal Item: 40 x 30 x 15 cm; 1 Piece Luggage (23 Kg); Change without penalty before flight,Included,Included,Unknown,Included,Unknown,Unknown,Unknown,Unknown,Included,Unknown,Unknown,Unknown,Unknown,Unknown,Unknown,Unknown,,,,2026-07-28T11:11:35+00:00,partial,0
BA,LHR,SIN,LON,GB,SIN,SG,2026-11-03,2026-11-06,Winter,Economy,3,Eco-4,ECONPRO,Economy — ECONPRO,+232.92 USD,1265.48,USD,Ubfly,ECONPRO,Personal Item: 40 x 30 x 15 cm; 1 Piece Luggage (23 Kg); Change without penalty before flight,Included,Included,Included,Included,Unknown,Unknown,Unknown,Included,Included,Unknown,Unknown,Unknown,Unknown,Unknown,Unknown,Unknown,,,,2026-07-28T11:11:35+00:00,partial,0
BA,LHR,SIN,LON,GB,SIN,SG,2026-11-03,2026-11-06,Winter,Economy,4,Eco-5,PLUS FLEX,Economy Comfort,"+2,389.08 USD",3421.64,USD,Ubfly,ECONFLEX,Personal Item: 40 x 30 x 15 cm; 1 Piece Luggage (23 Kg); Change without penalty before flight,Included,Included,Included,Included,Unknown,Unknown,Unknown,Included,Included,Unknown,Unknown,Unknown,Unknown,Unknown,Unknown,Unknown,,,,2026-07-28T11:11:35+00:00,partial,0
BA,LHR,SIN,LON,GB,SIN,SG,2026-11-03,2026-11-06,Winter,Premium Economy,0,PEco-1,PREMECON,Premium Economy — PREMECON,"+1,677.02 USD",2709.58,USD,Ubfly,PREMECON,Personal Item: 40 x 30 x 15 cm,Included,Included,Unknown,Included,Unknown,Unknown,Unknown,Unknown,Unknown,Unknown,Unknown,Unknown,Unknown,Unknown,Unknown,Unknown,,,,2026-07-28T11:11:35+00:00,partial,0
BA,LHR,SIN,LON,GB,SIN,SG,2026-11-03,2026-11-06,Winter,Premium Economy,1,PEco-2,PESEL,Premium Economy — PESEL,"+1,810.11 USD",2842.67,USD,Ubfly,PESEL,Personal Item: 40 x 30 x 15 cm; Change without penalty before flight,Included,Included,Unknown,Included,Unknown,Unknown,Unknown,Unknown,Included,Unknown,Unknown,Unknown,Unknown,Unknown,Unknown,Unknown,,,,2026-07-28T11:11:35+00:00,partial,0
BA,LHR,SIN,LON,GB,SIN,SG,2026-11-03,2026-11-06,Winter,Premium Economy,2,PEco-3,PEPRO,Premium Economy — PEPRO,"+1,909.93 USD",2942.49,USD,Ubfly,PEPRO,Personal Item: 40 x 30 x 15 cm; Change without penalty before flight,Included,Included,Included,Included,Unknown,Unknown,Unknown,Included,Included,Unknown,Unknown,Unknown,Unknown,Unknown,Unknown,Unknown,,,,2026-07-28T11:11:35+00:00,partial,0
BA,LHR,SIN,LON,GB,SIN,SG,2026-11-03,2026-11-06,Winter,Premium Economy,3,PEco-4,PEFLEX,Premium Economy Flex,"+3,664.14 USD",4696.7,USD,Ubfly,PEFLEX,Personal Item: 40 x 30 x 15 cm; Change without penalty before flight,Included,Included,Included,Included,Unknown,Unknown,Unknown,Included,Included,Unknown,Unknown,Unknown,Unknown,Unknown,Unknown,Unknown,,,,2026-07-28T11:11:35+00:00,partial,0
BA,LHR,SIN,LON,GB,SIN,SG,2026-11-03,2026-11-06,Winter,Business,0,Bus-1,BIZPROMO,Business Basic,0.00 USD,5162.45,USD,Ubfly,BIZPROMO,Personal Item: 40 x 30 x 15 cm; Dedicated check-in area,Included,Included,Unknown,Included,Included,Unknown,Included,Unknown,Unknown,Unknown,Unknown,Unknown,Unknown,Unknown,Unknown,Unknown,,,,2026-07-28T11:11:35+00:00,partial,0
BA,LHR,SIN,LON,GB,SIN,SG,2026-11-03,2026-11-06,Winter,Business,1,Bus-2,BUSINESS PLUS SELECT,Business Comfort,+605.60 USD,5768.05,USD,Ubfly,BIZSEL,Dedicated check-in area; Personal Item: 40 x 30 x 15 cm,Included,Included,Included,Included,Included,Unknown,Included,Unknown,Unknown,Unknown,Unknown,Unknown,Unknown,Unknown,Unknown,Unknown,,,,2026-07-28T11:11:35+00:00,partial,0
BA,LHR,SIN,LON,GB,SIN,SG,2026-11-03,2026-11-06,Winter,Business,2,Bus-3,BIZPRO,Business — BIZPRO,"+1,082.07 USD",6244.52,USD,Ubfly,BIZPRO,Dedicated check-in area; Change without penalty before flight; Personal Item: 40 x 30 x 15 cm,Included,Included,Included,Included,Included,Unknown,Included,Included,Included,Unknown,Unknown,Unknown,Unknown,Unknown,Unknown,Unknown,,,,2026-07-28T11:11:35+00:00,partial,0
BA,LHR,SIN,LON,GB,SIN,SG,2026-11-03,2026-11-06,Winter,Business,3,Bus-4,BUSINESS FLEX,Business Flex,"+3,833.18 USD",8995.63,USD,Ubfly,BIZFLEX,Personal Item: 40 x 30 x 15 cm; Dedicated check-in area; Change without penalty before flight,Included,Included,Included,Included,Included,Unknown,Included,Included,Included,Unknown,Unknown,Unknown,Unknown,Unknown,Unknown,Unknown,,,,2026-07-28T11:11:35+00:00,partial,0
QF,LHR,SIN,LON,GB,SIN,SG,2026-10-31,2026-11-03,Summer,Economy,0,Eco-1,Economy Saver,Economy Basic,0.00 USD,965.96,USD,Ubfly,ECSV,1. Changes:; · At any time; · Permitted with a change fee. Please refer to the fare rules for the applicable change fees.; · New fare must be of equal or higher value; 2. Name changes:; · Name change is not permitted; 4.Qantas Frequent Flyer benefits:; · Qantas Points and Status credits may be earned on this fare and will be calculated on each Segment; 5. Inclusions on Qantas operated flights:; · Complimentary in-flight entertainment where available; Classic Upgrade Rewards may be eligible on this fare on Qantas Operated flights,Included,Included,Included,Included,Paid,Unknown,Unknown,Included,Not Included,Unknown,Unknown,Unknown,Unknown,Unknown,Unknown,Unknown,,,,2026-07-28T11:11:35+00:00,partial,0
QF,LHR,SIN,LON,GB,SIN,SG,2026-10-31,2026-11-03,Summer,Economy,1,Eco-2,Economy Flex,Economy Flex,+582.69 USD,1548.65,USD,Ubfly,ECFL,1. Changes:; · At any time; · Change is permitted.; · New fare must be of equal or higher value; 2. Name changes:; · Name change is not permitted; 4.Qantas Frequent Flyer benefits:; · Qantas Points and Status credits may be earned on this fare and will be calculated on each Segment; 5. Inclusions on Qantas operated flights:; · Complimentary in-flight entertainment where available; Classic Upgrade Rewards may be eligible on this fare on Qantas Operated flights,Included,Included,Included,Included,Paid,Unknown,Unknown,Included,Not Included,Unknown,Unknown,Unknown,Unknown,Unknown,Unknown,Unknown,,,,2026-07-28T11:11:35+00:00,partial,0
QF,LHR,SIN,LON,GB,SIN,SG,2026-10-31,2026-11-03,Summer,Premium Economy,0,PEco-1,Premium Economy Saver,Premium Economy Basic,"+1,804.40 USD",2770.36,USD,Ubfly,PYSV,1. Changes:; · At any time; · Permitted with a change fee. Please refer to the fare rules for the applicable change fees.; · New fare must be of equal or higher value; 2. Name changes:; · Name change is not permitted; 4.Qantas Frequent Flyer benefits:; · Qantas Points and Status credits may be earned on this fare and will be calculated on each Segment; 5. Inclusions on Qantas operated flights:; · Complimentary in-flight entertainment where available; Classic Upgrade Rewards may be eligible on this fare on Qantas Operated flights,Included,Included,Included,Included,Paid,Unknown,Unknown,Included,Not Included,Unknown,Unknown,Unknown,Unknown,Unknown,Unknown,Unknown,,,,2026-07-28T11:11:35+00:00,partial,0
QF,LHR,SIN,LON,GB,SIN,SG,2026-10-31,2026-11-03,Summer,Premium Economy,1,PEco-2,Premium Economy Flex,Premium Economy Flex,"+2,565.72 USD",3531.68,USD,Ubfly,PYFL,1. Changes:; · At any time; · Change is permitted.; · New fare must be of equal or higher value; 2. Name changes:; · Name change is not permitted; 4.Qantas Frequent Flyer benefits:; · Qantas Points and Status credits may be earned on this fare and will be calculated on each Segment; 5. Inclusions on Qantas operated flights:; · Complimentary in-flight entertainment where available; Classic Upgrade Rewards may be eligible on this fare on Qantas Operated flights,Included,Included,Included,Included,Paid,Unknown,Unknown,Included,Not Included,Unknown,Unknown,Unknown,Unknown,Unknown,Unknown,Unknown,,,,2026-07-28T11:11:35+00:00,partial,0
QF,LHR,SIN,LON,GB,SIN,SG,2026-11-03,2026-11-06,Winter,Economy,0,Eco-1,Economy Saver,Economy Basic,0.00 USD,842.73,USD,Ubfly,ECSV,1. Changes:; · At any time; · Permitted with a change fee. Please refer to the fare rules for the applicable change fees.; · New fare must be of equal or higher value; 2. Name changes:; · Name change is not permitted; 4.Qantas Frequent Flyer benefits:; · Qantas Points and Status credits may be earned on this fare and will be calculated on each Segment; 5. Inclusions on Qantas operated flights:; · Complimentary in-flight entertainment where available; Classic Upgrade Rewards may be eligible on this fare on Qantas Operated flights,Included,Included,Included,Included,Paid,Unknown,Unknown,Included,Not Included,Unknown,Unknown,Unknown,Unknown,Unknown,Unknown,Unknown,,,,2026-07-28T11:11:35+00:00,partial,0
QF,LHR,SIN,LON,GB,SIN,SG,2026-11-03,2026-11-06,Winter,Economy,1,Eco-2,Economy Flex,Economy Flex,+582.69 USD,1425.42,USD,Ubfly,ECFL,1. Changes:; · At any time; · Change is permitted.; · New fare must be of equal or higher value; 2. Name changes:; · Name change is not permitted; 4.Qantas Frequent Flyer benefits:; · Qantas Points and Status credits may be earned on this fare and will be calculated on each Segment; 5. Inclusions on Qantas operated flights:; · Complimentary in-flight entertainment where available; Classic Upgrade Rewards may be eligible on this fare on Qantas Operated flights,Included,Included,Included,Included,Paid,Unknown,Unknown,Included,Not Included,Unknown,Unknown,Unknown,Unknown,Unknown,Unknown,Unknown,,,,2026-07-28T11:11:35+00:00,partial,0
QF,LHR,SIN,LON,GB,SIN,SG,2026-11-03,2026-11-06,Winter,Premium Economy,0,PEco-1,Premium Economy Flex,Premium Economy Flex,"+2,498.61 USD",3341.34,USD,Ubfly,PYFL,1. Changes:; · At any time; · Change is permitted.; · New fare must be of equal or higher value; 2. Name changes:; · Name change is not permitted; 4.Qantas Frequent Flyer benefits:; · Qantas Points and Status credits may be earned on this fare and will be calculated on each Segment; 5. Inclusions on Qantas operated flights:; · Complimentary in-flight entertainment where available; Classic Upgrade Rewards may be eligible on this fare on Qantas Operated flights,Included,Included,Included,Included,Paid,Unknown,Unknown,Included,Not Included,Unknown,Unknown,Unknown,Unknown,Unknown,Unknown,Unknown,,,,2026-07-28T11:11:35+00:00,partial,0
QR,LHR,SIN,LON,GB,SIN,SG,2026-10-31,2026-11-03,Summer,Economy,0,Eco-1,ECONOMY CLASSIC,Economy Standard,0.00 USD,855.04,USD,Ubfly,ECLASSIC,,Included,Included,Unknown,Included,Unknown,Unknown,Unknown,Unknown,Unknown,Unknown,Unknown,Unknown,Unknown,Unknown,Unknown,Unknown,Yes,,50.0,2026-07-28T11:11:35+00:00,success,0
QR,LHR,SIN,LON,GB,SIN,SG,2026-10-31,2026-11-03,Summer,Economy,1,Eco-2,ECONOMY CONVENIENCE,Economy — ECONOMY CONVENIENCE,+52.64 USD,907.68,USD,Ubfly,ECONVENIEN,,Included,Included,Included,Included,Unknown,Unknown,Unknown,Unknown,Unknown,Unknown,Unknown,Unknown,Unknown,Unknown,Unknown,Unknown,Yes,,75.0,2026-07-28T11:11:35+00:00,success,0
QR,LHR,SIN,LON,GB,SIN,SG,2026-10-31,2026-11-03,Summer,Economy,2,Eco-3,ECONOMY COMFORT,Economy Comfort,+467.16 USD,1322.2,USD,Ubfly,ECOMFORT,Uninterrupted return (up to the last 12 hours); Change with Penalty,Included,Included,Included,Included,Unknown,Unknown,Unknown,Unknown,Unknown,Unknown,Unknown,Unknown,Unknown,Unknown,Unknown,Unknown,Yes,,100.0,2026-07-28T11:11:35+00:00,success,0
QR,LHR,SIN,LON,GB,SIN,SG,2026-10-31,2026-11-03,Summer,Business,0,Bus-1,BUSINESS COMFORT,Business Comfort,0.00 USD,5142.59,USD,Ubfly,BCOMFORT,175 PCT QMILES ACCUMULATION(F),Included,Included,Included,Included,Included,Unknown,Unknown,Unknown,Unknown,Unknown,Unknown,Unknown,Unknown,Unknown,Unknown,Unknown,,,,2026-07-28T11:11:35+00:00,success,0
QR,LHR,SIN,LON,GB,SIN,SG,2026-10-31,2026-11-03,Summer,Business,1,Bus-2,BUSINESS ELITE,Business Lite,+696.11 USD,5838.7,USD,Ubfly,BELITE,200 PCT QMILES ACCUMULATION(F); Uninterrupted return (up to the last 12 hours); Change with Penalty,Included,Included,Included,Included,Included,Unknown,Unknown,Unknown,Unknown,Unknown,Unknown,Unknown,Unknown,Unknown,Unknown,Unknown,,,,2026-07-28T11:11:35+00:00,success,0
QR,LHR,SIN,LON,GB,SIN,SG,2026-11-03,2026-11-06,Winter,Economy,0,Eco-1,ECONOMY CLASSIC,Economy Standard,0.00 USD,704.63,USD,Ubfly,ECLASSIC,,Included,Included,Unknown,Included,Unknown,Unknown,Unknown,Unknown,Unknown,Unknown,Unknown,Unknown,Unknown,Unknown,Unknown,Unknown,Yes,,50.0,2026-07-28T11:11:35+00:00,success,0
QR,LHR,SIN,LON,GB,SIN,SG,2026-11-03,2026-11-06,Winter,Economy,1,Eco-2,ECONOMY CONVENIENCE,Economy — ECONOMY CONVENIENCE,+168.44 USD,873.07,USD,Ubfly,ECONVENIEN,,Included,Included,Included,Included,Unknown,Unknown,Unknown,Unknown,Unknown,Unknown,Unknown,Unknown,Unknown,Unknown,Unknown,Unknown,Yes,,75.0,2026-07-28T11:11:35+00:00,success,0
QR,LHR,SIN,LON,GB,SIN,SG,2026-11-03,2026-11-06,Winter,Economy,2,Eco-3,ECONOMY COMFORT,Economy Comfort,+582.95 USD,1287.58,USD,Ubfly,ECOMFORT,Uninterrupted return (up to the last 12 hours); Change with Penalty,Included,Included,Included,Included,Unknown,Unknown,Unknown,Unknown,Unknown,Unknown,Unknown,Unknown,Unknown,Unknown,Unknown,Unknown,Yes,,100.0,2026-07-28T11:11:35+00:00,success,0
QR,LHR,SIN,LON,GB,SIN,SG,2026-11-03,2026-11-06,Winter,Business,0,Bus-1,BUSINESS COMFORT,Business Comfort,0.00 USD,4598.29,USD,Ubfly,BCOMFORT,175 PCT QMILES ACCUMULATION(F),Included,Included,Included,Included,Included,Unknown,Unknown,Unknown,Unknown,Unknown,Unknown,Unknown,Unknown,Unknown,Unknown,Unknown,,,,2026-07-28T11:11:35+00:00,success,0
QR,LHR,SIN,LON,GB,SIN,SG,2026-11-03,2026-11-06,Winter,Business,1,Bus-2,BUSINESS ELITE,Business Lite,"+1,139.32 USD",5737.61,USD,Ubfly,BELITE,200 PCT QMILES ACCUMULATION(F); Uninterrupted return (up to the last 12 hours); Change with Penalty,Included,Included,Included,Included,Included,Unknown,Unknown,Unknown,Unknown,Unknown,Unknown,Unknown,Unknown,Unknown,Unknown,Unknown,,,,2026-07-28T11:11:35+00:00,success,0
MH,LHR,KUL,LON,GB,KUL,MY,2026-09-18,2026-09-21,Summer,Economy,0,Eco-1,Basic,Economy Basic,0.00 USD,822.12,USD,Ubfly,BASIC,,Included,Included,Unknown,Unknown,Unknown,Unknown,Unknown,Unknown,Unknown,Unknown,Unknown,Unknown,Unknown,Unknown,Unknown,Unknown,,,,2026-07-28T11:11:35+00:00,partial,0
MH,LHR,KUL,LON,GB,KUL,MY,2027-01-24,2027-01-27,Winter,Economy,0,Eco-1,Basic,Economy Basic,0.00 USD,822.12,USD,Ubfly,BASIC,,Included,Included,Unknown,Unknown,Unknown,Unknown,Unknown,Unknown,Unknown,Unknown,Unknown,Unknown,Unknown,Unknown,Unknown,Unknown,,,,2026-07-28T11:11:35+00:00,partial,0
BA,LHR,KUL,LON,GB,KUL,MY,2026-09-18,2026-09-21,Summer,Economy,0,Eco-1,BASIC,Economy Basic,0.00 USD,935.4,USD,Ubfly,NOBAG,Personal Item: 40 x 30 x 15 cm,Included,Not Included,Unknown,Included,Unknown,Unknown,Unknown,Unknown,Unknown,Unknown,Unknown,Unknown,Unknown,Unknown,Unknown,Unknown,,,,2026-07-28T11:11:35+00:00,partial,0
BA,LHR,KUL,LON,GB,KUL,MY,2026-09-18,2026-09-21,Summer,Economy,1,Eco-2,ECONOMY BASIC,Economy Basic,+36.68 USD,972.08,USD,Ubfly,BAG,Personal Item: 40 x 30 x 15 cm; 1 Piece Luggage (23 Kg),Included,Included,Unknown,Included,Unknown,Unknown,Unknown,Unknown,Unknown,Unknown,Unknown,Unknown,Unknown,Unknown,Unknown,Unknown,,,,2026-07-28T11:11:35+00:00,partial,0
BA,LHR,KUL,LON,GB,KUL,MY,2026-09-18,2026-09-21,Summer,Economy,2,Eco-3,PLUS SELECT,Economy Comfort,+166.36 USD,1101.76,USD,Ubfly,ECONSEL,Personal Item: 40 x 30 x 15 cm; 1 Piece Luggage (23 Kg); Change without penalty before flight,Included,Included,Unknown,Included,Unknown,Unknown,Unknown,Unknown,Included,Unknown,Unknown,Unknown,Unknown,Unknown,Unknown,Unknown,,,,2026-07-28T11:11:35+00:00,partial,0
BA,LHR,KUL,LON,GB,KUL,MY,2026-09-18,2026-09-21,Summer,Economy,3,Eco-4,ECONPRO,Economy — ECONPRO,+232.92 USD,1168.32,USD,Ubfly,ECONPRO,Personal Item: 40 x 30 x 15 cm; 1 Piece Luggage (23 Kg); Change without penalty before flight,Included,Included,Included,Included,Unknown,Unknown,Unknown,Included,Included,Unknown,Unknown,Unknown,Unknown,Unknown,Unknown,Unknown,,,,2026-07-28T11:11:35+00:00,partial,0
BA,LHR,KUL,LON,GB,KUL,MY,2026-09-18,2026-09-21,Summer,Economy,4,Eco-5,PLUS FLEX,Economy Comfort,"+1,941.89 USD",2877.29,USD,Ubfly,ECONFLEX,Personal Item: 40 x 30 x 15 cm; 1 Piece Luggage (23 Kg); Change without penalty before flight,Included,Included,Included,Included,Unknown,Unknown,Unknown,Included,Included,Unknown,Unknown,Unknown,Unknown,Unknown,Unknown,Unknown,,,,2026-07-28T11:11:35+00:00,partial,0
BA,LHR,KUL,LON,GB,KUL,MY,2026-09-18,2026-09-21,Summer,Premium Economy,0,PEco-1,PREMECON,Premium Economy — PREMECON,"+1,236.47 USD",2171.87,USD,Ubfly,PREMECON,Personal Item: 40 x 30 x 15 cm,Included,Included,Unknown,Included,Unknown,Unknown,Unknown,Unknown,Unknown,Unknown,Unknown,Unknown,Unknown,Unknown,Unknown,Unknown,,,,2026-07-28T11:11:35+00:00,partial,0
BA,LHR,KUL,LON,GB,KUL,MY,2026-09-18,2026-09-21,Summer,Premium Economy,1,PEco-2,PESEL,Premium Economy — PESEL,"+1,369.56 USD",2304.96,USD,Ubfly,PESEL,Personal Item: 40 x 30 x 15 cm; Change without penalty before flight,Included,Included,Unknown,Included,Unknown,Unknown,Unknown,Unknown,Included,Unknown,Unknown,Unknown,Unknown,Unknown,Unknown,Unknown,,,,2026-07-28T11:11:35+00:00,partial,0
BA,LHR,KUL,LON,GB,KUL,MY,2026-09-18,2026-09-21,Summer,Premium Economy,2,PEco-3,PEPRO,Premium Economy — PEPRO,"+1,469.39 USD",2404.79,USD,Ubfly,PEPRO,Personal Item: 40 x 30 x 15 cm; Change without penalty before flight,Included,Included,Included,Included,Unknown,Unknown,Unknown,Included,Included,Unknown,Unknown,Unknown,Unknown,Unknown,Unknown,Unknown,,,,2026-07-28T11:11:35+00:00,partial,0
BA,LHR,KUL,LON,GB,KUL,MY,2026-09-18,2026-09-21,Summer,Premium Economy,3,PEco-4,PEFLEX,Premium Economy Flex,"+3,030.62 USD",3966.02,USD,Ubfly,PEFLEX,Personal Item: 40 x 30 x 15 cm; Change without penalty before flight,Included,Included,Included,Included,Unknown,Unknown,Unknown,Included,Included,Unknown,Unknown,Unknown,Unknown,Unknown,Unknown,Unknown,,,,2026-07-28T11:11:35+00:00,partial,0
BA,LHR,KUL,LON,GB,KUL,MY,2026-09-18,2026-09-21,Summer,Business,0,Bus-1,BIZPROMO,Business Basic,0.00 USD,5869.93,USD,Ubfly,BIZPROMO,Personal Item: 40 x 30 x 15 cm; Dedicated check-in area,Included,Included,Unknown,Included,Included,Unknown,Included,Unknown,Unknown,Unknown,Unknown,Unknown,Unknown,Unknown,Unknown,Unknown,,,,2026-07-28T11:11:35+00:00,partial,0
BA,LHR,KUL,LON,GB,KUL,MY,2026-09-18,2026-09-21,Summer,Business,1,Bus-2,BUSINESS PLUS SELECT,Business Comfort,+465.83 USD,6335.76,USD,Ubfly,BIZSEL,Personal Item: 40 x 30 x 15 cm; Dedicated check-in area,Included,Included,Included,Included,Included,Unknown,Included,Unknown,Unknown,Unknown,Unknown,Unknown,Unknown,Unknown,Unknown,Unknown,,,,2026-07-28T11:11:35+00:00,partial,0
BA,LHR,KUL,LON,GB,KUL,MY,2026-09-18,2026-09-21,Summer,Business,2,Bus-3,BIZPRO,Business — BIZPRO,+732.02 USD,6601.95,USD,Ubfly,BIZPRO,Personal Item: 40 x 30 x 15 cm; Dedicated check-in area; Change without penalty before flight,Included,Included,Included,Included,Included,Unknown,Included,Included,Included,Unknown,Unknown,Unknown,Unknown,Unknown,Unknown,Unknown,,,,2026-07-28T11:11:35+00:00,partial,0
BA,LHR,KUL,LON,GB,KUL,MY,2026-09-18,2026-09-21,Summer,Business,3,Bus-4,BUSINESS FLEX,Business Flex,"+3,783.93 USD",9653.86,USD,Ubfly,BIZFLEX,Personal Item: 40 x 30 x 15 cm; Dedicated check-in area; Change without penalty before flight,Included,Included,Included,Included,Included,Unknown,Included,Included,Included,Unknown,Unknown,Unknown,Unknown,Unknown,Unknown,Unknown,,,,2026-07-28T11:11:35+00:00,partial,0
BA,LHR,KUL,LON,GB,KUL,MY,2027-01-24,2027-01-27,Winter,Economy,0,Eco-1,BASIC,Economy Basic,0.00 USD,944.72,USD,Ubfly,NOBAG,Personal Item: 40 x 30 x 15 cm,Included,Not Included,Unknown,Included,Unknown,Unknown,Unknown,Unknown,Unknown,Unknown,Unknown,Unknown,Unknown,Unknown,Unknown,Unknown,,,,2026-07-28T11:11:35+00:00,partial,0
BA,LHR,KUL,LON,GB,KUL,MY,2027-01-24,2027-01-27,Winter,Economy,1,Eco-2,ECONOMY BASIC,Economy Basic,+36.68 USD,981.4,USD,Ubfly,BAG,Personal Item: 40 x 30 x 15 cm; 1 Piece Luggage (23 Kg),Included,Included,Unknown,Included,Unknown,Unknown,Unknown,Unknown,Unknown,Unknown,Unknown,Unknown,Unknown,Unknown,Unknown,Unknown,,,,2026-07-28T11:11:35+00:00,partial,0
BA,LHR,KUL,LON,GB,KUL,MY,2027-01-24,2027-01-27,Winter,Economy,2,Eco-3,PLUS SELECT,Economy Comfort,+166.36 USD,1111.08,USD,Ubfly,ECONSEL,Personal Item: 40 x 30 x 15 cm; 1 Piece Luggage (23 Kg); Change without penalty before flight,Included,Included,Unknown,Included,Unknown,Unknown,Unknown,Unknown,Included,Unknown,Unknown,Unknown,Unknown,Unknown,Unknown,Unknown,,,,2026-07-28T11:11:35+00:00,partial,0
BA,LHR,KUL,LON,GB,KUL,MY,2027-01-24,2027-01-27,Winter,Economy,3,Eco-4,ECONPRO,Economy — ECONPRO,+232.92 USD,1177.64,USD,Ubfly,ECONPRO,Personal Item: 40 x 30 x 15 cm; 1 Piece Luggage (23 Kg); Change without penalty before flight,Included,Included,Included,Included,Unknown,Unknown,Unknown,Included,Included,Unknown,Unknown,Unknown,Unknown,Unknown,Unknown,Unknown,,,,2026-07-28T11:11:35+00:00,partial,0
BA,LHR,KUL,LON,GB,KUL,MY,2027-01-24,2027-01-27,Winter,Economy,4,Eco-5,PLUS FLEX,Economy Comfort,"+1,941.89 USD",2886.61,USD,Ubfly,ECONFLEX,Personal Item: 40 x 30 x 15 cm; 1 Piece Luggage (23 Kg); Change without penalty before flight,Included,Included,Included,Included,Unknown,Unknown,Unknown,Included,Included,Unknown,Unknown,Unknown,Unknown,Unknown,Unknown,Unknown,,,,2026-07-28T11:11:35+00:00,partial,0
BA,LHR,KUL,LON,GB,KUL,MY,2027-01-24,2027-01-27,Winter,Premium Economy,0,PEco-1,PREMECON,Premium Economy — PREMECON,+960.96 USD,1905.68,USD,Ubfly,PREMECON,Personal Item: 40 x 30 x 15 cm,Included,Included,Unknown,Included,Unknown,Unknown,Unknown,Unknown,Unknown,Unknown,Unknown,Unknown,Unknown,Unknown,Unknown,Unknown,,,,2026-07-28T11:11:35+00:00,partial,0
BA,LHR,KUL,LON,GB,KUL,MY,2027-01-24,2027-01-27,Winter,Premium Economy,1,PEco-2,PESEL,Premium Economy — PESEL,"+1,094.05 USD",2038.77,USD,Ubfly,PESEL,Personal Item: 40 x 30 x 15 cm; Change without penalty before flight,Included,Included,Unknown,Included,Unknown,Unknown,Unknown,Unknown,Included,Unknown,Unknown,Unknown,Unknown,Unknown,Unknown,Unknown,,,,2026-07-28T11:11:35+00:00,partial,0
BA,LHR,KUL,LON,GB,KUL,MY,2027-01-24,2027-01-27,Winter,Premium Economy,2,PEco-3,PEPRO,Premium Economy — PEPRO,"+1,193.88 USD",2138.6,USD,Ubfly,PEPRO,Personal Item: 40 x 30 x 15 cm; Change without penalty before flight,Included,Included,Included,Included,Unknown,Unknown,Unknown,Included,Included,Unknown,Unknown,Unknown,Unknown,Unknown,Unknown,Unknown,,,,2026-07-28T11:11:35+00:00,partial,0
BA,LHR,KUL,LON,GB,KUL,MY,2027-01-24,2027-01-27,Winter,Premium Economy,3,PEco-4,PEFLEX,Premium Economy Flex,"+3,035.94 USD",3980.66,USD,Ubfly,PEFLEX,Personal Item: 40 x 30 x 15 cm; Change without penalty before flight,Included,Included,Included,Included,Unknown,Unknown,Unknown,Included,Included,Unknown,Unknown,Unknown,Unknown,Unknown,Unknown,Unknown,,,,2026-07-28T11:11:35+00:00,partial,0
BA,LHR,KUL,LON,GB,KUL,MY,2027-01-24,2027-01-27,Winter,Business,0,Bus-1,BIZPROMO,Business Basic,0.00 USD,4916.73,USD,Ubfly,BIZPROMO,Personal Item: 40 x 30 x 15 cm; Dedicated check-in area,Included,Included,Unknown,Included,Included,Unknown,Included,Unknown,Unknown,Unknown,Unknown,Unknown,Unknown,Unknown,Unknown,Unknown,,,,2026-07-28T11:11:35+00:00,partial,0
BA,LHR,KUL,LON,GB,KUL,MY,2027-01-24,2027-01-27,Winter,Business,1,Bus-2,BUSINESS PLUS SELECT,Business Comfort,+605.58 USD,5522.31,USD,Ubfly,BIZSEL,Personal Item: 40 x 30 x 15 cm; Dedicated check-in area,Included,Included,Included,Included,Included,Unknown,Included,Unknown,Unknown,Unknown,Unknown,Unknown,Unknown,Unknown,Unknown,Unknown,,,,2026-07-28T11:11:35+00:00,partial,0
BA,LHR,KUL,LON,GB,KUL,MY,2027-01-24,2027-01-27,Winter,Business,2,Bus-3,BIZPRO,Business — BIZPRO,"+1,082.07 USD",5998.8,USD,Ubfly,BIZPRO,Personal Item: 40 x 30 x 15 cm; Dedicated check-in area; Change without penalty before flight,Included,Included,Included,Included,Included,Unknown,Included,Included,Included,Unknown,Unknown,Unknown,Unknown,Unknown,Unknown,Unknown,,,,2026-07-28T11:11:35+00:00,partial,0
BA,LHR,KUL,LON,GB,KUL,MY,2027-01-24,2027-01-27,Winter,Business,3,Bus-4,BUSINESS FLEX,Business Flex,"+3,153.04 USD",8069.77,USD,Ubfly,BIZFLEX,Personal Item: 40 x 30 x 15 cm; Dedicated check-in area; Change without penalty before flight,Included,Included,Included,Included,Included,Unknown,Included,Included,Included,Unknown,Unknown,Unknown,Unknown,Unknown,Unknown,Unknown,,,,2026-07-28T11:11:35+00:00,partial,0
EY,LHR,KUL,LON,GB,KUL,MY,2026-09-18,2026-09-21,Summer,Economy,0,Eco-1,YBASIC,Economy Basic,0.00 USD,903.29,USD,Ubfly,YBASIC,,Included,Not Included,Unknown,Included,Unknown,Unknown,Unknown,Unknown,Unknown,Unknown,Unknown,Unknown,Unknown,Unknown,Unknown,Unknown,Yes,,5.0,2026-07-28T11:11:35+00:00,success,0
EY,LHR,KUL,LON,GB,KUL,MY,2026-09-18,2026-09-21,Summer,Economy,1,Eco-2,YVALUE,Economy Basic,+29.84 USD,933.13,USD,Ubfly,YVALUE,,Included,Included,Unknown,Included,Unknown,Unknown,Unknown,Unknown,Unknown,Unknown,Unknown,Unknown,Unknown,Unknown,Unknown,Unknown,Yes,,35.0,2026-07-28T11:11:35+00:00,success,0
EY,LHR,KUL,LON,GB,KUL,MY,2026-09-18,2026-09-21,Summer,Economy,2,Eco-3,YCOMFORT,Economy Comfort,+103.04 USD,1006.33,USD,Ubfly,YCOMFORT,,Included,Included,Included,Included,Unknown,Unknown,Unknown,Unknown,Unknown,Unknown,Unknown,Unknown,Unknown,Unknown,Unknown,Unknown,Yes,,75.0,2026-07-28T11:11:35+00:00,success,0
EY,LHR,KUL,LON,GB,KUL,MY,2026-09-18,2026-09-21,Summer,Economy,3,Eco-4,YDELUXE,Economy — YDELUXE,+234.81 USD,1138.1,USD,Ubfly,YDELUXE,Change with Penalty; Uninterrupted return (up to the last 12 hours); Priority Access,Included,Included,Included,Included,Unknown,Unknown,Unknown,Unknown,Unknown,Unknown,Unknown,Unknown,Unknown,Unknown,Unknown,Unknown,Yes,,,2026-07-28T11:11:35+00:00,success,0
EY,LHR,KUL,LON,GB,KUL,MY,2026-09-18,2026-09-21,Summer,Business,0,Bus-1,JVALUE,Business Basic,0.00 USD,4448.78,USD,Ubfly,JVALUE,Priority Access,Included,Included,Unknown,Included,Unknown,Unknown,Unknown,Unknown,Unknown,Unknown,Unknown,Unknown,Unknown,Unknown,Unknown,Unknown,Yes,,100.0,2026-07-28T11:11:35+00:00,success,0
EY,LHR,KUL,LON,GB,KUL,MY,2026-09-18,2026-09-21,Summer,Business,1,Bus-2,JCOMFORT,Business Comfort,+276.82 USD,4725.6,USD,Ubfly,JCOMFORT,Priority Access; ETIHAD UAE CHAUFFEUR(F),Included,Included,Included,Included,Included,Unknown,Unknown,Unknown,Unknown,Unknown,Unknown,Unknown,Unknown,Unknown,Unknown,Unknown,Yes,,,2026-07-28T11:11:35+00:00,success,0
EY,LHR,KUL,LON,GB,KUL,MY,2026-09-18,2026-09-21,Summer,Business,2,Bus-3,JDELUXE,Business — JDELUXE,+763.96 USD,5212.74,USD,Ubfly,JDELUXE,Change with Penalty; Uninterrupted return (up to the last 12 hours); Priority Access; ETIHAD UAE CHAUFFEUR(F); ETIHAD GLOBAL CHAUFFEUR(F),Included,Included,Included,Included,Included,Unknown,Unknown,Unknown,Unknown,Unknown,Unknown,Unknown,Unknown,Unknown,Unknown,Unknown,Yes,,,2026-07-28T11:11:35+00:00,success,0
EY,LHR,KUL,LON,GB,KUL,MY,2027-01-24,2027-01-27,Winter,Economy,0,Eco-1,YBASIC,Economy Basic,0.00 USD,649.09,USD,Ubfly,YBASIC,,Included,Not Included,Unknown,Included,Unknown,Unknown,Unknown,Unknown,Unknown,Unknown,Unknown,Unknown,Unknown,Unknown,Unknown,Unknown,Yes,,5.0,2026-07-28T11:11:35+00:00,success,0
EY,LHR,KUL,LON,GB,KUL,MY,2027-01-24,2027-01-27,Winter,Economy,1,Eco-2,YVALUE,Economy Basic,+24.50 USD,673.59,USD,Ubfly,YVALUE,,Included,Included,Unknown,Included,Unknown,Unknown,Unknown,Unknown,Unknown,Unknown,Unknown,Unknown,Unknown,Unknown,Unknown,Unknown,Yes,,35.0,2026-07-28T11:11:35+00:00,success,0
EY,LHR,KUL,LON,GB,KUL,MY,2027-01-24,2027-01-27,Winter,Economy,2,Eco-3,YCOMFORT,Economy Comfort,+73.74 USD,722.83,USD,Ubfly,YCOMFORT,,Included,Included,Included,Included,Unknown,Unknown,Unknown,Unknown,Unknown,Unknown,Unknown,Unknown,Unknown,Unknown,Unknown,Unknown,Yes,,75.0,2026-07-28T11:11:35+00:00,success,0
EY,LHR,KUL,LON,GB,KUL,MY,2027-01-24,2027-01-27,Winter,Economy,3,Eco-4,YDELUXE,Economy — YDELUXE,+164.26 USD,813.35,USD,Ubfly,YDELUXE,Uninterrupted return (up to the last 12 hours); Priority Access; Change with Penalty,Included,Included,Included,Included,Unknown,Unknown,Unknown,Unknown,Unknown,Unknown,Unknown,Unknown,Unknown,Unknown,Unknown,Unknown,Yes,,,2026-07-28T11:11:35+00:00,success,0
EY,LHR,KUL,LON,GB,KUL,MY,2027-01-24,2027-01-27,Winter,Business,0,Bus-1,JVALUE,Business Basic,0.00 USD,4380.89,USD,Ubfly,JVALUE,Priority Access,Included,Included,Unknown,Included,Unknown,Unknown,Unknown,Unknown,Unknown,Unknown,Unknown,Unknown,Unknown,Unknown,Unknown,Unknown,Yes,,100.0,2026-07-28T11:11:35+00:00,success,0
EY,LHR,KUL,LON,GB,KUL,MY,2027-01-24,2027-01-27,Winter,Business,1,Bus-2,JCOMFORT,Business Comfort,+276.85 USD,4657.74,USD,Ubfly,JCOMFORT,Priority Access; ETIHAD UAE CHAUFFEUR(F),Included,Included,Included,Included,Included,Unknown,Unknown,Unknown,Unknown,Unknown,Unknown,Unknown,Unknown,Unknown,Unknown,Unknown,Yes,,,2026-07-28T11:11:35+00:00,success,0
EY,LHR,KUL,LON,GB,KUL,MY,2027-01-24,2027-01-27,Winter,Business,2,Bus-3,JDELUXE,Business — JDELUXE,+763.98 USD,5144.87,USD,Ubfly,JDELUXE,Uninterrupted return (up to the last 12 hours); Priority Access; ETIHAD UAE CHAUFFEUR(F); ETIHAD GLOBAL CHAUFFEUR(F); Change with Penalty,Included,Included,Included,Included,Included,Unknown,Unknown,Unknown,Unknown,Unknown,Unknown,Unknown,Unknown,Unknown,Unknown,Unknown,Yes,,,2026-07-28T11:11:35+00:00,success,0
EK,LHR,KUL,LON,GB,KUL,MY,2026-09-18,2026-09-21,Summer,Economy,0,Eco-1,ECOSAVER,Economy Basic,0.00 USD,815.22,USD,Ubfly,ECOSAVER,Soft drink; In-flight entertainment,Included,Included,Unknown,Included,Unknown,Unknown,Unknown,Unknown,Unknown,Unknown,Unknown,Unknown,Unknown,Unknown,Unknown,Unknown,Yes,,30.0,2026-07-28T11:11:35+00:00,success,0
EK,LHR,KUL,LON,GB,KUL,MY,2026-09-18,2026-09-21,Summer,Economy,1,Eco-2,ECOFLEX,Economy Flex,+115.80 USD,931.02,USD,Ubfly,ECOFLEX,Soft drink; In-flight entertainment,Included,Included,Unknown,Included,Unknown,Unknown,Unknown,Unknown,Unknown,Unknown,Unknown,Unknown,Unknown,Unknown,Unknown,Unknown,Yes,,70.0,2026-07-28T11:11:35+00:00,success,0
EK,LHR,KUL,LON,GB,KUL,MY,2026-09-18,2026-09-21,Summer,Economy,2,Eco-3,ECOFLXPLUS,Economy Comfort,+616.24 USD,1431.46,USD,Ubfly,ECOFLXPLUS,Soft drink; In-flight entertainment; Uninterrupted return (up to the last 12 hours); Change with Penalty,Included,Included,Unknown,Included,Unknown,Unknown,Unknown,Unknown,Unknown,Unknown,Unknown,Unknown,Unknown,Unknown,Unknown,Unknown,Yes,,100.0,2026-07-28T11:11:35+00:00,success,0
EK,LHR,KUL,LON,GB,KUL,MY,2026-09-18,2026-09-21,Summer,Economy,3,Eco-4,PYFLXPLUS,Economy Comfort,"+1,018.19 USD",1833.41,USD,Ubfly,PYFLXPLUS,Soft drink; In-flight entertainment; Uninterrupted return (up to the last 12 hours); Change with Penalty,Included,Included,Included,Included,Unknown,Unknown,Unknown,Unknown,Unknown,Unknown,Unknown,Unknown,Unknown,Unknown,Unknown,Unknown,Yes,,,2026-07-28T11:11:35+00:00,success,0
EK,LHR,KUL,LON,GB,KUL,MY,2026-09-18,2026-09-21,Summer,Business,0,Bus-1,BSSAVER,Business Basic,0.00 USD,3935.01,USD,Ubfly,BSSAVER,Premium check-in; Soft drink; In-flight entertainment; Chauffeur Drive; Internet Access,Included,Included,Included,Included,Included,Included,Included,Unknown,Unknown,Unknown,Unknown,Unknown,Unknown,Unknown,Unknown,Unknown,Yes,,,2026-07-28T11:11:35+00:00,success,0
EK,LHR,KUL,LON,GB,KUL,MY,2026-09-18,2026-09-21,Summer,Business,1,Bus-2,BSFLEX,Business Flex,"+1,091.38 USD",5026.39,USD,Ubfly,BSFLEX,Premium check-in; Soft drink; In-flight entertainment; Chauffeur Drive; Internet Access,Included,Included,Included,Included,Included,Included,Included,Unknown,Unknown,Unknown,Unknown,Unknown,Unknown,Unknown,Unknown,Unknown,Yes,,175.0,2026-07-28T11:11:35+00:00,success,0
EK,LHR,KUL,LON,GB,KUL,MY,2026-09-18,2026-09-21,Summer,Business,2,Bus-3,BSFLXPLUS,Business Comfort,"+2,182.78 USD",6117.79,USD,Ubfly,BSFLXPLUS,Premium check-in; Soft drink; In-flight entertainment; Chauffeur Drive; Internet Access; Uninterrupted return (up to the last 12 hours); Change with Penalty,Included,Included,Included,Included,Included,Included,Included,Unknown,Unknown,Unknown,Unknown,Unknown,Unknown,Unknown,Unknown,Unknown,Yes,,190.0,2026-07-28T11:11:35+00:00,success,0
EK,LHR,KUL,LON,GB,KUL,MY,2027-01-24,2027-01-27,Winter,Economy,0,Eco-1,ECOSAVER,Economy Basic,0.00 USD,788.61,USD,Ubfly,ECOSAVER,Soft drink; In-flight entertainment,Included,Included,Unknown,Included,Unknown,Unknown,Unknown,Unknown,Unknown,Unknown,Unknown,Unknown,Unknown,Unknown,Unknown,Unknown,Yes,,30.0,2026-07-28T11:11:35+00:00,success,0
EK,LHR,KUL,LON,GB,KUL,MY,2027-01-24,2027-01-27,Winter,Economy,1,Eco-2,ECOFLEX,Economy Flex,+115.80 USD,904.41,USD,Ubfly,ECOFLEX,Soft drink; In-flight entertainment,Included,Included,Unknown,Included,Unknown,Unknown,Unknown,Unknown,Unknown,Unknown,Unknown,Unknown,Unknown,Unknown,Unknown,Unknown,Yes,,70.0,2026-07-28T11:11:35+00:00,success,0
EK,LHR,KUL,LON,GB,KUL,MY,2027-01-24,2027-01-27,Winter,Economy,2,Eco-3,ECOFLXPLUS,Economy Comfort,+616.24 USD,1404.85,USD,Ubfly,ECOFLXPLUS,Soft drink; In-flight entertainment; Uninterrupted return (up to the last 12 hours); Change with Penalty,Included,Included,Unknown,Included,Unknown,Unknown,Unknown,Unknown,Unknown,Unknown,Unknown,Unknown,Unknown,Unknown,Unknown,Unknown,Yes,,100.0,2026-07-28T11:11:35+00:00,success,0
EK,LHR,KUL,LON,GB,KUL,MY,2027-01-24,2027-01-27,Winter,Economy,3,Eco-4,PYFLXPLUS,Economy Comfort,"+1,018.19 USD",1806.8,USD,Ubfly,PYFLXPLUS,Soft drink; In-flight entertainment; Uninterrupted return (up to the last 12 hours); Change with Penalty,Included,Included,Included,Included,Unknown,Unknown,Unknown,Unknown,Unknown,Unknown,Unknown,Unknown,Unknown,Unknown,Unknown,Unknown,Yes,,,2026-07-28T11:11:35+00:00,success,0
EK,LHR,KUL,LON,GB,KUL,MY,2027-01-24,2027-01-27,Winter,Business,0,Bus-1,BSSAVER,Business Basic,0.00 USD,3908.39,USD,Ubfly,BSSAVER,Premium check-in; Soft drink; In-flight entertainment; Chauffeur Drive; Internet Access,Included,Included,Included,Included,Included,Included,Included,Unknown,Unknown,Unknown,Unknown,Unknown,Unknown,Unknown,Unknown,Unknown,Yes,,,2026-07-28T11:11:35+00:00,success,0
EK,LHR,KUL,LON,GB,KUL,MY,2027-01-24,2027-01-27,Winter,Business,1,Bus-2,BSFLEX,Business Flex,"+1,091.38 USD",4999.77,USD,Ubfly,BSFLEX,Premium check-in; Soft drink; In-flight entertainment; Chauffeur Drive; Internet Access,Included,Included,Included,Included,Included,Included,Included,Unknown,Unknown,Unknown,Unknown,Unknown,Unknown,Unknown,Unknown,Unknown,Yes,,175.0,2026-07-28T11:11:35+00:00,success,0
EK,LHR,KUL,LON,GB,KUL,MY,2027-01-24,2027-01-27,Winter,Business,2,Bus-3,BSFLXPLUS,Business Comfort,"+2,182.78 USD",6091.17,USD,Ubfly,BSFLXPLUS,Premium check-in; Soft drink; In-flight entertainment; Chauffeur Drive; Internet Access; Uninterrupted return (up to the last 12 hours); Change with Penalty,Included,Included,Included,Included,Included,Included,Included,Unknown,Unknown,Unknown,Unknown,Unknown,Unknown,Unknown,Unknown,Unknown,Yes,,190.0,2026-07-28T11:11:35+00:00,success,0
KL,AMS,BKK,AMS,NL,BKK,TH,2026-10-26,2026-10-29,Summer,Economy,0,Eco-1,LIGHT,Economy Lite,0.00 USD,1545.04,USD,Ubfly,LIGHT,Snack; Soft drink,Included,Not Included,Unknown,Included,Unknown,Unknown,Unknown,Unknown,Unknown,Unknown,Unknown,Unknown,Unknown,Unknown,Unknown,Unknown,Yes,,,2026-07-28T11:11:35+00:00,success,0
KL,AMS,BKK,AMS,NL,BKK,TH,2026-10-26,2026-10-29,Summer,Economy,1,Eco-2,STANDARD,Economy Standard,+79.49 USD,1624.53,USD,Ubfly,STANDARD,Snack; Soft drink,Included,Included,Unknown,Included,Unknown,Unknown,Unknown,Unknown,Unknown,Unknown,Unknown,Unknown,Unknown,Unknown,Unknown,Unknown,Yes,,,2026-07-28T11:11:35+00:00,success,0
KL,AMS,BKK,AMS,NL,BKK,TH,2026-10-26,2026-10-29,Summer,Economy,2,Eco-3,FLEX,Economy Flex,+181.70 USD,1726.74,USD,Ubfly,FLEX,Snack; Soft drink; Change with Penalty; Uninterrupted return (up to the last 12 hours),Included,Included,Included,Included,Unknown,Unknown,Unknown,Unknown,Unknown,Unknown,Unknown,Unknown,Unknown,Unknown,Unknown,Unknown,Yes,,,2026-07-28T11:11:35+00:00,success,0
KL,AMS,BKK,AMS,NL,BKK,TH,2026-10-26,2026-10-29,Summer,Economy,3,Eco-4,PREMLIGHT,Economy Lite,+714.23 USD,2259.27,USD,Ubfly,PREMLIGHT,Snack; Soft drink; Privileged check-in,Included,Included,Unknown,Included,Unknown,Included,Included,Unknown,Unknown,Unknown,Unknown,Unknown,Unknown,Unknown,Unknown,Unknown,Yes,,,2026-07-28T11:11:35+00:00,success,0
KL,AMS,BKK,AMS,NL,BKK,TH,2026-10-26,2026-10-29,Summer,Economy,4,Eco-5,PREMSTAND,Economy — PREMSTAND,+799.41 USD,2344.45,USD,Ubfly,PREMSTAND,Snack; Soft drink; Privileged check-in,Included,Included,Unknown,Included,Unknown,Included,Included,Unknown,Unknown,Unknown,Unknown,Unknown,Unknown,Unknown,Unknown,Unknown,Yes,,,2026-07-28T11:11:35+00:00,success,0
KL,AMS,BKK,AMS,NL,BKK,TH,2026-10-26,2026-10-29,Summer,Economy,5,Eco-6,PREMFLEX,Economy Flex,+949.28 USD,2494.32,USD,Ubfly,PREMFLEX,Snack; Soft drink; Change with Penalty; Uninterrupted return (up to the last 12 hours); Privileged check-in,Included,Included,Included,Included,Unknown,Included,Included,Unknown,Unknown,Unknown,Unknown,Unknown,Unknown,Unknown,Unknown,Unknown,Yes,,,2026-07-28T11:11:35+00:00,success,0
KL,AMS,BKK,AMS,NL,BKK,TH,2026-10-26,2026-10-29,Summer,Economy,6,Eco-7,ECONOMY FULL FLEX,Economy Flex,"+1,597.66 USD",3142.7,USD,Ubfly,FULLFLEX,Snack; Soft drink; Change with Penalty; Uninterrupted return (up to the last 12 hours),Included,Included,Included,Included,Unknown,Unknown,Unknown,Unknown,Unknown,Unknown,Unknown,Unknown,Unknown,Unknown,Unknown,Unknown,Yes,,,2026-07-28T11:11:35+00:00,success,0
KL,AMS,BKK,AMS,NL,BKK,TH,2026-10-26,2026-10-29,Summer,Economy,7,Eco-8,PREMIUM,Economy Premium,"+2,717.25 USD",4262.29,USD,Ubfly,PREMIUM,Snack; Soft drink; Change with Penalty; Privileged check-in,Included,Included,Included,Included,Unknown,Included,Included,Unknown,Unknown,Unknown,Unknown,Unknown,Unknown,Unknown,Unknown,Unknown,Yes,,,2026-07-28T11:11:35+00:00,success,0
KL,AMS,BKK,AMS,NL,BKK,TH,2026-10-26,2026-10-29,Summer,Business,0,Bus-1,BIZLIGHT,Business Lite,0.00 USD,3411.7,USD,Ubfly,BIZLIGHT,Snack; Soft drink; Privileged check-in,Included,Included,Unknown,Included,Unknown,Included,Included,Unknown,Unknown,Unknown,Unknown,Unknown,Unknown,Unknown,Unknown,Unknown,Yes,,,2026-07-28T11:11:35+00:00,success,0
KL,AMS,BKK,AMS,NL,BKK,TH,2026-10-26,2026-10-29,Summer,Business,1,Bus-2,BUSINESS STANDART,Business — BUSINESS STANDART,+113.57 USD,3525.27,USD,Ubfly,BIZSTAND,Snack; Soft drink; Privileged check-in,Included,Included,Unknown,Included,Included,Included,Included,Unknown,Unknown,Unknown,Unknown,Unknown,Unknown,Unknown,Unknown,Unknown,Yes,,,2026-07-28T11:11:35+00:00,success,0
KL,AMS,BKK,AMS,NL,BKK,TH,2026-10-26,2026-10-29,Summer,Business,2,Bus-3,BUSINESS FLEX,Business Flex,+312.27 USD,3723.97,USD,Ubfly,BIZFLEX,Snack; Soft drink; Change with Penalty; Uninterrupted return (up to the last 12 hours); Privileged check-in,Included,Included,Included,Included,Included,Included,Included,Unknown,Unknown,Unknown,Unknown,Unknown,Unknown,Unknown,Unknown,Unknown,Yes,,,2026-07-28T11:11:35+00:00,success,0
KL,AMS,BKK,AMS,NL,BKK,TH,2026-10-26,2026-10-29,Summer,Business,3,Bus-4,BUSINESS,Business — BUSINESS,"+4,493.17 USD",7904.87,USD,Ubfly,BUSINESS,Snack; Soft drink; Change with Penalty; Privileged check-in,Included,Included,Included,Included,Included,Included,Included,Unknown,Unknown,Unknown,Unknown,Unknown,Unknown,Unknown,Unknown,Unknown,Yes,,,2026-07-28T11:11:35+00:00,success,0
KL,AMS,BKK,AMS,NL,BKK,TH,2027-02-24,2027-02-27,Winter,Economy,0,Eco-1,LIGHT,Economy Lite,0.00 USD,1593.48,USD,Ubfly,LIGHT,Snack; Soft drink,Included,Not Included,Unknown,Included,Unknown,Unknown,Unknown,Unknown,Unknown,Unknown,Unknown,Unknown,Unknown,Unknown,Unknown,Unknown,Yes,,,2026-07-28T11:11:35+00:00,success,0
KL,AMS,BKK,AMS,NL,BKK,TH,2027-02-24,2027-02-27,Winter,Economy,1,Eco-2,STANDARD,Economy Standard,+79.49 USD,1672.97,USD,Ubfly,STANDARD,Snack; Soft drink,Included,Included,Unknown,Included,Unknown,Unknown,Unknown,Unknown,Unknown,Unknown,Unknown,Unknown,Unknown,Unknown,Unknown,Unknown,Yes,,,2026-07-28T11:11:35+00:00,success,0
KL,AMS,BKK,AMS,NL,BKK,TH,2027-02-24,2027-02-27,Winter,Economy,2,Eco-3,FLEX,Economy Flex,+181.70 USD,1775.18,USD,Ubfly,FLEX,Snack; Soft drink; Change with Penalty; Uninterrupted return (up to the last 12 hours),Included,Included,Included,Included,Unknown,Unknown,Unknown,Unknown,Unknown,Unknown,Unknown,Unknown,Unknown,Unknown,Unknown,Unknown,Yes,,,2026-07-28T11:11:35+00:00,success,0
KL,AMS,BKK,AMS,NL,BKK,TH,2027-02-24,2027-02-27,Winter,Economy,3,Eco-4,PREMLIGHT,Economy Lite,+714.23 USD,2307.71,USD,Ubfly,PREMLIGHT,Snack; Soft drink; Privileged check-in,Included,Included,Unknown,Included,Unknown,Included,Included,Unknown,Unknown,Unknown,Unknown,Unknown,Unknown,Unknown,Unknown,Unknown,Yes,,,2026-07-28T11:11:35+00:00,success,0
KL,AMS,BKK,AMS,NL,BKK,TH,2027-02-24,2027-02-27,Winter,Economy,4,Eco-5,PREMSTAND,Economy — PREMSTAND,+799.41 USD,2392.89,USD,Ubfly,PREMSTAND,Snack; Soft drink; Privileged check-in,Included,Included,Unknown,Included,Unknown,Included,Included,Unknown,Unknown,Unknown,Unknown,Unknown,Unknown,Unknown,Unknown,Unknown,Yes,,,2026-07-28T11:11:35+00:00,success,0
KL,AMS,BKK,AMS,NL,BKK,TH,2027-02-24,2027-02-27,Winter,Economy,5,Eco-6,PREMFLEX,Economy Flex,+949.28 USD,2542.76,USD,Ubfly,PREMFLEX,Snack; Soft drink; Change with Penalty; Uninterrupted return (up to the last 12 hours); Privileged check-in,Included,Included,Included,Included,Unknown,Included,Included,Unknown,Unknown,Unknown,Unknown,Unknown,Unknown,Unknown,Unknown,Unknown,Yes,,,2026-07-28T11:11:35+00:00,success,0
KL,AMS,BKK,AMS,NL,BKK,TH,2027-02-24,2027-02-27,Winter,Economy,6,Eco-7,ECONOMY FULL FLEX,Economy Flex,"+1,597.66 USD",3191.14,USD,Ubfly,FULLFLEX,Snack; Soft drink; Change with Penalty; Uninterrupted return (up to the last 12 hours),Included,Included,Included,Included,Unknown,Unknown,Unknown,Unknown,Unknown,Unknown,Unknown,Unknown,Unknown,Unknown,Unknown,Unknown,Yes,,,2026-07-28T11:11:35+00:00,success,0
KL,AMS,BKK,AMS,NL,BKK,TH,2027-02-24,2027-02-27,Winter,Economy,7,Eco-8,PREMIUM,Economy Premium,"+2,717.25 USD",4310.73,USD,Ubfly,PREMIUM,Snack; Soft drink; Change with Penalty; Privileged check-in,Included,Included,Included,Included,Unknown,Included,Included,Unknown,Unknown,Unknown,Unknown,Unknown,Unknown,Unknown,Unknown,Unknown,Yes,,,2026-07-28T11:11:35+00:00,success,0
KL,AMS,BKK,AMS,NL,BKK,TH,2027-02-24,2027-02-27,Winter,Business,0,Bus-1,BIZLIGHT,Business Lite,0.00 USD,3473.84,USD,Ubfly,BIZLIGHT,Snack; Soft drink; Privileged check-in,Included,Included,Unknown,Included,Unknown,Included,Included,Unknown,Unknown,Unknown,Unknown,Unknown,Unknown,Unknown,Unknown,Unknown,Yes,,,2026-07-28T11:11:35+00:00,success,0
KL,AMS,BKK,AMS,NL,BKK,TH,2027-02-24,2027-02-27,Winter,Business,1,Bus-2,BUSINESS STANDART,Business — BUSINESS STANDART,+113.57 USD,3587.41,USD,Ubfly,BIZSTAND,Snack; Soft drink; Privileged check-in,Included,Included,Unknown,Included,Included,Included,Included,Unknown,Unknown,Unknown,Unknown,Unknown,Unknown,Unknown,Unknown,Unknown,Yes,,,2026-07-28T11:11:35+00:00,success,0
KL,AMS,BKK,AMS,NL,BKK,TH,2027-02-24,2027-02-27,Winter,Business,2,Bus-3,BUSINESS FLEX,Business Flex,+312.27 USD,3786.11,USD,Ubfly,BIZFLEX,Snack; Soft drink; Change with Penalty; Uninterrupted return (up to the last 12 hours); Privileged check-in,Included,Included,Included,Included,Included,Included,Included,Unknown,Unknown,Unknown,Unknown,Unknown,Unknown,Unknown,Unknown,Unknown,Yes,,,2026-07-28T11:11:35+00:00,success,0
KL,AMS,BKK,AMS,NL,BKK,TH,2027-02-24,2027-02-27,Winter,Business,3,Bus-4,BUSINESS,Business — BUSINESS,"+4,493.17 USD",7967.01,USD,Ubfly,BUSINESS,Snack; Soft drink; Change with Penalty; Privileged check-in,Included,Included,Included,Included,Included,Included,Included,Unknown,Unknown,Unknown,Unknown,Unknown,Unknown,Unknown,Unknown,Unknown,Yes,,,2026-07-28T11:11:35+00:00,success,0
EK,AMS,BKK,AMS,NL,BKK,TH,2026-10-26,2026-10-29,Summer,Economy,0,Eco-1,ECOFLEX,Economy Flex,0.00 USD,991.37,USD,Ubfly,ECOFLEX,Soft drink; In-flight entertainment,Included,Included,Unknown,Included,Unknown,Unknown,Unknown,Unknown,Unknown,Unknown,Unknown,Unknown,Unknown,Unknown,Unknown,Unknown,Yes,,70.0,2026-07-28T11:11:35+00:00,success,0
EK,AMS,BKK,AMS,NL,BKK,TH,2026-10-26,2026-10-29,Summer,Economy,1,Eco-2,ECOFLXPLUS,Economy Comfort,"+1,101.45 USD",2092.82,USD,Ubfly,ECOFLXPLUS,Soft drink; In-flight entertainment; Uninterrupted return (up to the last 12 hours); Change with Penalty,Included,Included,Unknown,Included,Unknown,Unknown,Unknown,Unknown,Unknown,Unknown,Unknown,Unknown,Unknown,Unknown,Unknown,Unknown,Yes,,100.0,2026-07-28T11:11:35+00:00,success,0
EK,AMS,BKK,AMS,NL,BKK,TH,2026-10-26,2026-10-29,Summer,Economy,2,Eco-3,PYFLXPLUS,Economy Comfort,"+1,153.67 USD",2145.04,USD,Ubfly,PYFLXPLUS,Soft drink; In-flight entertainment; Uninterrupted return (up to the last 12 hours); Change with Penalty,Included,Included,Included,Included,Unknown,Unknown,Unknown,Unknown,Unknown,Unknown,Unknown,Unknown,Unknown,Unknown,Unknown,Unknown,Yes,,,2026-07-28T11:11:35+00:00,success,0
EK,AMS,BKK,AMS,NL,BKK,TH,2026-10-26,2026-10-29,Summer,Business,0,Bus-1,BSFLEX,Business Flex,0.00 USD,2888.8,USD,Ubfly,BSFLEX,Soft drink; Internet Access; Premium check-in; In-flight entertainment; Chauffeur Drive,Included,Included,Included,Included,Included,Included,Included,Unknown,Unknown,Unknown,Unknown,Unknown,Unknown,Unknown,Unknown,Unknown,Yes,,175.0,2026-07-28T11:11:35+00:00,success,0
EK,AMS,BKK,AMS,NL,BKK,TH,2026-10-26,2026-10-29,Summer,Business,1,Bus-2,BSFLXPLUS,Business Comfort,+842.53 USD,3731.33,USD,Ubfly,BSFLXPLUS,Premium check-in; Soft drink; In-flight entertainment; Chauffeur Drive; Internet Access; Uninterrupted return (up to the last 12 hours); Change with Penalty,Included,Included,Included,Included,Included,Included,Included,Unknown,Unknown,Unknown,Unknown,Unknown,Unknown,Unknown,Unknown,Unknown,Yes,,190.0,2026-07-28T11:11:35+00:00,success,0
EK,AMS,BKK,AMS,NL,BKK,TH,2027-02-24,2027-02-27,Winter,Economy,0,Eco-1,ECOFLEX,Economy Flex,0.00 USD,939.84,USD,Ubfly,ECOFLEX,Soft drink; In-flight entertainment,Included,Included,Unknown,Included,Unknown,Unknown,Unknown,Unknown,Unknown,Unknown,Unknown,Unknown,Unknown,Unknown,Unknown,Unknown,Yes,,70.0,2026-07-28T11:11:35+00:00,success,0
EK,AMS,BKK,AMS,NL,BKK,TH,2027-02-24,2027-02-27,Winter,Economy,1,Eco-2,ECOFLXPLUS,Economy Comfort,"+1,046.93 USD",1986.77,USD,Ubfly,ECOFLXPLUS,Soft drink; In-flight entertainment; Uninterrupted return (up to the last 12 hours); Change with Penalty,Included,Included,Unknown,Included,Unknown,Unknown,Unknown,Unknown,Unknown,Unknown,Unknown,Unknown,Unknown,Unknown,Unknown,Unknown,Yes,,100.0,2026-07-28T11:11:35+00:00,success,0
EK,AMS,BKK,AMS,NL,BKK,TH,2027-02-24,2027-02-27,Winter,Economy,2,Eco-3,PYFLXPLUS,Economy Comfort,"+1,204.76 USD",2144.6,USD,Ubfly,PYFLXPLUS,Soft drink; In-flight entertainment; Uninterrupted return (up to the last 12 hours); Change with Penalty,Included,Included,Included,Included,Unknown,Unknown,Unknown,Unknown,Unknown,Unknown,Unknown,Unknown,Unknown,Unknown,Unknown,Unknown,Yes,,,2026-07-28T11:11:35+00:00,success,0
EK,AMS,BKK,AMS,NL,BKK,TH,2027-02-24,2027-02-27,Winter,Business,0,Bus-1,BSFLEX,Business Flex,0.00 USD,2934.92,USD,Ubfly,BSFLEX,Soft drink; Internet Access; Premium check-in; In-flight entertainment; Chauffeur Drive,Included,Included,Included,Included,Included,Included,Included,Unknown,Unknown,Unknown,Unknown,Unknown,Unknown,Unknown,Unknown,Unknown,Yes,,175.0,2026-07-28T11:11:35+00:00,success,0
EK,AMS,BKK,AMS,NL,BKK,TH,2027-02-24,2027-02-27,Winter,Business,1,Bus-2,BSFLXPLUS,Business Comfort,+842.53 USD,3777.45,USD,Ubfly,BSFLXPLUS,Premium check-in; Soft drink; In-flight entertainment; Chauffeur Drive; Internet Access; Uninterrupted return (up to the last 12 hours); Change with Penalty,Included,Included,Included,Included,Included,Included,Included,Unknown,Unknown,Unknown,Unknown,Unknown,Unknown,Unknown,Unknown,Unknown,Yes,,190.0,2026-07-28T11:11:35+00:00,success,0
QR,AMS,BKK,AMS,NL,BKK,TH,2026-10-26,2026-10-29,Summer,Economy,0,Eco-1,ECONOMY CLASSIC,Economy Standard,0.00 USD,776.56,USD,Ubfly,ECLASSIC,,Included,Included,Unknown,Included,Unknown,Unknown,Unknown,Unknown,Unknown,Unknown,Unknown,Unknown,Unknown,Unknown,Unknown,Unknown,Yes,,50.0,2026-07-28T11:11:35+00:00,success,0
QR,AMS,BKK,AMS,NL,BKK,TH,2026-10-26,2026-10-29,Summer,Economy,1,Eco-2,ECONOMY CONVENIENCE,Economy — ECONOMY CONVENIENCE,+54.52 USD,831.08,USD,Ubfly,ECONVENIEN,,Included,Included,Included,Included,Unknown,Unknown,Unknown,Unknown,Unknown,Unknown,Unknown,Unknown,Unknown,Unknown,Unknown,Unknown,Yes,,75.0,2026-07-28T11:11:35+00:00,success,0
QR,AMS,BKK,AMS,NL,BKK,TH,2026-10-26,2026-10-29,Summer,Economy,2,Eco-3,ECONOMY COMFORT,Economy Comfort,+493.95 USD,1270.51,USD,Ubfly,ECOMFORT,Uninterrupted return (up to the last 12 hours); Change with Penalty,Included,Included,Included,Included,Unknown,Unknown,Unknown,Unknown,Unknown,Unknown,Unknown,Unknown,Unknown,Unknown,Unknown,Unknown,Yes,,100.0,2026-07-28T11:11:35+00:00,success,0
QR,AMS,BKK,AMS,NL,BKK,TH,2026-10-26,2026-10-29,Summer,Business,0,Bus-1,BUSINESS COMFORT,Business Comfort,0.00 USD,2864.48,USD,Ubfly,BCOMFORT,175 PCT QMILES ACCUMULATION(F),Included,Included,Included,Included,Included,Unknown,Unknown,Unknown,Unknown,Unknown,Unknown,Unknown,Unknown,Unknown,Unknown,Unknown,,,,2026-07-28T11:11:35+00:00,success,0
QR,AMS,BKK,AMS,NL,BKK,TH,2026-10-26,2026-10-29,Summer,Business,1,Bus-2,BUSINESS ELITE,Business Lite,+674.50 USD,3538.98,USD,Ubfly,BELITE,200 PCT QMILES ACCUMULATION(F); Uninterrupted return (up to the last 12 hours); Change with Penalty,Included,Included,Included,Included,Included,Unknown,Unknown,Unknown,Unknown,Unknown,Unknown,Unknown,Unknown,Unknown,Unknown,Unknown,,,,2026-07-28T11:11:35+00:00,success,0
QR,AMS,BKK,AMS,NL,BKK,TH,2027-02-24,2027-02-27,Winter,Economy,0,Eco-1,ECONOMY CLASSIC,Economy Standard,0.00 USD,822.67,USD,Ubfly,ECLASSIC,,Included,Included,Unknown,Included,Unknown,Unknown,Unknown,Unknown,Unknown,Unknown,Unknown,Unknown,Unknown,Unknown,Unknown,Unknown,Yes,,50.0,2026-07-28T11:11:35+00:00,success,0
QR,AMS,BKK,AMS,NL,BKK,TH,2027-02-24,2027-02-27,Winter,Economy,1,Eco-2,ECONOMY CONVENIENCE,Economy — ECONOMY CONVENIENCE,+54.52 USD,877.19,USD,Ubfly,ECONVENIEN,,Included,Included,Included,Included,Unknown,Unknown,Unknown,Unknown,Unknown,Unknown,Unknown,Unknown,Unknown,Unknown,Unknown,Unknown,Yes,,75.0,2026-07-28T11:11:35+00:00,success,0
QR,AMS,BKK,AMS,NL,BKK,TH,2027-02-24,2027-02-27,Winter,Economy,2,Eco-3,ECONOMY COMFORT,Economy Comfort,+493.95 USD,1316.62,USD,Ubfly,ECOMFORT,Uninterrupted return (up to the last 12 hours); Change with Penalty,Included,Included,Included,Included,Unknown,Unknown,Unknown,Unknown,Unknown,Unknown,Unknown,Unknown,Unknown,Unknown,Unknown,Unknown,Yes,,100.0,2026-07-28T11:11:35+00:00,success,0
QR,AMS,BKK,AMS,NL,BKK,TH,2027-02-24,2027-02-27,Winter,Business,0,Bus-1,BUSINESS COMFORT,Business Comfort,0.00 USD,2475.7,USD,Ubfly,BCOMFORT,175 PCT QMILES ACCUMULATION(F),Included,Included,Included,Included,Included,Unknown,Unknown,Unknown,Unknown,Unknown,Unknown,Unknown,Unknown,Unknown,Unknown,Unknown,,,,2026-07-28T11:11:35+00:00,success,0
QR,AMS,BKK,AMS,NL,BKK,TH,2027-02-24,2027-02-27,Winter,Business,1,Bus-2,BUSINESS ELITE,Business Lite,"+1,109.39 USD",3585.09,USD,Ubfly,BELITE,200 PCT QMILES ACCUMULATION(F); Uninterrupted return (up to the last 12 hours); Change with Penalty,Included,Included,Included,Included,Included,Unknown,Unknown,Unknown,Unknown,Unknown,Unknown,Unknown,Unknown,Unknown,Unknown,Unknown,,,,2026-07-28T11:11:35+00:00,success,0
SQ,SIN,LHR,SIN,SG,LON,GB,2026-10-15,2026-10-18,Summer,Economy,0,Eco-1,Basic,Economy Basic,0.00 USD,514.21,USD,Ubfly,ECOCMFT,,Included,Included,Unknown,Unknown,Unknown,Unknown,Unknown,Unknown,Unknown,Unknown,Unknown,Unknown,Unknown,Unknown,Unknown,Unknown,,,,2026-07-28T11:11:35+00:00,partial,0
SQ,SIN,LHR,SIN,SG,LON,GB,2027-02-16,2027-02-19,Winter,Economy,0,Eco-1,Basic,Economy Basic,0.00 USD,606.33,USD,Ubfly,ECOCMFT,,Included,Included,Unknown,Unknown,Unknown,Unknown,Unknown,Unknown,Unknown,Unknown,Unknown,Unknown,Unknown,Unknown,Unknown,Unknown,,,,2026-07-28T11:11:35+00:00,partial,0
BA,SIN,LHR,SIN,SG,LON,GB,2026-10-15,2026-10-18,Summer,Economy,0,Eco-1,BASIC,Economy Basic,0.00 USD,869.74,USD,Ubfly,NOBAG,Personal Item: 40 x 30 x 15 cm,Included,Not Included,Unknown,Included,Unknown,Unknown,Unknown,Unknown,Unknown,Unknown,Unknown,Unknown,Unknown,Unknown,Unknown,Unknown,,,,2026-07-28T11:11:35+00:00,partial,0
BA,SIN,LHR,SIN,SG,LON,GB,2026-10-15,2026-10-18,Summer,Economy,1,Eco-2,ECONOMY BASIC,Economy Basic,+36.68 USD,906.42,USD,Ubfly,BAG,Personal Item: 40 x 30 x 15 cm; 1 Piece Luggage (23 Kg),Included,Included,Unknown,Included,Unknown,Unknown,Unknown,Unknown,Unknown,Unknown,Unknown,Unknown,Unknown,Unknown,Unknown,Unknown,,,,2026-07-28T11:11:35+00:00,partial,0
BA,SIN,LHR,SIN,SG,LON,GB,2026-10-15,2026-10-18,Summer,Economy,2,Eco-3,PLUS SELECT,Economy Comfort,+164.88 USD,1034.62,USD,Ubfly,ECONSEL,Personal Item: 40 x 30 x 15 cm; 1 Piece Luggage (23 Kg); Change without penalty before flight,Included,Included,Unknown,Included,Unknown,Unknown,Unknown,Unknown,Included,Unknown,Unknown,Unknown,Unknown,Unknown,Unknown,Unknown,,,,2026-07-28T11:11:35+00:00,partial,0
BA,SIN,LHR,SIN,SG,LON,GB,2026-10-15,2026-10-18,Summer,Economy,3,Eco-4,ECONPRO,Economy — ECONPRO,+230.68 USD,1100.42,USD,Ubfly,ECONPRO,Personal Item: 40 x 30 x 15 cm; 1 Piece Luggage (23 Kg); Change without penalty before flight,Included,Included,Included,Included,Unknown,Unknown,Unknown,Included,Included,Unknown,Unknown,Unknown,Unknown,Unknown,Unknown,Unknown,,,,2026-07-28T11:11:35+00:00,partial,0
BA,SIN,LHR,SIN,SG,LON,GB,2026-10-15,2026-10-18,Summer,Economy,4,Eco-5,PLUS FLEX,Economy Comfort,"+1,749.44 USD",2619.18,USD,Ubfly,ECONFLEX,Personal Item: 40 x 30 x 15 cm; 1 Piece Luggage (23 Kg); Change without penalty before flight,Included,Included,Included,Included,Unknown,Unknown,Unknown,Included,Included,Unknown,Unknown,Unknown,Unknown,Unknown,Unknown,Unknown,,,,2026-07-28T11:11:35+00:00,partial,0
BA,SIN,LHR,SIN,SG,LON,GB,2026-10-15,2026-10-18,Summer,Premium Economy,0,PEco-1,PREMECON,Premium Economy — PREMECON,"+1,467.31 USD",2337.05,USD,Ubfly,PREMECON,Personal Item: 40 x 30 x 15 cm,Included,Included,Unknown,Included,Unknown,Unknown,Unknown,Unknown,Unknown,Unknown,Unknown,Unknown,Unknown,Unknown,Unknown,Unknown,,,,2026-07-28T11:11:35+00:00,partial,0
BA,SIN,LHR,SIN,SG,LON,GB,2026-10-15,2026-10-18,Summer,Premium Economy,1,PEco-2,PESEL,Premium Economy — PESEL,"+1,598.91 USD",2468.65,USD,Ubfly,PESEL,Personal Item: 40 x 30 x 15 cm; Change without penalty before flight,Included,Included,Unknown,Included,Unknown,Unknown,Unknown,Unknown,Included,Unknown,Unknown,Unknown,Unknown,Unknown,Unknown,Unknown,,,,2026-07-28T11:11:35+00:00,partial,0
BA,SIN,LHR,SIN,SG,LON,GB,2026-10-15,2026-10-18,Summer,Premium Economy,2,PEco-3,PEPRO,Premium Economy — PEPRO,"+1,699.53 USD",2569.27,USD,Ubfly,PEPRO,Personal Item: 40 x 30 x 15 cm; Change without penalty before flight,Included,Included,Included,Included,Unknown,Unknown,Unknown,Included,Included,Unknown,Unknown,Unknown,Unknown,Unknown,Unknown,Unknown,,,,2026-07-28T11:11:35+00:00,partial,0
BA,SIN,LHR,SIN,SG,LON,GB,2026-10-15,2026-10-18,Summer,Premium Economy,3,PEco-4,PEFLEX,Premium Economy Flex,"+3,219.07 USD",4088.81,USD,Ubfly,PEFLEX,Personal Item: 40 x 30 x 15 cm; Change without penalty before flight,Included,Included,Included,Included,Unknown,Unknown,Unknown,Included,Included,Unknown,Unknown,Unknown,Unknown,Unknown,Unknown,Unknown,,,,2026-07-28T11:11:35+00:00,partial,0
BA,SIN,LHR,SIN,SG,LON,GB,2026-10-15,2026-10-18,Summer,Business,0,Bus-1,BUSINESS,Business — BUSINESS,0.00 USD,6328.78,USD,Ubfly,BUSINESS,Personal Item: 40 x 30 x 15 cm; Dedicated check-in area,Included,Included,Unknown,Included,Included,Unknown,Included,Unknown,Unknown,Unknown,Unknown,Unknown,Unknown,Unknown,Unknown,Unknown,,,,2026-07-28T11:11:35+00:00,partial,0
BA,SIN,LHR,SIN,SG,LON,GB,2026-10-15,2026-10-18,Summer,Business,1,Bus-2,BUSINESS PLUS SELECT,Business Comfort,+464.46 USD,6793.24,USD,Ubfly,BIZSEL,Personal Item: 40 x 30 x 15 cm; Dedicated check-in area; Change without penalty before flight,Included,Included,Included,Included,Included,Unknown,Included,Unknown,Included,Unknown,Unknown,Unknown,Unknown,Unknown,Unknown,Unknown,,,,2026-07-28T11:11:35+00:00,partial,0
BA,SIN,LHR,SIN,SG,LON,GB,2026-10-15,2026-10-18,Summer,Business,2,Bus-3,BIZPRO,Business — BIZPRO,+727.65 USD,7056.43,USD,Ubfly,BIZPRO,Personal Item: 40 x 30 x 15 cm; Dedicated check-in area; Change without penalty before flight,Included,Included,Included,Included,Included,Unknown,Included,Included,Included,Unknown,Unknown,Unknown,Unknown,Unknown,Unknown,Unknown,,,,2026-07-28T11:11:35+00:00,partial,0
BA,SIN,LHR,SIN,SG,LON,GB,2026-10-15,2026-10-18,Summer,Business,3,Bus-4,BUSINESS FLEX,Business Flex,"+3,940.11 USD",10268.89,USD,Ubfly,BIZFLEX,Personal Item: 40 x 30 x 15 cm; Dedicated check-in area; Change without penalty before flight,Included,Included,Included,Included,Included,Unknown,Included,Included,Included,Unknown,Unknown,Unknown,Unknown,Unknown,Unknown,Unknown,,,,2026-07-28T11:11:35+00:00,partial,0
BA,SIN,LHR,SIN,SG,LON,GB,2027-02-16,2027-02-19,Winter,Economy,0,Eco-1,BASIC,Economy Basic,0.00 USD,869.74,USD,Ubfly,NOBAG,Personal Item: 40 x 30 x 15 cm,Included,Not Included,Unknown,Included,Unknown,Unknown,Unknown,Unknown,Unknown,Unknown,Unknown,Unknown,Unknown,Unknown,Unknown,Unknown,,,,2026-07-28T11:11:35+00:00,partial,0
BA,SIN,LHR,SIN,SG,LON,GB,2027-02-16,2027-02-19,Winter,Economy,1,Eco-2,ECONOMY BASIC,Economy Basic,+36.68 USD,906.42,USD,Ubfly,BAG,Personal Item: 40 x 30 x 15 cm; 1 Piece Luggage (23 Kg),Included,Included,Unknown,Included,Unknown,Unknown,Unknown,Unknown,Unknown,Unknown,Unknown,Unknown,Unknown,Unknown,Unknown,Unknown,,,,2026-07-28T11:11:35+00:00,partial,0
BA,SIN,LHR,SIN,SG,LON,GB,2027-02-16,2027-02-19,Winter,Economy,2,Eco-3,PLUS SELECT,Economy Comfort,+164.88 USD,1034.62,USD,Ubfly,ECONSEL,Personal Item: 40 x 30 x 15 cm; 1 Piece Luggage (23 Kg); Change without penalty before flight,Included,Included,Unknown,Included,Unknown,Unknown,Unknown,Unknown,Included,Unknown,Unknown,Unknown,Unknown,Unknown,Unknown,Unknown,,,,2026-07-28T11:11:35+00:00,partial,0
BA,SIN,LHR,SIN,SG,LON,GB,2027-02-16,2027-02-19,Winter,Economy,3,Eco-4,ECONPRO,Economy — ECONPRO,+230.68 USD,1100.42,USD,Ubfly,ECONPRO,Personal Item: 40 x 30 x 15 cm; 1 Piece Luggage (23 Kg); Change without penalty before flight,Included,Included,Included,Included,Unknown,Unknown,Unknown,Included,Included,Unknown,Unknown,Unknown,Unknown,Unknown,Unknown,Unknown,,,,2026-07-28T11:11:35+00:00,partial,0
BA,SIN,LHR,SIN,SG,LON,GB,2027-02-16,2027-02-19,Winter,Economy,4,Eco-5,PLUS FLEX,Economy Comfort,"+1,749.44 USD",2619.18,USD,Ubfly,ECONFLEX,Personal Item: 40 x 30 x 15 cm; 1 Piece Luggage (23 Kg); Change without penalty before flight,Included,Included,Included,Included,Unknown,Unknown,Unknown,Included,Included,Unknown,Unknown,Unknown,Unknown,Unknown,Unknown,Unknown,,,,2026-07-28T11:11:35+00:00,partial,0
BA,SIN,LHR,SIN,SG,LON,GB,2027-02-16,2027-02-19,Winter,Premium Economy,0,PEco-1,PREMECON,Premium Economy — PREMECON,"+1,467.31 USD",2337.05,USD,Ubfly,PREMECON,Personal Item: 40 x 30 x 15 cm,Included,Included,Unknown,Included,Unknown,Unknown,Unknown,Unknown,Unknown,Unknown,Unknown,Unknown,Unknown,Unknown,Unknown,Unknown,,,,2026-07-28T11:11:35+00:00,partial,0
BA,SIN,LHR,SIN,SG,LON,GB,2027-02-16,2027-02-19,Winter,Premium Economy,1,PEco-2,PESEL,Premium Economy — PESEL,"+1,598.91 USD",2468.65,USD,Ubfly,PESEL,Personal Item: 40 x 30 x 15 cm; Change without penalty before flight,Included,Included,Unknown,Included,Unknown,Unknown,Unknown,Unknown,Included,Unknown,Unknown,Unknown,Unknown,Unknown,Unknown,Unknown,,,,2026-07-28T11:11:35+00:00,partial,0
BA,SIN,LHR,SIN,SG,LON,GB,2027-02-16,2027-02-19,Winter,Premium Economy,2,PEco-3,PEPRO,Premium Economy — PEPRO,"+1,699.53 USD",2569.27,USD,Ubfly,PEPRO,Personal Item: 40 x 30 x 15 cm; Change without penalty before flight,Included,Included,Included,Included,Unknown,Unknown,Unknown,Included,Included,Unknown,Unknown,Unknown,Unknown,Unknown,Unknown,Unknown,,,,2026-07-28T11:11:35+00:00,partial,0
BA,SIN,LHR,SIN,SG,LON,GB,2027-02-16,2027-02-19,Winter,Premium Economy,3,PEco-4,PEFLEX,Premium Economy Flex,"+3,219.07 USD",4088.81,USD,Ubfly,PEFLEX,Personal Item: 40 x 30 x 15 cm; Change without penalty before flight,Included,Included,Included,Included,Unknown,Unknown,Unknown,Included,Included,Unknown,Unknown,Unknown,Unknown,Unknown,Unknown,Unknown,,,,2026-07-28T11:11:35+00:00,partial,0
BA,SIN,LHR,SIN,SG,LON,GB,2027-02-16,2027-02-19,Winter,Business,0,Bus-1,BUSINESS,Business — BUSINESS,0.00 USD,4236.41,USD,Ubfly,BUSINESS,Personal Item: 40 x 30 x 15 cm; Dedicated check-in area,Included,Included,Unknown,Included,Included,Unknown,Included,Unknown,Unknown,Unknown,Unknown,Unknown,Unknown,Unknown,Unknown,Unknown,,,,2026-07-28T11:11:35+00:00,partial,0
BA,SIN,LHR,SIN,SG,LON,GB,2027-02-16,2027-02-19,Winter,Business,1,Bus-2,BUSINESS PLUS SELECT,Business Comfort,+464.46 USD,4700.87,USD,Ubfly,BIZSEL,Personal Item: 40 x 30 x 15 cm; Dedicated check-in area; Change without penalty before flight,Included,Included,Included,Included,Included,Unknown,Included,Unknown,Included,Unknown,Unknown,Unknown,Unknown,Unknown,Unknown,Unknown,,,,2026-07-28T11:11:35+00:00,partial,0
BA,SIN,LHR,SIN,SG,LON,GB,2027-02-16,2027-02-19,Winter,Business,2,Bus-3,BIZPRO,Business — BIZPRO,+727.65 USD,4964.06,USD,Ubfly,BIZPRO,Personal Item: 40 x 30 x 15 cm; Dedicated check-in area; Change without penalty before flight,Included,Included,Included,Included,Included,Unknown,Included,Included,Included,Unknown,Unknown,Unknown,Unknown,Unknown,Unknown,Unknown,,,,2026-07-28T11:11:35+00:00,partial,0
BA,SIN,LHR,SIN,SG,LON,GB,2027-02-16,2027-02-19,Winter,Business,3,Bus-4,BUSINESS FLEX,Business Flex,"+5,991.45 USD",10227.86,USD,Ubfly,BIZFLEX,Personal Item: 40 x 30 x 15 cm; Dedicated check-in area; Change without penalty before flight,Included,Included,Included,Included,Included,Unknown,Included,Included,Included,Unknown,Unknown,Unknown,Unknown,Unknown,Unknown,Unknown,,,,2026-07-28T11:11:35+00:00,partial,0
QF,SIN,LHR,SIN,SG,LON,GB,2026-10-15,2026-10-18,Summer,Economy,0,Eco-1,Economy Saver,Economy Basic,0.00 USD,855.11,USD,Ubfly,ECSV,1. Changes:; · At any time; · Permitted with a change fee. Please refer to the fare rules for the applicable change fees.; · New fare must be of equal or higher value; 2. Name changes:; · Name change is not permitted; 4.Qantas Frequent Flyer benefits:; · Qantas Points and Status credits may be earned on this fare and will be calculated on each Segment; 5. Inclusions on Qantas operated flights:; · Complimentary in-flight entertainment where available; Classic Upgrade Rewards may be eligible on this fare on Qantas Operated flights,Included,Included,Included,Included,Paid,Unknown,Unknown,Included,Not Included,Unknown,Unknown,Unknown,Unknown,Unknown,Unknown,Unknown,,,,2026-07-28T11:11:35+00:00,partial,0
QF,SIN,LHR,SIN,SG,LON,GB,2026-10-15,2026-10-18,Summer,Economy,1,Eco-2,Economy Flex,Economy Flex,+808.08 USD,1663.19,USD,Ubfly,ECFL,1. Changes:; · At any time; · Change is permitted.; · New fare must be of equal or higher value; 2. Name changes:; · Name change is not permitted; 4.Qantas Frequent Flyer benefits:; · Qantas Points and Status credits may be earned on this fare and will be calculated on each Segment; 5. Inclusions on Qantas operated flights:; · Complimentary in-flight entertainment where available; Classic Upgrade Rewards may be eligible on this fare on Qantas Operated flights,Included,Included,Included,Included,Paid,Unknown,Unknown,Included,Not Included,Unknown,Unknown,Unknown,Unknown,Unknown,Unknown,Unknown,,,,2026-07-28T11:11:35+00:00,partial,0
QF,SIN,LHR,SIN,SG,LON,GB,2026-10-15,2026-10-18,Summer,Premium Economy,0,PEco-1,Premium Economy Saver,Premium Economy Basic,"+1,831.57 USD",2686.68,USD,Ubfly,PYSV,1. Changes:; · At any time; · Permitted with a change fee. Please refer to the fare rules for the applicable change fees.; · New fare must be of equal or higher value; 2. Name changes:; · Name change is not permitted; 4.Qantas Frequent Flyer benefits:; · Qantas Points and Status credits may be earned on this fare and will be calculated on each Segment; 5. Inclusions on Qantas operated flights:; · Complimentary in-flight entertainment where available; Classic Upgrade Rewards may be eligible on this fare on Qantas Operated flights,Included,Included,Included,Included,Paid,Unknown,Unknown,Included,Not Included,Unknown,Unknown,Unknown,Unknown,Unknown,Unknown,Unknown,,,,2026-07-28T11:11:35+00:00,partial,0
QF,SIN,LHR,SIN,SG,LON,GB,2026-10-15,2026-10-18,Summer,Premium Economy,1,PEco-2,Premium Economy Flex,Premium Economy Flex,"+2,385.05 USD",3240.16,USD,Ubfly,PYFL,1. Changes:; · At any time; · Change is permitted.; · New fare must be of equal or higher value; 2. Name changes:; · Name change is not permitted; 4.Qantas Frequent Flyer benefits:; · Qantas Points and Status credits may be earned on this fare and will be calculated on each Segment; 5. Inclusions on Qantas operated flights:; · Complimentary in-flight entertainment where available; Classic Upgrade Rewards may be eligible on this fare on Qantas Operated flights,Included,Included,Included,Included,Paid,Unknown,Unknown,Included,Not Included,Unknown,Unknown,Unknown,Unknown,Unknown,Unknown,Unknown,,,,2026-07-28T11:11:35+00:00,partial,0
QF,SIN,LHR,SIN,SG,LON,GB,2027-02-16,2027-02-19,Winter,Economy,0,Eco-1,Economy Saver,Economy Basic,0.00 USD,855.11,USD,Ubfly,ECSV,1. Changes:; · At any time; · Permitted with a change fee. Please refer to the fare rules for the applicable change fees.; · New fare must be of equal or higher value; 2. Name changes:; · Name change is not permitted; 4.Qantas Frequent Flyer benefits:; · Qantas Points and Status credits may be earned on this fare and will be calculated on each Segment; 5. Inclusions on Qantas operated flights:; · Complimentary in-flight entertainment where available; Classic Upgrade Rewards may be eligible on this fare on Qantas Operated flights,Included,Included,Included,Included,Paid,Unknown,Unknown,Included,Not Included,Unknown,Unknown,Unknown,Unknown,Unknown,Unknown,Unknown,,,,2026-07-28T11:11:35+00:00,partial,0
QF,SIN,LHR,SIN,SG,LON,GB,2027-02-16,2027-02-19,Winter,Economy,1,Eco-2,Economy Flex,Economy Flex,+808.08 USD,1663.19,USD,Ubfly,ECFL,1. Changes:; · At any time; · Change is permitted.; · New fare must be of equal or higher value; 2. Name changes:; · Name change is not permitted; 4.Qantas Frequent Flyer benefits:; · Qantas Points and Status credits may be earned on this fare and will be calculated on each Segment; 5. Inclusions on Qantas operated flights:; · Complimentary in-flight entertainment where available; Classic Upgrade Rewards may be eligible on this fare on Qantas Operated flights,Included,Included,Included,Included,Paid,Unknown,Unknown,Included,Not Included,Unknown,Unknown,Unknown,Unknown,Unknown,Unknown,Unknown,,,,2026-07-28T11:11:35+00:00,partial,0
QF,SIN,LHR,SIN,SG,LON,GB,2027-02-16,2027-02-19,Winter,Premium Economy,0,PEco-1,Premium Economy Sale,Premium Economy Premium,"+1,554.83 USD",2409.94,USD,Ubfly,PYSL,1. Changes:; · At any time; · Permitted with a change fee. Please refer to the fare rules for the applicable change fees.; · New fare must be of equal or higher value; 2. Name changes:; · Name change is not permitted; 4.Qantas Frequent Flyer benefits:; · Qantas Points and Status credits may be earned on this fare and will be calculated on each Segment; 5. Inclusions on Qantas operated flights:; · Complimentary in-flight entertainment where available; Classic Upgrade Rewards may be eligible on this fare on Qantas Operated flights,Included,Included,Included,Included,Paid,Unknown,Unknown,Included,Not Included,Unknown,Unknown,Unknown,Unknown,Unknown,Unknown,Unknown,,,,2026-07-28T11:11:35+00:00,partial,0
QF,SIN,LHR,SIN,SG,LON,GB,2027-02-16,2027-02-19,Winter,Premium Economy,1,PEco-2,Premium Economy Saver,Premium Economy Basic,"+1,831.57 USD",2686.68,USD,Ubfly,PYSV,1. Changes:; · At any time; · Permitted with a change fee. Please refer to the fare rules for the applicable change fees.; · New fare must be of equal or higher value; 2. Name changes:; · Name change is not permitted; 4.Qantas Frequent Flyer benefits:; · Qantas Points and Status credits may be earned on this fare and will be calculated on each Segment; 5. Inclusions on Qantas operated flights:; · Complimentary in-flight entertainment where available; Classic Upgrade Rewards may be eligible on this fare on Qantas Operated flights,Included,Included,Included,Included,Paid,Unknown,Unknown,Included,Not Included,Unknown,Unknown,Unknown,Unknown,Unknown,Unknown,Unknown,,,,2026-07-28T11:11:35+00:00,partial,0
QF,SIN,LHR,SIN,SG,LON,GB,2027-02-16,2027-02-19,Winter,Premium Economy,2,PEco-3,Premium Economy Flex,Premium Economy Flex,"+2,385.05 USD",3240.16,USD,Ubfly,PYFL,1. Changes:; · At any time; · Change is permitted.; · New fare must be of equal or higher value; 2. Name changes:; · Name change is not permitted; 4.Qantas Frequent Flyer benefits:; · Qantas Points and Status credits may be earned on this fare and will be calculated on each Segment; 5. Inclusions on Qantas operated flights:; · Complimentary in-flight entertainment where available; Classic Upgrade Rewards may be eligible on this fare on Qantas Operated flights,Included,Included,Included,Included,Paid,Unknown,Unknown,Included,Not Included,Unknown,Unknown,Unknown,Unknown,Unknown,Unknown,Unknown,,,,2026-07-28T11:11:35+00:00,partial,0
QR,SIN,LHR,SIN,SG,LON,GB,2026-10-15,2026-10-18,Summer,Economy,0,Eco-1,ECONOMY CLASSIC,Economy Standard,0.00 USD,415.53,USD,Ubfly,ECLASSIC,,Included,Included,Unknown,Included,Unknown,Unknown,Unknown,Unknown,Unknown,Unknown,Unknown,Unknown,Unknown,Unknown,Unknown,Unknown,Yes,,50.0,2026-07-28T11:11:35+00:00,success,0
QR,SIN,LHR,SIN,SG,LON,GB,2026-10-15,2026-10-18,Summer,Economy,1,Eco-2,ECONOMY CONVENIENCE,Economy — ECONOMY CONVENIENCE,+237.95 USD,653.48,USD,Ubfly,ECONVENIEN,,Included,Included,Included,Included,Unknown,Unknown,Unknown,Unknown,Unknown,Unknown,Unknown,Unknown,Unknown,Unknown,Unknown,Unknown,Yes,,75.0,2026-07-28T11:11:35+00:00,success,0
QR,SIN,LHR,SIN,SG,LON,GB,2026-10-15,2026-10-18,Summer,Economy,2,Eco-3,ECONOMY COMFORT,Economy Comfort,+725.31 USD,1140.84,USD,Ubfly,ECOMFORT,Uninterrupted return (up to the last 12 hours); Change with Penalty,Included,Included,Included,Included,Unknown,Unknown,Unknown,Unknown,Unknown,Unknown,Unknown,Unknown,Unknown,Unknown,Unknown,Unknown,Yes,,100.0,2026-07-28T11:11:35+00:00,success,0
QR,SIN,LHR,SIN,SG,LON,GB,2026-10-15,2026-10-18,Summer,Business,0,Bus-1,BUSINESS COMFORT,Business Comfort,0.00 USD,3670.94,USD,Ubfly,BCOMFORT,175 PCT QMILES ACCUMULATION(F),Included,Included,Included,Included,Included,Unknown,Unknown,Unknown,Unknown,Unknown,Unknown,Unknown,Unknown,Unknown,Unknown,Unknown,,,,2026-07-28T11:11:35+00:00,success,0
QR,SIN,LHR,SIN,SG,LON,GB,2026-10-15,2026-10-18,Summer,Business,1,Bus-2,BUSINESS ELITE,Business Lite,+660.29 USD,4331.23,USD,Ubfly,BELITE,200 PCT QMILES ACCUMULATION(F); Uninterrupted return (up to the last 12 hours); Change with Penalty,Included,Included,Included,Included,Included,Unknown,Unknown,Unknown,Unknown,Unknown,Unknown,Unknown,Unknown,Unknown,Unknown,Unknown,,,,2026-07-28T11:11:35+00:00,success,0
QR,SIN,LHR,SIN,SG,LON,GB,2027-02-16,2027-02-19,Winter,Economy,0,Eco-1,ECONOMY CLASSIC,Economy Standard,0.00 USD,484.43,USD,Ubfly,ECLASSIC,,Included,Included,Unknown,Included,Unknown,Unknown,Unknown,Unknown,Unknown,Unknown,Unknown,Unknown,Unknown,Unknown,Unknown,Unknown,Yes,,50.0,2026-07-28T11:11:35+00:00,success,0
QR,SIN,LHR,SIN,SG,LON,GB,2027-02-16,2027-02-19,Winter,Economy,1,Eco-2,ECONOMY CONVENIENCE,Economy — ECONOMY CONVENIENCE,+169.05 USD,653.48,USD,Ubfly,ECONVENIEN,,Included,Included,Included,Included,Unknown,Unknown,Unknown,Unknown,Unknown,Unknown,Unknown,Unknown,Unknown,Unknown,Unknown,Unknown,Yes,,75.0,2026-07-28T11:11:35+00:00,success,0
QR,SIN,LHR,SIN,SG,LON,GB,2027-02-16,2027-02-19,Winter,Economy,2,Eco-3,ECONOMY COMFORT,Economy Comfort,+656.41 USD,1140.84,USD,Ubfly,ECOMFORT,Uninterrupted return (up to the last 12 hours); Change with Penalty,Included,Included,Included,Included,Unknown,Unknown,Unknown,Unknown,Unknown,Unknown,Unknown,Unknown,Unknown,Unknown,Unknown,Unknown,Yes,,100.0,2026-07-28T11:11:35+00:00,success,0
QR,SIN,LHR,SIN,SG,LON,GB,2027-02-16,2027-02-19,Winter,Business,0,Bus-1,BCLASSIC,Business Standard,0.00 USD,2601.43,USD,Ubfly,BCLASSIC,125 PCT QMILES ACCUMULATION(F),Included,Included,Unknown,Included,Included,Unknown,Unknown,Unknown,Unknown,Unknown,Unknown,Unknown,Unknown,Unknown,Unknown,Unknown,,,,2026-07-28T11:11:35+00:00,success,0
QR,SIN,LHR,SIN,SG,LON,GB,2027-02-16,2027-02-19,Winter,Business,1,Bus-2,BUSINESS COMFORT,Business Comfort,+647.14 USD,3248.57,USD,Ubfly,BCOMFORT,175 PCT QMILES ACCUMULATION(F),Included,Included,Included,Included,Included,Unknown,Unknown,Unknown,Unknown,Unknown,Unknown,Unknown,Unknown,Unknown,Unknown,Unknown,,,,2026-07-28T11:11:35+00:00,success,0
QR,SIN,LHR,SIN,SG,LON,GB,2027-02-16,2027-02-19,Winter,Business,2,Bus-3,BUSINESS ELITE,Business Lite,"+1,732.40 USD",4333.83,USD,Ubfly,BELITE,200 PCT QMILES ACCUMULATION(F); Uninterrupted return (up to the last 12 hours); Change with Penalty,Included,Included,Included,Included,Included,Unknown,Unknown,Unknown,Unknown,Unknown,Unknown,Unknown,Unknown,Unknown,Unknown,Unknown,,,,2026-07-28T11:11:35+00:00,success,0
MH,KUL,LHR,KUL,MY,LON,GB,2026-09-06,2026-09-09,Summer,Economy,0,Eco-1,Basic,Economy Basic,0.00 USD,798.14,USD,Ubfly,BASIC,,Included,Included,Unknown,Unknown,Unknown,Unknown,Unknown,Unknown,Unknown,Unknown,Unknown,Unknown,Unknown,Unknown,Unknown,Unknown,,,,2026-07-28T11:11:35+00:00,partial,0
MH,KUL,LHR,KUL,MY,LON,GB,2026-12-19,2026-12-22,Winter,Economy,0,Eco-1,Basic,Economy Basic,0.00 USD,648.91,USD,Ubfly,BASIC,,Included,Included,Unknown,Unknown,Unknown,Unknown,Unknown,Unknown,Unknown,Unknown,Unknown,Unknown,Unknown,Unknown,Unknown,Unknown,,,,2026-07-28T11:11:35+00:00,partial,0
BA,KUL,LHR,KUL,MY,LON,GB,2026-09-06,2026-09-09,Summer,Economy,0,Eco-1,BASIC,Economy Basic,0.00 USD,679.22,USD,Ubfly,NOBAG,Personal Item: 40 x 30 x 15 cm,Included,Not Included,Unknown,Included,Unknown,Unknown,Unknown,Unknown,Unknown,Unknown,Unknown,Unknown,Unknown,Unknown,Unknown,Unknown,,,,2026-07-28T11:11:35+00:00,partial,0
BA,KUL,LHR,KUL,MY,LON,GB,2026-09-06,2026-09-09,Summer,Economy,1,Eco-2,ECONOMY BASIC,Economy Basic,+40.04 USD,719.26,USD,Ubfly,BAG,Personal Item: 40 x 30 x 15 cm; 1 Piece Luggage (23 Kg),Included,Included,Unknown,Included,Unknown,Unknown,Unknown,Unknown,Unknown,Unknown,Unknown,Unknown,Unknown,Unknown,Unknown,Unknown,,,,2026-07-28T11:11:35+00:00,partial,0
BA,KUL,LHR,KUL,MY,LON,GB,2026-09-06,2026-09-09,Summer,Economy,2,Eco-3,PLUS SELECT,Economy Comfort,+164.84 USD,844.06,USD,Ubfly,ECONSEL,Personal Item: 40 x 30 x 15 cm; 1 Piece Luggage (23 Kg); Change without penalty before flight,Included,Included,Unknown,Included,Unknown,Unknown,Unknown,Unknown,Included,Unknown,Unknown,Unknown,Unknown,Unknown,Unknown,Unknown,,,,2026-07-28T11:11:35+00:00,partial,0
BA,KUL,LHR,KUL,MY,LON,GB,2026-09-06,2026-09-09,Summer,Economy,3,Eco-4,ECONPRO,Economy — ECONPRO,+229.54 USD,908.76,USD,Ubfly,ECONPRO,Personal Item: 40 x 30 x 15 cm; 1 Piece Luggage (23 Kg); Change without penalty before flight,Included,Included,Included,Included,Unknown,Unknown,Unknown,Included,Included,Unknown,Unknown,Unknown,Unknown,Unknown,Unknown,Unknown,,,,2026-07-28T11:11:35+00:00,partial,0
BA,KUL,LHR,KUL,MY,LON,GB,2026-09-06,2026-09-09,Summer,Economy,4,Eco-5,PLUS FLEX,Economy Comfort,"+1,860.07 USD",2539.29,USD,Ubfly,ECONFLEX,Personal Item: 40 x 30 x 15 cm; 1 Piece Luggage (23 Kg); Change without penalty before flight,Included,Included,Included,Included,Unknown,Unknown,Unknown,Included,Included,Unknown,Unknown,Unknown,Unknown,Unknown,Unknown,Unknown,,,,2026-07-28T11:11:35+00:00,partial,0
BA,KUL,LHR,KUL,MY,LON,GB,2026-09-06,2026-09-09,Summer,Premium Economy,0,PEco-1,PREMECON,Premium Economy — PREMECON,+735.23 USD,1414.45,USD,Ubfly,PREMECON,Personal Item: 40 x 30 x 15 cm,Included,Included,Unknown,Included,Unknown,Unknown,Unknown,Unknown,Unknown,Unknown,Unknown,Unknown,Unknown,Unknown,Unknown,Unknown,,,,2026-07-28T11:11:35+00:00,partial,0
BA,KUL,LHR,KUL,MY,LON,GB,2026-09-06,2026-09-09,Summer,Premium Economy,1,PEco-2,PESEL,Premium Economy — PESEL,+863.42 USD,1542.64,USD,Ubfly,PESEL,Personal Item: 40 x 30 x 15 cm; Change without penalty before flight,Included,Included,Unknown,Included,Unknown,Unknown,Unknown,Unknown,Included,Unknown,Unknown,Unknown,Unknown,Unknown,Unknown,Unknown,,,,2026-07-28T11:11:35+00:00,partial,0
BA,KUL,LHR,KUL,MY,LON,GB,2026-09-06,2026-09-09,Summer,Premium Economy,2,PEco-3,PEPRO,Premium Economy — PEPRO,+961.12 USD,1640.34,USD,Ubfly,PEPRO,Personal Item: 40 x 30 x 15 cm; Change without penalty before flight,Included,Included,Included,Included,Unknown,Unknown,Unknown,Included,Included,Unknown,Unknown,Unknown,Unknown,Unknown,Unknown,Unknown,,,,2026-07-28T11:11:35+00:00,partial,0
BA,KUL,LHR,KUL,MY,LON,GB,2026-09-06,2026-09-09,Summer,Premium Economy,3,PEco-4,PEFLEX,Premium Economy Flex,"+2,333.99 USD",3013.21,USD,Ubfly,PEFLEX,Personal Item: 40 x 30 x 15 cm; Change without penalty before flight,Included,Included,Included,Included,Unknown,Unknown,Unknown,Included,Included,Unknown,Unknown,Unknown,Unknown,Unknown,Unknown,Unknown,,,,2026-07-28T11:11:35+00:00,partial,0
BA,KUL,LHR,KUL,MY,LON,GB,2026-09-06,2026-09-09,Summer,Business,0,Bus-1,BUSINESS,Business — BUSINESS,0.00 USD,4554.37,USD,Ubfly,BUSINESS,Personal Item: 40 x 30 x 15 cm; Dedicated check-in area,Included,Included,Unknown,Included,Included,Unknown,Included,Unknown,Unknown,Unknown,Unknown,Unknown,Unknown,Unknown,Unknown,Unknown,,,,2026-07-28T11:11:35+00:00,partial,0
BA,KUL,LHR,KUL,MY,LON,GB,2026-09-06,2026-09-09,Summer,Business,1,Bus-2,BUSINESS PLUS SELECT,Business Comfort,+450.55 USD,5004.92,USD,Ubfly,BIZSEL,Personal Item: 40 x 30 x 15 cm; Dedicated check-in area; Change without penalty before flight,Included,Included,Included,Included,Included,Unknown,Included,Unknown,Included,Unknown,Unknown,Unknown,Unknown,Unknown,Unknown,Unknown,,,,2026-07-28T11:11:35+00:00,partial,0
BA,KUL,LHR,KUL,MY,LON,GB,2026-09-06,2026-09-09,Summer,Business,2,Bus-3,BIZPRO,Business — BIZPRO,+708.17 USD,5262.54,USD,Ubfly,BIZPRO,Personal Item: 40 x 30 x 15 cm; Dedicated check-in area; Change without penalty before flight,Included,Included,Included,Included,Included,Unknown,Included,Included,Included,Unknown,Unknown,Unknown,Unknown,Unknown,Unknown,Unknown,,,,2026-07-28T11:11:35+00:00,partial,0
BA,KUL,LHR,KUL,MY,LON,GB,2026-09-06,2026-09-09,Summer,Business,3,Bus-4,BUSINESS FLEX,Business Flex,"+3,119.39 USD",7673.76,USD,Ubfly,BIZFLEX,Personal Item: 40 x 30 x 15 cm; Dedicated check-in area; Change without penalty before flight,Included,Included,Included,Included,Included,Unknown,Included,Included,Included,Unknown,Unknown,Unknown,Unknown,Unknown,Unknown,Unknown,,,,2026-07-28T11:11:35+00:00,partial,0
BA,KUL,LHR,KUL,MY,LON,GB,2026-12-19,2026-12-22,Winter,Economy,0,Eco-1,BASIC,Economy Basic,0.00 USD,679.22,USD,Ubfly,NOBAG,Personal Item: 40 x 30 x 15 cm,Included,Not Included,Unknown,Included,Unknown,Unknown,Unknown,Unknown,Unknown,Unknown,Unknown,Unknown,Unknown,Unknown,Unknown,Unknown,,,,2026-07-28T11:11:35+00:00,partial,0
BA,KUL,LHR,KUL,MY,LON,GB,2026-12-19,2026-12-22,Winter,Economy,1,Eco-2,ECONOMY BASIC,Economy Basic,+40.04 USD,719.26,USD,Ubfly,BAG,Personal Item: 40 x 30 x 15 cm; 1 Piece Luggage (23 Kg),Included,Included,Unknown,Included,Unknown,Unknown,Unknown,Unknown,Unknown,Unknown,Unknown,Unknown,Unknown,Unknown,Unknown,Unknown,,,,2026-07-28T11:11:35+00:00,partial,0
BA,KUL,LHR,KUL,MY,LON,GB,2026-12-19,2026-12-22,Winter,Economy,2,Eco-3,PLUS SELECT,Economy Comfort,+164.84 USD,844.06,USD,Ubfly,ECONSEL,Personal Item: 40 x 30 x 15 cm; 1 Piece Luggage (23 Kg); Change without penalty before flight,Included,Included,Unknown,Included,Unknown,Unknown,Unknown,Unknown,Included,Unknown,Unknown,Unknown,Unknown,Unknown,Unknown,Unknown,,,,2026-07-28T11:11:35+00:00,partial,0
BA,KUL,LHR,KUL,MY,LON,GB,2026-12-19,2026-12-22,Winter,Economy,3,Eco-4,ECONPRO,Economy — ECONPRO,+229.54 USD,908.76,USD,Ubfly,ECONPRO,Personal Item: 40 x 30 x 15 cm; 1 Piece Luggage (23 Kg); Change without penalty before flight,Included,Included,Included,Included,Unknown,Unknown,Unknown,Included,Included,Unknown,Unknown,Unknown,Unknown,Unknown,Unknown,Unknown,,,,2026-07-28T11:11:35+00:00,partial,0
BA,KUL,LHR,KUL,MY,LON,GB,2026-12-19,2026-12-22,Winter,Economy,4,Eco-5,PLUS FLEX,Economy Comfort,"+1,860.07 USD",2539.29,USD,Ubfly,ECONFLEX,Personal Item: 40 x 30 x 15 cm; 1 Piece Luggage (23 Kg); Change without penalty before flight,Included,Included,Included,Included,Unknown,Unknown,Unknown,Included,Included,Unknown,Unknown,Unknown,Unknown,Unknown,Unknown,Unknown,,,,2026-07-28T11:11:35+00:00,partial,0
BA,KUL,LHR,KUL,MY,LON,GB,2026-12-19,2026-12-22,Winter,Premium Economy,0,PEco-1,PREMECON,Premium Economy — PREMECON,+735.23 USD,1414.45,USD,Ubfly,PREMECON,Personal Item: 40 x 30 x 15 cm,Included,Included,Unknown,Included,Unknown,Unknown,Unknown,Unknown,Unknown,Unknown,Unknown,Unknown,Unknown,Unknown,Unknown,Unknown,,,,2026-07-28T11:11:35+00:00,partial,0
BA,KUL,LHR,KUL,MY,LON,GB,2026-12-19,2026-12-22,Winter,Premium Economy,1,PEco-2,PESEL,Premium Economy — PESEL,+863.42 USD,1542.64,USD,Ubfly,PESEL,Personal Item: 40 x 30 x 15 cm; Change without penalty before flight,Included,Included,Unknown,Included,Unknown,Unknown,Unknown,Unknown,Included,Unknown,Unknown,Unknown,Unknown,Unknown,Unknown,Unknown,,,,2026-07-28T11:11:35+00:00,partial,0
BA,KUL,LHR,KUL,MY,LON,GB,2026-12-19,2026-12-22,Winter,Premium Economy,2,PEco-3,PEPRO,Premium Economy — PEPRO,+961.12 USD,1640.34,USD,Ubfly,PEPRO,Personal Item: 40 x 30 x 15 cm; Change without penalty before flight,Included,Included,Included,Included,Unknown,Unknown,Unknown,Included,Included,Unknown,Unknown,Unknown,Unknown,Unknown,Unknown,Unknown,,,,2026-07-28T11:11:35+00:00,partial,0
BA,KUL,LHR,KUL,MY,LON,GB,2026-12-19,2026-12-22,Winter,Premium Economy,3,PEco-4,PEFLEX,Premium Economy Flex,"+2,333.99 USD",3013.21,USD,Ubfly,PEFLEX,Personal Item: 40 x 30 x 15 cm; Change without penalty before flight,Included,Included,Included,Included,Unknown,Unknown,Unknown,Included,Included,Unknown,Unknown,Unknown,Unknown,Unknown,Unknown,Unknown,,,,2026-07-28T11:11:35+00:00,partial,0
BA,KUL,LHR,KUL,MY,LON,GB,2026-12-19,2026-12-22,Winter,Business,0,Bus-1,BUSINESS,Business — BUSINESS,0.00 USD,2996.71,USD,Ubfly,BUSINESS,Personal Item: 40 x 30 x 15 cm; Dedicated check-in area,Included,Included,Unknown,Included,Included,Unknown,Included,Unknown,Unknown,Unknown,Unknown,Unknown,Unknown,Unknown,Unknown,Unknown,,,,2026-07-28T11:11:35+00:00,partial,0
BA,KUL,LHR,KUL,MY,LON,GB,2026-12-19,2026-12-22,Winter,Business,1,Bus-2,BUSINESS PLUS SELECT,Business Comfort,+450.55 USD,3447.26,USD,Ubfly,BIZSEL,Personal Item: 40 x 30 x 15 cm; Dedicated check-in area; Change without penalty before flight,Included,Included,Included,Included,Included,Unknown,Included,Unknown,Included,Unknown,Unknown,Unknown,Unknown,Unknown,Unknown,Unknown,,,,2026-07-28T11:11:35+00:00,partial,0
BA,KUL,LHR,KUL,MY,LON,GB,2026-12-19,2026-12-22,Winter,Business,2,Bus-3,BIZPRO,Business — BIZPRO,+708.17 USD,3704.88,USD,Ubfly,BIZPRO,Personal Item: 40 x 30 x 15 cm; Dedicated check-in area; Change without penalty before flight,Included,Included,Included,Included,Included,Unknown,Included,Included,Included,Unknown,Unknown,Unknown,Unknown,Unknown,Unknown,Unknown,,,,2026-07-28T11:11:35+00:00,partial,0
BA,KUL,LHR,KUL,MY,LON,GB,2026-12-19,2026-12-22,Winter,Business,3,Bus-4,BUSINESS FLEX,Business Flex,"+4,587.76 USD",7584.47,USD,Ubfly,BIZFLEX,Personal Item: 40 x 30 x 15 cm; Dedicated check-in area; Change without penalty before flight,Included,Included,Included,Included,Included,Unknown,Included,Included,Included,Unknown,Unknown,Unknown,Unknown,Unknown,Unknown,Unknown,,,,2026-07-28T11:11:35+00:00,partial,0
EK,KUL,LHR,KUL,MY,LON,GB,2026-09-06,2026-09-09,Summer,Economy,0,Eco-1,Economy Flex,Economy Flex,0.00 USD,480.06,USD,Ubfly,YS,• Hot and cold refreshments; • ICE entertainment; • Mileage upgrade eligibility; Economy Cabin,Included,Included,Included,Included,Unknown,Unknown,Unknown,Included,Not Included,Unknown,Unknown,Unknown,Included,Unknown,Unknown,Unknown,Yes,4500.0,,2026-07-28T11:11:35+00:00,success,0
EK,KUL,LHR,KUL,MY,LON,GB,2026-09-06,2026-09-09,Summer,Economy,1,Eco-2,Economy Flex Plus,Economy Comfort,+243.22 USD,723.28,USD,Ubfly,YF,• Hot and cold refreshments; • ICE entertainment; • Mileage upgrade eligibility; Economy Cabin,Included,Included,Included,Included,Unknown,Unknown,Unknown,Not Included,Not Included,Unknown,Unknown,Unknown,Included,Unknown,Unknown,Unknown,Yes,6000.0,,2026-07-28T11:11:35+00:00,success,0
EK,KUL,LHR,KUL,MY,LON,GB,2026-09-06,2026-09-09,Summer,Premium Economy,0,PEco-1,Premium Economy FlexPlus,Premium Economy Comfort,+793.64 USD,1273.7,USD,Ubfly,WF,• Hot and cold refreshments; • ICE entertainment; • Mileage upgrade eligibility; • Exclusive Premium Economy Class dining; Premium Economy Cabin,Included,Included,Included,Unknown,Unknown,Unknown,Unknown,Not Included,Not Included,Unknown,Unknown,Unknown,Included,Unknown,Unknown,Unknown,Yes,6600.0,,2026-07-28T11:11:35+00:00,success,0
EK,KUL,LHR,KUL,MY,LON,GB,2026-09-06,2026-09-09,Summer,Business,0,Bus-1,BSSAVER,Business Basic,0.00 USD,2125.95,USD,Ubfly,BSSAVER,Premium check-in; Soft drink; In-flight entertainment; Chauffeur Drive; Internet Access,Included,Included,Included,Included,Included,Included,Included,Unknown,Unknown,Unknown,Unknown,Unknown,Unknown,Unknown,Unknown,Unknown,Yes,,,2026-07-28T11:11:35+00:00,success,0
EK,KUL,LHR,KUL,MY,LON,GB,2026-09-06,2026-09-09,Summer,Business,1,Bus-2,BSFLEX,Business Flex,+324.05 USD,2450.0,USD,Ubfly,BSFLEX,Premium check-in; Soft drink; In-flight entertainment; Chauffeur Drive; Internet Access,Included,Included,Included,Included,Included,Included,Included,Unknown,Unknown,Unknown,Unknown,Unknown,Unknown,Unknown,Unknown,Unknown,Yes,,175.0,2026-07-28T11:11:35+00:00,success,0
EK,KUL,LHR,KUL,MY,LON,GB,2026-09-06,2026-09-09,Summer,Business,2,Bus-3,BSFLXPLUS,Business Comfort,+800.73 USD,2926.68,USD,Ubfly,BSFLXPLUS,Premium check-in; Soft drink; In-flight entertainment; Chauffeur Drive; Internet Access; Uninterrupted return (up to the last 12 hours); Change with Penalty,Included,Included,Included,Included,Included,Included,Included,Unknown,Unknown,Unknown,Unknown,Unknown,Unknown,Unknown,Unknown,Unknown,Yes,,190.0,2026-07-28T11:11:35+00:00,success,0
EK,KUL,LHR,KUL,MY,LON,GB,2026-12-19,2026-12-22,Winter,Economy,0,Eco-1,Economy Saver,Economy Basic,0.00 USD,489.1,USD,Ubfly,YP,• Hot and cold refreshments; • ICE entertainment; • Mileage upgrade eligibility at time of check-in; Economy Cabin,Included,Included,Paid,Included,Unknown,Unknown,Unknown,Included,Not Included,Unknown,Unknown,Unknown,Included,Unknown,Unknown,Unknown,Yes,1800.0,,2026-07-28T11:11:35+00:00,success,0
EK,KUL,LHR,KUL,MY,LON,GB,2026-12-19,2026-12-22,Winter,Economy,1,Eco-2,Economy Flex,Economy Flex,+65.18 USD,554.28,USD,Ubfly,YS,• Hot and cold refreshments; • ICE entertainment; • Mileage upgrade eligibility; Economy Cabin,Included,Included,Included,Included,Unknown,Unknown,Unknown,Included,Not Included,Unknown,Unknown,Unknown,Included,Unknown,Unknown,Unknown,Yes,4500.0,,2026-07-28T11:11:35+00:00,success,0
EK,KUL,LHR,KUL,MY,LON,GB,2026-12-19,2026-12-22,Winter,Economy,2,Eco-3,Economy Flex Plus,Economy Comfort,+336.73 USD,825.83,USD,Ubfly,YF,• Hot and cold refreshments; • ICE entertainment; • Mileage upgrade eligibility; Economy Cabin,Included,Included,Included,Included,Unknown,Unknown,Unknown,Not Included,Not Included,Unknown,Unknown,Unknown,Included,Unknown,Unknown,Unknown,Yes,6000.0,,2026-07-28T11:11:35+00:00,success,0
EK,KUL,LHR,KUL,MY,LON,GB,2026-12-19,2026-12-22,Winter,Premium Economy,0,PEco-1,Premium Economy FlexPlus,Premium Economy Comfort,+524.77 USD,1013.87,USD,Ubfly,WF,• Hot and cold refreshments; • ICE entertainment; • Mileage upgrade eligibility; • Exclusive Premium Economy Class dining; Premium Economy Cabin,Included,Included,Included,Unknown,Unknown,Unknown,Unknown,Not Included,Not Included,Unknown,Unknown,Unknown,Included,Unknown,Unknown,Unknown,Yes,6600.0,,2026-07-28T11:11:35+00:00,success,0
EK,KUL,LHR,KUL,MY,LON,GB,2026-12-19,2026-12-22,Winter,Business,0,Bus-1,BSSAVER,Business Basic,0.00 USD,2181.87,USD,Ubfly,BSSAVER,Premium check-in; Soft drink; In-flight entertainment; Chauffeur Drive; Internet Access,Included,Included,Included,Included,Included,Included,Included,Unknown,Unknown,Unknown,Unknown,Unknown,Unknown,Unknown,Unknown,Unknown,Yes,,,2026-07-28T11:11:35+00:00,success,0
EK,KUL,LHR,KUL,MY,LON,GB,2026-12-19,2026-12-22,Winter,Business,1,Bus-2,BSFLEX,Business Flex,+339.20 USD,2521.07,USD,Ubfly,BSFLEX,Premium check-in; Soft drink; In-flight entertainment; Chauffeur Drive; Internet Access,Included,Included,Included,Included,Included,Included,Included,Unknown,Unknown,Unknown,Unknown,Unknown,Unknown,Unknown,Unknown,Unknown,Yes,,175.0,2026-07-28T11:11:35+00:00,success,0
EK,KUL,LHR,KUL,MY,LON,GB,2026-12-19,2026-12-22,Winter,Business,2,Bus-3,BSFLXPLUS,Business Comfort,+837.61 USD,3019.48,USD,Ubfly,BSFLXPLUS,Premium check-in; Soft drink; In-flight entertainment; Chauffeur Drive; Internet Access; Uninterrupted return (up to the last 12 hours); Change with Penalty,Included,Included,Included,Included,Included,Included,Included,Unknown,Unknown,Unknown,Unknown,Unknown,Unknown,Unknown,Unknown,Unknown,Yes,,190.0,2026-07-28T11:11:35+00:00,success,0
QR,KUL,LHR,KUL,MY,LON,GB,2026-09-06,2026-09-09,Summer,Economy,0,Eco-1,ECONOMY CLASSIC,Economy Standard,0.00 USD,499.35,USD,Ubfly,ECLASSIC,,Included,Included,Unknown,Included,Unknown,Unknown,Unknown,Unknown,Unknown,Unknown,Unknown,Unknown,Unknown,Unknown,Unknown,Unknown,Yes,,50.0,2026-07-28T11:11:35+00:00,success,0
QR,KUL,LHR,KUL,MY,LON,GB,2026-09-06,2026-09-09,Summer,Economy,1,Eco-2,ECONOMY CONVENIENCE,Economy — ECONOMY CONVENIENCE,+64.46 USD,563.81,USD,Ubfly,ECONVENIEN,,Included,Included,Included,Included,Unknown,Unknown,Unknown,Unknown,Unknown,Unknown,Unknown,Unknown,Unknown,Unknown,Unknown,Unknown,Yes,,75.0,2026-07-28T11:11:35+00:00,success,0
QR,KUL,LHR,KUL,MY,LON,GB,2026-09-06,2026-09-09,Summer,Economy,2,Eco-3,ECONOMY COMFORT,Economy Comfort,+529.90 USD,1029.25,USD,Ubfly,ECOMFORT,Uninterrupted return (up to the last 12 hours); Change with Penalty,Included,Included,Included,Included,Unknown,Unknown,Unknown,Unknown,Unknown,Unknown,Unknown,Unknown,Unknown,Unknown,Unknown,Unknown,Yes,,100.0,2026-07-28T11:11:35+00:00,success,0
QR,KUL,LHR,KUL,MY,LON,GB,2026-09-06,2026-09-09,Summer,Business,0,Bus-1,BCLASSIC,Business Standard,0.00 USD,2074.41,USD,Ubfly,BCLASSIC,125 PCT QMILES ACCUMULATION(F),Included,Included,Unknown,Included,Included,Unknown,Unknown,Unknown,Unknown,Unknown,Unknown,Unknown,Unknown,Unknown,Unknown,Unknown,,,,2026-07-28T11:11:35+00:00,success,0
QR,KUL,LHR,KUL,MY,LON,GB,2026-09-06,2026-09-09,Summer,Business,1,Bus-2,BUSINESS COMFORT,Business Comfort,+590.97 USD,2665.38,USD,Ubfly,BCOMFORT,175 PCT QMILES ACCUMULATION(F),Included,Included,Included,Included,Included,Unknown,Unknown,Unknown,Unknown,Unknown,Unknown,Unknown,Unknown,Unknown,Unknown,Unknown,,,,2026-07-28T11:11:35+00:00,success,0
QR,KUL,LHR,KUL,MY,LON,GB,2026-09-06,2026-09-09,Summer,Business,2,Bus-3,BUSINESS ELITE,Business Lite,"+1,328.44 USD",3402.85,USD,Ubfly,BELITE,200 PCT QMILES ACCUMULATION(F); Uninterrupted return (up to the last 12 hours); Change with Penalty,Included,Included,Included,Included,Included,Unknown,Unknown,Unknown,Unknown,Unknown,Unknown,Unknown,Unknown,Unknown,Unknown,Unknown,,,,2026-07-28T11:11:35+00:00,success,0
QR,KUL,LHR,KUL,MY,LON,GB,2026-12-19,2026-12-22,Winter,Economy,0,Eco-1,ECONOMY CLASSIC,Economy Standard,0.00 USD,499.35,USD,Ubfly,ECLASSIC,,Included,Included,Unknown,Included,Unknown,Unknown,Unknown,Unknown,Unknown,Unknown,Unknown,Unknown,Unknown,Unknown,Unknown,Unknown,Yes,,50.0,2026-07-28T11:11:35+00:00,success,0
QR,KUL,LHR,KUL,MY,LON,GB,2026-12-19,2026-12-22,Winter,Economy,1,Eco-2,ECONOMY CONVENIENCE,Economy — ECONOMY CONVENIENCE,+64.46 USD,563.81,USD,Ubfly,ECONVENIEN,,Included,Included,Included,Included,Unknown,Unknown,Unknown,Unknown,Unknown,Unknown,Unknown,Unknown,Unknown,Unknown,Unknown,Unknown,Yes,,75.0,2026-07-28T11:11:35+00:00,success,0
QR,KUL,LHR,KUL,MY,LON,GB,2026-12-19,2026-12-22,Winter,Economy,2,Eco-3,ECONOMY COMFORT,Economy Comfort,+529.90 USD,1029.25,USD,Ubfly,ECOMFORT,Uninterrupted return (up to the last 12 hours); Change with Penalty,Included,Included,Included,Included,Unknown,Unknown,Unknown,Unknown,Unknown,Unknown,Unknown,Unknown,Unknown,Unknown,Unknown,Unknown,Yes,,100.0,2026-07-28T11:11:35+00:00,success,0
QR,KUL,LHR,KUL,MY,LON,GB,2026-12-19,2026-12-22,Winter,Business,0,Bus-1,BCLASSIC,Business Standard,0.00 USD,2120.89,USD,Ubfly,BCLASSIC,125 PCT QMILES ACCUMULATION(F),Included,Included,Unknown,Included,Included,Unknown,Unknown,Unknown,Unknown,Unknown,Unknown,Unknown,Unknown,Unknown,Unknown,Unknown,,,,2026-07-28T11:11:35+00:00,success,0
QR,KUL,LHR,KUL,MY,LON,GB,2026-12-19,2026-12-22,Winter,Business,1,Bus-2,BUSINESS COMFORT,Business Comfort,+590.97 USD,2711.86,USD,Ubfly,BCOMFORT,175 PCT QMILES ACCUMULATION(F),Included,Included,Included,Included,Included,Unknown,Unknown,Unknown,Unknown,Unknown,Unknown,Unknown,Unknown,Unknown,Unknown,Unknown,,,,2026-07-28T11:11:35+00:00,success,0
QR,KUL,LHR,KUL,MY,LON,GB,2026-12-19,2026-12-22,Winter,Business,2,Bus-3,BUSINESS ELITE,Business Lite,"+1,328.46 USD",3449.35,USD,Ubfly,BELITE,200 PCT QMILES ACCUMULATION(F); Uninterrupted return (up to the last 12 hours); Change with Penalty,Included,Included,Included,Included,Included,Unknown,Unknown,Unknown,Unknown,Unknown,Unknown,Unknown,Unknown,Unknown,Unknown,Unknown,,,,2026-07-28T11:11:35+00:00,success,0
KL,BKK,AMS,BKK,TH,AMS,NL,2027-04-27,2027-04-30,Summer,Economy,0,Eco-1,LIGHT,Economy Lite,0.00 USD,956.97,USD,Ubfly,LIGHT,Snack; Soft drink,Included,Not Included,Unknown,Included,Unknown,Unknown,Unknown,Unknown,Unknown,Unknown,Unknown,Unknown,Unknown,Unknown,Unknown,Unknown,Yes,,,2026-07-28T11:11:35+00:00,success,0
KL,BKK,AMS,BKK,TH,AMS,NL,2027-04-27,2027-04-30,Summer,Economy,1,Eco-2,STANDARD,Economy Standard,+73.18 USD,1030.15,USD,Ubfly,STANDARD,Snack; Soft drink,Included,Included,Unknown,Included,Unknown,Unknown,Unknown,Unknown,Unknown,Unknown,Unknown,Unknown,Unknown,Unknown,Unknown,Unknown,Yes,,,2026-07-28T11:11:35+00:00,success,0
KL,BKK,AMS,BKK,TH,AMS,NL,2027-04-27,2027-04-30,Summer,Economy,2,Eco-3,FLEX,Economy Flex,+161.88 USD,1118.85,USD,Ubfly,FLEX,Snack; Soft drink; Change with Penalty; Uninterrupted return (up to the last 12 hours),Included,Included,Included,Included,Unknown,Unknown,Unknown,Unknown,Unknown,Unknown,Unknown,Unknown,Unknown,Unknown,Unknown,Unknown,Yes,,,2026-07-28T11:11:35+00:00,success,0
KL,BKK,AMS,BKK,TH,AMS,NL,2027-04-27,2027-04-30,Summer,Economy,3,Eco-4,PREMLIGHT,Economy Lite,+545.14 USD,1502.11,USD,Ubfly,PREMLIGHT,Snack; Soft drink; Privileged check-in,Included,Included,Unknown,Included,Unknown,Included,Included,Unknown,Unknown,Unknown,Unknown,Unknown,Unknown,Unknown,Unknown,Unknown,Yes,,,2026-07-28T11:11:35+00:00,success,0
KL,BKK,AMS,BKK,TH,AMS,NL,2027-04-27,2027-04-30,Summer,Economy,4,Eco-5,PREMSTAND,Economy — PREMSTAND,+630.42 USD,1587.39,USD,Ubfly,PREMSTAND,Snack; Soft drink; Privileged check-in,Included,Included,Unknown,Included,Unknown,Included,Included,Unknown,Unknown,Unknown,Unknown,Unknown,Unknown,Unknown,Unknown,Unknown,Yes,,,2026-07-28T11:11:35+00:00,success,0
KL,BKK,AMS,BKK,TH,AMS,NL,2027-04-27,2027-04-30,Summer,Economy,5,Eco-6,PREMFLEX,Economy Flex,+752.49 USD,1709.46,USD,Ubfly,PREMFLEX,Snack; Soft drink; Change with Penalty; Uninterrupted return (up to the last 12 hours); Privileged check-in,Included,Included,Included,Included,Unknown,Included,Included,Unknown,Unknown,Unknown,Unknown,Unknown,Unknown,Unknown,Unknown,Unknown,Yes,,,2026-07-28T11:11:35+00:00,success,0
KL,BKK,AMS,BKK,TH,AMS,NL,2027-04-27,2027-04-30,Summer,Economy,6,Eco-7,ECONOMY FULL FLEX,Economy Flex,"+2,747.73 USD",3704.7,USD,Ubfly,FULLFLEX,Snack; Soft drink; Change with Penalty; Uninterrupted return (up to the last 12 hours),Included,Included,Included,Included,Unknown,Unknown,Unknown,Unknown,Unknown,Unknown,Unknown,Unknown,Unknown,Unknown,Unknown,Unknown,Yes,,,2026-07-28T11:11:35+00:00,success,0
KL,BKK,AMS,BKK,TH,AMS,NL,2027-04-27,2027-04-30,Summer,Economy,7,Eco-8,PREMIUM,Economy Premium,"+4,057.22 USD",5014.19,USD,Ubfly,PREMIUM,Snack; Soft drink; Change with Penalty; Privileged check-in,Included,Included,Included,Included,Unknown,Included,Included,Unknown,Unknown,Unknown,Unknown,Unknown,Unknown,Unknown,Unknown,Unknown,Yes,,,2026-07-28T11:11:35+00:00,success,0
KL,BKK,AMS,BKK,TH,AMS,NL,2027-04-27,2027-04-30,Summer,Business,0,Bus-1,BUSINESS STANDART,Business — BUSINESS STANDART,0.00 USD,3737.64,USD,Ubfly,BIZSTAND,Snack; Soft drink; Privileged check-in,Included,Included,Unknown,Included,Included,Included,Included,Unknown,Unknown,Unknown,Unknown,Unknown,Unknown,Unknown,Unknown,Unknown,Yes,,,2026-07-28T11:11:35+00:00,success,0
KL,BKK,AMS,BKK,TH,AMS,NL,2027-04-27,2027-04-30,Summer,Business,1,Bus-2,BUSINESS FLEX,Business Flex,+250.99 USD,3988.63,USD,Ubfly,BIZFLEX,Snack; Soft drink; Change with Penalty; Uninterrupted return (up to the last 12 hours); Privileged check-in,Included,Included,Included,Included,Included,Included,Included,Unknown,Unknown,Unknown,Unknown,Unknown,Unknown,Unknown,Unknown,Unknown,Yes,,,2026-07-28T11:11:35+00:00,success,0
KL,BKK,AMS,BKK,TH,AMS,NL,2027-04-27,2027-04-30,Summer,Business,2,Bus-3,BUSINESS,Business — BUSINESS,"+5,067.68 USD",8805.32,USD,Ubfly,BUSINESS,Snack; Soft drink; Change with Penalty; Privileged check-in,Included,Included,Included,Included,Included,Included,Included,Unknown,Unknown,Unknown,Unknown,Unknown,Unknown,Unknown,Unknown,Unknown,Yes,,,2026-07-28T11:11:35+00:00,success,0
KL,BKK,AMS,BKK,TH,AMS,NL,2026-12-31,2027-01-03,Winter,Economy,0,Eco-1,LIGHT,Economy Lite,0.00 USD,886.36,USD,Ubfly,LIGHT,Snack; Soft drink,Included,Not Included,Unknown,Included,Unknown,Unknown,Unknown,Unknown,Unknown,Unknown,Unknown,Unknown,Unknown,Unknown,Unknown,Unknown,Yes,,,2026-07-28T11:11:35+00:00,success,0
KL,BKK,AMS,BKK,TH,AMS,NL,2026-12-31,2027-01-03,Winter,Economy,1,Eco-2,STANDARD,Economy Standard,+73.18 USD,959.54,USD,Ubfly,STANDARD,Snack; Soft drink,Included,Included,Unknown,Included,Unknown,Unknown,Unknown,Unknown,Unknown,Unknown,Unknown,Unknown,Unknown,Unknown,Unknown,Unknown,Yes,,,2026-07-28T11:11:35+00:00,success,0
KL,BKK,AMS,BKK,TH,AMS,NL,2026-12-31,2027-01-03,Winter,Economy,2,Eco-3,FLEX,Economy Flex,+161.88 USD,1048.24,USD,Ubfly,FLEX,Snack; Soft drink; Change with Penalty; Uninterrupted return (up to the last 12 hours),Included,Included,Included,Included,Unknown,Unknown,Unknown,Unknown,Unknown,Unknown,Unknown,Unknown,Unknown,Unknown,Unknown,Unknown,Yes,,,2026-07-28T11:11:35+00:00,success,0
KL,BKK,AMS,BKK,TH,AMS,NL,2026-12-31,2027-01-03,Winter,Economy,3,Eco-4,PREMLIGHT,Economy Lite,+615.75 USD,1502.11,USD,Ubfly,PREMLIGHT,Snack; Soft drink; Privileged check-in,Included,Included,Unknown,Included,Unknown,Included,Included,Unknown,Unknown,Unknown,Unknown,Unknown,Unknown,Unknown,Unknown,Unknown,Yes,,,2026-07-28T11:11:35+00:00,success,0
KL,BKK,AMS,BKK,TH,AMS,NL,2026-12-31,2027-01-03,Winter,Economy,4,Eco-5,PREMSTAND,Economy — PREMSTAND,+701.03 USD,1587.39,USD,Ubfly,PREMSTAND,Snack; Soft drink; Privileged check-in,Included,Included,Unknown,Included,Unknown,Included,Included,Unknown,Unknown,Unknown,Unknown,Unknown,Unknown,Unknown,Unknown,Unknown,Yes,,,2026-07-28T11:11:35+00:00,success,0
KL,BKK,AMS,BKK,TH,AMS,NL,2026-12-31,2027-01-03,Winter,Economy,5,Eco-6,PREMFLEX,Economy Flex,+846.09 USD,1732.45,USD,Ubfly,PREMFLEX,Snack; Soft drink; Change with Penalty; Uninterrupted return (up to the last 12 hours); Privileged check-in,Included,Included,Included,Included,Unknown,Included,Included,Unknown,Unknown,Unknown,Unknown,Unknown,Unknown,Unknown,Unknown,Unknown,Yes,,,2026-07-28T11:11:35+00:00,success,0
KL,BKK,AMS,BKK,TH,AMS,NL,2026-12-31,2027-01-03,Winter,Economy,6,Eco-7,ECONOMY FULL FLEX,Economy Flex,"+2,818.34 USD",3704.7,USD,Ubfly,FULLFLEX,Snack; Soft drink; Change with Penalty; Uninterrupted return (up to the last 12 hours),Included,Included,Included,Included,Unknown,Unknown,Unknown,Unknown,Unknown,Unknown,Unknown,Unknown,Unknown,Unknown,Unknown,Unknown,Yes,,,2026-07-28T11:11:35+00:00,success,0
KL,BKK,AMS,BKK,TH,AMS,NL,2026-12-31,2027-01-03,Winter,Economy,7,Eco-8,PREMIUM,Economy Premium,"+4,127.83 USD",5014.19,USD,Ubfly,PREMIUM,Snack; Soft drink; Change with Penalty; Privileged check-in,Included,Included,Included,Included,Unknown,Included,Included,Unknown,Unknown,Unknown,Unknown,Unknown,Unknown,Unknown,Unknown,Unknown,Yes,,,2026-07-28T11:11:35+00:00,success,0
KL,BKK,AMS,BKK,TH,AMS,NL,2026-12-31,2027-01-03,Winter,Business,0,Bus-1,BIZLIGHT,Business Lite,0.00 USD,3079.63,USD,Ubfly,BIZLIGHT,Snack; Soft drink; Privileged check-in,Included,Included,Unknown,Included,Unknown,Included,Included,Unknown,Unknown,Unknown,Unknown,Unknown,Unknown,Unknown,Unknown,Unknown,Yes,,,2026-07-28T11:11:35+00:00,success,0
KL,BKK,AMS,BKK,TH,AMS,NL,2026-12-31,2027-01-03,Winter,Business,1,Bus-2,BUSINESS STANDART,Business — BUSINESS STANDART,+111.24 USD,3190.87,USD,Ubfly,BIZSTAND,Snack; Soft drink; Privileged check-in,Included,Included,Unknown,Included,Included,Included,Included,Unknown,Unknown,Unknown,Unknown,Unknown,Unknown,Unknown,Unknown,Unknown,Yes,,,2026-07-28T11:11:35+00:00,success,0
KL,BKK,AMS,BKK,TH,AMS,NL,2026-12-31,2027-01-03,Winter,Business,2,Bus-3,BUSINESS FLEX,Business Flex,+280.65 USD,3360.28,USD,Ubfly,BIZFLEX,Snack; Soft drink; Change with Penalty; Uninterrupted return (up to the last 12 hours); Privileged check-in,Included,Included,Included,Included,Included,Included,Included,Unknown,Unknown,Unknown,Unknown,Unknown,Unknown,Unknown,Unknown,Unknown,Yes,,,2026-07-28T11:11:35+00:00,success,0
KL,BKK,AMS,BKK,TH,AMS,NL,2026-12-31,2027-01-03,Winter,Business,3,Bus-4,BUSINESS,Business — BUSINESS,"+5,652.40 USD",8732.03,USD,Ubfly,BUSINESS,Snack; Soft drink; Change with Penalty; Privileged check-in,Included,Included,Included,Included,Included,Included,Included,Unknown,Unknown,Unknown,Unknown,Unknown,Unknown,Unknown,Unknown,Unknown,Yes,,,2026-07-28T11:11:35+00:00,success,0
QR,BKK,AMS,BKK,TH,AMS,NL,2027-04-27,2027-04-30,Summer,Economy,0,Eco-1,ECONOMY CLASSIC,Economy Standard,0.00 USD,417.39,USD,Ubfly,ECLASSIC,,Included,Included,Unknown,Included,Unknown,Unknown,Unknown,Unknown,Unknown,Unknown,Unknown,Unknown,Unknown,Unknown,Unknown,Unknown,Yes,,50.0,2026-07-28T11:11:35+00:00,success,0
QR,BKK,AMS,BKK,TH,AMS,NL,2027-04-27,2027-04-30,Summer,Economy,1,Eco-2,ECONOMY CONVENIENCE,Economy — ECONOMY CONVENIENCE,+231.54 USD,648.93,USD,Ubfly,ECONVENIEN,,Included,Included,Included,Included,Unknown,Unknown,Unknown,Unknown,Unknown,Unknown,Unknown,Unknown,Unknown,Unknown,Unknown,Unknown,Yes,,75.0,2026-07-28T11:11:35+00:00,success,0
QR,BKK,AMS,BKK,TH,AMS,NL,2027-04-27,2027-04-30,Summer,Economy,2,Eco-3,ECONOMY COMFORT,Economy Comfort,+632.49 USD,1049.88,USD,Ubfly,ECOMFORT,Uninterrupted return (up to the last 12 hours); Change with Penalty,Included,Included,Included,Included,Unknown,Unknown,Unknown,Unknown,Unknown,Unknown,Unknown,Unknown,Unknown,Unknown,Unknown,Unknown,Yes,,100.0,2026-07-28T11:11:35+00:00,success,0
QR,BKK,AMS,BKK,TH,AMS,NL,2027-04-27,2027-04-30,Summer,Business,0,Bus-1,BUSINESS COMFORT,Business Comfort,0.00 USD,2564.34,USD,Ubfly,BCOMFORT,175 PCT QMILES ACCUMULATION(F),Included,Included,Included,Included,Included,Unknown,Unknown,Unknown,Unknown,Unknown,Unknown,Unknown,Unknown,Unknown,Unknown,Unknown,,,,2026-07-28T11:11:35+00:00,success,0
QR,BKK,AMS,BKK,TH,AMS,NL,2027-04-27,2027-04-30,Summer,Business,1,Bus-2,BUSINESS ELITE,Business Lite,+374.39 USD,2938.73,USD,Ubfly,BELITE,200 PCT QMILES ACCUMULATION(F); Uninterrupted return (up to the last 12 hours); Change with Penalty,Included,Included,Included,Included,Included,Unknown,Unknown,Unknown,Unknown,Unknown,Unknown,Unknown,Unknown,Unknown,Unknown,Unknown,,,,2026-07-28T11:11:35+00:00,success,0
QR,BKK,AMS,BKK,TH,AMS,NL,2026-12-31,2027-01-03,Winter,Economy,0,Eco-1,ECONOMY CLASSIC,Economy Standard,0.00 USD,411.75,USD,Ubfly,ECLASSIC,,Included,Included,Unknown,Included,Unknown,Unknown,Unknown,Unknown,Unknown,Unknown,Unknown,Unknown,Unknown,Unknown,Unknown,Unknown,Yes,,50.0,2026-07-28T11:11:35+00:00,success,0
QR,BKK,AMS,BKK,TH,AMS,NL,2026-12-31,2027-01-03,Winter,Economy,1,Eco-2,ECONOMY CONVENIENCE,Economy — ECONOMY CONVENIENCE,+237.17 USD,648.92,USD,Ubfly,ECONVENIEN,,Included,Included,Included,Included,Unknown,Unknown,Unknown,Unknown,Unknown,Unknown,Unknown,Unknown,Unknown,Unknown,Unknown,Unknown,Yes,,75.0,2026-07-28T11:11:35+00:00,success,0
QR,BKK,AMS,BKK,TH,AMS,NL,2026-12-31,2027-01-03,Winter,Economy,2,Eco-3,ECONOMY COMFORT,Economy Comfort,+638.13 USD,1049.88,USD,Ubfly,ECOMFORT,Uninterrupted return (up to the last 12 hours); Change with Penalty,Included,Included,Included,Included,Unknown,Unknown,Unknown,Unknown,Unknown,Unknown,Unknown,Unknown,Unknown,Unknown,Unknown,Unknown,Yes,,100.0,2026-07-28T11:11:35+00:00,success,0
QR,BKK,AMS,BKK,TH,AMS,NL,2026-12-31,2027-01-03,Winter,Business,0,Bus-1,BCLASSIC,Business Standard,0.00 USD,1377.26,USD,Ubfly,BCLASSIC,125 PCT QMILES ACCUMULATION(F),Included,Included,Unknown,Included,Included,Unknown,Unknown,Unknown,Unknown,Unknown,Unknown,Unknown,Unknown,Unknown,Unknown,Unknown,,,,2026-07-28T11:11:35+00:00,success,0
QR,BKK,AMS,BKK,TH,AMS,NL,2026-12-31,2027-01-03,Winter,Business,1,Bus-2,BUSINESS COMFORT,Business Comfort,+900.24 USD,2277.5,USD,Ubfly,BCOMFORT,175 PCT QMILES ACCUMULATION(F),Included,Included,Included,Included,Included,Unknown,Unknown,Unknown,Unknown,Unknown,Unknown,Unknown,Unknown,Unknown,Unknown,Unknown,,,,2026-07-28T11:11:35+00:00,success,0
QR,BKK,AMS,BKK,TH,AMS,NL,2026-12-31,2027-01-03,Winter,Business,2,Bus-3,BUSINESS ELITE,Business Lite,"+1,274.63 USD",2651.89,USD,Ubfly,BELITE,200 PCT QMILES ACCUMULATION(F); Uninterrupted return (up to the last 12 hours); Change with Penalty,Included,Included,Included,Included,Included,Unknown,Unknown,Unknown,Unknown,Unknown,Unknown,Unknown,Unknown,Unknown,Unknown,Unknown,,,,2026-07-28T11:11:35+00:00,success,0
EY,BKK,AMS,BKK,TH,AMS,NL,2027-04-27,2027-04-30,Summer,Economy,0,Eco-1,YBASIC,Economy Basic,0.00 USD,906.8,USD,Ubfly,YBASIC,,Included,Not Included,Unknown,Included,Unknown,Unknown,Unknown,Unknown,Unknown,Unknown,Unknown,Unknown,Unknown,Unknown,Unknown,Unknown,Yes,,5.0,2026-07-28T11:11:35+00:00,success,0
EY,BKK,AMS,BKK,TH,AMS,NL,2027-04-27,2027-04-30,Summer,Economy,1,Eco-2,YVALUE,Economy Basic,+24.88 USD,931.68,USD,Ubfly,YVALUE,,Included,Included,Unknown,Included,Unknown,Unknown,Unknown,Unknown,Unknown,Unknown,Unknown,Unknown,Unknown,Unknown,Unknown,Unknown,Yes,,35.0,2026-07-28T11:11:35+00:00,success,0
EY,BKK,AMS,BKK,TH,AMS,NL,2027-04-27,2027-04-30,Summer,Economy,2,Eco-3,YCOMFORT,Economy Comfort,+55.74 USD,962.54,USD,Ubfly,YCOMFORT,,Included,Included,Included,Included,Unknown,Unknown,Unknown,Unknown,Unknown,Unknown,Unknown,Unknown,Unknown,Unknown,Unknown,Unknown,Yes,,75.0,2026-07-28T11:11:35+00:00,success,0
EY,BKK,AMS,BKK,TH,AMS,NL,2027-04-27,2027-04-30,Summer,Economy,3,Eco-4,YDELUXE,Economy — YDELUXE,+170.09 USD,1076.89,USD,Ubfly,YDELUXE,Change with Penalty; Uninterrupted return (up to the last 12 hours); Priority Access,Included,Included,Included,Included,Unknown,Unknown,Unknown,Unknown,Unknown,Unknown,Unknown,Unknown,Unknown,Unknown,Unknown,Unknown,Yes,,,2026-07-28T11:11:35+00:00,success,0
EY,BKK,AMS,BKK,TH,AMS,NL,2027-04-27,2027-04-30,Summer,Business,0,Bus-1,JVALUE,Business Basic,0.00 USD,3117.71,USD,Ubfly,JVALUE,Priority Access,Included,Included,Unknown,Included,Unknown,Unknown,Unknown,Unknown,Unknown,Unknown,Unknown,Unknown,Unknown,Unknown,Unknown,Unknown,Yes,,100.0,2026-07-28T11:11:35+00:00,success,0
EY,BKK,AMS,BKK,TH,AMS,NL,2027-04-27,2027-04-30,Summer,Business,1,Bus-2,JCOMFORT,Business Comfort,+147.00 USD,3264.71,USD,Ubfly,JCOMFORT,Priority Access; ETIHAD UAE CHAUFFEUR(F),Included,Included,Included,Included,Included,Unknown,Unknown,Unknown,Unknown,Unknown,Unknown,Unknown,Unknown,Unknown,Unknown,Unknown,Yes,,,2026-07-28T11:11:35+00:00,success,0
EY,BKK,AMS,BKK,TH,AMS,NL,2027-04-27,2027-04-30,Summer,Business,2,Bus-3,JDELUXE,Business — JDELUXE,+464.89 USD,3582.6,USD,Ubfly,JDELUXE,Change with Penalty; Uninterrupted return (up to the last 12 hours); Priority Access; ETIHAD UAE CHAUFFEUR(F); ETIHAD GLOBAL CHAUFFEUR(F),Included,Included,Included,Included,Included,Unknown,Unknown,Unknown,Unknown,Unknown,Unknown,Unknown,Unknown,Unknown,Unknown,Unknown,Yes,,,2026-07-28T11:11:35+00:00,success,0
EY,BKK,AMS,BKK,TH,AMS,NL,2026-12-31,2027-01-03,Winter,Economy,0,Eco-1,YBASIC,Economy Basic,0.00 USD,755.22,USD,Ubfly,YBASIC,,Included,Not Included,Unknown,Included,Unknown,Unknown,Unknown,Unknown,Unknown,Unknown,Unknown,Unknown,Unknown,Unknown,Unknown,Unknown,Yes,,5.0,2026-07-28T11:11:35+00:00,success,0
EY,BKK,AMS,BKK,TH,AMS,NL,2026-12-31,2027-01-03,Winter,Economy,1,Eco-2,YVALUE,Economy Basic,+29.61 USD,784.83,USD,Ubfly,YVALUE,,Included,Included,Unknown,Included,Unknown,Unknown,Unknown,Unknown,Unknown,Unknown,Unknown,Unknown,Unknown,Unknown,Unknown,Unknown,Yes,,35.0,2026-07-28T11:11:35+00:00,success,0
EY,BKK,AMS,BKK,TH,AMS,NL,2026-12-31,2027-01-03,Winter,Economy,2,Eco-3,YCOMFORT,Economy Comfort,+77.67 USD,832.89,USD,Ubfly,YCOMFORT,,Included,Included,Included,Included,Unknown,Unknown,Unknown,Unknown,Unknown,Unknown,Unknown,Unknown,Unknown,Unknown,Unknown,Unknown,Yes,,75.0,2026-07-28T11:11:35+00:00,success,0
EY,BKK,AMS,BKK,TH,AMS,NL,2026-12-31,2027-01-03,Winter,Economy,3,Eco-4,YDELUXE,Economy — YDELUXE,+254.33 USD,1009.55,USD,Ubfly,YDELUXE,Change with Penalty; Uninterrupted return (up to the last 12 hours); Priority Access,Included,Included,Included,Included,Unknown,Unknown,Unknown,Unknown,Unknown,Unknown,Unknown,Unknown,Unknown,Unknown,Unknown,Unknown,Yes,,,2026-07-28T11:11:35+00:00,success,0
EY,BKK,AMS,BKK,TH,AMS,NL,2026-12-31,2027-01-03,Winter,Business,0,Bus-1,JVALUE,Business Basic,0.00 USD,2174.9,USD,Ubfly,JVALUE,Priority Access,Included,Included,Unknown,Included,Unknown,Unknown,Unknown,Unknown,Unknown,Unknown,Unknown,Unknown,Unknown,Unknown,Unknown,Unknown,Yes,,100.0,2026-07-28T11:11:35+00:00,success,0
EY,BKK,AMS,BKK,TH,AMS,NL,2026-12-31,2027-01-03,Winter,Business,1,Bus-2,JCOMFORT,Business Comfort,+147.00 USD,2321.9,USD,Ubfly,JCOMFORT,Priority Access; ETIHAD UAE CHAUFFEUR(F),Included,Included,Included,Included,Included,Unknown,Unknown,Unknown,Unknown,Unknown,Unknown,Unknown,Unknown,Unknown,Unknown,Unknown,Yes,,,2026-07-28T11:11:35+00:00,success,0
EY,BKK,AMS,BKK,TH,AMS,NL,2026-12-31,2027-01-03,Winter,Business,2,Bus-3,JDELUXE,Business — JDELUXE,+464.89 USD,2639.79,USD,Ubfly,JDELUXE,Uninterrupted return (up to the last 12 hours); Priority Access; ETIHAD UAE CHAUFFEUR(F); ETIHAD GLOBAL CHAUFFEUR(F); Change with Penalty,Included,Included,Included,Included,Included,Unknown,Unknown,Unknown,Unknown,Unknown,Unknown,Unknown,Unknown,Unknown,Unknown,Unknown,Yes,,,2026-07-28T11:11:35+00:00,success,0
AC,YYZ,DEL,YTO,CA,DEL,IN,2026-08-26,2026-08-29,Summer,Economy,0,Eco-1,Standard,Economy Standard,0.00 USD,1421.08,USD,Ubfly,TG,POINT ACCRUAL(F),Included,Included,Unknown,Included,Unknown,Unknown,Unknown,Unknown,Unknown,Unknown,Unknown,Unknown,Unknown,Unknown,Unknown,Unknown,,,,2026-07-28T11:11:35+00:00,partial,0
AC,YYZ,DEL,YTO,CA,DEL,IN,2026-08-26,2026-08-29,Summer,Economy,1,Eco-2,Flexible,Economy Flex,+145.14 USD,1566.22,USD,Ubfly,FL,POINT ACCRUAL(F),Included,Included,Included,Included,Unknown,Unknown,Unknown,Unknown,Unknown,Unknown,Unknown,Unknown,Unknown,Unknown,Unknown,Unknown,,,,2026-07-28T11:11:35+00:00,partial,0
AC,YYZ,DEL,YTO,CA,DEL,IN,2026-08-26,2026-08-29,Summer,Economy,2,Eco-3,Comfort,Economy Comfort,+230.30 USD,1651.38,USD,Ubfly,CO,Change with Penalty; Uninterrupted return (up to the last 12 hours); Privileged check-in; POINT ACCRUAL(F),Included,Included,Included,Included,Unknown,Unknown,Unknown,Unknown,Unknown,Unknown,Unknown,Included,Unknown,Unknown,Unknown,Unknown,,,,2026-07-28T11:11:35+00:00,partial,0
AC,YYZ,DEL,YTO,CA,DEL,IN,2026-08-26,2026-08-29,Summer,Economy,3,Eco-4,PB,Economy — PB,+565.50 USD,1986.58,USD,Ubfly,PB,Privileged check-in; POINT ACCRUAL(F),Included,Included,Unknown,Included,Unknown,Unknown,Unknown,Unknown,Unknown,Unknown,Unknown,Unknown,Unknown,Unknown,Unknown,Unknown,,,,2026-07-28T11:11:35+00:00,partial,0
AC,YYZ,DEL,YTO,CA,DEL,IN,2026-08-26,2026-08-29,Summer,Economy,4,Eco-5,Latitude,Economy — Latitude,"+1,473.98 USD",2895.06,USD,Ubfly,LT,Change with Penalty; Uninterrupted return (up to the last 12 hours); Privileged check-in; POINT ACCRUAL(F),Included,Included,Included,Included,Unknown,Unknown,Unknown,Unknown,Unknown,Unknown,Unknown,Included,Unknown,Unknown,Unknown,Unknown,,,,2026-07-28T11:11:35+00:00,partial,0
AC,YYZ,DEL,YTO,CA,DEL,IN,2026-08-26,2026-08-29,Summer,Premium Economy,0,PEco-1,PL,Premium Economy — PL,+657.62 USD,2078.7,USD,Ubfly,PL,Privileged check-in; POINT ACCRUAL(F),Included,Included,Included,Included,Unknown,Unknown,Unknown,Unknown,Unknown,Unknown,Unknown,Unknown,Unknown,Unknown,Unknown,Unknown,,,,2026-07-28T11:11:35+00:00,partial,0
AC,YYZ,DEL,YTO,CA,DEL,IN,2026-08-26,2026-08-29,Summer,Premium Economy,1,PEco-2,PRIME FLY,Premium Economy Premium,+841.86 USD,2262.94,USD,Ubfly,PF,Change with Penalty; Uninterrupted return (up to the last 12 hours); Privileged check-in; POINT ACCRUAL(F),Included,Included,Included,Included,Unknown,Unknown,Unknown,Unknown,Unknown,Unknown,Unknown,Included,Unknown,Unknown,Unknown,Unknown,,,,2026-07-28T11:11:35+00:00,partial,0
AC,YYZ,DEL,YTO,CA,DEL,IN,2026-08-26,2026-08-29,Summer,Business,0,Bus-1,EB,Business — EB,0.00 USD,2324.79,USD,Ubfly,EB,Privileged check-in; POINT ACCRUAL(F),Included,Included,Unknown,Included,Paid,Unknown,Unknown,Unknown,Unknown,Unknown,Unknown,Unknown,Unknown,Unknown,Unknown,Unknown,,,,2026-07-28T11:11:35+00:00,partial,0
AC,YYZ,DEL,YTO,CA,DEL,IN,2026-12-17,2026-12-20,Winter,Economy,0,Eco-1,Standard,Economy Standard,0.00 USD,1948.69,USD,Ubfly,TG,POINT ACCRUAL(F),Included,Included,Unknown,Included,Unknown,Unknown,Unknown,Unknown,Unknown,Unknown,Unknown,Unknown,Unknown,Unknown,Unknown,Unknown,,,,2026-07-28T11:11:35+00:00,partial,0
AC,YYZ,DEL,YTO,CA,DEL,IN,2026-12-17,2026-12-20,Winter,Economy,1,Eco-2,Flexible,Economy Flex,+145.14 USD,2093.83,USD,Ubfly,FL,POINT ACCRUAL(F),Included,Included,Included,Included,Unknown,Unknown,Unknown,Unknown,Unknown,Unknown,Unknown,Unknown,Unknown,Unknown,Unknown,Unknown,,,,2026-07-28T11:11:35+00:00,partial,0
AC,YYZ,DEL,YTO,CA,DEL,IN,2026-12-17,2026-12-20,Winter,Economy,2,Eco-3,Comfort,Economy Comfort,+230.30 USD,2178.99,USD,Ubfly,CO,Change with Penalty; Uninterrupted return (up to the last 12 hours); Privileged check-in; POINT ACCRUAL(F),Included,Included,Included,Included,Unknown,Unknown,Unknown,Unknown,Unknown,Unknown,Unknown,Included,Unknown,Unknown,Unknown,Unknown,,,,2026-07-28T11:11:35+00:00,partial,0
AC,YYZ,DEL,YTO,CA,DEL,IN,2026-12-17,2026-12-20,Winter,Economy,3,Eco-4,Latitude,Economy — Latitude,+940.37 USD,2889.06,USD,Ubfly,LT,Change with Penalty; Uninterrupted return (up to the last 12 hours); Privileged check-in; POINT ACCRUAL(F),Included,Included,Included,Included,Unknown,Unknown,Unknown,Unknown,Unknown,Unknown,Unknown,Included,Unknown,Unknown,Unknown,Unknown,,,,2026-07-28T11:11:35+00:00,partial,0
AC,YYZ,DEL,YTO,CA,DEL,IN,2026-12-17,2026-12-20,Winter,Premium Economy,0,PEco-1,PRIME FLY,Premium Economy Premium,+644.87 USD,2593.56,USD,Ubfly,PF,Change with Penalty; Uninterrupted return (up to the last 12 hours); Privileged check-in; POINT ACCRUAL(F),Included,Included,Included,Included,Unknown,Unknown,Unknown,Unknown,Unknown,Unknown,Unknown,Included,Unknown,Unknown,Unknown,Unknown,,,,2026-07-28T11:11:35+00:00,partial,0
AI,YYZ,DEL,YTO,CA,DEL,IN,2026-08-26,2026-08-29,Summer,Economy,0,Eco-1,ECOVALU,Economy — ECOVALU,0.00 USD,958.96,USD,Ubfly,ECOVALU,,Included,Included,Included,Paid,Unknown,Unknown,Unknown,Unknown,Unknown,Unknown,Unknown,Unknown,Unknown,Unknown,Unknown,Unknown,,,,2026-07-28T11:11:35+00:00,partial,0
AI,YYZ,DEL,YTO,CA,DEL,IN,2026-08-26,2026-08-29,Summer,Economy,1,Eco-2,ECOCLAS,Economy — ECOCLAS,+44.79 USD,1003.75,USD,Ubfly,ECOCLAS,,Included,Included,Included,Paid,Unknown,Unknown,Unknown,Unknown,Unknown,Unknown,Unknown,Unknown,Unknown,Unknown,Unknown,Unknown,,,,2026-07-28T11:11:35+00:00,partial,0
AI,YYZ,DEL,YTO,CA,DEL,IN,2026-08-26,2026-08-29,Summer,Economy,2,Eco-3,ECOFLX,Economy — ECOFLX,+172.35 USD,1131.31,USD,Ubfly,ECOFLX,Change with Penalty,Included,Included,Included,Paid,Unknown,Unknown,Unknown,Unknown,Unknown,Unknown,Unknown,Unknown,Unknown,Unknown,Unknown,Unknown,,,,2026-07-28T11:11:35+00:00,partial,0
AI,YYZ,DEL,YTO,CA,DEL,IN,2026-08-26,2026-08-29,Summer,Premium Economy,0,PEco-1,PEYVALU,Premium Economy — PEYVALU,+654.80 USD,1613.76,USD,Ubfly,PEYVALU,,Included,Included,Included,Paid,Unknown,Unknown,Unknown,Unknown,Unknown,Unknown,Unknown,Unknown,Unknown,Unknown,Unknown,Unknown,,,,2026-07-28T11:11:35+00:00,partial,0
AI,YYZ,DEL,YTO,CA,DEL,IN,2026-08-26,2026-08-29,Summer,Premium Economy,1,PEco-2,PEYFLX,Premium Economy — PEYFLX,+732.74 USD,1691.7,USD,Ubfly,PEYFLX,Change with Penalty,Included,Included,Included,Paid,Unknown,Unknown,Unknown,Unknown,Unknown,Unknown,Unknown,Unknown,Unknown,Unknown,Unknown,Unknown,,,,2026-07-28T11:11:35+00:00,partial,0
AI,YYZ,DEL,YTO,CA,DEL,IN,2026-08-26,2026-08-29,Summer,Business,0,Bus-1,BUSVALU,Business — BUSVALU,0.00 USD,2234.67,USD,Ubfly,BUSVALU,,Included,Included,Included,Paid,Unknown,Unknown,Unknown,Unknown,Unknown,Unknown,Unknown,Unknown,Unknown,Unknown,Unknown,Unknown,,,,2026-07-28T11:11:35+00:00,partial,0
AI,YYZ,DEL,YTO,CA,DEL,IN,2026-08-26,2026-08-29,Summer,Business,1,Bus-2,BUSFLX,Business — BUSFLX,+170.08 USD,2404.75,USD,Ubfly,BUSFLX,Change with Penalty,Included,Included,Included,Paid,Unknown,Unknown,Unknown,Unknown,Unknown,Unknown,Unknown,Unknown,Unknown,Unknown,Unknown,Unknown,,,,2026-07-28T11:11:35+00:00,partial,0
AI,YYZ,DEL,YTO,CA,DEL,IN,2026-12-17,2026-12-20,Winter,Economy,0,Eco-1,ECOVALU,Economy — ECOVALU,0.00 USD,1912.8,USD,Ubfly,ECOVALU,,Included,Included,Included,Paid,Unknown,Unknown,Unknown,Unknown,Unknown,Unknown,Unknown,Unknown,Unknown,Unknown,Unknown,Unknown,,,,2026-07-28T11:11:35+00:00,partial,0
AI,YYZ,DEL,YTO,CA,DEL,IN,2026-12-17,2026-12-20,Winter,Economy,1,Eco-2,ECOCLAS,Economy — ECOCLAS,+44.81 USD,1957.61,USD,Ubfly,ECOCLAS,,Included,Included,Included,Paid,Unknown,Unknown,Unknown,Unknown,Unknown,Unknown,Unknown,Unknown,Unknown,Unknown,Unknown,Unknown,,,,2026-07-28T11:11:35+00:00,partial,0
AI,YYZ,DEL,YTO,CA,DEL,IN,2026-12-17,2026-12-20,Winter,Economy,2,Eco-3,ECOFLX,Economy — ECOFLX,+172.37 USD,2085.17,USD,Ubfly,ECOFLX,Change with Penalty,Included,Included,Included,Paid,Unknown,Unknown,Unknown,Unknown,Unknown,Unknown,Unknown,Unknown,Unknown,Unknown,Unknown,Unknown,,,,2026-07-28T11:11:35+00:00,partial,0
AI,YYZ,DEL,YTO,CA,DEL,IN,2026-12-17,2026-12-20,Winter,Premium Economy,0,PEco-1,PEYVALU,Premium Economy — PEYVALU,0.00 USD,2017.69,USD,Ubfly,PEYVALU,,Included,Included,Included,Paid,Unknown,Unknown,Unknown,Unknown,Unknown,Unknown,Unknown,Unknown,Unknown,Unknown,Unknown,Unknown,,,,2026-07-28T11:11:35+00:00,partial,0
AI,YYZ,DEL,YTO,CA,DEL,IN,2026-12-17,2026-12-20,Winter,Premium Economy,1,PEco-2,PEYFLX,Premium Economy — PEYFLX,+77.96 USD,2095.65,USD,Ubfly,PEYFLX,Change with Penalty,Included,Included,Included,Paid,Unknown,Unknown,Unknown,Unknown,Unknown,Unknown,Unknown,Unknown,Unknown,Unknown,Unknown,Unknown,,,,2026-07-28T11:11:35+00:00,partial,0
AI,YYZ,DEL,YTO,CA,DEL,IN,2026-12-17,2026-12-20,Winter,Business,0,Bus-1,BUSVALU,Business — BUSVALU,0.00 USD,6006.99,USD,Ubfly,BUSVALU,,Included,Included,Included,Paid,Unknown,Unknown,Unknown,Unknown,Unknown,Unknown,Unknown,Unknown,Unknown,Unknown,Unknown,Unknown,,,,2026-07-28T11:11:35+00:00,partial,0
AI,YYZ,DEL,YTO,CA,DEL,IN,2026-12-17,2026-12-20,Winter,Business,1,Bus-2,BUSFLX,Business — BUSFLX,+170.08 USD,6177.07,USD,Ubfly,BUSFLX,Change with Penalty,Included,Included,Included,Paid,Unknown,Unknown,Unknown,Unknown,Unknown,Unknown,Unknown,Unknown,Unknown,Unknown,Unknown,Unknown,,,,2026-07-28T11:11:35+00:00,partial,0
EY,YYZ,DEL,YTO,CA,DEL,IN,2026-08-26,2026-08-29,Summer,Economy,0,Eco-1,YVALUE,Economy Basic,0.00 USD,813.32,USD,Ubfly,YVALUE,,Included,Included,Unknown,Included,Unknown,Unknown,Unknown,Unknown,Unknown,Unknown,Unknown,Unknown,Unknown,Unknown,Unknown,Unknown,Yes,,35.0,2026-07-28T11:11:35+00:00,success,0
EY,YYZ,DEL,YTO,CA,DEL,IN,2026-08-26,2026-08-29,Summer,Economy,1,Eco-2,YCOMFORT,Economy Comfort,+52.43 USD,865.75,USD,Ubfly,YCOMFORT,,Included,Included,Included,Included,Unknown,Unknown,Unknown,Unknown,Unknown,Unknown,Unknown,Unknown,Unknown,Unknown,Unknown,Unknown,Yes,,75.0,2026-07-28T11:11:35+00:00,success,0
EY,YYZ,DEL,YTO,CA,DEL,IN,2026-08-26,2026-08-29,Summer,Economy,2,Eco-3,YDELUXE,Economy — YDELUXE,+184.96 USD,998.28,USD,Ubfly,YDELUXE,Change with Penalty; Uninterrupted return (up to the last 12 hours); Priority Access,Included,Included,Included,Included,Unknown,Unknown,Unknown,Unknown,Unknown,Unknown,Unknown,Unknown,Unknown,Unknown,Unknown,Unknown,Yes,,,2026-07-28T11:11:35+00:00,success,0
EY,YYZ,DEL,YTO,CA,DEL,IN,2026-08-26,2026-08-29,Summer,Business,0,Bus-1,JVALUE,Business Basic,0.00 USD,2249.14,USD,Ubfly,JVALUE,Priority Access,Included,Included,Unknown,Included,Unknown,Unknown,Unknown,Unknown,Unknown,Unknown,Unknown,Unknown,Unknown,Unknown,Unknown,Unknown,Yes,,100.0,2026-07-28T11:11:35+00:00,success,0
EY,YYZ,DEL,YTO,CA,DEL,IN,2026-08-26,2026-08-29,Summer,Business,1,Bus-2,JCOMFORT,Business Comfort,+148.82 USD,2397.96,USD,Ubfly,JCOMFORT,Priority Access; ETIHAD UAE CHAUFFEUR(F),Included,Included,Included,Included,Included,Unknown,Unknown,Unknown,Unknown,Unknown,Unknown,Unknown,Unknown,Unknown,Unknown,Unknown,Yes,,,2026-07-28T11:11:35+00:00,success,0
EY,YYZ,DEL,YTO,CA,DEL,IN,2026-08-26,2026-08-29,Summer,Business,2,Bus-3,JDELUXE,Business — JDELUXE,"+1,555.51 USD",3804.65,USD,Ubfly,JDELUXE,Change with Penalty; Uninterrupted return (up to the last 12 hours); Priority Access; ETIHAD UAE CHAUFFEUR(F); ETIHAD GLOBAL CHAUFFEUR(F),Included,Included,Included,Included,Included,Unknown,Unknown,Unknown,Unknown,Unknown,Unknown,Unknown,Unknown,Unknown,Unknown,Unknown,Yes,,,2026-07-28T11:11:35+00:00,success,0
EY,YYZ,DEL,YTO,CA,DEL,IN,2026-12-17,2026-12-20,Winter,Economy,0,Eco-1,YVALUE,Economy Basic,0.00 USD,1638.2,USD,Ubfly,YVALUE,,Included,Included,Unknown,Included,Unknown,Unknown,Unknown,Unknown,Unknown,Unknown,Unknown,Unknown,Unknown,Unknown,Unknown,Unknown,Yes,,35.0,2026-07-28T11:11:35+00:00,success,0
EY,YYZ,DEL,YTO,CA,DEL,IN,2026-12-17,2026-12-20,Winter,Economy,1,Eco-2,YCOMFORT,Economy Comfort,+38.27 USD,1676.47,USD,Ubfly,YCOMFORT,,Included,Included,Included,Included,Unknown,Unknown,Unknown,Unknown,Unknown,Unknown,Unknown,Unknown,Unknown,Unknown,Unknown,Unknown,Yes,,75.0,2026-07-28T11:11:35+00:00,success,0
EY,YYZ,DEL,YTO,CA,DEL,IN,2026-12-17,2026-12-20,Winter,Economy,2,Eco-3,YDELUXE,Economy — YDELUXE,+170.77 USD,1808.97,USD,Ubfly,YDELUXE,Change with Penalty; Uninterrupted return (up to the last 12 hours); Priority Access,Included,Included,Included,Included,Unknown,Unknown,Unknown,Unknown,Unknown,Unknown,Unknown,Unknown,Unknown,Unknown,Unknown,Unknown,Yes,,,2026-07-28T11:11:35+00:00,success,0
EY,YYZ,DEL,YTO,CA,DEL,IN,2026-12-17,2026-12-20,Winter,Business,0,Bus-1,JVALUE,Business Basic,0.00 USD,7980.61,USD,Ubfly,JVALUE,Priority Access,Included,Included,Unknown,Included,Unknown,Unknown,Unknown,Unknown,Unknown,Unknown,Unknown,Unknown,Unknown,Unknown,Unknown,Unknown,Yes,,100.0,2026-07-28T11:11:35+00:00,success,0
EY,YYZ,DEL,YTO,CA,DEL,IN,2026-12-17,2026-12-20,Winter,Business,1,Bus-2,JCOMFORT,Business Comfort,+189.92 USD,8170.53,USD,Ubfly,JCOMFORT,Priority Access; ETIHAD UAE CHAUFFEUR(F),Included,Included,Included,Included,Included,Unknown,Unknown,Unknown,Unknown,Unknown,Unknown,Unknown,Unknown,Unknown,Unknown,Unknown,Yes,,,2026-07-28T11:11:35+00:00,success,0
EY,YYZ,DEL,YTO,CA,DEL,IN,2026-12-17,2026-12-20,Winter,Business,2,Bus-3,JDELUXE,Business — JDELUXE,+556.98 USD,8537.59,USD,Ubfly,JDELUXE,Change with Penalty; Uninterrupted return (up to the last 12 hours); Priority Access; ETIHAD UAE CHAUFFEUR(F); ETIHAD GLOBAL CHAUFFEUR(F),Included,Included,Included,Included,Included,Unknown,Unknown,Unknown,Unknown,Unknown,Unknown,Unknown,Unknown,Unknown,Unknown,Unknown,Yes,,,2026-07-28T11:11:35+00:00,success,0
AF,YYZ,DEL,YTO,CA,DEL,IN,2026-08-26,2026-08-29,Summer,Economy,0,Eco-1,LIGHTBAG,Economy Lite,0.00 USD,804.8,USD,Ubfly,LIGHTBAG,Snack; Soft drink,Included,Included,Unknown,Included,Unknown,Unknown,Unknown,Unknown,Unknown,Unknown,Unknown,Unknown,Unknown,Unknown,Unknown,Unknown,Yes,,,2026-07-28T11:11:35+00:00,success,0
AF,YYZ,DEL,YTO,CA,DEL,IN,2026-08-26,2026-08-29,Summer,Economy,1,Eco-2,STANDARD3,Economy Standard,+67.32 USD,872.12,USD,Ubfly,STANDARD3,Snack; Soft drink; Change with Penalty,Included,Included,Included,Included,Unknown,Unknown,Unknown,Unknown,Unknown,Unknown,Unknown,Unknown,Unknown,Unknown,Unknown,Unknown,Yes,,,2026-07-28T11:11:35+00:00,success,0
AF,YYZ,DEL,YTO,CA,DEL,IN,2026-08-26,2026-08-29,Summer,Economy,2,Eco-3,FLEX1,Economy Flex,+175.04 USD,979.84,USD,Ubfly,FLEX1,Snack; Soft drink; Change with Penalty; Uninterrupted return (up to the last 12 hours),Included,Included,Included,Included,Unknown,Unknown,Unknown,Unknown,Unknown,Unknown,Unknown,Unknown,Unknown,Unknown,Unknown,Unknown,Yes,,,2026-07-28T11:11:35+00:00,success,0
AF,YYZ,DEL,YTO,CA,DEL,IN,2026-08-26,2026-08-29,Summer,Economy,3,Eco-4,PREMSTAND,Economy — PREMSTAND,+486.13 USD,1290.93,USD,Ubfly,PREMSTAND,Snack; Soft drink; Change with Penalty; Privileged check-in,Included,Included,Included,Included,Unknown,Included,Included,Unknown,Unknown,Unknown,Unknown,Unknown,Unknown,Unknown,Unknown,Unknown,Yes,,,2026-07-28T11:11:35+00:00,success,0
AF,YYZ,DEL,YTO,CA,DEL,IN,2026-08-26,2026-08-29,Summer,Economy,4,Eco-5,PREMFLEX,Economy Flex,+626.45 USD,1431.25,USD,Ubfly,PREMFLEX,Snack; Soft drink; Change with Penalty; Uninterrupted return (up to the last 12 hours); Privileged check-in,Included,Included,Included,Included,Unknown,Included,Included,Unknown,Unknown,Unknown,Unknown,Unknown,Unknown,Unknown,Unknown,Unknown,Yes,,,2026-07-28T11:11:35+00:00,success,0
AF,YYZ,DEL,YTO,CA,DEL,IN,2026-08-26,2026-08-29,Summer,Business,0,Bus-1,BUSINESS STANDART,Business — BUSINESS STANDART,0.00 USD,6734.76,USD,Ubfly,BIZSTAND,Change with Penalty; Privileged check-in; Snack; Soft drink,Included,Included,Included,Included,Included,Included,Included,Unknown,Unknown,Unknown,Unknown,Unknown,Unknown,Unknown,Unknown,Unknown,Yes,,,2026-07-28T11:11:35+00:00,success,0
AF,YYZ,DEL,YTO,CA,DEL,IN,2026-08-26,2026-08-29,Summer,Business,1,Bus-2,BUSINESS FLEX,Business Flex,+257.95 USD,6992.71,USD,Ubfly,BIZFLEX,Snack; Soft drink; Change with Penalty; Uninterrupted return (up to the last 12 hours); Privileged check-in,Included,Included,Included,Included,Included,Included,Included,Unknown,Unknown,Unknown,Unknown,Unknown,Unknown,Unknown,Unknown,Unknown,Yes,,,2026-07-28T11:11:35+00:00,success,0
AF,YYZ,DEL,YTO,CA,DEL,IN,2026-12-17,2026-12-20,Winter,Economy,0,Eco-1,STANDARD3,Economy Standard,0.00 USD,2065.31,USD,Ubfly,STANDARD3,Change with Penalty; Snack; Soft drink,Included,Included,Included,Included,Unknown,Unknown,Unknown,Unknown,Unknown,Unknown,Unknown,Unknown,Unknown,Unknown,Unknown,Unknown,Yes,,,2026-07-28T11:11:35+00:00,success,0
AF,YYZ,DEL,YTO,CA,DEL,IN,2026-12-17,2026-12-20,Winter,Economy,1,Eco-2,FLEX1,Economy Flex,+150.23 USD,2215.54,USD,Ubfly,FLEX1,Snack; Soft drink; Change with Penalty; Uninterrupted return (up to the last 12 hours),Included,Included,Included,Included,Unknown,Unknown,Unknown,Unknown,Unknown,Unknown,Unknown,Unknown,Unknown,Unknown,Unknown,Unknown,Yes,,,2026-07-28T11:11:35+00:00,success,0
AF,YYZ,DEL,YTO,CA,DEL,IN,2026-12-17,2026-12-20,Winter,Economy,2,Eco-3,PREMSTAND,Economy — PREMSTAND,+950.30 USD,3015.61,USD,Ubfly,PREMSTAND,Snack; Soft drink; Change with Penalty; Privileged check-in,Included,Included,Included,Included,Unknown,Included,Included,Unknown,Unknown,Unknown,Unknown,Unknown,Unknown,Unknown,Unknown,Unknown,Yes,,,2026-07-28T11:11:35+00:00,success,0
AF,YYZ,DEL,YTO,CA,DEL,IN,2026-12-17,2026-12-20,Winter,Economy,3,Eco-4,PREMFLEX,Economy Flex,"+1,148.73 USD",3214.04,USD,Ubfly,PREMFLEX,Snack; Soft drink; Change with Penalty; Uninterrupted return (up to the last 12 hours); Privileged check-in,Included,Included,Included,Included,Unknown,Included,Included,Unknown,Unknown,Unknown,Unknown,Unknown,Unknown,Unknown,Unknown,Unknown,Yes,,,2026-07-28T11:11:35+00:00,success,0
AF,YYZ,DEL,YTO,CA,DEL,IN,2026-12-17,2026-12-20,Winter,Business,0,Bus-1,BUSINESS STANDART,Business — BUSINESS STANDART,0.00 USD,8780.53,USD,Ubfly,BIZSTAND,Change with Penalty; Privileged check-in; Snack; Soft drink,Included,Included,Included,Included,Included,Included,Included,Unknown,Unknown,Unknown,Unknown,Unknown,Unknown,Unknown,Unknown,Unknown,Yes,,,2026-07-28T11:11:35+00:00,success,0
AF,YYZ,DEL,YTO,CA,DEL,IN,2026-12-17,2026-12-20,Winter,Business,1,Bus-2,BUSINESS FLEX,Business Flex,+280.62 USD,9061.15,USD,Ubfly,BIZFLEX,Snack; Soft drink; Change with Penalty; Uninterrupted return (up to the last 12 hours); Privileged check-in,Included,Included,Included,Included,Included,Included,Included,Unknown,Unknown,Unknown,Unknown,Unknown,Unknown,Unknown,Unknown,Unknown,Yes,,,2026-07-28T11:11:35+00:00,success,0
AI,YVR,DEL,YVR,CA,DEL,IN,2026-10-16,2026-10-19,Summer,Economy,0,Eco-1,ECOVALU,Economy — ECOVALU,0.00 USD,1253.79,USD,Ubfly,ECOVALU,,Included,Included,Included,Paid,Unknown,Unknown,Unknown,Unknown,Unknown,Unknown,Unknown,Unknown,Unknown,Unknown,Unknown,Unknown,,,,2026-07-28T11:11:35+00:00,partial,0
AI,YVR,DEL,YVR,CA,DEL,IN,2026-10-16,2026-10-19,Summer,Economy,1,Eco-2,ECOCLAS,Economy — ECOCLAS,+44.81 USD,1298.6,USD,Ubfly,ECOCLAS,,Included,Included,Included,Paid,Unknown,Unknown,Unknown,Unknown,Unknown,Unknown,Unknown,Unknown,Unknown,Unknown,Unknown,Unknown,,,,2026-07-28T11:11:35+00:00,partial,0
AI,YVR,DEL,YVR,CA,DEL,IN,2026-10-16,2026-10-19,Summer,Economy,2,Eco-3,ECOFLX,Economy — ECOFLX,+172.35 USD,1426.14,USD,Ubfly,ECOFLX,Change with Penalty,Included,Included,Included,Paid,Unknown,Unknown,Unknown,Unknown,Unknown,Unknown,Unknown,Unknown,Unknown,Unknown,Unknown,Unknown,,,,2026-07-28T11:11:35+00:00,partial,0
AI,YVR,DEL,YVR,CA,DEL,IN,2026-10-16,2026-10-19,Summer,Business,0,Bus-1,BUSVALU,Business — BUSVALU,0.00 USD,3949.13,USD,Ubfly,BUSVALU,,Included,Included,Included,Paid,Unknown,Unknown,Unknown,Unknown,Unknown,Unknown,Unknown,Unknown,Unknown,Unknown,Unknown,Unknown,,,,2026-07-28T11:11:35+00:00,partial,0
AI,YVR,DEL,YVR,CA,DEL,IN,2026-10-16,2026-10-19,Summer,Business,1,Bus-2,BUSFLX,Business — BUSFLX,+170.08 USD,4119.21,USD,Ubfly,BUSFLX,Change with Penalty,Included,Included,Included,Paid,Unknown,Unknown,Unknown,Unknown,Unknown,Unknown,Unknown,Unknown,Unknown,Unknown,Unknown,Unknown,,,,2026-07-28T11:11:35+00:00,partial,0
AI,YVR,DEL,YVR,CA,DEL,IN,2026-11-09,2026-11-12,Winter,Economy,0,Eco-1,ECOVALU,Economy — ECOVALU,0.00 USD,1253.79,USD,Ubfly,ECOVALU,,Included,Included,Included,Paid,Unknown,Unknown,Unknown,Unknown,Unknown,Unknown,Unknown,Unknown,Unknown,Unknown,Unknown,Unknown,,,,2026-07-28T11:11:35+00:00,partial,0
AI,YVR,DEL,YVR,CA,DEL,IN,2026-11-09,2026-11-12,Winter,Economy,1,Eco-2,ECOCLAS,Economy — ECOCLAS,+44.81 USD,1298.6,USD,Ubfly,ECOCLAS,,Included,Included,Included,Paid,Unknown,Unknown,Unknown,Unknown,Unknown,Unknown,Unknown,Unknown,Unknown,Unknown,Unknown,Unknown,,,,2026-07-28T11:11:35+00:00,partial,0
AI,YVR,DEL,YVR,CA,DEL,IN,2026-11-09,2026-11-12,Winter,Economy,2,Eco-3,ECOFLX,Economy — ECOFLX,+172.35 USD,1426.14,USD,Ubfly,ECOFLX,Change with Penalty,Included,Included,Included,Paid,Unknown,Unknown,Unknown,Unknown,Unknown,Unknown,Unknown,Unknown,Unknown,Unknown,Unknown,Unknown,,,,2026-07-28T11:11:35+00:00,partial,0
AI,YVR,DEL,YVR,CA,DEL,IN,2026-11-09,2026-11-12,Winter,Business,0,Bus-1,BUSVALU,Business — BUSVALU,0.00 USD,3394.01,USD,Ubfly,BUSVALU,,Included,Included,Included,Paid,Unknown,Unknown,Unknown,Unknown,Unknown,Unknown,Unknown,Unknown,Unknown,Unknown,Unknown,Unknown,,,,2026-07-28T11:11:35+00:00,partial,0
AI,YVR,DEL,YVR,CA,DEL,IN,2026-11-09,2026-11-12,Winter,Business,1,Bus-2,BUSFLX,Business — BUSFLX,+170.08 USD,3564.09,USD,Ubfly,BUSFLX,Change with Penalty,Included,Included,Included,Paid,Unknown,Unknown,Unknown,Unknown,Unknown,Unknown,Unknown,Unknown,Unknown,Unknown,Unknown,Unknown,,,,2026-07-28T11:11:35+00:00,partial,0
CX,YVR,DEL,YVR,CA,DEL,IN,2026-10-16,2026-10-19,Summer,Economy,0,Eco-1,Basic,Economy Basic,0.00 USD,1284.65,USD,Ubfly,ECONLIGHT,,Included,Included,Unknown,Unknown,Unknown,Unknown,Unknown,Unknown,Unknown,Unknown,Unknown,Unknown,Unknown,Unknown,Unknown,Unknown,,,,2026-07-28T11:11:35+00:00,partial,0
CX,YVR,DEL,YVR,CA,DEL,IN,2026-11-09,2026-11-12,Winter,Economy,0,Eco-1,Basic,Economy Basic,0.00 USD,1252.04,USD,Ubfly,ECONLIGHT,,Included,Included,Unknown,Unknown,Unknown,Unknown,Unknown,Unknown,Unknown,Unknown,Unknown,Unknown,Unknown,Unknown,Unknown,Unknown,,,,2026-07-28T11:11:35+00:00,partial,0
AC,YVR,DEL,YVR,CA,DEL,IN,2026-10-16,2026-10-19,Summer,Economy,0,Eco-1,Standard,Economy Standard,0.00 USD,1570.1,USD,Ubfly,TG,POINT ACCRUAL(F),Included,Included,Unknown,Included,Unknown,Unknown,Unknown,Unknown,Unknown,Unknown,Unknown,Unknown,Unknown,Unknown,Unknown,Unknown,,,,2026-07-28T11:11:35+00:00,partial,0
AC,YVR,DEL,YVR,CA,DEL,IN,2026-10-16,2026-10-19,Summer,Economy,1,Eco-2,Flexible,Economy Flex,+145.14 USD,1715.24,USD,Ubfly,FL,POINT ACCRUAL(F),Included,Included,Included,Included,Unknown,Unknown,Unknown,Unknown,Unknown,Unknown,Unknown,Unknown,Unknown,Unknown,Unknown,Unknown,,,,2026-07-28T11:11:35+00:00,partial,0
AC,YVR,DEL,YVR,CA,DEL,IN,2026-10-16,2026-10-19,Summer,Economy,2,Eco-3,Comfort,Economy Comfort,+230.30 USD,1800.4,USD,Ubfly,CO,Change with Penalty; Uninterrupted return (up to the last 12 hours); Privileged check-in; POINT ACCRUAL(F),Included,Included,Included,Included,Unknown,Unknown,Unknown,Unknown,Unknown,Unknown,Unknown,Included,Unknown,Unknown,Unknown,Unknown,,,,2026-07-28T11:11:35+00:00,partial,0
AC,YVR,DEL,YVR,CA,DEL,IN,2026-10-16,2026-10-19,Summer,Economy,3,Eco-4,PB,Economy — PB,+691.63 USD,2261.73,USD,Ubfly,PB,Privileged check-in; POINT ACCRUAL(F),Included,Included,Unknown,Included,Unknown,Unknown,Unknown,Unknown,Unknown,Unknown,Unknown,Unknown,Unknown,Unknown,Unknown,Unknown,,,,2026-07-28T11:11:35+00:00,partial,0
AC,YVR,DEL,YVR,CA,DEL,IN,2026-10-16,2026-10-19,Summer,Economy,4,Eco-5,Latitude,Economy — Latitude,"+1,310.28 USD",2880.38,USD,Ubfly,LT,Change with Penalty; Uninterrupted return (up to the last 12 hours); Privileged check-in; POINT ACCRUAL(F),Included,Included,Included,Included,Unknown,Unknown,Unknown,Unknown,Unknown,Unknown,Unknown,Included,Unknown,Unknown,Unknown,Unknown,,,,2026-07-28T11:11:35+00:00,partial,0
AC,YVR,DEL,YVR,CA,DEL,IN,2026-10-16,2026-10-19,Summer,Premium Economy,0,PEco-1,PL,Premium Economy — PL,+783.75 USD,2353.85,USD,Ubfly,PL,Privileged check-in; POINT ACCRUAL(F),Included,Included,Included,Included,Unknown,Unknown,Unknown,Unknown,Unknown,Unknown,Unknown,Unknown,Unknown,Unknown,Unknown,Unknown,,,,2026-07-28T11:11:35+00:00,partial,0
AC,YVR,DEL,YVR,CA,DEL,IN,2026-10-16,2026-10-19,Summer,Premium Economy,1,PEco-2,PRIME FLY,Premium Economy Premium,+968.01 USD,2538.11,USD,Ubfly,PF,Change with Penalty; Uninterrupted return (up to the last 12 hours); Privileged check-in; POINT ACCRUAL(F),Included,Included,Included,Included,Unknown,Unknown,Unknown,Unknown,Unknown,Unknown,Unknown,Included,Unknown,Unknown,Unknown,Unknown,,,,2026-07-28T11:11:35+00:00,partial,0
AC,YVR,DEL,YVR,CA,DEL,IN,2026-11-09,2026-11-12,Winter,Economy,0,Eco-1,Standard,Economy Standard,0.00 USD,1501.48,USD,Ubfly,TG,POINT ACCRUAL(F),Included,Included,Unknown,Included,Unknown,Unknown,Unknown,Unknown,Unknown,Unknown,Unknown,Unknown,Unknown,Unknown,Unknown,Unknown,,,,2026-07-28T11:11:35+00:00,partial,0
AC,YVR,DEL,YVR,CA,DEL,IN,2026-11-09,2026-11-12,Winter,Economy,1,Eco-2,Flexible,Economy Flex,+145.14 USD,1646.62,USD,Ubfly,FL,POINT ACCRUAL(F),Included,Included,Included,Included,Unknown,Unknown,Unknown,Unknown,Unknown,Unknown,Unknown,Unknown,Unknown,Unknown,Unknown,Unknown,,,,2026-07-28T11:11:35+00:00,partial,0
AC,YVR,DEL,YVR,CA,DEL,IN,2026-11-09,2026-11-12,Winter,Economy,2,Eco-3,Comfort,Economy Comfort,+230.30 USD,1731.78,USD,Ubfly,CO,Change with Penalty; Uninterrupted return (up to the last 12 hours); Privileged check-in; POINT ACCRUAL(F),Included,Included,Included,Included,Unknown,Unknown,Unknown,Unknown,Unknown,Unknown,Unknown,Included,Unknown,Unknown,Unknown,Unknown,,,,2026-07-28T11:11:35+00:00,partial,0
AC,YVR,DEL,YVR,CA,DEL,IN,2026-11-09,2026-11-12,Winter,Economy,3,Eco-4,PB,Economy — PB,+680.30 USD,2181.78,USD,Ubfly,PB,Privileged check-in; POINT ACCRUAL(F),Included,Included,Unknown,Included,Unknown,Unknown,Unknown,Unknown,Unknown,Unknown,Unknown,Unknown,Unknown,Unknown,Unknown,Unknown,,,,2026-07-28T11:11:35+00:00,partial,0
AC,YVR,DEL,YVR,CA,DEL,IN,2026-11-09,2026-11-12,Winter,Economy,4,Eco-5,Latitude,Economy — Latitude,"+1,381.86 USD",2883.34,USD,Ubfly,LT,Change with Penalty; Uninterrupted return (up to the last 12 hours); Privileged check-in; POINT ACCRUAL(F),Included,Included,Included,Included,Unknown,Unknown,Unknown,Unknown,Unknown,Unknown,Unknown,Included,Unknown,Unknown,Unknown,Unknown,,,,2026-07-28T11:11:35+00:00,partial,0
AC,YVR,DEL,YVR,CA,DEL,IN,2026-11-09,2026-11-12,Winter,Premium Economy,0,PEco-1,PL,Premium Economy — PL,+772.44 USD,2273.92,USD,Ubfly,PL,Privileged check-in; POINT ACCRUAL(F),Included,Included,Included,Included,Unknown,Unknown,Unknown,Unknown,Unknown,Unknown,Unknown,Unknown,Unknown,Unknown,Unknown,Unknown,,,,2026-07-28T11:11:35+00:00,partial,0
AC,YVR,DEL,YVR,CA,DEL,IN,2026-11-09,2026-11-12,Winter,Premium Economy,1,PEco-2,PRIME FLY,Premium Economy Premium,+956.68 USD,2458.16,USD,Ubfly,PF,Change with Penalty; Uninterrupted return (up to the last 12 hours); Privileged check-in; POINT ACCRUAL(F),Included,Included,Included,Included,Unknown,Unknown,Unknown,Unknown,Unknown,Unknown,Unknown,Included,Unknown,Unknown,Unknown,Unknown,,,,2026-07-28T11:11:35+00:00,partial,0
AF,YVR,DEL,YVR,CA,DEL,IN,2026-10-16,2026-10-19,Summer,Economy,0,Eco-1,LIGHTBAG,Economy Lite,0.00 USD,1523.81,USD,Ubfly,LIGHTBAG,Snack; Soft drink,Included,Included,Unknown,Included,Unknown,Unknown,Unknown,Unknown,Unknown,Unknown,Unknown,Unknown,Unknown,Unknown,Unknown,Unknown,Yes,,,2026-07-28T11:11:35+00:00,success,0
AF,YVR,DEL,YVR,CA,DEL,IN,2026-10-16,2026-10-19,Summer,Economy,1,Eco-2,STANDARD3,Economy Standard,+74.41 USD,1598.22,USD,Ubfly,STANDARD3,Snack; Soft drink; Change with Penalty,Included,Included,Included,Included,Unknown,Unknown,Unknown,Unknown,Unknown,Unknown,Unknown,Unknown,Unknown,Unknown,Unknown,Unknown,Yes,,,2026-07-28T11:11:35+00:00,success,0
AF,YVR,DEL,YVR,CA,DEL,IN,2026-10-16,2026-10-19,Summer,Economy,2,Eco-3,FLEX1,Economy Flex,+194.16 USD,1717.97,USD,Ubfly,FLEX1,Snack; Soft drink; Change with Penalty; Uninterrupted return (up to the last 12 hours),Included,Included,Included,Included,Unknown,Unknown,Unknown,Unknown,Unknown,Unknown,Unknown,Unknown,Unknown,Unknown,Unknown,Unknown,Yes,,,2026-07-28T11:11:35+00:00,success,0
AF,YVR,DEL,YVR,CA,DEL,IN,2026-10-16,2026-10-19,Summer,Economy,3,Eco-4,PREMSTAND,Economy — PREMSTAND,"+1,423.69 USD",2947.5,USD,Ubfly,PREMSTAND,Snack; Soft drink; Change with Penalty; Privileged check-in,Included,Included,Included,Included,Unknown,Included,Included,Unknown,Unknown,Unknown,Unknown,Unknown,Unknown,Unknown,Unknown,Unknown,Yes,,,2026-07-28T11:11:35+00:00,success,0
AF,YVR,DEL,YVR,CA,DEL,IN,2026-10-16,2026-10-19,Summer,Economy,4,Eco-5,PREMFLEX,Economy Flex,"+1,622.10 USD",3145.91,USD,Ubfly,PREMFLEX,Snack; Soft drink; Change with Penalty; Uninterrupted return (up to the last 12 hours); Privileged check-in,Included,Included,Included,Included,Unknown,Included,Included,Unknown,Unknown,Unknown,Unknown,Unknown,Unknown,Unknown,Unknown,Unknown,Yes,,,2026-07-28T11:11:35+00:00,success,0
AF,YVR,DEL,YVR,CA,DEL,IN,2026-10-16,2026-10-19,Summer,Business,0,Bus-1,BUSINESS STANDART,Business — BUSINESS STANDART,0.00 USD,8926.54,USD,Ubfly,BIZSTAND,Change with Penalty; Privileged check-in; Snack; Soft drink,Included,Included,Included,Included,Included,Included,Included,Unknown,Unknown,Unknown,Unknown,Unknown,Unknown,Unknown,Unknown,Unknown,Yes,,,2026-07-28T11:11:35+00:00,success,0
AF,YVR,DEL,YVR,CA,DEL,IN,2026-10-16,2026-10-19,Summer,Business,1,Bus-2,BUSINESS FLEX,Business Flex,+280.62 USD,9207.16,USD,Ubfly,BIZFLEX,Snack; Soft drink; Change with Penalty; Uninterrupted return (up to the last 12 hours); Privileged check-in,Included,Included,Included,Included,Included,Included,Included,Unknown,Unknown,Unknown,Unknown,Unknown,Unknown,Unknown,Unknown,Unknown,Yes,,,2026-07-28T11:11:35+00:00,success,0
AF,YVR,DEL,YVR,CA,DEL,IN,2026-11-09,2026-11-12,Winter,Economy,0,Eco-1,LIGHTBAG,Economy Lite,0.00 USD,1464.87,USD,Ubfly,LIGHTBAG,Snack; Soft drink,Included,Included,Unknown,Included,Unknown,Unknown,Unknown,Unknown,Unknown,Unknown,Unknown,Unknown,Unknown,Unknown,Unknown,Unknown,Yes,,,2026-07-28T11:11:35+00:00,success,0
AF,YVR,DEL,YVR,CA,DEL,IN,2026-11-09,2026-11-12,Winter,Economy,1,Eco-2,STANDARD3,Economy Standard,+74.41 USD,1539.28,USD,Ubfly,STANDARD3,Snack; Soft drink; Change with Penalty,Included,Included,Included,Included,Unknown,Unknown,Unknown,Unknown,Unknown,Unknown,Unknown,Unknown,Unknown,Unknown,Unknown,Unknown,Yes,,,2026-07-28T11:11:35+00:00,success,0
AF,YVR,DEL,YVR,CA,DEL,IN,2026-11-09,2026-11-12,Winter,Economy,2,Eco-3,FLEX1,Economy Flex,+194.16 USD,1659.03,USD,Ubfly,FLEX1,Snack; Soft drink; Change with Penalty; Uninterrupted return (up to the last 12 hours),Included,Included,Included,Included,Unknown,Unknown,Unknown,Unknown,Unknown,Unknown,Unknown,Unknown,Unknown,Unknown,Unknown,Unknown,Yes,,,2026-07-28T11:11:35+00:00,success,0
AF,YVR,DEL,YVR,CA,DEL,IN,2026-11-09,2026-11-12,Winter,Economy,3,Eco-4,PREMSTAND,Economy — PREMSTAND,+493.23 USD,1958.1,USD,Ubfly,PREMSTAND,Snack; Soft drink; Change with Penalty; Privileged check-in,Included,Included,Included,Included,Unknown,Included,Included,Unknown,Unknown,Unknown,Unknown,Unknown,Unknown,Unknown,Unknown,Unknown,Yes,,,2026-07-28T11:11:35+00:00,success,0
AF,YVR,DEL,YVR,CA,DEL,IN,2026-11-09,2026-11-12,Winter,Economy,4,Eco-5,PREMFLEX,Economy Flex,+657.62 USD,2122.49,USD,Ubfly,PREMFLEX,Snack; Soft drink; Change with Penalty; Uninterrupted return (up to the last 12 hours); Privileged check-in,Included,Included,Included,Included,Unknown,Included,Included,Unknown,Unknown,Unknown,Unknown,Unknown,Unknown,Unknown,Unknown,Unknown,Yes,,,2026-07-28T11:11:35+00:00,success,0
AF,YVR,DEL,YVR,CA,DEL,IN,2026-11-09,2026-11-12,Winter,Business,0,Bus-1,BUSINESS STANDART,Business — BUSINESS STANDART,0.00 USD,6775.27,USD,Ubfly,BIZSTAND,Change with Penalty; Privileged check-in; Snack; Soft drink,Included,Included,Included,Included,Included,Included,Included,Unknown,Unknown,Unknown,Unknown,Unknown,Unknown,Unknown,Unknown,Unknown,Yes,,,2026-07-28T11:11:35+00:00,success,0
AF,YVR,DEL,YVR,CA,DEL,IN,2026-11-09,2026-11-12,Winter,Business,1,Bus-2,BUSINESS FLEX,Business Flex,+257.95 USD,7033.22,USD,Ubfly,BIZFLEX,Snack; Soft drink; Change with Penalty; Uninterrupted return (up to the last 12 hours); Privileged check-in,Included,Included,Included,Included,Included,Included,Included,Unknown,Unknown,Unknown,Unknown,Unknown,Unknown,Unknown,Unknown,Unknown,Yes,,,2026-07-28T11:11:35+00:00,success,0
AI,JFK,DEL,NYC,US,DEL,IN,2026-10-25,2026-10-28,Summer,Economy,0,Eco-1,ECOVALU,Economy — ECOVALU,0.00 USD,662.82,USD,Ubfly,ECOVALU,,Included,Included,Included,Paid,Unknown,Unknown,Unknown,Unknown,Unknown,Unknown,Unknown,Unknown,Unknown,Unknown,Unknown,Unknown,,,,2026-07-28T11:11:35+00:00,partial,0
AI,JFK,DEL,NYC,US,DEL,IN,2026-10-25,2026-10-28,Summer,Economy,1,Eco-2,ECOCLAS,Economy — ECOCLAS,+47.15 USD,709.97,USD,Ubfly,ECOCLAS,,Included,Included,Included,Paid,Unknown,Unknown,Unknown,Unknown,Unknown,Unknown,Unknown,Unknown,Unknown,Unknown,Unknown,Unknown,,,,2026-07-28T11:11:35+00:00,partial,0
AI,JFK,DEL,NYC,US,DEL,IN,2026-10-25,2026-10-28,Summer,Economy,2,Eco-3,ECOFLX,Economy — ECOFLX,+211.72 USD,874.54,USD,Ubfly,ECOFLX,Change with Penalty,Included,Included,Included,Paid,Unknown,Unknown,Unknown,Unknown,Unknown,Unknown,Unknown,Unknown,Unknown,Unknown,Unknown,Unknown,,,,2026-07-28T11:11:35+00:00,partial,0
AI,JFK,DEL,NYC,US,DEL,IN,2026-10-25,2026-10-28,Summer,Premium Economy,0,PEco-1,PEYVALU,Premium Economy — PEYVALU,"+1,585.86 USD",2248.68,USD,Ubfly,PEYVALU,,Included,Included,Included,Paid,Unknown,Unknown,Unknown,Unknown,Unknown,Unknown,Unknown,Unknown,Unknown,Unknown,Unknown,Unknown,,,,2026-07-28T11:11:35+00:00,partial,0
AI,JFK,DEL,NYC,US,DEL,IN,2026-10-25,2026-10-28,Summer,Premium Economy,1,PEco-2,PEYFLX,Premium Economy — PEYFLX,"+1,660.67 USD",2323.49,USD,Ubfly,PEYFLX,Change with Penalty,Included,Included,Included,Paid,Unknown,Unknown,Unknown,Unknown,Unknown,Unknown,Unknown,Unknown,Unknown,Unknown,Unknown,Unknown,,,,2026-07-28T11:11:35+00:00,partial,0
AI,JFK,DEL,NYC,US,DEL,IN,2026-10-25,2026-10-28,Summer,Business,0,Bus-1,BUSVALU,Business — BUSVALU,0.00 USD,8537.96,USD,Ubfly,BUSVALU,,Included,Included,Included,Paid,Unknown,Unknown,Unknown,Unknown,Unknown,Unknown,Unknown,Unknown,Unknown,Unknown,Unknown,Unknown,,,,2026-07-28T11:11:35+00:00,partial,0
AI,JFK,DEL,NYC,US,DEL,IN,2026-10-25,2026-10-28,Summer,Business,1,Bus-2,BUSFLX,Business — BUSFLX,+199.48 USD,8737.44,USD,Ubfly,BUSFLX,Change with Penalty,Included,Included,Included,Paid,Unknown,Unknown,Unknown,Unknown,Unknown,Unknown,Unknown,Unknown,Unknown,Unknown,Unknown,Unknown,,,,2026-07-28T11:11:35+00:00,partial,0
AI,JFK,DEL,NYC,US,DEL,IN,2027-03-14,2027-03-17,Winter,Economy,0,Eco-1,ECOVALU,Economy — ECOVALU,0.00 USD,592.99,USD,Ubfly,ECOVALU,,Included,Included,Included,Paid,Unknown,Unknown,Unknown,Unknown,Unknown,Unknown,Unknown,Unknown,Unknown,Unknown,Unknown,Unknown,,,,2026-07-28T11:11:35+00:00,partial,0
AI,JFK,DEL,NYC,US,DEL,IN,2027-03-14,2027-03-17,Winter,Economy,1,Eco-2,ECOCLAS,Economy — ECOCLAS,+47.17 USD,640.16,USD,Ubfly,ECOCLAS,,Included,Included,Included,Paid,Unknown,Unknown,Unknown,Unknown,Unknown,Unknown,Unknown,Unknown,Unknown,Unknown,Unknown,Unknown,,,,2026-07-28T11:11:35+00:00,partial,0
AI,JFK,DEL,NYC,US,DEL,IN,2027-03-14,2027-03-17,Winter,Economy,2,Eco-3,ECOFLX,Economy — ECOFLX,+211.74 USD,804.73,USD,Ubfly,ECOFLX,Change with Penalty,Included,Included,Included,Paid,Unknown,Unknown,Unknown,Unknown,Unknown,Unknown,Unknown,Unknown,Unknown,Unknown,Unknown,Unknown,,,,2026-07-28T11:11:35+00:00,partial,0
AI,JFK,DEL,NYC,US,DEL,IN,2027-03-14,2027-03-17,Winter,Premium Economy,0,PEco-1,PEYVALU,Premium Economy — PEYVALU,"+1,587.87 USD",2180.86,USD,Ubfly,PEYVALU,,Included,Included,Included,Paid,Unknown,Unknown,Unknown,Unknown,Unknown,Unknown,Unknown,Unknown,Unknown,Unknown,Unknown,Unknown,,,,2026-07-28T11:11:35+00:00,partial,0
AI,JFK,DEL,NYC,US,DEL,IN,2027-03-14,2027-03-17,Winter,Premium Economy,1,PEco-2,PEYFLX,Premium Economy — PEYFLX,"+1,662.68 USD",2255.67,USD,Ubfly,PEYFLX,Change with Penalty,Included,Included,Included,Paid,Unknown,Unknown,Unknown,Unknown,Unknown,Unknown,Unknown,Unknown,Unknown,Unknown,Unknown,Unknown,,,,2026-07-28T11:11:35+00:00,partial,0
AI,JFK,DEL,NYC,US,DEL,IN,2027-03-14,2027-03-17,Winter,Business,0,Bus-1,BUSVALU,Business — BUSVALU,0.00 USD,5658.89,USD,Ubfly,BUSVALU,,Included,Included,Included,Paid,Unknown,Unknown,Unknown,Unknown,Unknown,Unknown,Unknown,Unknown,Unknown,Unknown,Unknown,Unknown,,,,2026-07-28T11:11:35+00:00,partial,0
AI,JFK,DEL,NYC,US,DEL,IN,2027-03-14,2027-03-17,Winter,Business,1,Bus-2,BUSFLX,Business — BUSFLX,+199.46 USD,5858.35,USD,Ubfly,BUSFLX,Change with Penalty,Included,Included,Included,Paid,Unknown,Unknown,Unknown,Unknown,Unknown,Unknown,Unknown,Unknown,Unknown,Unknown,Unknown,Unknown,,,,2026-07-28T11:11:35+00:00,partial,0
AA,JFK,DEL,NYC,US,DEL,IN,2026-10-25,2026-10-28,Summer,Economy,0,Eco-1,Main Cabin,Economy Standard,0.00 USD,751.16,USD,Ubfly,AAAT-MAIN,"Choose a Main Cabin seat; Pay for an extra legroom seat; Board in general group (6-8); Changes allowed; If you're an AAdvantage® status member or AAdvantage® credit cardholder, your bag benefit and boarding group applies if higher based on status. Benefits may not apply on partner airlines.; If you're an AAdvantage® credit cardholder, your bag benefit applies only on domestic American Airlines marketed and operated trips.",Included,Included,Unknown,Unknown,Unknown,Unknown,Unknown,Not Included,Not Included,Unknown,Unknown,Unknown,Unknown,Unknown,Unknown,Unknown,,,,2026-07-28T11:11:35+00:00,partial,0
AA,JFK,DEL,NYC,US,DEL,IN,2026-10-25,2026-10-28,Summer,Economy,1,Eco-2,Main Plus,Economy Standard,+129.67 USD,880.83,USD,Ubfly,AAAT-MAINPL,"Check 2 bags free; Choose a Main Cabin seat; Choose an extra legroom seat; Board earlier with Group 5; Changes allowed; If you're an AAdvantage® status member or AAdvantage® credit cardholder, your bag benefit and boarding group applies if higher based on status. Benefits may not apply on partner airlines.; If you're an AAdvantage® credit cardholder, your bag benefit applies only on domestic American Airlines marketed and operated trips.",Included,Included,Unknown,Unknown,Unknown,Unknown,Unknown,Not Included,Not Included,Unknown,Unknown,Unknown,Unknown,Unknown,Unknown,Unknown,,,,2026-07-28T11:11:35+00:00,partial,0
AA,JFK,DEL,NYC,US,DEL,IN,2026-10-25,2026-10-28,Summer,Economy,2,Eco-3,Main Cabin Flexible,Economy Standard,+162.58 USD,913.74,USD,Ubfly,AAAT-MAINFL,"Choose a Main Cabin seat; Pay for an extra legroom seat; Board in general group (6-8); Changes allowed; *Flexible fares may be subject to additional restrictions once travel begins. Please refer to the Penalties section in the fare rules for details; If you're an AAdvantage® status member or AAdvantage® credit cardholder, your bag benefit and boarding group applies if higher based on status. Benefits may not apply on partner airlines.; If you're an AAdvantage® credit cardholder, your bag benefit applies only on domestic American Airlines marketed and operated trips.",Included,Included,Unknown,Unknown,Unknown,Unknown,Unknown,Included,Not Included,Unknown,Unknown,Unknown,Unknown,Unknown,Unknown,Unknown,,,,2026-07-28T11:11:35+00:00,partial,0
AA,JFK,DEL,NYC,US,DEL,IN,2026-10-25,2026-10-28,Summer,Premium Economy,0,PEco-1,Premium Economy,Premium Economy Premium,+848.78 USD,1599.94,USD,Ubfly,AAAT-PEC,"Check 2 bags free; Extra Legroom Seat; Priority check-in and boarding access (Group 4); Changes allowed; If you're an AAdvantage® status member or AAdvantage® credit cardholder, your bag benefit and boarding group applies if higher based on status. Benefits may not apply on partner airlines.; If you're an AAdvantage® credit cardholder, your bag benefit applies only on domestic American Airlines marketed and operated trips.",Included,Included,Unknown,Unknown,Unknown,Unknown,Unknown,Not Included,Not Included,Unknown,Unknown,Unknown,Unknown,Unknown,Unknown,Unknown,,,,2026-07-28T11:11:35+00:00,partial,0
AA,JFK,DEL,NYC,US,DEL,IN,2026-10-25,2026-10-28,Summer,Premium Economy,1,PEco-2,Premium Economy Flexible,Premium Economy Flex,"+1,237.78 USD",1988.94,USD,Ubfly,AAAT-PECFL,"Check 2 bags free; Extra Legroom Seat; Priority check-in and boarding access (Group 4); Changes allowed; *Flexible fares may be subject to additional restrictions once travel begins. Please refer to the Penalties section in the fare rules for details; If you're an AAdvantage® status member or AAdvantage® credit cardholder, your bag benefit and boarding group applies if higher based on status. Benefits may not apply on partner airlines.; If you're an AAdvantage® credit cardholder, your bag benefit applies only on domestic American Airlines marketed and operated trips.",Included,Included,Unknown,Unknown,Unknown,Unknown,Unknown,Included,Not Included,Unknown,Unknown,Unknown,Unknown,Unknown,Unknown,Unknown,,,,2026-07-28T11:11:35+00:00,partial,0
AA,JFK,DEL,NYC,US,DEL,IN,2027-03-14,2027-03-17,Winter,Economy,0,Eco-1,Main Cabin,Economy Standard,0.00 USD,751.16,USD,Ubfly,AAAT-MAIN,"Choose a Main Cabin seat; Pay for an extra legroom seat; Board in general group (6-8); Changes allowed; If you're an AAdvantage® status member or AAdvantage® credit cardholder, your bag benefit and boarding group applies if higher based on status. Benefits may not apply on partner airlines.; If you're an AAdvantage® credit cardholder, your bag benefit applies only on domestic American Airlines marketed and operated trips.",Included,Included,Unknown,Unknown,Unknown,Unknown,Unknown,Not Included,Not Included,Unknown,Unknown,Unknown,Unknown,Unknown,Unknown,Unknown,,,,2026-07-28T11:11:35+00:00,partial,0
AA,JFK,DEL,NYC,US,DEL,IN,2027-03-14,2027-03-17,Winter,Economy,1,Eco-2,Main Plus,Economy Standard,+129.67 USD,880.83,USD,Ubfly,AAAT-MAINPL,"Check 2 bags free; Choose a Main Cabin seat; Choose an extra legroom seat; Board earlier with Group 5; Changes allowed; If you're an AAdvantage® status member or AAdvantage® credit cardholder, your bag benefit and boarding group applies if higher based on status. Benefits may not apply on partner airlines.; If you're an AAdvantage® credit cardholder, your bag benefit applies only on domestic American Airlines marketed and operated trips.",Included,Included,Unknown,Unknown,Unknown,Unknown,Unknown,Not Included,Not Included,Unknown,Unknown,Unknown,Unknown,Unknown,Unknown,Unknown,,,,2026-07-28T11:11:35+00:00,partial,0
AA,JFK,DEL,NYC,US,DEL,IN,2027-03-14,2027-03-17,Winter,Economy,2,Eco-3,Main Cabin Flexible,Economy Standard,+162.58 USD,913.74,USD,Ubfly,AAAT-MAINFL,"Choose a Main Cabin seat; Pay for an extra legroom seat; Board in general group (6-8); Changes allowed; *Flexible fares may be subject to additional restrictions once travel begins. Please refer to the Penalties section in the fare rules for details; If you're an AAdvantage® status member or AAdvantage® credit cardholder, your bag benefit and boarding group applies if higher based on status. Benefits may not apply on partner airlines.; If you're an AAdvantage® credit cardholder, your bag benefit applies only on domestic American Airlines marketed and operated trips.",Included,Included,Unknown,Unknown,Unknown,Unknown,Unknown,Included,Not Included,Unknown,Unknown,Unknown,Unknown,Unknown,Unknown,Unknown,,,,2026-07-28T11:11:35+00:00,partial,0
AA,JFK,DEL,NYC,US,DEL,IN,2027-03-14,2027-03-17,Winter,Premium Economy,0,PEco-1,Premium Economy,Premium Economy Premium,+848.78 USD,1599.94,USD,Ubfly,AAAT-PEC,"Check 2 bags free; Extra Legroom Seat; Priority check-in and boarding access (Group 4); Changes allowed; If you're an AAdvantage® status member or AAdvantage® credit cardholder, your bag benefit and boarding group applies if higher based on status. Benefits may not apply on partner airlines.; If you're an AAdvantage® credit cardholder, your bag benefit applies only on domestic American Airlines marketed and operated trips.",Included,Included,Unknown,Unknown,Unknown,Unknown,Unknown,Not Included,Not Included,Unknown,Unknown,Unknown,Unknown,Unknown,Unknown,Unknown,,,,2026-07-28T11:11:35+00:00,partial,0
AA,JFK,DEL,NYC,US,DEL,IN,2027-03-14,2027-03-17,Winter,Premium Economy,1,PEco-2,Premium Economy Flexible,Premium Economy Flex,"+1,237.78 USD",1988.94,USD,Ubfly,AAAT-PECFL,"Check 2 bags free; Extra Legroom Seat; Priority check-in and boarding access (Group 4); Changes allowed; *Flexible fares may be subject to additional restrictions once travel begins. Please refer to the Penalties section in the fare rules for details; If you're an AAdvantage® status member or AAdvantage® credit cardholder, your bag benefit and boarding group applies if higher based on status. Benefits may not apply on partner airlines.; If you're an AAdvantage® credit cardholder, your bag benefit applies only on domestic American Airlines marketed and operated trips.",Included,Included,Unknown,Unknown,Unknown,Unknown,Unknown,Included,Not Included,Unknown,Unknown,Unknown,Unknown,Unknown,Unknown,Unknown,,,,2026-07-28T11:11:35+00:00,partial,0
EY,JFK,DEL,NYC,US,DEL,IN,2026-10-25,2026-10-28,Summer,Economy,0,Eco-1,YBASIC,Economy Basic,0.00 USD,745.92,USD,Ubfly,YBASIC,,Included,Not Included,Unknown,Included,Unknown,Unknown,Unknown,Unknown,Unknown,Unknown,Unknown,Unknown,Unknown,Unknown,Unknown,Unknown,Yes,,5.0,2026-07-28T11:11:35+00:00,success,0
EY,JFK,DEL,NYC,US,DEL,IN,2026-10-25,2026-10-28,Summer,Economy,1,Eco-2,YVALUE,Economy Basic,+29.50 USD,775.42,USD,Ubfly,YVALUE,,Included,Included,Unknown,Included,Unknown,Unknown,Unknown,Unknown,Unknown,Unknown,Unknown,Unknown,Unknown,Unknown,Unknown,Unknown,Yes,,35.0,2026-07-28T11:11:35+00:00,success,0
EY,JFK,DEL,NYC,US,DEL,IN,2026-10-25,2026-10-28,Summer,Economy,2,Eco-3,YCOMFORT,Economy Comfort,+107.29 USD,853.21,USD,Ubfly,YCOMFORT,,Included,Included,Included,Included,Unknown,Unknown,Unknown,Unknown,Unknown,Unknown,Unknown,Unknown,Unknown,Unknown,Unknown,Unknown,Yes,,75.0,2026-07-28T11:11:35+00:00,success,0
EY,JFK,DEL,NYC,US,DEL,IN,2026-10-25,2026-10-28,Summer,Economy,3,Eco-4,YDELUXE,Economy — YDELUXE,+307.76 USD,1053.68,USD,Ubfly,YDELUXE,Change with Penalty; Uninterrupted return (up to the last 12 hours); Priority Access,Included,Included,Included,Included,Unknown,Unknown,Unknown,Unknown,Unknown,Unknown,Unknown,Unknown,Unknown,Unknown,Unknown,Unknown,Yes,,,2026-07-28T11:11:35+00:00,success,0
EY,JFK,DEL,NYC,US,DEL,IN,2026-10-25,2026-10-28,Summer,Business,0,Bus-1,JVALUE,Business Basic,0.00 USD,6661.3,USD,Ubfly,JVALUE,Priority Access,Included,Included,Unknown,Included,Unknown,Unknown,Unknown,Unknown,Unknown,Unknown,Unknown,Unknown,Unknown,Unknown,Unknown,Unknown,Yes,,100.0,2026-07-28T11:11:35+00:00,success,0
EY,JFK,DEL,NYC,US,DEL,IN,2026-10-25,2026-10-28,Summer,Business,1,Bus-2,JCOMFORT,Business Comfort,+230.41 USD,6891.71,USD,Ubfly,JCOMFORT,Priority Access; ETIHAD UAE CHAUFFEUR(F),Included,Included,Included,Included,Included,Unknown,Unknown,Unknown,Unknown,Unknown,Unknown,Unknown,Unknown,Unknown,Unknown,Unknown,Yes,,,2026-07-28T11:11:35+00:00,success,0
EY,JFK,DEL,NYC,US,DEL,IN,2026-10-25,2026-10-28,Summer,Business,2,Bus-3,JDELUXE,Business — JDELUXE,+629.35 USD,7290.65,USD,Ubfly,JDELUXE,Change with Penalty; Uninterrupted return (up to the last 12 hours); Priority Access; ETIHAD UAE CHAUFFEUR(F); ETIHAD GLOBAL CHAUFFEUR(F),Included,Included,Included,Included,Included,Unknown,Unknown,Unknown,Unknown,Unknown,Unknown,Unknown,Unknown,Unknown,Unknown,Unknown,Yes,,,2026-07-28T11:11:35+00:00,success,0
EY,JFK,DEL,NYC,US,DEL,IN,2027-03-14,2027-03-17,Winter,Economy,0,Eco-1,YBASIC,Economy Basic,0.00 USD,796.8,USD,Ubfly,YBASIC,,Included,Not Included,Unknown,Included,Unknown,Unknown,Unknown,Unknown,Unknown,Unknown,Unknown,Unknown,Unknown,Unknown,Unknown,Unknown,Yes,,5.0,2026-07-28T11:11:35+00:00,success,0
EY,JFK,DEL,NYC,US,DEL,IN,2027-03-14,2027-03-17,Winter,Economy,1,Eco-2,YVALUE,Economy Basic,+29.48 USD,826.28,USD,Ubfly,YVALUE,,Included,Included,Unknown,Included,Unknown,Unknown,Unknown,Unknown,Unknown,Unknown,Unknown,Unknown,Unknown,Unknown,Unknown,Unknown,Yes,,35.0,2026-07-28T11:11:35+00:00,success,0
EY,JFK,DEL,NYC,US,DEL,IN,2027-03-14,2027-03-17,Winter,Economy,2,Eco-3,YCOMFORT,Economy Comfort,+107.29 USD,904.09,USD,Ubfly,YCOMFORT,,Included,Included,Included,Included,Unknown,Unknown,Unknown,Unknown,Unknown,Unknown,Unknown,Unknown,Unknown,Unknown,Unknown,Unknown,Yes,,75.0,2026-07-28T11:11:35+00:00,success,0
EY,JFK,DEL,NYC,US,DEL,IN,2027-03-14,2027-03-17,Winter,Economy,3,Eco-4,YDELUXE,Economy — YDELUXE,+307.76 USD,1104.56,USD,Ubfly,YDELUXE,Change with Penalty; Uninterrupted return (up to the last 12 hours); Priority Access,Included,Included,Included,Included,Unknown,Unknown,Unknown,Unknown,Unknown,Unknown,Unknown,Unknown,Unknown,Unknown,Unknown,Unknown,Yes,,,2026-07-28T11:11:35+00:00,success,0
EY,JFK,DEL,NYC,US,DEL,IN,2027-03-14,2027-03-17,Winter,Business,0,Bus-1,JVALUE,Business Basic,0.00 USD,9408.13,USD,Ubfly,JVALUE,Priority Access,Included,Included,Unknown,Included,Unknown,Unknown,Unknown,Unknown,Unknown,Unknown,Unknown,Unknown,Unknown,Unknown,Unknown,Unknown,Yes,,100.0,2026-07-28T11:11:35+00:00,success,0
EY,JFK,DEL,NYC,US,DEL,IN,2027-03-14,2027-03-17,Winter,Business,1,Bus-2,JCOMFORT,Business Comfort,+230.41 USD,9638.54,USD,Ubfly,JCOMFORT,Priority Access; ETIHAD UAE CHAUFFEUR(F),Included,Included,Included,Included,Included,Unknown,Unknown,Unknown,Unknown,Unknown,Unknown,Unknown,Unknown,Unknown,Unknown,Unknown,Yes,,,2026-07-28T11:11:35+00:00,success,0
EY,JFK,DEL,NYC,US,DEL,IN,2027-03-14,2027-03-17,Winter,Business,2,Bus-3,JDELUXE,Business — JDELUXE,+629.37 USD,10037.5,USD,Ubfly,JDELUXE,Change with Penalty; Uninterrupted return (up to the last 12 hours); Priority Access; ETIHAD UAE CHAUFFEUR(F); ETIHAD GLOBAL CHAUFFEUR(F),Included,Included,Included,Included,Included,Unknown,Unknown,Unknown,Unknown,Unknown,Unknown,Unknown,Unknown,Unknown,Unknown,Unknown,Yes,,,2026-07-28T11:11:35+00:00,success,0
AC,DEL,YYZ,DEL,IN,YTO,CA,2026-08-30,2026-09-02,Summer,Economy,0,Eco-1,Standard,Economy Standard,0.00 USD,1449.47,USD,Ubfly,TG,POINT ACCRUAL(F),Included,Included,Unknown,Included,Unknown,Unknown,Unknown,Unknown,Unknown,Unknown,Unknown,Unknown,Unknown,Unknown,Unknown,Unknown,,,,2026-07-28T11:11:35+00:00,partial,0
AC,DEL,YYZ,DEL,IN,YTO,CA,2026-08-30,2026-09-02,Summer,Economy,1,Eco-2,Flexible,Economy Flex,+56.94 USD,1506.41,USD,Ubfly,FL,POINT ACCRUAL(F),Included,Included,Included,Included,Unknown,Unknown,Unknown,Unknown,Unknown,Unknown,Unknown,Unknown,Unknown,Unknown,Unknown,Unknown,,,,2026-07-28T11:11:35+00:00,partial,0
AC,DEL,YYZ,DEL,IN,YTO,CA,2026-08-30,2026-09-02,Summer,Economy,2,Eco-3,Comfort,Economy Comfort,+179.09 USD,1628.56,USD,Ubfly,CO,Change with Penalty; Uninterrupted return (up to the last 12 hours); Privileged check-in; POINT ACCRUAL(F),Included,Included,Included,Included,Unknown,Unknown,Unknown,Unknown,Unknown,Unknown,Unknown,Included,Unknown,Unknown,Unknown,Unknown,,,,2026-07-28T11:11:35+00:00,partial,0
AC,DEL,YYZ,DEL,IN,YTO,CA,2026-08-30,2026-09-02,Summer,Economy,3,Eco-4,Latitude,Economy — Latitude,"+2,539.35 USD",3988.82,USD,Ubfly,LT,Change with Penalty; Uninterrupted return (up to the last 12 hours); Privileged check-in; POINT ACCRUAL(F),Included,Included,Included,Included,Unknown,Unknown,Unknown,Unknown,Unknown,Unknown,Unknown,Included,Unknown,Unknown,Unknown,Unknown,,,,2026-07-28T11:11:35+00:00,partial,0
AC,DEL,YYZ,DEL,IN,YTO,CA,2026-08-30,2026-09-02,Summer,Premium Economy,0,PEco-1,PL,Premium Economy — PL,+464.84 USD,1914.31,USD,Ubfly,PL,Privileged check-in; POINT ACCRUAL(F),Included,Included,Included,Included,Unknown,Unknown,Unknown,Unknown,Unknown,Unknown,Unknown,Unknown,Unknown,Unknown,Unknown,Unknown,,,,2026-07-28T11:11:35+00:00,partial,0
AC,DEL,YYZ,DEL,IN,YTO,CA,2026-08-30,2026-09-02,Summer,Premium Economy,1,PEco-2,PRIME FLY,Premium Economy Premium,"+2,577.60 USD",4027.07,USD,Ubfly,PF,Change with Penalty; Uninterrupted return (up to the last 12 hours); Privileged check-in; POINT ACCRUAL(F),Included,Included,Included,Included,Unknown,Unknown,Unknown,Unknown,Unknown,Unknown,Unknown,Included,Unknown,Unknown,Unknown,Unknown,,,,2026-07-28T11:11:35+00:00,partial,0
AC,DEL,YYZ,DEL,IN,YTO,CA,2027-03-29,2027-04-01,Winter,Economy,0,Eco-1,Standard,Economy Standard,0.00 USD,914.17,USD,Ubfly,TG,POINT ACCRUAL(F),Included,Included,Unknown,Included,Unknown,Unknown,Unknown,Unknown,Unknown,Unknown,Unknown,Unknown,Unknown,Unknown,Unknown,Unknown,,,,2026-07-28T11:11:35+00:00,partial,0
AC,DEL,YYZ,DEL,IN,YTO,CA,2027-03-29,2027-04-01,Winter,Economy,1,Eco-2,Flexible,Economy Flex,+56.92 USD,971.09,USD,Ubfly,FL,POINT ACCRUAL(F),Included,Included,Included,Included,Unknown,Unknown,Unknown,Unknown,Unknown,Unknown,Unknown,Unknown,Unknown,Unknown,Unknown,Unknown,,,,2026-07-28T11:11:35+00:00,partial,0
AC,DEL,YYZ,DEL,IN,YTO,CA,2027-03-29,2027-04-01,Winter,Economy,2,Eco-3,Comfort,Economy Comfort,+179.09 USD,1093.26,USD,Ubfly,CO,Change with Penalty; Uninterrupted return (up to the last 12 hours); Privileged check-in; POINT ACCRUAL(F),Included,Included,Included,Included,Unknown,Unknown,Unknown,Unknown,Unknown,Unknown,Unknown,Included,Unknown,Unknown,Unknown,Unknown,,,,2026-07-28T11:11:35+00:00,partial,0
AC,DEL,YYZ,DEL,IN,YTO,CA,2027-03-29,2027-04-01,Winter,Economy,3,Eco-4,Latitude,Economy — Latitude,"+3,077.90 USD",3992.07,USD,Ubfly,LT,Change with Penalty; Uninterrupted return (up to the last 12 hours); Privileged check-in; POINT ACCRUAL(F),Included,Included,Included,Included,Unknown,Unknown,Unknown,Unknown,Unknown,Unknown,Unknown,Included,Unknown,Unknown,Unknown,Unknown,,,,2026-07-28T11:11:35+00:00,partial,0
AC,DEL,YYZ,DEL,IN,YTO,CA,2027-03-29,2027-04-01,Winter,Premium Economy,0,PEco-1,PL,Premium Economy — PL,"+1,003.39 USD",1917.56,USD,Ubfly,PL,Privileged check-in; POINT ACCRUAL(F),Included,Included,Included,Included,Unknown,Unknown,Unknown,Unknown,Unknown,Unknown,Unknown,Unknown,Unknown,Unknown,Unknown,Unknown,,,,2026-07-28T11:11:35+00:00,partial,0
AC,DEL,YYZ,DEL,IN,YTO,CA,2027-03-29,2027-04-01,Winter,Premium Economy,1,PEco-2,PRIME FLY,Premium Economy Premium,"+3,116.15 USD",4030.32,USD,Ubfly,PF,Change with Penalty; Uninterrupted return (up to the last 12 hours); Privileged check-in; POINT ACCRUAL(F),Included,Included,Included,Included,Unknown,Unknown,Unknown,Unknown,Unknown,Unknown,Unknown,Included,Unknown,Unknown,Unknown,Unknown,,,,2026-07-28T11:11:35+00:00,partial,0
AI,DEL,YYZ,DEL,IN,YTO,CA,2026-08-30,2026-09-02,Summer,Economy,0,Eco-1,ECOVALU,Economy — ECOVALU,0.00 USD,1447.55,USD,Ubfly,ECOVALU,,Included,Included,Included,Paid,Unknown,Unknown,Unknown,Unknown,Unknown,Unknown,Unknown,Unknown,Unknown,Unknown,Unknown,Unknown,,,,2026-07-28T11:11:35+00:00,partial,0
AI,DEL,YYZ,DEL,IN,YTO,CA,2026-08-30,2026-09-02,Summer,Economy,1,Eco-2,ECOCLAS,Economy — ECOCLAS,+83.86 USD,1531.41,USD,Ubfly,ECOCLAS,,Included,Included,Included,Paid,Unknown,Unknown,Unknown,Unknown,Unknown,Unknown,Unknown,Unknown,Unknown,Unknown,Unknown,Unknown,,,,2026-07-28T11:11:35+00:00,partial,0
AI,DEL,YYZ,DEL,IN,YTO,CA,2026-08-30,2026-09-02,Summer,Economy,2,Eco-3,ECOFLX,Economy — ECOFLX,+219.82 USD,1667.37,USD,Ubfly,ECOFLX,Change with Penalty,Included,Included,Included,Paid,Unknown,Unknown,Unknown,Unknown,Unknown,Unknown,Unknown,Unknown,Unknown,Unknown,Unknown,Unknown,,,,2026-07-28T11:11:35+00:00,partial,0
AI,DEL,YYZ,DEL,IN,YTO,CA,2026-08-30,2026-09-02,Summer,Premium Economy,0,PEco-1,PEYVALU,Premium Economy — PEYVALU,+331.92 USD,1779.47,USD,Ubfly,PEYVALU,,Included,Included,Included,Paid,Unknown,Unknown,Unknown,Unknown,Unknown,Unknown,Unknown,Unknown,Unknown,Unknown,Unknown,Unknown,,,,2026-07-28T11:11:35+00:00,partial,0
AI,DEL,YYZ,DEL,IN,YTO,CA,2026-08-30,2026-09-02,Summer,Premium Economy,1,PEco-2,PEYFLX,Premium Economy — PEYFLX,+454.15 USD,1901.7,USD,Ubfly,PEYFLX,Change with Penalty,Included,Included,Included,Paid,Unknown,Unknown,Unknown,Unknown,Unknown,Unknown,Unknown,Unknown,Unknown,Unknown,Unknown,Unknown,,,,2026-07-28T11:11:35+00:00,partial,0
AI,DEL,YYZ,DEL,IN,YTO,CA,2026-08-30,2026-09-02,Summer,Business,0,Bus-1,BUSVALU,Business — BUSVALU,0.00 USD,2779.84,USD,Ubfly,BUSVALU,,Included,Included,Included,Paid,Unknown,Unknown,Unknown,Unknown,Unknown,Unknown,Unknown,Unknown,Unknown,Unknown,Unknown,Unknown,,,,2026-07-28T11:11:35+00:00,partial,0
AI,DEL,YYZ,DEL,IN,YTO,CA,2026-08-30,2026-09-02,Summer,Business,1,Bus-2,BUSFLX,Business — BUSFLX,+244.45 USD,3024.29,USD,Ubfly,BUSFLX,Change with Penalty,Included,Included,Included,Paid,Unknown,Unknown,Unknown,Unknown,Unknown,Unknown,Unknown,Unknown,Unknown,Unknown,Unknown,Unknown,,,,2026-07-28T11:11:35+00:00,partial,0
AI,DEL,YYZ,DEL,IN,YTO,CA,2027-03-29,2027-04-01,Winter,Premium Economy,0,PEco-1,PEYVALU,Premium Economy — PEYVALU,0.00 USD,1779.46,USD,Ubfly,PEYVALU,,Included,Included,Included,Paid,Unknown,Unknown,Unknown,Unknown,Unknown,Unknown,Unknown,Unknown,Unknown,Unknown,Unknown,Unknown,,,,2026-07-28T11:11:35+00:00,partial,0
AI,DEL,YYZ,DEL,IN,YTO,CA,2027-03-29,2027-04-01,Winter,Premium Economy,1,PEco-2,PEYFLX,Premium Economy — PEYFLX,+122.23 USD,1901.69,USD,Ubfly,PEYFLX,Change with Penalty,Included,Included,Included,Paid,Unknown,Unknown,Unknown,Unknown,Unknown,Unknown,Unknown,Unknown,Unknown,Unknown,Unknown,Unknown,,,,2026-07-28T11:11:35+00:00,partial,0
AI,DEL,YYZ,DEL,IN,YTO,CA,2027-03-29,2027-04-01,Winter,Business,0,Bus-1,BUSVALU,Business — BUSVALU,0.00 USD,4022.37,USD,Ubfly,BUSVALU,,Included,Included,Included,Paid,Unknown,Unknown,Unknown,Unknown,Unknown,Unknown,Unknown,Unknown,Unknown,Unknown,Unknown,Unknown,,,,2026-07-28T11:11:35+00:00,partial,0
AI,DEL,YYZ,DEL,IN,YTO,CA,2027-03-29,2027-04-01,Winter,Business,1,Bus-2,BUSFLX,Business — BUSFLX,+244.45 USD,4266.82,USD,Ubfly,BUSFLX,Change with Penalty,Included,Included,Included,Paid,Unknown,Unknown,Unknown,Unknown,Unknown,Unknown,Unknown,Unknown,Unknown,Unknown,Unknown,Unknown,,,,2026-07-28T11:11:35+00:00,partial,0
EY,DEL,YYZ,DEL,IN,YTO,CA,2026-08-30,2026-09-02,Summer,Economy,0,Eco-1,YBASIC,Economy Basic,0.00 USD,1518.62,USD,Ubfly,YBASIC,,Included,Not Included,Unknown,Included,Unknown,Unknown,Unknown,Unknown,Unknown,Unknown,Unknown,Unknown,Unknown,Unknown,Unknown,Unknown,Yes,,5.0,2026-07-28T11:11:35+00:00,success,0
EY,DEL,YYZ,DEL,IN,YTO,CA,2026-08-30,2026-09-02,Summer,Economy,1,Eco-2,YVALUE,Economy Basic,+21.95 USD,1540.57,USD,Ubfly,YVALUE,,Included,Included,Unknown,Included,Unknown,Unknown,Unknown,Unknown,Unknown,Unknown,Unknown,Unknown,Unknown,Unknown,Unknown,Unknown,Yes,,35.0,2026-07-28T11:11:35+00:00,success,0
EY,DEL,YYZ,DEL,IN,YTO,CA,2026-08-30,2026-09-02,Summer,Economy,2,Eco-3,YCOMFORT,Economy Comfort,+144.70 USD,1663.32,USD,Ubfly,YCOMFORT,,Included,Included,Included,Included,Unknown,Unknown,Unknown,Unknown,Unknown,Unknown,Unknown,Unknown,Unknown,Unknown,Unknown,Unknown,Yes,,75.0,2026-07-28T11:11:35+00:00,success,0
EY,DEL,YYZ,DEL,IN,YTO,CA,2026-08-30,2026-09-02,Summer,Economy,3,Eco-4,YDELUXE,Economy — YDELUXE,+407.81 USD,1926.43,USD,Ubfly,YDELUXE,Change with Penalty; Uninterrupted return (up to the last 12 hours); Priority Access,Included,Included,Included,Included,Unknown,Unknown,Unknown,Unknown,Unknown,Unknown,Unknown,Unknown,Unknown,Unknown,Unknown,Unknown,Yes,,,2026-07-28T11:11:35+00:00,success,0
EY,DEL,YYZ,DEL,IN,YTO,CA,2026-08-30,2026-09-02,Summer,Business,0,Bus-1,JVALUE,Business Basic,0.00 USD,2219.46,USD,Ubfly,JVALUE,Priority Access,Included,Included,Unknown,Included,Unknown,Unknown,Unknown,Unknown,Unknown,Unknown,Unknown,Unknown,Unknown,Unknown,Unknown,Unknown,Yes,,100.0,2026-07-28T11:11:35+00:00,success,0
EY,DEL,YYZ,DEL,IN,YTO,CA,2026-08-30,2026-09-02,Summer,Business,1,Bus-2,JCOMFORT,Business Comfort,+163.65 USD,2383.11,USD,Ubfly,JCOMFORT,Priority Access; ETIHAD UAE CHAUFFEUR(F),Included,Included,Included,Included,Included,Unknown,Unknown,Unknown,Unknown,Unknown,Unknown,Unknown,Unknown,Unknown,Unknown,Unknown,Yes,,,2026-07-28T11:11:35+00:00,success,0
EY,DEL,YYZ,DEL,IN,YTO,CA,2026-08-30,2026-09-02,Summer,Business,2,Bus-3,JDELUXE,Business — JDELUXE,"+1,196.84 USD",3416.3,USD,Ubfly,JDELUXE,Change with Penalty; Uninterrupted return (up to the last 12 hours); Priority Access; ETIHAD UAE CHAUFFEUR(F); ETIHAD GLOBAL CHAUFFEUR(F),Included,Included,Included,Included,Included,Unknown,Unknown,Unknown,Unknown,Unknown,Unknown,Unknown,Unknown,Unknown,Unknown,Unknown,Yes,,,2026-07-28T11:11:35+00:00,success,0
EY,DEL,YYZ,DEL,IN,YTO,CA,2027-03-29,2027-04-01,Winter,Economy,0,Eco-1,YBASIC,Economy Basic,0.00 USD,724.14,USD,Ubfly,YBASIC,,Included,Not Included,Unknown,Included,Unknown,Unknown,Unknown,Unknown,Unknown,Unknown,Unknown,Unknown,Unknown,Unknown,Unknown,Unknown,Yes,,5.0,2026-07-28T11:11:35+00:00,success,0
EY,DEL,YYZ,DEL,IN,YTO,CA,2027-03-29,2027-04-01,Winter,Economy,1,Eco-2,YVALUE,Economy Basic,+18.91 USD,743.05,USD,Ubfly,YVALUE,,Included,Included,Unknown,Included,Unknown,Unknown,Unknown,Unknown,Unknown,Unknown,Unknown,Unknown,Unknown,Unknown,Unknown,Unknown,Yes,,35.0,2026-07-28T11:11:35+00:00,success,0
EY,DEL,YYZ,DEL,IN,YTO,CA,2027-03-29,2027-04-01,Winter,Economy,2,Eco-3,YCOMFORT,Economy Comfort,+99.01 USD,823.15,USD,Ubfly,YCOMFORT,,Included,Included,Included,Included,Unknown,Unknown,Unknown,Unknown,Unknown,Unknown,Unknown,Unknown,Unknown,Unknown,Unknown,Unknown,Yes,,75.0,2026-07-28T11:11:35+00:00,success,0
EY,DEL,YYZ,DEL,IN,YTO,CA,2027-03-29,2027-04-01,Winter,Economy,3,Eco-4,YDELUXE,Economy — YDELUXE,+276.84 USD,1000.98,USD,Ubfly,YDELUXE,Change with Penalty; Uninterrupted return (up to the last 12 hours); Priority Access,Included,Included,Included,Included,Unknown,Unknown,Unknown,Unknown,Unknown,Unknown,Unknown,Unknown,Unknown,Unknown,Unknown,Unknown,Yes,,,2026-07-28T11:11:35+00:00,success,0
EY,DEL,YYZ,DEL,IN,YTO,CA,2027-03-29,2027-04-01,Winter,Business,0,Bus-1,JVALUE,Business Basic,0.00 USD,3590.16,USD,Ubfly,JVALUE,Priority Access,Included,Included,Unknown,Included,Unknown,Unknown,Unknown,Unknown,Unknown,Unknown,Unknown,Unknown,Unknown,Unknown,Unknown,Unknown,Yes,,100.0,2026-07-28T11:11:35+00:00,success,0
EY,DEL,YYZ,DEL,IN,YTO,CA,2027-03-29,2027-04-01,Winter,Business,1,Bus-2,JCOMFORT,Business Comfort,+347.15 USD,3937.31,USD,Ubfly,JCOMFORT,Priority Access; ETIHAD UAE CHAUFFEUR(F),Included,Included,Included,Included,Included,Unknown,Unknown,Unknown,Unknown,Unknown,Unknown,Unknown,Unknown,Unknown,Unknown,Unknown,Yes,,,2026-07-28T11:11:35+00:00,success,0
EY,DEL,YYZ,DEL,IN,YTO,CA,2027-03-29,2027-04-01,Winter,Business,2,Bus-3,JDELUXE,Business — JDELUXE,+813.47 USD,4403.63,USD,Ubfly,JDELUXE,Change with Penalty; Uninterrupted return (up to the last 12 hours); Priority Access; ETIHAD UAE CHAUFFEUR(F); ETIHAD GLOBAL CHAUFFEUR(F),Included,Included,Included,Included,Included,Unknown,Unknown,Unknown,Unknown,Unknown,Unknown,Unknown,Unknown,Unknown,Unknown,Unknown,Yes,,,2026-07-28T11:11:35+00:00,success,0
EK,DEL,YYZ,DEL,IN,YTO,CA,2026-08-30,2026-09-02,Summer,Economy,0,Eco-1,ECOFLEX,Economy Flex,0.00 USD,1615.56,USD,Ubfly,ECOFLEX,Soft drink; In-flight entertainment,Included,Included,Unknown,Included,Unknown,Unknown,Unknown,Unknown,Unknown,Unknown,Unknown,Unknown,Unknown,Unknown,Unknown,Unknown,Yes,,70.0,2026-07-28T11:11:35+00:00,success,0
EK,DEL,YYZ,DEL,IN,YTO,CA,2026-08-30,2026-09-02,Summer,Economy,1,Eco-2,ECOFLXPLUS,Economy Comfort,+250.44 USD,1866.0,USD,Ubfly,ECOFLXPLUS,Soft drink; In-flight entertainment; Uninterrupted return (up to the last 12 hours); Change with Penalty,Included,Included,Unknown,Included,Unknown,Unknown,Unknown,Unknown,Unknown,Unknown,Unknown,Unknown,Unknown,Unknown,Unknown,Unknown,Yes,,100.0,2026-07-28T11:11:35+00:00,success,0
EK,DEL,YYZ,DEL,IN,YTO,CA,2026-08-30,2026-09-02,Summer,Business,0,Bus-1,BSSAVER,Business Basic,0.00 USD,3472.41,USD,Ubfly,BSSAVER,Premium check-in; Soft drink; In-flight entertainment; Chauffeur Drive; Internet Access,Included,Included,Included,Included,Included,Included,Included,Unknown,Unknown,Unknown,Unknown,Unknown,Unknown,Unknown,Unknown,Unknown,Yes,,,2026-07-28T11:11:35+00:00,success,0
EK,DEL,YYZ,DEL,IN,YTO,CA,2026-08-30,2026-09-02,Summer,Business,1,Bus-2,BSFLEX,Business Flex,+968.45 USD,4440.86,USD,Ubfly,BSFLEX,Premium check-in; Soft drink; In-flight entertainment; Chauffeur Drive; Internet Access,Included,Included,Included,Included,Included,Included,Included,Unknown,Unknown,Unknown,Unknown,Unknown,Unknown,Unknown,Unknown,Unknown,Yes,,175.0,2026-07-28T11:11:35+00:00,success,0
EK,DEL,YYZ,DEL,IN,YTO,CA,2026-08-30,2026-09-02,Summer,Business,2,Bus-3,BSFLXPLUS,Business Comfort,"+2,390.96 USD",5863.37,USD,Ubfly,BSFLXPLUS,Premium check-in; Soft drink; In-flight entertainment; Chauffeur Drive; Internet Access; Uninterrupted return (up to the last 12 hours); Change with Penalty,Included,Included,Included,Included,Included,Included,Included,Unknown,Unknown,Unknown,Unknown,Unknown,Unknown,Unknown,Unknown,Unknown,Yes,,190.0,2026-07-28T11:11:35+00:00,success,0
EK,DEL,YYZ,DEL,IN,YTO,CA,2027-03-29,2027-04-01,Winter,Economy,0,Eco-1,Economy Saver,Economy Basic,0.00 USD,770.07,USD,Ubfly,YP,• Hot and cold refreshments; • ICE entertainment; • Mileage upgrade eligibility at time of check-in; Economy Cabin,Included,Included,Paid,Included,Unknown,Unknown,Unknown,Included,Not Included,Unknown,Unknown,Unknown,Included,Unknown,Unknown,Unknown,Yes,2100.0,,2026-07-28T11:11:35+00:00,success,0
EK,DEL,YYZ,DEL,IN,YTO,CA,2027-03-29,2027-04-01,Winter,Economy,1,Eco-2,Economy Flex,Economy Flex,+266.64 USD,1036.71,USD,Ubfly,YS,• Hot and cold refreshments; • ICE entertainment; • Mileage upgrade eligibility; Economy Cabin,Included,Included,Included,Included,Unknown,Unknown,Unknown,Included,Not Included,Unknown,Unknown,Unknown,Included,Unknown,Unknown,Unknown,Yes,5250.0,,2026-07-28T11:11:35+00:00,success,0
EK,DEL,YYZ,DEL,IN,YTO,CA,2027-03-29,2027-04-01,Winter,Economy,2,Eco-3,Economy Flex Plus,Economy Comfort,"+1,017.95 USD",1788.02,USD,Ubfly,YF,• Hot and cold refreshments; • ICE entertainment; • Mileage upgrade eligibility; Economy Cabin,Included,Included,Included,Included,Unknown,Unknown,Unknown,Not Included,Not Included,Unknown,Unknown,Unknown,Included,Unknown,Unknown,Unknown,Yes,7000.0,,2026-07-28T11:11:35+00:00,success,0
EK,DEL,YYZ,DEL,IN,YTO,CA,2027-03-29,2027-04-01,Winter,Premium Economy,0,PEco-1,Premium Economy FlexPlus,Premium Economy Comfort,"+1,277.53 USD",2047.6,USD,Ubfly,WF,• Hot and cold refreshments; • ICE entertainment; • Mileage upgrade eligibility; • Exclusive Premium Economy Class dining; Premium Economy Cabin,Included,Included,Included,Unknown,Unknown,Unknown,Unknown,Not Included,Not Included,Unknown,Unknown,Unknown,Included,Unknown,Unknown,Unknown,Yes,7700.0,,2026-07-28T11:11:35+00:00,success,0
EK,DEL,YYZ,DEL,IN,YTO,CA,2027-03-29,2027-04-01,Winter,Business,0,Bus-1,BSSAVER,Business Basic,0.00 USD,3472.41,USD,Ubfly,BSSAVER,Premium check-in; Soft drink; In-flight entertainment; Chauffeur Drive; Internet Access,Included,Included,Included,Included,Included,Included,Included,Unknown,Unknown,Unknown,Unknown,Unknown,Unknown,Unknown,Unknown,Unknown,Yes,,,2026-07-28T11:11:35+00:00,success,0
EK,DEL,YYZ,DEL,IN,YTO,CA,2027-03-29,2027-04-01,Winter,Business,1,Bus-2,BSFLEX,Business Flex,+968.45 USD,4440.86,USD,Ubfly,BSFLEX,Premium check-in; Soft drink; In-flight entertainment; Chauffeur Drive; Internet Access,Included,Included,Included,Included,Included,Included,Included,Unknown,Unknown,Unknown,Unknown,Unknown,Unknown,Unknown,Unknown,Unknown,Yes,,175.0,2026-07-28T11:11:35+00:00,success,0
EK,DEL,YYZ,DEL,IN,YTO,CA,2027-03-29,2027-04-01,Winter,Business,2,Bus-3,BSFLXPLUS,Business Comfort,"+2,390.96 USD",5863.37,USD,Ubfly,BSFLXPLUS,Premium check-in; Soft drink; In-flight entertainment; Chauffeur Drive; Internet Access; Uninterrupted return (up to the last 12 hours); Change with Penalty,Included,Included,Included,Included,Included,Included,Included,Unknown,Unknown,Unknown,Unknown,Unknown,Unknown,Unknown,Unknown,Unknown,Yes,,190.0,2026-07-28T11:11:35+00:00,success,0
AI,DEL,YVR,DEL,IN,YVR,CA,2026-08-28,2026-08-31,Summer,Economy,0,Eco-1,ECOVALU,Economy — ECOVALU,0.00 USD,894.7,USD,Ubfly,ECOVALU,,Included,Included,Included,Paid,Unknown,Unknown,Unknown,Unknown,Unknown,Unknown,Unknown,Unknown,Unknown,Unknown,Unknown,Unknown,,,,2026-07-28T11:11:35+00:00,partial,0
AI,DEL,YVR,DEL,IN,YVR,CA,2026-08-28,2026-08-31,Summer,Economy,1,Eco-2,ECOCLAS,Economy — ECOCLAS,+83.84 USD,978.54,USD,Ubfly,ECOCLAS,,Included,Included,Included,Paid,Unknown,Unknown,Unknown,Unknown,Unknown,Unknown,Unknown,Unknown,Unknown,Unknown,Unknown,Unknown,,,,2026-07-28T11:11:35+00:00,partial,0
AI,DEL,YVR,DEL,IN,YVR,CA,2026-08-28,2026-08-31,Summer,Economy,2,Eco-3,ECOFLX,Economy — ECOFLX,+219.80 USD,1114.5,USD,Ubfly,ECOFLX,Change with Penalty,Included,Included,Included,Paid,Unknown,Unknown,Unknown,Unknown,Unknown,Unknown,Unknown,Unknown,Unknown,Unknown,Unknown,Unknown,,,,2026-07-28T11:11:35+00:00,partial,0
AI,DEL,YVR,DEL,IN,YVR,CA,2026-08-28,2026-08-31,Summer,Business,0,Bus-1,BUSVALU,Business — BUSVALU,0.00 USD,3036.27,USD,Ubfly,BUSVALU,,Included,Included,Included,Paid,Unknown,Unknown,Unknown,Unknown,Unknown,Unknown,Unknown,Unknown,Unknown,Unknown,Unknown,Unknown,,,,2026-07-28T11:11:35+00:00,partial,0
AI,DEL,YVR,DEL,IN,YVR,CA,2026-08-28,2026-08-31,Summer,Business,1,Bus-2,BUSFLX,Business — BUSFLX,+244.48 USD,3280.75,USD,Ubfly,BUSFLX,Change with Penalty,Included,Included,Included,Paid,Unknown,Unknown,Unknown,Unknown,Unknown,Unknown,Unknown,Unknown,Unknown,Unknown,Unknown,Unknown,,,,2026-07-28T11:11:35+00:00,partial,0
AI,DEL,YVR,DEL,IN,YVR,CA,2027-01-27,2027-01-30,Winter,Economy,0,Eco-1,ECOVALU,Economy — ECOVALU,0.00 USD,1012.74,USD,Ubfly,ECOVALU,,Included,Included,Included,Paid,Unknown,Unknown,Unknown,Unknown,Unknown,Unknown,Unknown,Unknown,Unknown,Unknown,Unknown,Unknown,,,,2026-07-28T11:11:35+00:00,partial,0
AI,DEL,YVR,DEL,IN,YVR,CA,2027-01-27,2027-01-30,Winter,Economy,1,Eco-2,ECOCLAS,Economy — ECOCLAS,+83.86 USD,1096.6,USD,Ubfly,ECOCLAS,,Included,Included,Included,Paid,Unknown,Unknown,Unknown,Unknown,Unknown,Unknown,Unknown,Unknown,Unknown,Unknown,Unknown,Unknown,,,,2026-07-28T11:11:35+00:00,partial,0
AI,DEL,YVR,DEL,IN,YVR,CA,2027-01-27,2027-01-30,Winter,Economy,2,Eco-3,ECOFLX,Economy — ECOFLX,+219.82 USD,1232.56,USD,Ubfly,ECOFLX,Change with Penalty,Included,Included,Included,Paid,Unknown,Unknown,Unknown,Unknown,Unknown,Unknown,Unknown,Unknown,Unknown,Unknown,Unknown,Unknown,,,,2026-07-28T11:11:35+00:00,partial,0
AI,DEL,YVR,DEL,IN,YVR,CA,2027-01-27,2027-01-30,Winter,Business,0,Bus-1,BUSVALU,Business — BUSVALU,0.00 USD,2514.46,USD,Ubfly,BUSVALU,,Included,Included,Included,Paid,Unknown,Unknown,Unknown,Unknown,Unknown,Unknown,Unknown,Unknown,Unknown,Unknown,Unknown,Unknown,,,,2026-07-28T11:11:35+00:00,partial,0
AI,DEL,YVR,DEL,IN,YVR,CA,2027-01-27,2027-01-30,Winter,Business,1,Bus-2,BUSFLX,Business — BUSFLX,+244.45 USD,2758.91,USD,Ubfly,BUSFLX,Change with Penalty,Included,Included,Included,Paid,Unknown,Unknown,Unknown,Unknown,Unknown,Unknown,Unknown,Unknown,Unknown,Unknown,Unknown,Unknown,,,,2026-07-28T11:11:35+00:00,partial,0
AC,DEL,YVR,DEL,IN,YVR,CA,2026-08-28,2026-08-31,Summer,Economy,0,Eco-1,Standard,Economy Standard,0.00 USD,1919.1,USD,Ubfly,TG,POINT ACCRUAL(F),Included,Included,Unknown,Included,Unknown,Unknown,Unknown,Unknown,Unknown,Unknown,Unknown,Unknown,Unknown,Unknown,Unknown,Unknown,,,,2026-07-28T11:11:35+00:00,partial,0
AC,DEL,YVR,DEL,IN,YVR,CA,2026-08-28,2026-08-31,Summer,Economy,1,Eco-2,Flexible,Economy Flex,+58.22 USD,1977.32,USD,Ubfly,FL,POINT ACCRUAL(F),Included,Included,Included,Included,Unknown,Unknown,Unknown,Unknown,Unknown,Unknown,Unknown,Unknown,Unknown,Unknown,Unknown,Unknown,,,,2026-07-28T11:11:35+00:00,partial,0
AC,DEL,YVR,DEL,IN,YVR,CA,2026-08-28,2026-08-31,Summer,Economy,2,Eco-3,Comfort,Economy Comfort,+161.67 USD,2080.77,USD,Ubfly,CO,Change with Penalty; Uninterrupted return (up to the last 12 hours); Privileged check-in; POINT ACCRUAL(F),Included,Included,Included,Included,Unknown,Unknown,Unknown,Unknown,Unknown,Unknown,Unknown,Included,Unknown,Unknown,Unknown,Unknown,,,,2026-07-28T11:11:35+00:00,partial,0
AC,DEL,YVR,DEL,IN,YVR,CA,2026-08-28,2026-08-31,Summer,Economy,3,Eco-4,Latitude,Economy — Latitude,"+2,400.40 USD",4319.5,USD,Ubfly,LT,Change with Penalty; Uninterrupted return (up to the last 12 hours); Privileged check-in; POINT ACCRUAL(F),Included,Included,Included,Included,Unknown,Unknown,Unknown,Unknown,Unknown,Unknown,Unknown,Included,Unknown,Unknown,Unknown,Unknown,,,,2026-07-28T11:11:35+00:00,partial,0
AC,DEL,YVR,DEL,IN,YVR,CA,2026-08-28,2026-08-31,Summer,Premium Economy,0,PEco-1,PL,Premium Economy — PL,"+2,288.27 USD",4207.37,USD,Ubfly,PL,Privileged check-in; POINT ACCRUAL(F),Included,Included,Included,Included,Unknown,Unknown,Unknown,Unknown,Unknown,Unknown,Unknown,Unknown,Unknown,Unknown,Unknown,Unknown,,,,2026-07-28T11:11:35+00:00,partial,0
AC,DEL,YVR,DEL,IN,YVR,CA,2026-08-28,2026-08-31,Summer,Premium Economy,1,PEco-2,PRIME FLY,Premium Economy Premium,"+2,408.73 USD",4327.83,USD,Ubfly,PF,Change with Penalty; Uninterrupted return (up to the last 12 hours); Privileged check-in; POINT ACCRUAL(F),Included,Included,Included,Included,Unknown,Unknown,Unknown,Unknown,Unknown,Unknown,Unknown,Included,Unknown,Unknown,Unknown,Unknown,,,,2026-07-28T11:11:35+00:00,partial,0
AC,DEL,YVR,DEL,IN,YVR,CA,2027-01-27,2027-01-30,Winter,Economy,0,Eco-1,Standard,Economy Standard,0.00 USD,967.52,USD,Ubfly,TG,POINT ACCRUAL(F),Included,Included,Unknown,Included,Unknown,Unknown,Unknown,Unknown,Unknown,Unknown,Unknown,Unknown,Unknown,Unknown,Unknown,Unknown,,,,2026-07-28T11:11:35+00:00,partial,0
AC,DEL,YVR,DEL,IN,YVR,CA,2027-01-27,2027-01-30,Winter,Economy,1,Eco-2,Flexible,Economy Flex,+58.22 USD,1025.74,USD,Ubfly,FL,POINT ACCRUAL(F),Included,Included,Included,Included,Unknown,Unknown,Unknown,Unknown,Unknown,Unknown,Unknown,Unknown,Unknown,Unknown,Unknown,Unknown,,,,2026-07-28T11:11:35+00:00,partial,0
AC,DEL,YVR,DEL,IN,YVR,CA,2027-01-27,2027-01-30,Winter,Economy,2,Eco-3,Comfort,Economy Comfort,+161.69 USD,1129.21,USD,Ubfly,CO,Change with Penalty; Uninterrupted return (up to the last 12 hours); Privileged check-in; POINT ACCRUAL(F),Included,Included,Included,Included,Unknown,Unknown,Unknown,Unknown,Unknown,Unknown,Unknown,Included,Unknown,Unknown,Unknown,Unknown,,,,2026-07-28T11:11:35+00:00,partial,0
AC,DEL,YVR,DEL,IN,YVR,CA,2027-01-27,2027-01-30,Winter,Economy,3,Eco-4,Latitude,Economy — Latitude,"+3,347.22 USD",4314.74,USD,Ubfly,LT,Change with Penalty; Uninterrupted return (up to the last 12 hours); Privileged check-in; POINT ACCRUAL(F),Included,Included,Included,Included,Unknown,Unknown,Unknown,Unknown,Unknown,Unknown,Unknown,Included,Unknown,Unknown,Unknown,Unknown,,,,2026-07-28T11:11:35+00:00,partial,0
AC,DEL,YVR,DEL,IN,YVR,CA,2027-01-27,2027-01-30,Winter,Premium Economy,0,PEco-1,PL,Premium Economy — PL,+971.81 USD,1939.33,USD,Ubfly,PL,Privileged check-in; POINT ACCRUAL(F),Included,Included,Included,Included,Unknown,Unknown,Unknown,Unknown,Unknown,Unknown,Unknown,Unknown,Unknown,Unknown,Unknown,Unknown,,,,2026-07-28T11:11:35+00:00,partial,0
AC,DEL,YVR,DEL,IN,YVR,CA,2027-01-27,2027-01-30,Winter,Premium Economy,1,PEco-2,PRIME FLY,Premium Economy Premium,"+3,355.55 USD",4323.07,USD,Ubfly,PF,Change with Penalty; Uninterrupted return (up to the last 12 hours); Privileged check-in; POINT ACCRUAL(F),Included,Included,Included,Included,Unknown,Unknown,Unknown,Unknown,Unknown,Unknown,Unknown,Included,Unknown,Unknown,Unknown,Unknown,,,,2026-07-28T11:11:35+00:00,partial,0
CX,DEL,YVR,DEL,IN,YVR,CA,2026-08-28,2026-08-31,Summer,Economy,0,Eco-1,Basic,Economy Basic,0.00 USD,1374.82,USD,Ubfly,PEYESSENT,,Included,Included,Unknown,Unknown,Unknown,Unknown,Unknown,Unknown,Unknown,Unknown,Unknown,Unknown,Unknown,Unknown,Unknown,Unknown,,,,2026-07-28T11:11:35+00:00,partial,0
CX,DEL,YVR,DEL,IN,YVR,CA,2027-01-27,2027-01-30,Winter,Economy,0,Eco-1,Basic,Economy Basic,0.00 USD,894.0,USD,Ubfly,TG,,Included,Included,Unknown,Unknown,Unknown,Unknown,Unknown,Unknown,Unknown,Unknown,Unknown,Unknown,Unknown,Unknown,Unknown,Unknown,,,,2026-07-28T11:11:35+00:00,partial,0
LH,DEL,YVR,DEL,IN,YVR,CA,2026-08-28,2026-08-31,Summer,Economy,0,Eco-1,ECOCMFT,Economy — ECOCMFT,0.00 USD,1176.07,USD,Ubfly,ECOCMFT,In-flight entertainment; 1 personal item,Included,Included,Unknown,Included,Unknown,Unknown,Unknown,Unknown,Unknown,Unknown,Unknown,Unknown,Unknown,Unknown,Unknown,Unknown,Yes,,,2026-07-28T11:11:35+00:00,success,0
LH,DEL,YVR,DEL,IN,YVR,CA,2026-08-28,2026-08-31,Summer,Economy,1,Eco-2,ECOCMFTPLS,Economy — ECOCMFTPLS,+54.84 USD,1230.91,USD,Ubfly,ECOCMFTPLS,1 personal item; In-flight entertainment,Included,Included,Unknown,Included,Unknown,Unknown,Unknown,Unknown,Unknown,Unknown,Unknown,Unknown,Unknown,Unknown,Unknown,Unknown,Yes,,,2026-07-28T11:11:35+00:00,success,0
LH,DEL,YVR,DEL,IN,YVR,CA,2026-08-28,2026-08-31,Summer,Economy,2,Eco-3,ECOBASEPL,Economy — ECOBASEPL,+127.31 USD,1303.38,USD,Ubfly,ECOBASEPL,1 personal item; Change without penalty before flight; In-flight entertainment,Included,Included,Unknown,Included,Unknown,Unknown,Unknown,Unknown,Included,Unknown,Unknown,Unknown,Unknown,Unknown,Unknown,Unknown,Yes,,,2026-07-28T11:11:35+00:00,success,0
LH,DEL,YVR,DEL,IN,YVR,CA,2026-08-28,2026-08-31,Summer,Economy,3,Eco-4,ECOFLEX,Economy Flex,+161.69 USD,1337.76,USD,Ubfly,ECOFLEX,1 personal item; Change without penalty before flight; In-flight entertainment,Included,Included,Included,Included,Unknown,Unknown,Unknown,Included,Included,Unknown,Unknown,Unknown,Unknown,Unknown,Unknown,Unknown,Yes,,,2026-07-28T11:11:35+00:00,success,0
LH,DEL,YVR,DEL,IN,YVR,CA,2026-08-28,2026-08-31,Summer,Economy,4,Eco-5,PRELIGHT,Economy Lite,+572.43 USD,1748.5,USD,Ubfly,PRELIGHT,1 personal item; In-flight entertainment,Included,Included,Unknown,Included,Unknown,Unknown,Unknown,Unknown,Unknown,Unknown,Unknown,Unknown,Unknown,Unknown,Unknown,Unknown,Yes,,,2026-07-28T11:11:35+00:00,success,0
LH,DEL,YVR,DEL,IN,YVR,CA,2026-08-28,2026-08-31,Summer,Economy,5,Eco-6,PRECMFT,Economy — PRECMFT,+693.68 USD,1869.75,USD,Ubfly,PRECMFT,1 personal item; In-flight entertainment,Included,Included,Unknown,Included,Unknown,Unknown,Unknown,Unknown,Unknown,Unknown,Unknown,Unknown,Unknown,Unknown,Unknown,Unknown,Yes,,,2026-07-28T11:11:35+00:00,success,0
LH,DEL,YVR,DEL,IN,YVR,CA,2026-08-28,2026-08-31,Summer,Economy,6,Eco-7,PREGREIC,Economy — PREGREIC,+787.42 USD,1963.49,USD,Ubfly,PREGREIC,1 personal item; Change without penalty before flight; Carbon offsetting; In-flight entertainment,Included,Included,Unknown,Included,Unknown,Unknown,Unknown,Unknown,Included,Unknown,Unknown,Unknown,Unknown,Unknown,Unknown,Unknown,Yes,,,2026-07-28T11:11:35+00:00,success,0
LH,DEL,YVR,DEL,IN,YVR,CA,2026-08-28,2026-08-31,Summer,Economy,7,Eco-8,PRECMFTPLS,Economy — PRECMFTPLS,+814.14 USD,1990.21,USD,Ubfly,PRECMFTPLS,1 personal item; In-flight entertainment,Included,Included,Unknown,Included,Unknown,Unknown,Unknown,Unknown,Unknown,Unknown,Unknown,Unknown,Unknown,Unknown,Unknown,Unknown,Yes,,,2026-07-28T11:11:35+00:00,success,0
LH,DEL,YVR,DEL,IN,YVR,CA,2026-08-28,2026-08-31,Summer,Economy,8,Eco-9,PREFLEX,Economy Flex,+934.60 USD,2110.67,USD,Ubfly,PREFLEX,1 personal item; Change without penalty before flight; In-flight entertainment,Included,Included,Included,Included,Unknown,Unknown,Unknown,Included,Included,Unknown,Unknown,Unknown,Unknown,Unknown,Unknown,Unknown,Yes,,,2026-07-28T11:11:35+00:00,success,0
LH,DEL,YVR,DEL,IN,YVR,CA,2026-08-28,2026-08-31,Summer,Business,0,Bus-1,BUSLIGHT,Business Lite,0.00 USD,5782.37,USD,Ubfly,BUSLIGHT,In-flight entertainment; Privileged check-in; Snack; 1 personal item; Journal & Newspaper,Included,Included,Unknown,Included,Included,Included,Included,Unknown,Unknown,Unknown,Unknown,Unknown,Unknown,Unknown,Unknown,Unknown,Yes,,,2026-07-28T11:11:35+00:00,success,0
LH,DEL,YVR,DEL,IN,YVR,CA,2026-08-28,2026-08-31,Summer,Business,1,Bus-2,BUSCMFT,Business — BUSCMFT,+208.86 USD,5991.23,USD,Ubfly,BUSCMFT,1 personal item; Snack; Journal & Newspaper; Privileged check-in; In-flight entertainment,Included,Included,Included,Included,Included,Included,Included,Unknown,Unknown,Unknown,Unknown,Unknown,Unknown,Unknown,Unknown,Unknown,Yes,,,2026-07-28T11:11:35+00:00,success,0
LH,DEL,YVR,DEL,IN,YVR,CA,2026-08-28,2026-08-31,Summer,Business,2,Bus-3,BUSGREIC,Business — BUSGREIC,+384.19 USD,6166.56,USD,Ubfly,BUSGREIC,1 personal item; Change without penalty before flight; Snack; Journal & Newspaper; Privileged check-in; Carbon offsetting; In-flight entertainment,Included,Included,Included,Included,Included,Included,Included,Unknown,Included,Unknown,Unknown,Unknown,Unknown,Unknown,Unknown,Unknown,Yes,,,2026-07-28T11:11:35+00:00,success,0
LH,DEL,YVR,DEL,IN,YVR,CA,2026-08-28,2026-08-31,Summer,Business,3,Bus-4,BUSCMFTPLS,Business — BUSCMFTPLS,+400.08 USD,6182.45,USD,Ubfly,BUSCMFTPLS,1 personal item; Snack; Journal & Newspaper; Privileged check-in; In-flight entertainment,Included,Included,Included,Included,Included,Included,Included,Unknown,Unknown,Unknown,Unknown,Unknown,Unknown,Unknown,Unknown,Unknown,Yes,,,2026-07-28T11:11:35+00:00,success,0
LH,DEL,YVR,DEL,IN,YVR,CA,2026-08-28,2026-08-31,Summer,Business,4,Bus-5,BUSINESS FLEXIBLE,Business Flex,+630.61 USD,6412.98,USD,Ubfly,BUSFLEX,1 personal item; Business class seat with private partition; Change without penalty before flight; Snack; Journal & Newspaper; Privileged check-in; In-flight entertainment,Included,Included,Included,Included,Included,Included,Included,Included,Included,Unknown,Unknown,Unknown,Unknown,Unknown,Unknown,Unknown,Yes,,,2026-07-28T11:11:35+00:00,success,0
LH,DEL,YVR,DEL,IN,YVR,CA,2027-01-27,2027-01-30,Winter,Economy,0,Eco-1,ECOCMFT,Economy — ECOCMFT,0.00 USD,859.47,USD,Ubfly,ECOCMFT,In-flight entertainment; 1 personal item,Included,Included,Unknown,Included,Unknown,Unknown,Unknown,Unknown,Unknown,Unknown,Unknown,Unknown,Unknown,Unknown,Unknown,Unknown,Yes,,,2026-07-28T11:11:35+00:00,success,0
LH,DEL,YVR,DEL,IN,YVR,CA,2027-01-27,2027-01-30,Winter,Economy,1,Eco-2,ECOCMFTPLS,Economy — ECOCMFTPLS,+54.81 USD,914.28,USD,Ubfly,ECOCMFTPLS,1 personal item; In-flight entertainment,Included,Included,Unknown,Included,Unknown,Unknown,Unknown,Unknown,Unknown,Unknown,Unknown,Unknown,Unknown,Unknown,Unknown,Unknown,Yes,,,2026-07-28T11:11:35+00:00,success,0
LH,DEL,YVR,DEL,IN,YVR,CA,2027-01-27,2027-01-30,Winter,Economy,2,Eco-3,ECOBASEPL,Economy — ECOBASEPL,+127.29 USD,986.76,USD,Ubfly,ECOBASEPL,1 personal item; Change without penalty before flight; In-flight entertainment,Included,Included,Unknown,Included,Unknown,Unknown,Unknown,Unknown,Included,Unknown,Unknown,Unknown,Unknown,Unknown,Unknown,Unknown,Yes,,,2026-07-28T11:11:35+00:00,success,0
LH,DEL,YVR,DEL,IN,YVR,CA,2027-01-27,2027-01-30,Winter,Economy,3,Eco-4,ECOFLEX,Economy Flex,+161.67 USD,1021.14,USD,Ubfly,ECOFLEX,1 personal item; Change without penalty before flight; In-flight entertainment,Included,Included,Included,Included,Unknown,Unknown,Unknown,Included,Included,Unknown,Unknown,Unknown,Unknown,Unknown,Unknown,Unknown,Yes,,,2026-07-28T11:11:35+00:00,success,0
LH,DEL,YVR,DEL,IN,YVR,CA,2027-01-27,2027-01-30,Winter,Economy,4,Eco-5,PRELIGHT,Economy Lite,+273.67 USD,1133.14,USD,Ubfly,PRELIGHT,1 personal item; In-flight entertainment,Included,Included,Unknown,Included,Unknown,Unknown,Unknown,Unknown,Unknown,Unknown,Unknown,Unknown,Unknown,Unknown,Unknown,Unknown,Yes,,,2026-07-28T11:11:35+00:00,success,0
LH,DEL,YVR,DEL,IN,YVR,CA,2027-01-27,2027-01-30,Winter,Economy,5,Eco-6,PRECMFT,Economy — PRECMFT,+394.92 USD,1254.39,USD,Ubfly,PRECMFT,1 personal item; In-flight entertainment,Included,Included,Unknown,Included,Unknown,Unknown,Unknown,Unknown,Unknown,Unknown,Unknown,Unknown,Unknown,Unknown,Unknown,Unknown,Yes,,,2026-07-28T11:11:35+00:00,success,0
LH,DEL,YVR,DEL,IN,YVR,CA,2027-01-27,2027-01-30,Winter,Economy,6,Eco-7,PREGREIC,Economy — PREGREIC,+488.68 USD,1348.15,USD,Ubfly,PREGREIC,1 personal item; Change without penalty before flight; Carbon offsetting; In-flight entertainment,Included,Included,Unknown,Included,Unknown,Unknown,Unknown,Unknown,Included,Unknown,Unknown,Unknown,Unknown,Unknown,Unknown,Unknown,Yes,,,2026-07-28T11:11:35+00:00,success,0
LH,DEL,YVR,DEL,IN,YVR,CA,2027-01-27,2027-01-30,Winter,Economy,7,Eco-8,PRECMFTPLS,Economy — PRECMFTPLS,+515.38 USD,1374.85,USD,Ubfly,PRECMFTPLS,1 personal item; In-flight entertainment,Included,Included,Unknown,Included,Unknown,Unknown,Unknown,Unknown,Unknown,Unknown,Unknown,Unknown,Unknown,Unknown,Unknown,Unknown,Yes,,,2026-07-28T11:11:35+00:00,success,0
LH,DEL,YVR,DEL,IN,YVR,CA,2027-01-27,2027-01-30,Winter,Economy,8,Eco-9,PREFLEX,Economy Flex,+635.84 USD,1495.31,USD,Ubfly,PREFLEX,1 personal item; Change without penalty before flight; In-flight entertainment,Included,Included,Included,Included,Unknown,Unknown,Unknown,Included,Included,Unknown,Unknown,Unknown,Unknown,Unknown,Unknown,Unknown,Yes,,,2026-07-28T11:11:35+00:00,success,0
LH,DEL,YVR,DEL,IN,YVR,CA,2027-01-27,2027-01-30,Winter,Business,0,Bus-1,BUSLIGHT,Business Lite,0.00 USD,5783.09,USD,Ubfly,BUSLIGHT,In-flight entertainment; Privileged check-in; Snack; 1 personal item; Journal & Newspaper,Included,Included,Unknown,Included,Included,Included,Included,Unknown,Unknown,Unknown,Unknown,Unknown,Unknown,Unknown,Unknown,Unknown,Yes,,,2026-07-28T11:11:35+00:00,success,0
LH,DEL,YVR,DEL,IN,YVR,CA,2027-01-27,2027-01-30,Winter,Business,1,Bus-2,BUSCMFT,Business — BUSCMFT,+208.86 USD,5991.95,USD,Ubfly,BUSCMFT,1 personal item; Snack; Journal & Newspaper; Privileged check-in; In-flight entertainment,Included,Included,Included,Included,Included,Included,Included,Unknown,Unknown,Unknown,Unknown,Unknown,Unknown,Unknown,Unknown,Unknown,Yes,,,2026-07-28T11:11:35+00:00,success,0
LH,DEL,YVR,DEL,IN,YVR,CA,2027-01-27,2027-01-30,Winter,Business,2,Bus-3,BUSGREIC,Business — BUSGREIC,+384.19 USD,6167.28,USD,Ubfly,BUSGREIC,1 personal item; Change without penalty before flight; Snack; Journal & Newspaper; Privileged check-in; Carbon offsetting; In-flight entertainment,Included,Included,Included,Included,Included,Included,Included,Unknown,Included,Unknown,Unknown,Unknown,Unknown,Unknown,Unknown,Unknown,Yes,,,2026-07-28T11:11:35+00:00,success,0
LH,DEL,YVR,DEL,IN,YVR,CA,2027-01-27,2027-01-30,Winter,Business,3,Bus-4,BUSCMFTPLS,Business — BUSCMFTPLS,+400.08 USD,6183.17,USD,Ubfly,BUSCMFTPLS,1 personal item; Snack; Journal & Newspaper; Privileged check-in; In-flight entertainment,Included,Included,Included,Included,Included,Included,Included,Unknown,Unknown,Unknown,Unknown,Unknown,Unknown,Unknown,Unknown,Unknown,Yes,,,2026-07-28T11:11:35+00:00,success,0
LH,DEL,YVR,DEL,IN,YVR,CA,2027-01-27,2027-01-30,Winter,Business,4,Bus-5,BUSINESS FLEXIBLE,Business Flex,+630.61 USD,6413.7,USD,Ubfly,BUSFLEX,1 personal item; Business class seat with private partition; Change without penalty before flight; Snack; Journal & Newspaper; Privileged check-in; In-flight entertainment,Included,Included,Included,Included,Included,Included,Included,Included,Included,Unknown,Unknown,Unknown,Unknown,Unknown,Unknown,Unknown,Yes,,,2026-07-28T11:11:35+00:00,success,0
AI,DEL,SFO,DEL,IN,SFO,US,2026-08-25,2026-08-28,Summer,Economy,0,Eco-1,ECOVALU,Economy — ECOVALU,0.00 USD,1007.12,USD,Ubfly,ECOVALU,,Included,Included,Included,Paid,Unknown,Unknown,Unknown,Unknown,Unknown,Unknown,Unknown,Unknown,Unknown,Unknown,Unknown,Unknown,,,,2026-07-28T11:11:35+00:00,partial,0
AI,DEL,SFO,DEL,IN,SFO,US,2026-08-25,2026-08-28,Summer,Economy,1,Eco-2,ECOCLAS,Economy — ECOCLAS,+83.86 USD,1090.98,USD,Ubfly,ECOCLAS,,Included,Included,Included,Paid,Unknown,Unknown,Unknown,Unknown,Unknown,Unknown,Unknown,Unknown,Unknown,Unknown,Unknown,Unknown,,,,2026-07-28T11:11:35+00:00,partial,0
AI,DEL,SFO,DEL,IN,SFO,US,2026-08-25,2026-08-28,Summer,Economy,2,Eco-3,ECOFLX,Economy — ECOFLX,+263.33 USD,1270.45,USD,Ubfly,ECOFLX,Change with Penalty,Included,Included,Included,Paid,Unknown,Unknown,Unknown,Unknown,Unknown,Unknown,Unknown,Unknown,Unknown,Unknown,Unknown,Unknown,,,,2026-07-28T11:11:35+00:00,partial,0
AI,DEL,SFO,DEL,IN,SFO,US,2026-08-25,2026-08-28,Summer,Business,0,Bus-1,BUSVALU,Business — BUSVALU,0.00 USD,3566.69,USD,Ubfly,BUSVALU,,Included,Included,Included,Paid,Unknown,Unknown,Unknown,Unknown,Unknown,Unknown,Unknown,Unknown,Unknown,Unknown,Unknown,Unknown,,,,2026-07-28T11:11:35+00:00,partial,0
AI,DEL,SFO,DEL,IN,SFO,US,2026-08-25,2026-08-28,Summer,Business,1,Bus-2,BUSFLX,Business — BUSFLX,+244.45 USD,3811.14,USD,Ubfly,BUSFLX,Change with Penalty,Included,Included,Included,Paid,Unknown,Unknown,Unknown,Unknown,Unknown,Unknown,Unknown,Unknown,Unknown,Unknown,Unknown,Unknown,,,,2026-07-28T11:11:35+00:00,partial,0
AI,DEL,SFO,DEL,IN,SFO,US,2026-11-04,2026-11-07,Winter,Economy,0,Eco-1,ECOVALU,Economy — ECOVALU,0.00 USD,718.67,USD,Ubfly,ECOVALU,,Included,Included,Included,Paid,Unknown,Unknown,Unknown,Unknown,Unknown,Unknown,Unknown,Unknown,Unknown,Unknown,Unknown,Unknown,,,,2026-07-28T11:11:35+00:00,partial,0
AI,DEL,SFO,DEL,IN,SFO,US,2026-11-04,2026-11-07,Winter,Economy,1,Eco-2,ECOCLAS,Economy — ECOCLAS,+83.84 USD,802.51,USD,Ubfly,ECOCLAS,,Included,Included,Included,Paid,Unknown,Unknown,Unknown,Unknown,Unknown,Unknown,Unknown,Unknown,Unknown,Unknown,Unknown,Unknown,,,,2026-07-28T11:11:35+00:00,partial,0
AI,DEL,SFO,DEL,IN,SFO,US,2026-11-04,2026-11-07,Winter,Economy,2,Eco-3,ECOFLX,Economy — ECOFLX,+263.31 USD,981.98,USD,Ubfly,ECOFLX,Change with Penalty,Included,Included,Included,Paid,Unknown,Unknown,Unknown,Unknown,Unknown,Unknown,Unknown,Unknown,Unknown,Unknown,Unknown,Unknown,,,,2026-07-28T11:11:35+00:00,partial,0
AI,DEL,SFO,DEL,IN,SFO,US,2026-11-04,2026-11-07,Winter,Business,0,Bus-1,BUSVALU,Business — BUSVALU,0.00 USD,2891.58,USD,Ubfly,BUSVALU,,Included,Included,Included,Paid,Unknown,Unknown,Unknown,Unknown,Unknown,Unknown,Unknown,Unknown,Unknown,Unknown,Unknown,Unknown,,,,2026-07-28T11:11:35+00:00,partial,0
AI,DEL,SFO,DEL,IN,SFO,US,2026-11-04,2026-11-07,Winter,Business,1,Bus-2,BUSFLX,Business — BUSFLX,+244.45 USD,3136.03,USD,Ubfly,BUSFLX,Change with Penalty,Included,Included,Included,Paid,Unknown,Unknown,Unknown,Unknown,Unknown,Unknown,Unknown,Unknown,Unknown,Unknown,Unknown,Unknown,,,,2026-07-28T11:11:35+00:00,partial,0
EK,DEL,SFO,DEL,IN,SFO,US,2026-08-25,2026-08-28,Summer,Economy,0,Eco-1,Economy Saver,Economy Basic,0.00 USD,809.62,USD,Ubfly,YP,• Hot and cold refreshments; • ICE entertainment; • Mileage upgrade eligibility at time of check-in; Economy Cabin,Included,Included,Paid,Included,Unknown,Unknown,Unknown,Included,Not Included,Unknown,Unknown,Unknown,Included,Unknown,Unknown,Unknown,Yes,2400.0,,2026-07-28T11:11:35+00:00,success,0
EK,DEL,SFO,DEL,IN,SFO,US,2026-08-25,2026-08-28,Summer,Economy,1,Eco-2,Economy Flex,Economy Flex,+308.24 USD,1117.86,USD,Ubfly,YS,• Hot and cold refreshments; • ICE entertainment; • Mileage upgrade eligibility; Economy Cabin,Included,Included,Included,Included,Unknown,Unknown,Unknown,Included,Not Included,Unknown,Unknown,Unknown,Included,Unknown,Unknown,Unknown,Yes,6000.0,,2026-07-28T11:11:35+00:00,success,0
EK,DEL,SFO,DEL,IN,SFO,US,2026-08-25,2026-08-28,Summer,Economy,2,Eco-3,Economy Flex Plus,Economy Comfort,"+1,229.13 USD",2038.75,USD,Ubfly,YF,• Hot and cold refreshments; • ICE entertainment; • Mileage upgrade eligibility; Economy Cabin,Included,Included,Included,Included,Unknown,Unknown,Unknown,Not Included,Not Included,Unknown,Unknown,Unknown,Included,Unknown,Unknown,Unknown,Yes,8000.0,,2026-07-28T11:11:35+00:00,success,0
EK,DEL,SFO,DEL,IN,SFO,US,2026-08-25,2026-08-28,Summer,Premium Economy,0,PEco-1,Premium Economy FlexPlus,Premium Economy Comfort,"+1,283.08 USD",2092.7,USD,Ubfly,WF,• Hot and cold refreshments; • ICE entertainment; • Mileage upgrade eligibility; • Exclusive Premium Economy Class dining; Premium Economy Cabin,Included,Included,Included,Unknown,Unknown,Unknown,Unknown,Not Included,Not Included,Unknown,Unknown,Unknown,Included,Unknown,Unknown,Unknown,Yes,8800.0,,2026-07-28T11:11:35+00:00,success,0
EK,DEL,SFO,DEL,IN,SFO,US,2026-08-25,2026-08-28,Summer,Business,0,Bus-1,BSSAVER,Business Basic,0.00 USD,3306.72,USD,Ubfly,BSSAVER,Soft drink; Premium check-in; In-flight entertainment; Chauffeur Drive; Internet Access,Included,Included,Included,Included,Included,Included,Included,Unknown,Unknown,Unknown,Unknown,Unknown,Unknown,Unknown,Unknown,Unknown,Yes,,,2026-07-28T11:11:35+00:00,success,0
EK,DEL,SFO,DEL,IN,SFO,US,2026-08-25,2026-08-28,Summer,Business,1,Bus-2,BSFLEX,Business Flex,+732.91 USD,4039.63,USD,Ubfly,BSFLEX,Premium check-in; Soft drink; In-flight entertainment; Chauffeur Drive; Internet Access,Included,Included,Included,Included,Included,Included,Included,Unknown,Unknown,Unknown,Unknown,Unknown,Unknown,Unknown,Unknown,Unknown,Yes,,175.0,2026-07-28T11:11:35+00:00,success,0
EK,DEL,SFO,DEL,IN,SFO,US,2026-08-25,2026-08-28,Summer,Business,2,Bus-3,BSFLXPLUS,Business Comfort,"+2,142.57 USD",5449.29,USD,Ubfly,BSFLXPLUS,Premium check-in; Soft drink; In-flight entertainment; Chauffeur Drive; Internet Access; Uninterrupted return (up to the last 12 hours); Change with Penalty,Included,Included,Included,Included,Included,Included,Included,Unknown,Unknown,Unknown,Unknown,Unknown,Unknown,Unknown,Unknown,Unknown,Yes,,190.0,2026-07-28T11:11:35+00:00,success,0
EK,DEL,SFO,DEL,IN,SFO,US,2026-11-04,2026-11-07,Winter,Economy,0,Eco-1,Economy Saver,Economy Basic,0.00 USD,742.19,USD,Ubfly,YP,• Hot and cold refreshments; • ICE entertainment; • Mileage upgrade eligibility at time of check-in; Economy Cabin,Included,Included,Paid,Included,Unknown,Unknown,Unknown,Included,Not Included,Unknown,Unknown,Unknown,Included,Unknown,Unknown,Unknown,Yes,2400.0,,2026-07-28T11:11:35+00:00,success,0
EK,DEL,SFO,DEL,IN,SFO,US,2026-11-04,2026-11-07,Winter,Economy,1,Eco-2,Economy Flex,Economy Flex,+323.69 USD,1065.88,USD,Ubfly,YS,• Hot and cold refreshments; • ICE entertainment; • Mileage upgrade eligibility; Economy Cabin,Included,Included,Included,Included,Unknown,Unknown,Unknown,Included,Not Included,Unknown,Unknown,Unknown,Included,Unknown,Unknown,Unknown,Yes,6000.0,,2026-07-28T11:11:35+00:00,success,0
EK,DEL,SFO,DEL,IN,SFO,US,2026-11-04,2026-11-07,Winter,Economy,2,Eco-3,Economy Flex Plus,Economy Comfort,"+1,244.56 USD",1986.75,USD,Ubfly,YF,• Hot and cold refreshments; • ICE entertainment; • Mileage upgrade eligibility; Economy Cabin,Included,Included,Included,Included,Unknown,Unknown,Unknown,Not Included,Not Included,Unknown,Unknown,Unknown,Included,Unknown,Unknown,Unknown,Yes,8000.0,,2026-07-28T11:11:35+00:00,success,0
EK,DEL,SFO,DEL,IN,SFO,US,2026-11-04,2026-11-07,Winter,Premium Economy,0,PEco-1,Premium Economy FlexPlus,Premium Economy Comfort,"+1,540.92 USD",2283.11,USD,Ubfly,WF,• Hot and cold refreshments; • ICE entertainment; • Mileage upgrade eligibility; • Exclusive Premium Economy Class dining; Premium Economy Cabin,Included,Included,Included,Unknown,Unknown,Unknown,Unknown,Not Included,Not Included,Unknown,Unknown,Unknown,Included,Unknown,Unknown,Unknown,Yes,8800.0,,2026-07-28T11:11:35+00:00,success,0
EK,DEL,SFO,DEL,IN,SFO,US,2026-11-04,2026-11-07,Winter,Business,0,Bus-1,BSSAVER,Business Basic,0.00 USD,3306.72,USD,Ubfly,BSSAVER,Soft drink; Premium check-in; In-flight entertainment; Chauffeur Drive; Internet Access,Included,Included,Included,Included,Included,Included,Included,Unknown,Unknown,Unknown,Unknown,Unknown,Unknown,Unknown,Unknown,Unknown,Yes,,,2026-07-28T11:11:35+00:00,success,0
EK,DEL,SFO,DEL,IN,SFO,US,2026-11-04,2026-11-07,Winter,Business,1,Bus-2,BSFLEX,Business Flex,+732.91 USD,4039.63,USD,Ubfly,BSFLEX,Premium check-in; Soft drink; In-flight entertainment; Chauffeur Drive; Internet Access,Included,Included,Included,Included,Included,Included,Included,Unknown,Unknown,Unknown,Unknown,Unknown,Unknown,Unknown,Unknown,Unknown,Yes,,175.0,2026-07-28T11:11:35+00:00,success,0
EK,DEL,SFO,DEL,IN,SFO,US,2026-11-04,2026-11-07,Winter,Business,2,Bus-3,BSFLXPLUS,Business Comfort,"+2,142.57 USD",5449.29,USD,Ubfly,BSFLXPLUS,Premium check-in; Soft drink; In-flight entertainment; Chauffeur Drive; Internet Access; Uninterrupted return (up to the last 12 hours); Change with Penalty,Included,Included,Included,Included,Included,Included,Included,Unknown,Unknown,Unknown,Unknown,Unknown,Unknown,Unknown,Unknown,Unknown,Yes,,190.0,2026-07-28T11:11:35+00:00,success,0
TK,DEL,SFO,DEL,IN,SFO,US,2026-08-25,2026-08-28,Summer,Economy,0,Eco-1,FLEXIBLE,Economy Flex,0.00 USD,1157.12,USD,Ubfly,FX,Online Message Verification,Included,Included,Unknown,Included,Unknown,Unknown,Unknown,Unknown,Unknown,Unknown,Unknown,Unknown,Unknown,Unknown,Unknown,Unknown,,,,2026-07-28T11:11:35+00:00,partial,0
TK,DEL,SFO,DEL,IN,SFO,US,2026-11-04,2026-11-07,Winter,Economy,0,Eco-1,SEMI FLEXIBLE,Economy Flex,0.00 USD,619.94,USD,Ubfly,RS,Online Message Verification,Included,Included,Unknown,Included,Unknown,Unknown,Unknown,Unknown,Unknown,Unknown,Unknown,Unknown,Unknown,Unknown,Unknown,Unknown,,,,2026-07-28T11:11:35+00:00,partial,0
TK,DEL,SFO,DEL,IN,SFO,US,2026-11-04,2026-11-07,Winter,Economy,1,Eco-2,FLEXIBLE,Economy Flex,+522.95 USD,1142.89,USD,Ubfly,FX,Online Message Verification,Included,Included,Unknown,Included,Unknown,Unknown,Unknown,Unknown,Unknown,Unknown,Unknown,Unknown,Unknown,Unknown,Unknown,Unknown,,,,2026-07-28T11:11:35+00:00,partial,0
CX,DEL,SFO,DEL,IN,SFO,US,2026-08-25,2026-08-28,Summer,Economy,0,Eco-1,Basic,Economy Basic,0.00 USD,678.19,USD,Ubfly,ECONLIGHT,,Included,Included,Unknown,Unknown,Unknown,Unknown,Unknown,Unknown,Unknown,Unknown,Unknown,Unknown,Unknown,Unknown,Unknown,Unknown,,,,2026-07-28T11:11:35+00:00,partial,0
CX,DEL,SFO,DEL,IN,SFO,US,2026-11-04,2026-11-07,Winter,Economy,0,Eco-1,Basic,Economy Basic,0.00 USD,678.19,USD,Ubfly,ECONLIGHT,,Included,Included,Unknown,Unknown,Unknown,Unknown,Unknown,Unknown,Unknown,Unknown,Unknown,Unknown,Unknown,Unknown,Unknown,Unknown,,,,2026-07-28T11:11:35+00:00,partial,0
CX,HKG,JFK,HKG,HK,NYC,US,2026-08-19,2026-08-22,Summer,Economy,0,Eco-1,Basic,Economy Basic,0.00 USD,1959.47,USD,Ubfly,ECONLIGHT,,Included,Included,Unknown,Unknown,Unknown,Unknown,Unknown,Unknown,Unknown,Unknown,Unknown,Unknown,Unknown,Unknown,Unknown,Unknown,,,,2026-07-28T11:11:35+00:00,partial,0
CX,HKG,JFK,HKG,HK,NYC,US,2027-02-08,2027-02-11,Winter,Economy,0,Eco-1,Basic,Economy Basic,0.00 USD,1073.34,USD,Ubfly,ECONLIGHT,,Included,Included,Unknown,Unknown,Unknown,Unknown,Unknown,Unknown,Unknown,Unknown,Unknown,Unknown,Unknown,Unknown,Unknown,Unknown,,,,2026-07-28T11:11:35+00:00,partial,0
CI,HKG,JFK,HKG,HK,NYC,US,2026-08-19,2026-08-22,Summer,Economy,0,Eco-1,Basic,Economy Basic,0.00 USD,1210.49,USD,Ubfly,YSTANDARD,,Included,Included,Unknown,Unknown,Unknown,Unknown,Unknown,Unknown,Unknown,Unknown,Unknown,Unknown,Unknown,Unknown,Unknown,Unknown,,,,2026-07-28T11:11:35+00:00,partial,0
CI,HKG,JFK,HKG,HK,NYC,US,2027-02-08,2027-02-11,Winter,Economy,0,Eco-1,Basic,Economy Basic,0.00 USD,787.78,USD,Ubfly,YBASIC,,Included,Included,Unknown,Unknown,Unknown,Unknown,Unknown,Unknown,Unknown,Unknown,Unknown,Unknown,Unknown,Unknown,Unknown,Unknown,,,,2026-07-28T11:11:35+00:00,partial,0
NH,HKG,JFK,HKG,HK,NYC,US,2026-08-19,2026-08-22,Summer,Economy,0,Eco-1,ECO I VALUE 2C,Economy Basic,0.00 USD,2074.13,USD,Ubfly,ECOVAL,Post-Flight Paid Change; Paid Pre-flight Change,Included,Included,Included,Unknown,Unknown,Unknown,Unknown,Not Included,Not Included,Unknown,Unknown,Unknown,Unknown,Unknown,Unknown,Unknown,,,,2026-07-28T11:11:35+00:00,partial,0
NH,HKG,JFK,HKG,HK,NYC,US,2026-08-19,2026-08-22,Summer,Economy,1,Eco-2,ECO I STANDARD 2F,Economy Basic,+63.66 USD,2137.79,USD,Ubfly,ECOSTD,Post-Flight Paid Change; Paid Pre-flight Change,Included,Included,Included,Unknown,Unknown,Unknown,Unknown,Included,Not Included,Unknown,Unknown,Unknown,Unknown,Unknown,Unknown,Unknown,,,,2026-07-28T11:11:35+00:00,partial,0
NH,HKG,JFK,HKG,HK,NYC,US,2026-08-19,2026-08-22,Summer,Economy,2,Eco-3,ECO I FULLFLEX 2F,Economy Basic,"+1,016.00 USD",3090.13,USD,Ubfly,ECOFULFLX,Free Change Before Flight,Included,Included,Included,Unknown,Unknown,Unknown,Unknown,Included,Included,Unknown,Unknown,Unknown,Unknown,Unknown,Unknown,Unknown,,,,2026-07-28T11:11:35+00:00,partial,0
NH,HKG,JFK,HKG,HK,NYC,US,2027-02-08,2027-02-11,Winter,Economy,0,Eco-1,ECO I STANDARD 2F,Economy Basic,0.00 USD,949.9,USD,Ubfly,ECOSTD,Post-Flight Paid Change; Paid Pre-flight Change,Included,Included,Included,Unknown,Unknown,Unknown,Unknown,Included,Not Included,Unknown,Unknown,Unknown,Unknown,Unknown,Unknown,Unknown,,,,2026-07-28T11:11:35+00:00,partial,0
NH,HKG,JFK,HKG,HK,NYC,US,2027-02-08,2027-02-11,Winter,Economy,1,Eco-2,ECO I VALUE 2C,Economy Basic,+329.77 USD,1279.67,USD,Ubfly,ECOVAL,Post-Flight Paid Change; Paid Pre-flight Change,Included,Included,Included,Unknown,Unknown,Unknown,Unknown,Not Included,Not Included,Unknown,Unknown,Unknown,Unknown,Unknown,Unknown,Unknown,,,,2026-07-28T11:11:35+00:00,partial,0
NH,HKG,JFK,HKG,HK,NYC,US,2027-02-08,2027-02-11,Winter,Economy,2,Eco-3,ECO I FULLFLEX 2F,Economy Basic,"+2,140.23 USD",3090.13,USD,Ubfly,ECOFULFLX,Free Change Before Flight,Included,Included,Included,Unknown,Unknown,Unknown,Unknown,Included,Included,Unknown,Unknown,Unknown,Unknown,Unknown,Unknown,Unknown,,,,2026-07-28T11:11:35+00:00,partial,0
CX,HKG,YYZ,HKG,HK,YTO,CA,2026-09-14,2026-09-17,Summer,Economy,0,Eco-1,Basic,Economy Basic,0.00 USD,1150.16,USD,Ubfly,TG,,Included,Included,Unknown,Unknown,Unknown,Unknown,Unknown,Unknown,Unknown,Unknown,Unknown,Unknown,Unknown,Unknown,Unknown,Unknown,,,,2026-07-28T11:11:35+00:00,partial,0
CX,HKG,YYZ,HKG,HK,YTO,CA,2027-01-18,2027-01-21,Winter,Economy,0,Eco-1,Basic,Economy Basic,0.00 USD,1150.16,USD,Ubfly,TG,,Included,Included,Unknown,Unknown,Unknown,Unknown,Unknown,Unknown,Unknown,Unknown,Unknown,Unknown,Unknown,Unknown,Unknown,Unknown,,,,2026-07-28T11:11:35+00:00,partial,0
AC,HKG,YYZ,HKG,HK,YTO,CA,2026-09-15,2026-09-18,Summer,Economy,0,Eco-1,Standard,Economy Standard,0.00 USD,1061.84,USD,Ubfly,TG,POINT ACCRUAL(F),Included,Included,Included,Included,Unknown,Unknown,Unknown,Unknown,Unknown,Unknown,Unknown,Unknown,Unknown,Unknown,Unknown,Unknown,,,,2026-07-28T11:11:35+00:00,partial,0
AC,HKG,YYZ,HKG,HK,YTO,CA,2026-09-15,2026-09-18,Summer,Economy,1,Eco-2,Flexible,Economy Flex,+86.18 USD,1148.02,USD,Ubfly,FL,POINT ACCRUAL(F),Included,Included,Included,Included,Unknown,Unknown,Unknown,Unknown,Unknown,Unknown,Unknown,Unknown,Unknown,Unknown,Unknown,Unknown,,,,2026-07-28T11:11:35+00:00,partial,0
AC,HKG,YYZ,HKG,HK,YTO,CA,2026-09-15,2026-09-18,Summer,Economy,2,Eco-3,Comfort,Economy Comfort,+239.36 USD,1301.2,USD,Ubfly,CO,Change with Penalty; Uninterrupted return (up to the last 12 hours); POINT ACCRUAL(F); Privileged check-in,Included,Included,Included,Included,Unknown,Unknown,Unknown,Unknown,Unknown,Unknown,Unknown,Included,Unknown,Unknown,Unknown,Unknown,,,,2026-07-28T11:11:35+00:00,partial,0
AC,HKG,YYZ,HKG,HK,YTO,CA,2026-09-15,2026-09-18,Summer,Economy,3,Eco-4,Latitude,Economy — Latitude,"+1,425.98 USD",2487.82,USD,Ubfly,LT,Change with Penalty; Uninterrupted return (up to the last 12 hours); Privileged check-in; POINT ACCRUAL(F),Included,Included,Included,Included,Unknown,Unknown,Unknown,Unknown,Unknown,Unknown,Unknown,Included,Unknown,Unknown,Unknown,Unknown,,,,2026-07-28T11:11:35+00:00,partial,0
AC,HKG,YYZ,HKG,HK,YTO,CA,2026-09-15,2026-09-18,Summer,Premium Economy,0,PEco-1,PL,Premium Economy — PL,"+2,433.05 USD",3494.89,USD,Ubfly,PL,Privileged check-in; POINT ACCRUAL(F),Included,Included,Included,Included,Unknown,Unknown,Unknown,Unknown,Unknown,Unknown,Unknown,Unknown,Unknown,Unknown,Unknown,Unknown,,,,2026-07-28T11:11:35+00:00,partial,0
AC,HKG,YYZ,HKG,HK,YTO,CA,2026-09-15,2026-09-18,Summer,Premium Economy,1,PEco-2,PRIME FLY,Premium Economy Premium,"+2,815.02 USD",3876.86,USD,Ubfly,PF,Change with Penalty; Uninterrupted return (up to the last 12 hours); Privileged check-in; POINT ACCRUAL(F),Included,Included,Included,Included,Unknown,Unknown,Unknown,Unknown,Unknown,Unknown,Unknown,Included,Unknown,Unknown,Unknown,Unknown,,,,2026-07-28T11:11:35+00:00,partial,0
AC,HKG,YYZ,HKG,HK,YTO,CA,2027-01-18,2027-01-21,Winter,Economy,0,Eco-1,Standard,Economy Standard,0.00 USD,1293.56,USD,Ubfly,TG,POINT ACCRUAL(F),Included,Included,Included,Included,Unknown,Unknown,Unknown,Unknown,Unknown,Unknown,Unknown,Unknown,Unknown,Unknown,Unknown,Unknown,,,,2026-07-28T11:11:35+00:00,partial,0
AC,HKG,YYZ,HKG,HK,YTO,CA,2027-01-18,2027-01-21,Winter,Economy,1,Eco-2,Flexible,Economy Flex,+53.08 USD,1346.64,USD,Ubfly,FL,POINT ACCRUAL(F),Included,Included,Included,Included,Unknown,Unknown,Unknown,Unknown,Unknown,Unknown,Unknown,Unknown,Unknown,Unknown,Unknown,Unknown,,,,2026-07-28T11:11:35+00:00,partial,0
AC,HKG,YYZ,HKG,HK,YTO,CA,2027-01-18,2027-01-21,Winter,Economy,2,Eco-3,Comfort,Economy Comfort,+148.97 USD,1442.53,USD,Ubfly,CO,Change with Penalty; Uninterrupted return (up to the last 12 hours); Privileged check-in; POINT ACCRUAL(F),Included,Included,Included,Included,Unknown,Unknown,Unknown,Unknown,Unknown,Unknown,Unknown,Included,Unknown,Unknown,Unknown,Unknown,,,,2026-07-28T11:11:35+00:00,partial,0
AC,HKG,YYZ,HKG,HK,YTO,CA,2027-01-18,2027-01-21,Winter,Economy,3,Eco-4,Latitude,Economy — Latitude,"+1,194.27 USD",2487.83,USD,Ubfly,LT,Change with Penalty; Uninterrupted return (up to the last 12 hours); Privileged check-in; POINT ACCRUAL(F),Included,Included,Included,Included,Unknown,Unknown,Unknown,Unknown,Unknown,Unknown,Unknown,Included,Unknown,Unknown,Unknown,Unknown,,,,2026-07-28T11:11:35+00:00,partial,0
AC,HKG,YYZ,HKG,HK,YTO,CA,2027-01-18,2027-01-21,Winter,Premium Economy,0,PEco-1,PL,Premium Economy — PL,"+2,201.34 USD",3494.9,USD,Ubfly,PL,Privileged check-in; POINT ACCRUAL(F),Included,Included,Included,Included,Unknown,Unknown,Unknown,Unknown,Unknown,Unknown,Unknown,Unknown,Unknown,Unknown,Unknown,Unknown,,,,2026-07-28T11:11:35+00:00,partial,0
AC,HKG,YYZ,HKG,HK,YTO,CA,2027-01-18,2027-01-21,Winter,Premium Economy,1,PEco-2,PRIME FLY,Premium Economy Premium,"+2,583.31 USD",3876.87,USD,Ubfly,PF,Change with Penalty; Uninterrupted return (up to the last 12 hours); Privileged check-in; POINT ACCRUAL(F),Included,Included,Included,Included,Unknown,Unknown,Unknown,Unknown,Unknown,Unknown,Unknown,Included,Unknown,Unknown,Unknown,Unknown,,,,2026-07-28T11:11:35+00:00,partial,0
UA,HKG,YYZ,HKG,HK,YTO,CA,2026-09-14,2026-09-17,Summer,Economy,0,Eco-1,ECONOMY,Economy — ECONOMY,0.00 USD,1283.22,USD,Ubfly,ECONOMY,1 personal item,Included,Included,Included,Unknown,Unknown,Unknown,Unknown,Unknown,Unknown,Unknown,Unknown,Unknown,Unknown,Included,Unknown,Unknown,Yes,,,2026-07-28T11:11:35+00:00,success,0
UA,HKG,YYZ,HKG,HK,YTO,CA,2026-09-14,2026-09-17,Summer,Economy,1,Eco-2,ECONOMY PARTIALLY REFUNDABLE,Economy — ECONOMY PARTIALLY REFUNDABLE,+60.25 USD,1343.47,USD,Ubfly,ECOPARTREF,1 personal item,Included,Included,Included,Unknown,Unknown,Unknown,Unknown,Unknown,Unknown,Unknown,Unknown,Unknown,Unknown,Included,Unknown,Unknown,Yes,,,2026-07-28T11:11:35+00:00,success,0
UA,HKG,YYZ,HKG,HK,YTO,CA,2026-09-14,2026-09-17,Summer,Economy,2,Eco-3,PREMECO,Economy Basic,"+1,535.86 USD",2819.08,USD,Ubfly,PREMECO,1 personal item,Included,Included,Included,Unknown,Unknown,Included,Unknown,Unknown,Unknown,Unknown,Unknown,Unknown,Unknown,Included,Unknown,Unknown,Yes,,,2026-07-28T11:11:35+00:00,success,0
UA,HKG,YYZ,HKG,HK,YTO,CA,2026-09-14,2026-09-17,Summer,Economy,3,Eco-4,PREMECOPRF,Economy — PREMECOPRF,"+1,612.26 USD",2895.48,USD,Ubfly,PREMECOPRF,1 personal item,Included,Included,Included,Unknown,Unknown,Included,Unknown,Unknown,Unknown,Unknown,Unknown,Unknown,Unknown,Included,Unknown,Unknown,Yes,,,2026-07-28T11:11:35+00:00,success,0
UA,HKG,YYZ,HKG,HK,YTO,CA,2026-09-14,2026-09-17,Summer,Economy,4,Eco-5,ECONOMY FULLY REFUNDABLE,Economy Premium,"+1,686.12 USD",2969.34,USD,Ubfly,ECOREF,Uninterrupted return (up to the last 12 hours); Change with Penalty; 1 personal item,Included,Included,Included,Unknown,Unknown,Unknown,Unknown,Unknown,Unknown,Unknown,Unknown,Unknown,Unknown,Included,Unknown,Unknown,Yes,,,2026-07-28T11:11:35+00:00,success,0
UA,HKG,YYZ,HKG,HK,YTO,CA,2026-09-14,2026-09-17,Summer,Economy,5,Eco-6,PREMECOREF,Economy — PREMECOREF,"+2,600.24 USD",3883.46,USD,Ubfly,PREMECOREF,Uninterrupted return (up to the last 12 hours); Change with Penalty; 1 personal item,Included,Included,Included,Unknown,Unknown,Included,Unknown,Unknown,Unknown,Unknown,Unknown,Unknown,Unknown,Included,Unknown,Unknown,Yes,,,2026-07-28T11:11:35+00:00,success,0
UA,HKG,YYZ,HKG,HK,YTO,CA,2026-09-14,2026-09-17,Summer,Business,0,Bus-1,BUSPARTREF,Business — BUSPARTREF,0.00 USD,11832.26,USD,Ubfly,BUSPARTREF,1 personal item,Included,Included,Included,Unknown,Included,Included,Unknown,Unknown,Unknown,Unknown,Unknown,Unknown,Unknown,Included,Unknown,Unknown,Yes,,,2026-07-28T11:11:35+00:00,success,0
UA,HKG,YYZ,HKG,HK,YTO,CA,2026-09-14,2026-09-17,Summer,Business,1,Bus-2,BUSREF,Business — BUSREF,+76.39 USD,11908.65,USD,Ubfly,BUSREF,Uninterrupted return (up to the last 12 hours); Change with Penalty; 1 personal item,Included,Included,Included,Unknown,Included,Included,Unknown,Unknown,Unknown,Unknown,Unknown,Unknown,Unknown,Included,Unknown,Unknown,Yes,,,2026-07-28T11:11:35+00:00,success,0
UA,HKG,YYZ,HKG,HK,YTO,CA,2027-01-18,2027-01-21,Winter,Economy,0,Eco-1,ECONOMY,Economy — ECONOMY,0.00 USD,1283.22,USD,Ubfly,ECONOMY,1 personal item,Included,Included,Included,Unknown,Unknown,Unknown,Unknown,Unknown,Unknown,Unknown,Unknown,Unknown,Unknown,Included,Unknown,Unknown,Yes,,,2026-07-28T11:11:35+00:00,success,0
UA,HKG,YYZ,HKG,HK,YTO,CA,2027-01-18,2027-01-21,Winter,Economy,1,Eco-2,ECONOMY PARTIALLY REFUNDABLE,Economy — ECONOMY PARTIALLY REFUNDABLE,+60.25 USD,1343.47,USD,Ubfly,ECOPARTREF,1 personal item,Included,Included,Included,Unknown,Unknown,Unknown,Unknown,Unknown,Unknown,Unknown,Unknown,Unknown,Unknown,Included,Unknown,Unknown,Yes,,,2026-07-28T11:11:35+00:00,success,0
UA,HKG,YYZ,HKG,HK,YTO,CA,2027-01-18,2027-01-21,Winter,Economy,2,Eco-3,PREMECO,Economy Basic,"+1,535.86 USD",2819.08,USD,Ubfly,PREMECO,1 personal item,Included,Included,Included,Unknown,Unknown,Included,Unknown,Unknown,Unknown,Unknown,Unknown,Unknown,Unknown,Included,Unknown,Unknown,Yes,,,2026-07-28T11:11:35+00:00,success,0
UA,HKG,YYZ,HKG,HK,YTO,CA,2027-01-18,2027-01-21,Winter,Economy,3,Eco-4,PREMECOPRF,Economy — PREMECOPRF,"+1,612.26 USD",2895.48,USD,Ubfly,PREMECOPRF,1 personal item,Included,Included,Included,Unknown,Unknown,Included,Unknown,Unknown,Unknown,Unknown,Unknown,Unknown,Unknown,Included,Unknown,Unknown,Yes,,,2026-07-28T11:11:35+00:00,success,0
UA,HKG,YYZ,HKG,HK,YTO,CA,2027-01-18,2027-01-21,Winter,Economy,4,Eco-5,ECONOMY FULLY REFUNDABLE,Economy Premium,"+1,686.12 USD",2969.34,USD,Ubfly,ECOREF,Uninterrupted return (up to the last 12 hours); Change with Penalty; 1 personal item,Included,Included,Included,Unknown,Unknown,Unknown,Unknown,Unknown,Unknown,Unknown,Unknown,Unknown,Unknown,Included,Unknown,Unknown,Yes,,,2026-07-28T11:11:35+00:00,success,0
UA,HKG,YYZ,HKG,HK,YTO,CA,2027-01-18,2027-01-21,Winter,Economy,5,Eco-6,PREMECOREF,Economy — PREMECOREF,"+2,600.24 USD",3883.46,USD,Ubfly,PREMECOREF,Uninterrupted return (up to the last 12 hours); Change with Penalty; 1 personal item,Included,Included,Included,Unknown,Unknown,Included,Unknown,Unknown,Unknown,Unknown,Unknown,Unknown,Unknown,Included,Unknown,Unknown,Yes,,,2026-07-28T11:11:35+00:00,success,0
UA,HKG,YYZ,HKG,HK,YTO,CA,2027-01-18,2027-01-21,Winter,Business,0,Bus-1,BUSPARTREF,Business — BUSPARTREF,0.00 USD,7871.37,USD,Ubfly,BUSPARTREF,1 personal item,Included,Included,Included,Unknown,Included,Included,Unknown,Unknown,Unknown,Unknown,Unknown,Unknown,Unknown,Included,Unknown,Unknown,Yes,,,2026-07-28T11:11:35+00:00,success,0
UA,HKG,YYZ,HKG,HK,YTO,CA,2027-01-18,2027-01-21,Winter,Business,1,Bus-2,BUSREF,Business — BUSREF,+80.21 USD,7951.58,USD,Ubfly,BUSREF,Uninterrupted return (up to the last 12 hours); Change with Penalty; 1 personal item,Included,Included,Included,Unknown,Included,Included,Unknown,Unknown,Unknown,Unknown,Unknown,Unknown,Unknown,Included,Unknown,Unknown,Yes,,,2026-07-28T11:11:35+00:00,success,0
BR,TPE,JFK,TPE,TW,NYC,US,2026-10-20,2026-10-23,Summer,Economy,0,Eco-1,Basic,Economy Basic,0.00 USD,2950.71,USD,Ubfly,ECONLIGHT,,Included,Included,Unknown,Unknown,Unknown,Unknown,Unknown,Unknown,Unknown,Unknown,Unknown,Unknown,Unknown,Unknown,Unknown,Unknown,,,,2026-07-28T11:11:35+00:00,partial,0
BR,TPE,JFK,TPE,TW,NYC,US,2027-01-26,2027-01-29,Winter,Economy,0,Eco-1,Basic,Economy Basic,0.00 USD,2297.47,USD,Ubfly,PEYFULFLX,,Included,Included,Unknown,Unknown,Unknown,Unknown,Unknown,Unknown,Unknown,Unknown,Unknown,Unknown,Unknown,Unknown,Unknown,Unknown,,,,2026-07-28T11:11:35+00:00,partial,0
CI,TPE,JFK,TPE,TW,NYC,US,2026-10-20,2026-10-23,Summer,Economy,0,Eco-1,Basic,Economy Basic,0.00 USD,692.13,USD,Ubfly,YBASIC,,Included,Included,Unknown,Unknown,Unknown,Unknown,Unknown,Unknown,Unknown,Unknown,Unknown,Unknown,Unknown,Unknown,Unknown,Unknown,,,,2026-07-28T11:11:35+00:00,partial,0
CI,TPE,JFK,TPE,TW,NYC,US,2027-01-24,2027-01-27,Winter,Economy,0,Eco-1,Basic,Economy Basic,0.00 USD,692.13,USD,Ubfly,YBASIC,,Included,Included,Unknown,Unknown,Unknown,Unknown,Unknown,Unknown,Unknown,Unknown,Unknown,Unknown,Unknown,Unknown,Unknown,Unknown,,,,2026-07-28T11:11:35+00:00,partial,0
DL,TPE,JFK,TPE,TW,NYC,US,2026-10-20,2026-10-23,Summer,Economy,0,Eco-1,MAINBASIC,Economy Basic,0.00 USD,648.16,USD,Ubfly,MAINBASIC,In-flight entertainment; Last Group on Boarding; Limited overhead space; Alcoholic drink; Snack,Included,Included,Unknown,Unknown,Unknown,Unknown,Unknown,Unknown,Unknown,Unknown,Unknown,Unknown,Unknown,Unknown,Unknown,Unknown,,,,2026-07-28T11:11:35+00:00,success,0
DL,TPE,JFK,TPE,TW,NYC,US,2026-10-20,2026-10-23,Summer,Economy,1,Eco-2,MAINEXTRA,Economy Standard,+30.88 USD,679.04,USD,Ubfly,MAINEXTRA,Change with Penalty; Uninterrupted return (up to the last 12 hours); Standard boarding; Alcoholic drink; Snack; In-flight entertainment,Included,Included,Included,Unknown,Unknown,Unknown,Unknown,Unknown,Unknown,Unknown,Unknown,Unknown,Unknown,Unknown,Unknown,Unknown,Yes,,,2026-07-28T11:11:35+00:00,success,0
DL,TPE,JFK,TPE,TW,NYC,US,2026-10-20,2026-10-23,Summer,Economy,2,Eco-3,COMFTEXTRA,Economy — COMFTEXTRA,+201.82 USD,849.98,USD,Ubfly,COMFTEXTRA,Change with Penalty; Uninterrupted return (up to the last 12 hours); Extra legroom; Alcoholic drink; Snack; In-flight entertainment,Included,Included,Included,Unknown,Unknown,Included,Unknown,Unknown,Unknown,Unknown,Unknown,Unknown,Unknown,Unknown,Unknown,Unknown,Yes,,,2026-07-28T11:11:35+00:00,success,0
DL,TPE,JFK,TPE,TW,NYC,US,2026-10-20,2026-10-23,Summer,Economy,3,Eco-4,DPSEXTRA,Economy — DPSEXTRA,+339.81 USD,987.97,USD,Ubfly,DPSEXTRA,Change with Penalty; Uninterrupted return (up to the last 12 hours); Extra legroom; Privileged check-in; Alcoholic drink; Snack; In-flight entertainment,Included,Included,Included,Unknown,Unknown,Included,Unknown,Unknown,Unknown,Unknown,Unknown,Unknown,Unknown,Unknown,Unknown,Unknown,Yes,,,2026-07-28T11:11:35+00:00,success,0
DL,TPE,JFK,TPE,TW,NYC,US,2027-01-24,2027-01-27,Winter,Economy,0,Eco-1,MAINBASIC,Economy Basic,0.00 USD,652.16,USD,Ubfly,MAINBASIC,In-flight entertainment; Snack; Last Group on Boarding; Limited overhead space; Alcoholic drink,Included,Included,Unknown,Unknown,Unknown,Unknown,Unknown,Unknown,Unknown,Unknown,Unknown,Unknown,Unknown,Unknown,Unknown,Unknown,,,,2026-07-28T11:11:35+00:00,success,0
DL,TPE,JFK,TPE,TW,NYC,US,2027-01-24,2027-01-27,Winter,Economy,1,Eco-2,MAINEXTRA,Economy Standard,+30.88 USD,683.04,USD,Ubfly,MAINEXTRA,Change with Penalty; Uninterrupted return (up to the last 12 hours); Standard boarding; Alcoholic drink; Snack; In-flight entertainment,Included,Included,Included,Unknown,Unknown,Unknown,Unknown,Unknown,Unknown,Unknown,Unknown,Unknown,Unknown,Unknown,Unknown,Unknown,Yes,,,2026-07-28T11:11:35+00:00,success,0
DL,TPE,JFK,TPE,TW,NYC,US,2027-01-24,2027-01-27,Winter,Economy,2,Eco-3,COMFTEXTRA,Economy — COMFTEXTRA,+201.82 USD,853.98,USD,Ubfly,COMFTEXTRA,Change with Penalty; Uninterrupted return (up to the last 12 hours); Extra legroom; Alcoholic drink; Snack; In-flight entertainment,Included,Included,Included,Unknown,Unknown,Included,Unknown,Unknown,Unknown,Unknown,Unknown,Unknown,Unknown,Unknown,Unknown,Unknown,Yes,,,2026-07-28T11:11:35+00:00,success,0
DL,TPE,JFK,TPE,TW,NYC,US,2027-01-24,2027-01-27,Winter,Economy,3,Eco-4,DPSEXTRA,Economy — DPSEXTRA,+339.81 USD,991.97,USD,Ubfly,DPSEXTRA,Change with Penalty; Uninterrupted return (up to the last 12 hours); Extra legroom; Privileged check-in; Alcoholic drink; Snack; In-flight entertainment,Included,Included,Included,Unknown,Unknown,Included,Unknown,Unknown,Unknown,Unknown,Unknown,Unknown,Unknown,Unknown,Unknown,Unknown,Yes,,,2026-07-28T11:11:35+00:00,success,0
CX,TPE,JFK,TPE,TW,NYC,US,2026-10-20,2026-10-23,Summer,Economy,0,Eco-1,Basic,Economy Basic,0.00 USD,661.51,USD,Ubfly,ECONLIGHT,,Included,Included,Unknown,Unknown,Unknown,Unknown,Unknown,Unknown,Unknown,Unknown,Unknown,Unknown,Unknown,Unknown,Unknown,Unknown,,,,2026-07-28T11:11:35+00:00,partial,0
CX,TPE,JFK,TPE,TW,NYC,US,2027-01-24,2027-01-27,Winter,Economy,0,Eco-1,Basic,Economy Basic,0.00 USD,661.51,USD,Ubfly,ECONLIGHT,,Included,Included,Unknown,Unknown,Unknown,Unknown,Unknown,Unknown,Unknown,Unknown,Unknown,Unknown,Unknown,Unknown,Unknown,Unknown,,,,2026-07-28T11:11:35+00:00,partial,0
CX,JFK,HKG,NYC,US,HKG,HK,2027-04-02,2027-04-05,Summer,Economy,0,Eco-1,Basic,Economy Basic,0.00 USD,1012.57,USD,Ubfly,ECONLIGHT,,Included,Included,Unknown,Unknown,Unknown,Unknown,Unknown,Unknown,Unknown,Unknown,Unknown,Unknown,Unknown,Unknown,Unknown,Unknown,,,,2026-07-28T11:11:35+00:00,partial,0
CX,JFK,HKG,NYC,US,HKG,HK,2026-11-26,2026-11-29,Winter,Economy,0,Eco-1,Basic,Economy Basic,0.00 USD,952.73,USD,Ubfly,ECONLIGHT,,Included,Included,Unknown,Unknown,Unknown,Unknown,Unknown,Unknown,Unknown,Unknown,Unknown,Unknown,Unknown,Unknown,Unknown,Unknown,,,,2026-07-28T11:11:35+00:00,partial,0
KE,JFK,HKG,NYC,US,HKG,HK,2027-04-02,2027-04-05,Summer,Economy,0,Eco-1,Basic,Economy Basic,0.00 USD,674.52,USD,Ubfly,EYSAVER,,Included,Included,Unknown,Unknown,Unknown,Unknown,Unknown,Unknown,Unknown,Unknown,Unknown,Unknown,Unknown,Unknown,Unknown,Unknown,,,,2026-07-28T11:11:35+00:00,partial,0
KE,JFK,HKG,NYC,US,HKG,HK,2026-11-26,2026-11-29,Winter,Economy,0,Eco-1,Basic,Economy Basic,0.00 USD,534.88,USD,Ubfly,EYSAVER,,Included,Included,Unknown,Unknown,Unknown,Unknown,Unknown,Unknown,Unknown,Unknown,Unknown,Unknown,Unknown,Unknown,Unknown,Unknown,,,,2026-07-28T11:11:35+00:00,partial,0
CX,YYZ,HKG,YTO,CA,HKG,HK,2027-04-07,2027-04-10,Summer,Economy,0,Eco-1,Basic,Economy Basic,0.00 USD,1078.37,USD,Ubfly,ECONLIGHT,,Included,Included,Unknown,Unknown,Unknown,Unknown,Unknown,Unknown,Unknown,Unknown,Unknown,Unknown,Unknown,Unknown,Unknown,Unknown,,,,2026-07-28T11:11:35+00:00,partial,0
CX,YYZ,HKG,YTO,CA,HKG,HK,2026-11-05,2026-11-08,Winter,Economy,0,Eco-1,Basic,Economy Basic,0.00 USD,1078.37,USD,Ubfly,ECONLIGHT,,Included,Included,Unknown,Unknown,Unknown,Unknown,Unknown,Unknown,Unknown,Unknown,Unknown,Unknown,Unknown,Unknown,Unknown,Unknown,,,,2026-07-28T11:11:35+00:00,partial,0
AC,YYZ,HKG,YTO,CA,HKG,HK,2027-04-07,2027-04-10,Summer,Economy,0,Eco-1,Standard,Economy Standard,0.00 USD,1066.13,USD,Ubfly,TG,POINT ACCRUAL(F),Included,Included,Unknown,Unknown,Unknown,Unknown,Unknown,Unknown,Unknown,Unknown,Unknown,Unknown,Unknown,Unknown,Unknown,Unknown,,,,2026-07-28T11:11:35+00:00,partial,0
AC,YYZ,HKG,YTO,CA,HKG,HK,2027-04-07,2027-04-10,Summer,Economy,1,Eco-2,Flexible,Economy Flex,+67.18 USD,1133.31,USD,Ubfly,FL,Change with Penalty; POINT ACCRUAL(F),Included,Included,Included,Unknown,Unknown,Unknown,Unknown,Unknown,Unknown,Unknown,Unknown,Unknown,Unknown,Unknown,Unknown,Unknown,,,,2026-07-28T11:11:35+00:00,partial,0
AC,YYZ,HKG,YTO,CA,HKG,HK,2027-04-07,2027-04-10,Summer,Economy,2,Eco-3,Comfort,Economy Comfort,+243.07 USD,1309.2,USD,Ubfly,CO,Change with Penalty; Uninterrupted return (up to the last 12 hours); Privileged check-in; POINT ACCRUAL(F),Included,Included,Included,Included,Unknown,Unknown,Unknown,Unknown,Unknown,Unknown,Unknown,Included,Unknown,Unknown,Unknown,Unknown,,,,2026-07-28T11:11:35+00:00,partial,0
AC,YYZ,HKG,YTO,CA,HKG,HK,2027-04-07,2027-04-10,Summer,Economy,3,Eco-4,Latitude,Economy — Latitude,"+2,081.31 USD",3147.44,USD,Ubfly,LT,Change with Penalty; Uninterrupted return (up to the last 12 hours); Privileged check-in; POINT ACCRUAL(F),Included,Included,Included,Included,Unknown,Unknown,Unknown,Unknown,Unknown,Unknown,Unknown,Included,Unknown,Unknown,Unknown,Unknown,,,,2026-07-28T11:11:35+00:00,partial,0
AC,YYZ,HKG,YTO,CA,HKG,HK,2027-04-07,2027-04-10,Summer,Premium Economy,0,PEco-1,PL,Premium Economy — PL,+918.41 USD,1984.54,USD,Ubfly,PL,Privileged check-in; POINT ACCRUAL(F),Included,Included,Included,Included,Unknown,Unknown,Unknown,Unknown,Unknown,Unknown,Unknown,Unknown,Unknown,Unknown,Unknown,Unknown,,,,2026-07-28T11:11:35+00:00,partial,0
AC,YYZ,HKG,YTO,CA,HKG,HK,2027-04-07,2027-04-10,Summer,Premium Economy,1,PEco-2,PRIME FLY,Premium Economy Premium,"+1,308.17 USD",2374.3,USD,Ubfly,PF,Change with Penalty; Uninterrupted return (up to the last 12 hours); Privileged check-in; POINT ACCRUAL(F),Included,Included,Included,Included,Unknown,Unknown,Unknown,Unknown,Unknown,Unknown,Unknown,Included,Unknown,Unknown,Unknown,Unknown,,,,2026-07-28T11:11:35+00:00,partial,0
AC,YYZ,HKG,YTO,CA,HKG,HK,2026-11-05,2026-11-08,Winter,Economy,0,Eco-1,Standard,Economy Standard,0.00 USD,1077.17,USD,Ubfly,TG,POINT ACCRUAL(F),Included,Included,Included,Included,Unknown,Unknown,Unknown,Unknown,Unknown,Unknown,Unknown,Unknown,Unknown,Unknown,Unknown,Unknown,,,,2026-07-28T11:11:35+00:00,partial,0
AC,YYZ,HKG,YTO,CA,HKG,HK,2026-11-05,2026-11-08,Winter,Economy,1,Eco-2,Flexible,Economy Flex,+35.31 USD,1112.48,USD,Ubfly,FL,POINT ACCRUAL(F),Included,Included,Included,Included,Unknown,Unknown,Unknown,Unknown,Unknown,Unknown,Unknown,Unknown,Unknown,Unknown,Unknown,Unknown,,,,2026-07-28T11:11:35+00:00,partial,0
AC,YYZ,HKG,YTO,CA,HKG,HK,2026-11-05,2026-11-08,Winter,Economy,2,Eco-3,Comfort,Economy Comfort,+148.82 USD,1225.99,USD,Ubfly,CO,Change with Penalty; Uninterrupted return (up to the last 12 hours); POINT ACCRUAL(F); Privileged check-in,Included,Included,Included,Included,Unknown,Unknown,Unknown,Unknown,Unknown,Unknown,Unknown,Included,Unknown,Unknown,Unknown,Unknown,,,,2026-07-28T11:11:35+00:00,partial,0
AC,YYZ,HKG,YTO,CA,HKG,HK,2026-11-05,2026-11-08,Winter,Economy,3,Eco-4,Latitude,Economy — Latitude,"+2,079.20 USD",3156.37,USD,Ubfly,LT,Change with Penalty; Uninterrupted return (up to the last 12 hours); Privileged check-in; POINT ACCRUAL(F),Included,Included,Included,Included,Unknown,Unknown,Unknown,Unknown,Unknown,Unknown,Unknown,Included,Unknown,Unknown,Unknown,Unknown,,,,2026-07-28T11:11:35+00:00,partial,0
AC,YYZ,HKG,YTO,CA,HKG,HK,2026-11-05,2026-11-08,Winter,Premium Economy,0,PEco-1,PL,Premium Economy — PL,"+3,452.58 USD",4529.75,USD,Ubfly,PL,Privileged check-in; POINT ACCRUAL(F),Included,Included,Included,Included,Unknown,Unknown,Unknown,Unknown,Unknown,Unknown,Unknown,Unknown,Unknown,Unknown,Unknown,Unknown,,,,2026-07-28T11:11:35+00:00,partial,0
AC,YYZ,HKG,YTO,CA,HKG,HK,2026-11-05,2026-11-08,Winter,Premium Economy,1,PEco-2,PRIME FLY,Premium Economy Premium,"+3,806.89 USD",4884.06,USD,Ubfly,PF,Change with Penalty; Uninterrupted return (up to the last 12 hours); Privileged check-in; POINT ACCRUAL(F),Included,Included,Included,Included,Unknown,Unknown,Unknown,Unknown,Unknown,Unknown,Unknown,Included,Unknown,Unknown,Unknown,Unknown,,,,2026-07-28T11:11:35+00:00,partial,0
UA,YYZ,HKG,YTO,CA,HKG,HK,2027-04-07,2027-04-10,Summer,Economy,0,Eco-1,ECONOMY,Economy — ECONOMY,0.00 USD,848.48,USD,Ubfly,ECONOMY,Change with Penalty; 1 personal item,Included,Included,Included,Unknown,Unknown,Unknown,Unknown,Unknown,Unknown,Unknown,Unknown,Unknown,Unknown,Included,Unknown,Unknown,Yes,,,2026-07-28T11:11:35+00:00,success,0
UA,YYZ,HKG,YTO,CA,HKG,HK,2027-04-07,2027-04-10,Summer,Economy,1,Eco-2,PREMECO,Economy Basic,+836.35 USD,1684.83,USD,Ubfly,PREMECO,Change with Penalty; 1 personal item,Included,Included,Included,Unknown,Unknown,Included,Unknown,Unknown,Unknown,Unknown,Unknown,Unknown,Unknown,Included,Unknown,Unknown,Yes,,,2026-07-28T11:11:35+00:00,success,0
UA,YYZ,HKG,YTO,CA,HKG,HK,2027-04-07,2027-04-10,Summer,Economy,2,Eco-3,ECONOMY FULLY REFUNDABLE,Economy Premium,"+4,734.65 USD",5583.13,USD,Ubfly,ECOREF,Uninterrupted return (up to the last 12 hours); Change with Penalty; 1 personal item,Included,Included,Included,Unknown,Unknown,Unknown,Unknown,Unknown,Unknown,Unknown,Unknown,Unknown,Unknown,Included,Unknown,Unknown,Yes,,,2026-07-28T11:11:35+00:00,success,0
UA,YYZ,HKG,YTO,CA,HKG,HK,2027-04-07,2027-04-10,Summer,Economy,3,Eco-4,PREMECOREF,Economy — PREMECOREF,"+5,872.74 USD",6721.22,USD,Ubfly,PREMECOREF,Uninterrupted return (up to the last 12 hours); Change with Penalty; 1 personal item,Included,Included,Included,Unknown,Unknown,Included,Unknown,Unknown,Unknown,Unknown,Unknown,Unknown,Unknown,Included,Unknown,Unknown,Yes,,,2026-07-28T11:11:35+00:00,success,0
UA,YYZ,HKG,YTO,CA,HKG,HK,2026-11-05,2026-11-08,Winter,Economy,0,Eco-1,ECONOMY,Economy — ECONOMY,0.00 USD,848.48,USD,Ubfly,ECONOMY,Change with Penalty; 1 personal item,Included,Included,Included,Unknown,Unknown,Unknown,Unknown,Unknown,Unknown,Unknown,Unknown,Unknown,Unknown,Included,Unknown,Unknown,Yes,,,2026-07-28T11:11:35+00:00,success,0
UA,YYZ,HKG,YTO,CA,HKG,HK,2026-11-05,2026-11-08,Winter,Economy,1,Eco-2,PREMECO,Economy Basic,+836.35 USD,1684.83,USD,Ubfly,PREMECO,Change with Penalty; 1 personal item,Included,Included,Included,Unknown,Unknown,Included,Unknown,Unknown,Unknown,Unknown,Unknown,Unknown,Unknown,Included,Unknown,Unknown,Yes,,,2026-07-28T11:11:35+00:00,success,0
UA,YYZ,HKG,YTO,CA,HKG,HK,2026-11-05,2026-11-08,Winter,Economy,2,Eco-3,ECONOMY FULLY REFUNDABLE,Economy Premium,"+4,734.65 USD",5583.13,USD,Ubfly,ECOREF,Uninterrupted return (up to the last 12 hours); Change with Penalty; 1 personal item,Included,Included,Included,Unknown,Unknown,Unknown,Unknown,Unknown,Unknown,Unknown,Unknown,Unknown,Unknown,Included,Unknown,Unknown,Yes,,,2026-07-28T11:11:35+00:00,success,0
UA,YYZ,HKG,YTO,CA,HKG,HK,2026-11-05,2026-11-08,Winter,Economy,3,Eco-4,PREMECOREF,Economy — PREMECOREF,"+5,872.74 USD",6721.22,USD,Ubfly,PREMECOREF,Uninterrupted return (up to the last 12 hours); Change with Penalty; 1 personal item,Included,Included,Included,Unknown,Unknown,Included,Unknown,Unknown,Unknown,Unknown,Unknown,Unknown,Unknown,Included,Unknown,Unknown,Yes,,,2026-07-28T11:11:35+00:00,success,0
CI,JFK,TPE,NYC,US,TPE,TW,2026-08-19,2026-08-22,Summer,Economy,0,Eco-1,Basic,Economy Basic,0.00 USD,689.7,USD,Ubfly,YBASIC,,Included,Included,Unknown,Unknown,Unknown,Unknown,Unknown,Unknown,Unknown,Unknown,Unknown,Unknown,Unknown,Unknown,Unknown,Unknown,,,,2026-07-28T11:11:35+00:00,partial,0
CI,JFK,TPE,NYC,US,TPE,TW,2027-01-24,2027-01-27,Winter,Economy,0,Eco-1,Basic,Economy Basic,0.00 USD,729.6,USD,Ubfly,YBASIC,,Included,Included,Unknown,Unknown,Unknown,Unknown,Unknown,Unknown,Unknown,Unknown,Unknown,Unknown,Unknown,Unknown,Unknown,Unknown,,,,2026-07-28T11:11:35+00:00,partial,0
DL,JFK,TPE,NYC,US,TPE,TW,2026-08-19,2026-08-22,Summer,Economy,0,Eco-1,MAINBASIC,Economy Basic,0.00 USD,537.71,USD,Ubfly,MAINBASIC,Last Group on Boarding; Limited overhead space; Alcoholic drink; Snack; In-flight entertainment,Included,Included,Unknown,Unknown,Unknown,Unknown,Unknown,Unknown,Unknown,Unknown,Unknown,Unknown,Unknown,Unknown,Unknown,Unknown,,,,2026-07-28T11:11:35+00:00,success,0
DL,JFK,TPE,NYC,US,TPE,TW,2026-08-19,2026-08-22,Summer,Economy,1,Eco-2,MAINCLASC,Economy Standard,+94.76 USD,632.47,USD,Ubfly,MAINCLASC,Change with Penalty; Standard boarding; Alcoholic drink; Snack; In-flight entertainment,Included,Included,Included,Unknown,Unknown,Unknown,Unknown,Unknown,Unknown,Unknown,Unknown,Unknown,Unknown,Unknown,Unknown,Unknown,Yes,,,2026-07-28T11:11:35+00:00,success,0
DL,JFK,TPE,NYC,US,TPE,TW,2026-08-19,2026-08-22,Summer,Economy,2,Eco-3,COMFTCLASC,Economy — COMFTCLASC,+161.57 USD,699.28,USD,Ubfly,COMFTCLASC,Change with Penalty; Extra legroom; Alcoholic drink; Snack; In-flight entertainment,Included,Included,Included,Unknown,Unknown,Included,Unknown,Unknown,Unknown,Unknown,Unknown,Unknown,Unknown,Unknown,Unknown,Unknown,Yes,,,2026-07-28T11:11:35+00:00,success,0
DL,JFK,TPE,NYC,US,TPE,TW,2026-08-19,2026-08-22,Summer,Economy,3,Eco-4,MAINEXTRA,Economy Standard,+224.41 USD,762.12,USD,Ubfly,MAINEXTRA,Change with Penalty; Uninterrupted return (up to the last 12 hours); Standard boarding; Alcoholic drink; Snack; In-flight entertainment,Included,Included,Included,Unknown,Unknown,Unknown,Unknown,Unknown,Unknown,Unknown,Unknown,Unknown,Unknown,Unknown,Unknown,Unknown,Yes,,,2026-07-28T11:11:35+00:00,success,0
DL,JFK,TPE,NYC,US,TPE,TW,2026-08-19,2026-08-22,Summer,Economy,4,Eco-5,COMFTEXTRA,Economy — COMFTEXTRA,+291.24 USD,828.95,USD,Ubfly,COMFTEXTRA,Change with Penalty; Uninterrupted return (up to the last 12 hours); Extra legroom; Alcoholic drink; Snack; In-flight entertainment,Included,Included,Included,Unknown,Unknown,Included,Unknown,Unknown,Unknown,Unknown,Unknown,Unknown,Unknown,Unknown,Unknown,Unknown,Yes,,,2026-07-28T11:11:35+00:00,success,0
DL,JFK,TPE,NYC,US,TPE,TW,2026-08-19,2026-08-22,Summer,Economy,5,Eco-6,DPSCLASC,Economy — DPSCLASC,+398.96 USD,936.67,USD,Ubfly,DPSCLASC,Change with Penalty; Extra legroom; Privileged check-in; Alcoholic drink; Snack; In-flight entertainment,Included,Included,Included,Unknown,Unknown,Included,Unknown,Unknown,Unknown,Unknown,Unknown,Unknown,Unknown,Unknown,Unknown,Unknown,Yes,,,2026-07-28T11:11:35+00:00,success,0
DL,JFK,TPE,NYC,US,TPE,TW,2026-08-19,2026-08-22,Summer,Economy,6,Eco-7,DPSEXTRA,Economy — DPSEXTRA,+528.61 USD,1066.32,USD,Ubfly,DPSEXTRA,Change with Penalty; Uninterrupted return (up to the last 12 hours); Extra legroom; Privileged check-in; Alcoholic drink; Snack; In-flight entertainment,Included,Included,Included,Unknown,Unknown,Included,Unknown,Unknown,Unknown,Unknown,Unknown,Unknown,Unknown,Unknown,Unknown,Unknown,Yes,,,2026-07-28T11:11:35+00:00,success,0
DL,JFK,TPE,NYC,US,TPE,TW,2027-01-24,2027-01-27,Winter,Economy,0,Eco-1,MAINBASIC,Economy Basic,0.00 USD,735.58,USD,Ubfly,MAINBASIC,In-flight entertainment; Last Group on Boarding; Limited overhead space; Alcoholic drink; Snack,Included,Included,Unknown,Unknown,Unknown,Unknown,Unknown,Unknown,Unknown,Unknown,Unknown,Unknown,Unknown,Unknown,Unknown,Unknown,,,,2026-07-28T11:11:35+00:00,success,0
DL,JFK,TPE,NYC,US,TPE,TW,2027-01-24,2027-01-27,Winter,Economy,1,Eco-2,MAINCLASC,Economy Standard,+94.74 USD,830.32,USD,Ubfly,MAINCLASC,Change with Penalty; Standard boarding; Alcoholic drink; Snack; In-flight entertainment,Included,Included,Included,Unknown,Unknown,Unknown,Unknown,Unknown,Unknown,Unknown,Unknown,Unknown,Unknown,Unknown,Unknown,Unknown,Yes,,,2026-07-28T11:11:35+00:00,success,0
DL,JFK,TPE,NYC,US,TPE,TW,2027-01-24,2027-01-27,Winter,Economy,2,Eco-3,COMFTCLASC,Economy — COMFTCLASC,+134.63 USD,870.21,USD,Ubfly,COMFTCLASC,Change with Penalty; Extra legroom; Alcoholic drink; Snack; In-flight entertainment,Included,Included,Included,Unknown,Unknown,Included,Unknown,Unknown,Unknown,Unknown,Unknown,Unknown,Unknown,Unknown,Unknown,Unknown,Yes,,,2026-07-28T11:11:35+00:00,success,0
DL,JFK,TPE,NYC,US,TPE,TW,2027-01-24,2027-01-27,Winter,Economy,3,Eco-4,MAINEXTRA,Economy Standard,+224.41 USD,959.99,USD,Ubfly,MAINEXTRA,Change with Penalty; Uninterrupted return (up to the last 12 hours); Standard boarding; Alcoholic drink; Snack; In-flight entertainment,Included,Included,Included,Unknown,Unknown,Unknown,Unknown,Unknown,Unknown,Unknown,Unknown,Unknown,Unknown,Unknown,Unknown,Unknown,Yes,,,2026-07-28T11:11:35+00:00,success,0
DL,JFK,TPE,NYC,US,TPE,TW,2027-01-24,2027-01-27,Winter,Economy,4,Eco-5,COMFTEXTRA,Economy — COMFTEXTRA,+264.31 USD,999.89,USD,Ubfly,COMFTEXTRA,Change with Penalty; Uninterrupted return (up to the last 12 hours); Extra legroom; Alcoholic drink; Snack; In-flight entertainment,Included,Included,Included,Unknown,Unknown,Included,Unknown,Unknown,Unknown,Unknown,Unknown,Unknown,Unknown,Unknown,Unknown,Unknown,Yes,,,2026-07-28T11:11:35+00:00,success,0
DL,JFK,TPE,NYC,US,TPE,TW,2027-01-24,2027-01-27,Winter,Economy,5,Eco-6,DPSCLASC,Economy — DPSCLASC,+428.87 USD,1164.45,USD,Ubfly,DPSCLASC,Change with Penalty; Extra legroom; Privileged check-in; Alcoholic drink; Snack; In-flight entertainment,Included,Included,Included,Unknown,Unknown,Included,Unknown,Unknown,Unknown,Unknown,Unknown,Unknown,Unknown,Unknown,Unknown,Unknown,Yes,,,2026-07-28T11:11:35+00:00,success,0
DL,JFK,TPE,NYC,US,TPE,TW,2027-01-24,2027-01-27,Winter,Economy,6,Eco-7,DPSEXTRA,Economy — DPSEXTRA,+568.51 USD,1304.09,USD,Ubfly,DPSEXTRA,Change with Penalty; Uninterrupted return (up to the last 12 hours); Extra legroom; Privileged check-in; Alcoholic drink; Snack; In-flight entertainment,Included,Included,Included,Unknown,Unknown,Included,Unknown,Unknown,Unknown,Unknown,Unknown,Unknown,Unknown,Unknown,Unknown,Unknown,Yes,,,2026-07-28T11:11:35+00:00,success,0
DL,JFK,TPE,NYC,US,TPE,TW,2027-01-24,2027-01-27,Winter,Business,0,Bus-1,DONECLASC,Business — DONECLASC,0.00 USD,5429.19,USD,Ubfly,DONECLASC,Change with Penalty; In-flight entertainment; Snack; Alcoholic drink; Privileged check-in; Extra legroom,Included,Included,Included,Unknown,Included,Included,Unknown,Unknown,Unknown,Unknown,Unknown,Unknown,Unknown,Unknown,Unknown,Unknown,Yes,,,2026-07-28T11:11:35+00:00,success,0
DL,JFK,TPE,NYC,US,TPE,TW,2027-01-24,2027-01-27,Winter,Business,1,Bus-2,DONEEXTRA,Business — DONEEXTRA,+249.36 USD,5678.55,USD,Ubfly,DONEEXTRA,Change with Penalty; Uninterrupted return (up to the last 12 hours); Extra legroom; Privileged check-in; Alcoholic drink; Snack; In-flight entertainment,Included,Included,Included,Unknown,Included,Included,Unknown,Unknown,Unknown,Unknown,Unknown,Unknown,Unknown,Unknown,Unknown,Unknown,Yes,,,2026-07-28T11:11:35+00:00,success,0
CX,JFK,TPE,NYC,US,TPE,TW,2026-08-19,2026-08-22,Summer,Economy,0,Eco-1,Basic,Economy Basic,0.00 USD,464.11,USD,Ubfly,ECONLIGHT,,Included,Included,Unknown,Unknown,Unknown,Unknown,Unknown,Unknown,Unknown,Unknown,Unknown,Unknown,Unknown,Unknown,Unknown,Unknown,,,,2026-07-28T11:11:35+00:00,partial,0
CX,JFK,TPE,NYC,US,TPE,TW,2027-01-24,2027-01-27,Winter,Economy,0,Eco-1,Basic,Economy Basic,0.00 USD,869.08,USD,Ubfly,ECONLIGHT,,Included,Included,Unknown,Unknown,Unknown,Unknown,Unknown,Unknown,Unknown,Unknown,Unknown,Unknown,Unknown,Unknown,Unknown,Unknown,,,,2026-07-28T11:11:35+00:00,partial,0
SV,LHE,LHR,LHE,PK,LON,GB,2026-10-06,2026-10-09,Summer,Economy,0,Eco-1,Economy Basic,Economy Basic,0.00 USD,500.65,USD,Ubfly,NBASICE,Change with fee; Change with fee; Change with fee; Change with fee; Priority check-in not included,Included,Included,Paid,Unknown,Unknown,Not Included,Not Included,Paid,Not Included,Paid,Paid,Unknown,Unknown,Unknown,Unknown,Unknown,Yes,,60.0,2026-07-28T11:11:35+00:00,success,0
SV,LHE,LHR,LHE,PK,LON,GB,2026-10-06,2026-10-09,Summer,Economy,1,Eco-2,Economy Flex,Economy Flex,+194.50 USD,695.15,USD,Ubfly,NFLEXE,Change with fee; Change with fee; 2 pieces (23 kg each); Priority check-in not included,Included,Included,Paid,Unknown,Unknown,Not Included,Not Included,Paid,Paid,Paid,Paid,Unknown,Unknown,Unknown,Unknown,Unknown,Yes,,110.0,2026-07-28T11:11:35+00:00,success,0
SV,LHE,LHR,LHE,PK,LON,GB,2026-10-06,2026-10-09,Summer,Business,0,Bus-1,BASIC BUS,Business Basic,0.00 USD,2491.23,USD,Ubfly,NBASICB,Priority Services; Business/First Class: 2 free bags,Included,Included,Included,Unknown,Unknown,Unknown,Unknown,Unknown,Unknown,Unknown,Unknown,Unknown,Unknown,Unknown,Unknown,Unknown,Yes,,175.0,2026-07-28T11:11:35+00:00,success,0
SV,LHE,LHR,LHE,PK,LON,GB,2026-10-06,2026-10-09,Summer,Business,1,Bus-2,FLEX BUS,Business Flex,+121.69 USD,2612.92,USD,Ubfly,NFLEXB,Priority Services; Change without penalty; Uninterrupted return (up to the last 12 hours); Business/First Class: 2 free bags,Included,Included,Included,Unknown,Unknown,Unknown,Unknown,Unknown,Unknown,Unknown,Unknown,Unknown,Unknown,Unknown,Unknown,Unknown,Yes,,,2026-07-28T11:11:35+00:00,success,0
SV,LHE,LHR,LHE,PK,LON,GB,2026-12-14,2026-12-17,Winter,Economy,0,Eco-1,Economy Basic,Economy Basic,0.00 USD,449.8,USD,Ubfly,NBASICE,Change with fee; Change with fee; Change with fee; Change with fee; Priority check-in not included,Included,Included,Paid,Unknown,Unknown,Not Included,Not Included,Paid,Not Included,Paid,Paid,Unknown,Unknown,Unknown,Unknown,Unknown,Yes,,60.0,2026-07-28T11:11:35+00:00,success,0
SV,LHE,LHR,LHE,PK,LON,GB,2026-12-14,2026-12-17,Winter,Economy,1,Eco-2,Economy Flex,Economy Flex,+196.48 USD,646.28,USD,Ubfly,NFLEXE,Change with fee; Change with fee; 2 pieces (23 kg each); Priority check-in not included,Included,Included,Paid,Unknown,Unknown,Not Included,Not Included,Paid,Paid,Paid,Paid,Unknown,Unknown,Unknown,Unknown,Unknown,Yes,,110.0,2026-07-28T11:11:35+00:00,success,0
SV,LHE,LHR,LHE,PK,LON,GB,2026-12-14,2026-12-17,Winter,Business,0,Bus-1,BASIC BUS,Business Basic,0.00 USD,5359.11,USD,Ubfly,NBASICB,Priority Services; Business/First Class: 2 free bags,Included,Included,Included,Unknown,Unknown,Unknown,Unknown,Unknown,Unknown,Unknown,Unknown,Unknown,Unknown,Unknown,Unknown,Unknown,Yes,,175.0,2026-07-28T11:11:35+00:00,success,0
SV,LHE,LHR,LHE,PK,LON,GB,2026-12-14,2026-12-17,Winter,Business,1,Bus-2,FLEX BUS,Business Flex,+121.69 USD,5480.8,USD,Ubfly,NFLEXB,Priority Services; Change without penalty; Uninterrupted return (up to the last 12 hours); Business/First Class: 2 free bags,Included,Included,Included,Unknown,Unknown,Unknown,Unknown,Unknown,Unknown,Unknown,Unknown,Unknown,Unknown,Unknown,Unknown,Unknown,Yes,,,2026-07-28T11:11:35+00:00,success,0
QR,LHE,LHR,LHE,PK,LON,GB,2026-10-06,2026-10-09,Summer,Economy,0,Eco-1,ECONOMY CLASSIC,Economy Standard,0.00 USD,714.35,USD,Ubfly,ECLASSIC,,Included,Included,Unknown,Included,Unknown,Unknown,Unknown,Unknown,Unknown,Unknown,Unknown,Unknown,Unknown,Unknown,Unknown,Unknown,Yes,,50.0,2026-07-28T11:11:35+00:00,success,0
QR,LHE,LHR,LHE,PK,LON,GB,2026-10-06,2026-10-09,Summer,Economy,1,Eco-2,ECONOMY CONVENIENCE,Economy — ECONOMY CONVENIENCE,+253.77 USD,968.12,USD,Ubfly,ECONVENIEN,,Included,Included,Included,Included,Unknown,Unknown,Unknown,Unknown,Unknown,Unknown,Unknown,Unknown,Unknown,Unknown,Unknown,Unknown,Yes,,75.0,2026-07-28T11:11:35+00:00,success,0
QR,LHE,LHR,LHE,PK,LON,GB,2026-10-06,2026-10-09,Summer,Economy,2,Eco-3,ECONOMY COMFORT,Economy Comfort,+767.99 USD,1482.34,USD,Ubfly,ECOMFORT,Uninterrupted return (up to the last 12 hours); Change with Penalty,Included,Included,Included,Included,Unknown,Unknown,Unknown,Unknown,Unknown,Unknown,Unknown,Unknown,Unknown,Unknown,Unknown,Unknown,Yes,,100.0,2026-07-28T11:11:35+00:00,success,0
QR,LHE,LHR,LHE,PK,LON,GB,2026-10-06,2026-10-09,Summer,Business,0,Bus-1,BCLASSIC,Business Standard,0.00 USD,2429.88,USD,Ubfly,BCLASSIC,125 PCT QMILES ACCUMULATION(F),Included,Included,Unknown,Included,Included,Unknown,Unknown,Unknown,Unknown,Unknown,Unknown,Unknown,Unknown,Unknown,Unknown,Unknown,,,,2026-07-28T11:11:35+00:00,success,0
QR,LHE,LHR,LHE,PK,LON,GB,2026-10-06,2026-10-09,Summer,Business,1,Bus-2,BUSINESS COMFORT,Business Comfort,"+1,047.26 USD",3477.14,USD,Ubfly,BCOMFORT,175 PCT QMILES ACCUMULATION(F),Included,Included,Included,Included,Included,Unknown,Unknown,Unknown,Unknown,Unknown,Unknown,Unknown,Unknown,Unknown,Unknown,Unknown,,,,2026-07-28T11:11:35+00:00,success,0
QR,LHE,LHR,LHE,PK,LON,GB,2026-10-06,2026-10-09,Summer,Business,2,Bus-3,BUSINESS ELITE,Business Lite,"+1,818.25 USD",4248.13,USD,Ubfly,BELITE,200 PCT QMILES ACCUMULATION(F); Uninterrupted return (up to the last 12 hours); Change with Penalty,Included,Included,Included,Included,Included,Unknown,Unknown,Unknown,Unknown,Unknown,Unknown,Unknown,Unknown,Unknown,Unknown,Unknown,,,,2026-07-28T11:11:35+00:00,success,0
QR,LHE,LHR,LHE,PK,LON,GB,2026-12-14,2026-12-17,Winter,Economy,0,Eco-1,ECONOMY CLASSIC,Economy Standard,0.00 USD,887.02,USD,Ubfly,ECLASSIC,,Included,Included,Unknown,Included,Unknown,Unknown,Unknown,Unknown,Unknown,Unknown,Unknown,Unknown,Unknown,Unknown,Unknown,Unknown,Yes,,50.0,2026-07-28T11:11:35+00:00,success,0
QR,LHE,LHR,LHE,PK,LON,GB,2026-12-14,2026-12-17,Winter,Economy,1,Eco-2,ECONOMY CONVENIENCE,Economy — ECONOMY CONVENIENCE,+69.25 USD,956.27,USD,Ubfly,ECONVENIEN,,Included,Included,Included,Included,Unknown,Unknown,Unknown,Unknown,Unknown,Unknown,Unknown,Unknown,Unknown,Unknown,Unknown,Unknown,Yes,,75.0,2026-07-28T11:11:35+00:00,success,0
QR,LHE,LHR,LHE,PK,LON,GB,2026-12-14,2026-12-17,Winter,Economy,2,Eco-3,ECONOMY COMFORT,Economy Comfort,+583.48 USD,1470.5,USD,Ubfly,ECOMFORT,Uninterrupted return (up to the last 12 hours); Change with Penalty,Included,Included,Included,Included,Unknown,Unknown,Unknown,Unknown,Unknown,Unknown,Unknown,Unknown,Unknown,Unknown,Unknown,Unknown,Yes,,100.0,2026-07-28T11:11:35+00:00,success,0
QR,LHE,LHR,LHE,PK,LON,GB,2026-12-14,2026-12-17,Winter,Business,0,Bus-1,BCLASSIC,Business Standard,0.00 USD,2134.77,USD,Ubfly,BCLASSIC,125 PCT QMILES ACCUMULATION(F),Included,Included,Unknown,Included,Included,Unknown,Unknown,Unknown,Unknown,Unknown,Unknown,Unknown,Unknown,Unknown,Unknown,Unknown,,,,2026-07-28T11:11:35+00:00,success,0
QR,LHE,LHR,LHE,PK,LON,GB,2026-12-14,2026-12-17,Winter,Business,1,Bus-2,BUSINESS COMFORT,Business Comfort,"+1,047.26 USD",3182.03,USD,Ubfly,BCOMFORT,175 PCT QMILES ACCUMULATION(F),Included,Included,Included,Included,Included,Unknown,Unknown,Unknown,Unknown,Unknown,Unknown,Unknown,Unknown,Unknown,Unknown,Unknown,,,,2026-07-28T11:11:35+00:00,success,0
QR,LHE,LHR,LHE,PK,LON,GB,2026-12-14,2026-12-17,Winter,Business,2,Bus-3,BUSINESS ELITE,Business Lite,"+1,818.25 USD",3953.02,USD,Ubfly,BELITE,200 PCT QMILES ACCUMULATION(F); Uninterrupted return (up to the last 12 hours); Change with Penalty,Included,Included,Included,Included,Included,Unknown,Unknown,Unknown,Unknown,Unknown,Unknown,Unknown,Unknown,Unknown,Unknown,Unknown,,,,2026-07-28T11:11:35+00:00,success,0
EK,LHE,LHR,LHE,PK,LON,GB,2026-10-06,2026-10-09,Summer,Economy,0,Eco-1,Economy Saver,Economy Basic,0.00 USD,544.35,USD,Ubfly,YP,• Hot and cold refreshments; • ICE entertainment; • Mileage upgrade eligibility at time of check-in; Economy Cabin,Included,Included,Paid,Included,Unknown,Unknown,Unknown,Included,Not Included,Unknown,Unknown,Unknown,Included,Unknown,Unknown,Unknown,Yes,1125.0,,2026-07-28T11:11:35+00:00,success,0
EK,LHE,LHR,LHE,PK,LON,GB,2026-10-06,2026-10-09,Summer,Economy,1,Eco-2,Economy Flex,Economy Flex,+130.64 USD,674.99,USD,Ubfly,YS,• Hot and cold refreshments; • ICE entertainment; • Mileage upgrade eligibility; Economy Cabin,Included,Included,Included,Included,Unknown,Unknown,Unknown,Included,Not Included,Unknown,Unknown,Unknown,Included,Unknown,Unknown,Unknown,Yes,2813.0,,2026-07-28T11:11:35+00:00,success,0
EK,LHE,LHR,LHE,PK,LON,GB,2026-10-06,2026-10-09,Summer,Economy,2,Eco-3,Economy Flex Plus,Economy Comfort,+546.58 USD,1090.93,USD,Ubfly,YF,• Hot and cold refreshments; • ICE entertainment; • Mileage upgrade eligibility; Economy Cabin,Included,Included,Included,Included,Unknown,Unknown,Unknown,Not Included,Not Included,Unknown,Unknown,Unknown,Included,Unknown,Unknown,Unknown,Yes,3750.0,,2026-07-28T11:11:35+00:00,success,0
EK,LHE,LHR,LHE,PK,LON,GB,2026-10-06,2026-10-09,Summer,Premium Economy,0,PEco-1,Premium Economy FlexPlus,Premium Economy Comfort,"+1,261.71 USD",1806.06,USD,Ubfly,WF,• Hot and cold refreshments; • ICE entertainment; • Mileage upgrade eligibility; • Exclusive Premium Economy Class dining; Premium Economy Cabin,Included,Included,Included,Unknown,Unknown,Unknown,Unknown,Not Included,Not Included,Unknown,Unknown,Unknown,Included,Unknown,Unknown,Unknown,Yes,4125.0,,2026-07-28T11:11:35+00:00,success,0
EK,LHE,LHR,LHE,PK,LON,GB,2026-10-06,2026-10-09,Summer,Business,0,Bus-1,BSSAVER,Business Basic,0.00 USD,2553.89,USD,Ubfly,BSSAVER,Premium check-in; Soft drink; In-flight entertainment; Chauffeur Drive; Internet Access,Included,Included,Included,Included,Included,Included,Included,Unknown,Unknown,Unknown,Unknown,Unknown,Unknown,Unknown,Unknown,Unknown,Yes,,,2026-07-28T11:11:35+00:00,success,0
EK,LHE,LHR,LHE,PK,LON,GB,2026-10-06,2026-10-09,Summer,Business,1,Bus-2,BSFLEX,Business Flex,+466.78 USD,3020.67,USD,Ubfly,BSFLEX,Premium check-in; Soft drink; In-flight entertainment; Chauffeur Drive; Internet Access,Included,Included,Included,Included,Included,Included,Included,Unknown,Unknown,Unknown,Unknown,Unknown,Unknown,Unknown,Unknown,Unknown,Yes,,175.0,2026-07-28T11:11:35+00:00,success,0
EK,LHE,LHR,LHE,PK,LON,GB,2026-10-06,2026-10-09,Summer,Business,2,Bus-3,BSFLXPLUS,Business Comfort,"+1,135.03 USD",3688.92,USD,Ubfly,BSFLXPLUS,Premium check-in; Soft drink; In-flight entertainment; Chauffeur Drive; Internet Access; Uninterrupted return (up to the last 12 hours); Change with Penalty,Included,Included,Included,Included,Included,Included,Included,Unknown,Unknown,Unknown,Unknown,Unknown,Unknown,Unknown,Unknown,Unknown,Yes,,190.0,2026-07-28T11:11:35+00:00,success,0
EK,LHE,LHR,LHE,PK,LON,GB,2026-12-14,2026-12-17,Winter,Economy,0,Eco-1,Economy Saver,Economy Basic,0.00 USD,560.31,USD,Ubfly,YP,• Hot and cold refreshments; • ICE entertainment; • Mileage upgrade eligibility at time of check-in; Economy Cabin,Included,Included,Paid,Included,Unknown,Unknown,Unknown,Included,Not Included,Unknown,Unknown,Unknown,Included,Unknown,Unknown,Unknown,Yes,1125.0,,2026-07-28T11:11:35+00:00,success,0
EK,LHE,LHR,LHE,PK,LON,GB,2026-12-14,2026-12-17,Winter,Economy,1,Eco-2,Economy Flex,Economy Flex,+135.65 USD,695.96,USD,Ubfly,YS,• Hot and cold refreshments; • ICE entertainment; • Mileage upgrade eligibility; Economy Cabin,Included,Included,Included,Included,Unknown,Unknown,Unknown,Included,Not Included,Unknown,Unknown,Unknown,Included,Unknown,Unknown,Unknown,Yes,2813.0,,2026-07-28T11:11:35+00:00,success,0
EK,LHE,LHR,LHE,PK,LON,GB,2026-12-14,2026-12-17,Winter,Economy,2,Eco-3,Economy Flex Plus,Economy Comfort,+567.52 USD,1127.83,USD,Ubfly,YF,• Hot and cold refreshments; • ICE entertainment; • Mileage upgrade eligibility; Economy Cabin,Included,Included,Included,Included,Unknown,Unknown,Unknown,Not Included,Not Included,Unknown,Unknown,Unknown,Included,Unknown,Unknown,Unknown,Yes,3750.0,,2026-07-28T11:11:35+00:00,success,0
EK,LHE,LHR,LHE,PK,LON,GB,2026-12-14,2026-12-17,Winter,Premium Economy,0,PEco-1,Premium Economy FlexPlus,Premium Economy Comfort,+704.16 USD,1264.47,USD,Ubfly,WF,• Hot and cold refreshments; • ICE entertainment; • Mileage upgrade eligibility; • Exclusive Premium Economy Class dining; Premium Economy Cabin,Included,Included,Included,Unknown,Unknown,Unknown,Unknown,Not Included,Not Included,Unknown,Unknown,Unknown,Included,Unknown,Unknown,Unknown,Yes,4125.0,,2026-07-28T11:11:35+00:00,success,0
EK,LHE,LHR,LHE,PK,LON,GB,2026-12-14,2026-12-17,Winter,Business,0,Bus-1,BSSAVER,Business Basic,0.00 USD,2661.61,USD,Ubfly,BSSAVER,Premium check-in; Soft drink; In-flight entertainment; Chauffeur Drive; Internet Access,Included,Included,Included,Included,Included,Included,Included,Unknown,Unknown,Unknown,Unknown,Unknown,Unknown,Unknown,Unknown,Unknown,Yes,,,2026-07-28T11:11:35+00:00,success,0
EK,LHE,LHR,LHE,PK,LON,GB,2026-12-14,2026-12-17,Winter,Business,1,Bus-2,BSFLEX,Business Flex,+488.74 USD,3150.35,USD,Ubfly,BSFLEX,Premium check-in; Soft drink; In-flight entertainment; Chauffeur Drive; Internet Access,Included,Included,Included,Included,Included,Included,Included,Unknown,Unknown,Unknown,Unknown,Unknown,Unknown,Unknown,Unknown,Unknown,Yes,,175.0,2026-07-28T11:11:35+00:00,success,0
EK,LHE,LHR,LHE,PK,LON,GB,2026-12-14,2026-12-17,Winter,Business,2,Bus-3,BSFLXPLUS,Business Comfort,"+1,186.90 USD",3848.51,USD,Ubfly,BSFLXPLUS,Premium check-in; Soft drink; In-flight entertainment; Chauffeur Drive; Internet Access; Uninterrupted return (up to the last 12 hours); Change with Penalty,Included,Included,Included,Included,Included,Included,Included,Unknown,Unknown,Unknown,Unknown,Unknown,Unknown,Unknown,Unknown,Unknown,Yes,,190.0,2026-07-28T11:11:35+00:00,success,0
TK,LHE,LHR,LHE,PK,LON,GB,2026-10-06,2026-10-09,Summer,Business,0,Bus-1,BUSINESS FLY,Business — BUSINESS FLY,0.00 USD,2835.49,USD,Ubfly,BF,Priority Check-In,Included,Included,Included,Unknown,Included,Included,Included,Unknown,Unknown,Unknown,Unknown,Unknown,Included,Unknown,Unknown,Unknown,,,,2026-07-28T11:11:35+00:00,success,0
TK,LHE,LHR,LHE,PK,LON,GB,2026-10-06,2026-10-09,Summer,Business,1,Bus-2,BUSINESS PRIME,Business Premium,+324.15 USD,3159.64,USD,Ubfly,BL,Priority Check-In,Included,Included,Included,Unknown,Included,Included,Included,Unknown,Unknown,Unknown,Unknown,Paid,Included,Unknown,Unknown,Unknown,Yes,,30.0,2026-07-28T11:11:35+00:00,success,0
TK,LHE,LHR,LHE,PK,LON,GB,2026-12-14,2026-12-17,Winter,Economy,0,Eco-1,ECOFLY,Economy Basic,0.00 USD,652.51,USD,Ubfly,CL,Online Message Verification,Included,Included,Unknown,Included,Unknown,Unknown,Unknown,Not Included,Unknown,Unknown,Unknown,Unknown,Unknown,Unknown,Unknown,Unknown,,,,2026-07-28T11:11:35+00:00,success,0
TK,LHE,LHR,LHE,PK,LON,GB,2026-12-14,2026-12-17,Winter,Economy,1,Eco-2,EXTRAFLY,Economy Standard,+40.47 USD,692.98,USD,Ubfly,LG,Online Message Verification,Included,Included,Unknown,Included,Unknown,Unknown,Unknown,Unknown,Unknown,Unknown,Unknown,Unknown,Unknown,Unknown,Unknown,Unknown,,,,2026-07-28T11:11:35+00:00,success,0
TK,LHE,LHR,LHE,PK,LON,GB,2026-12-14,2026-12-17,Winter,Economy,2,Eco-3,FLEXFLY,Economy Flex,+108.37 USD,760.88,USD,Ubfly,GN,Online Message Verification,Included,Included,Included,Included,Unknown,Unknown,Unknown,Unknown,Unknown,Unknown,Unknown,Unknown,Unknown,Unknown,Unknown,Unknown,Yes,,15.0,2026-07-28T11:11:35+00:00,success,0
TK,LHE,LHR,LHE,PK,LON,GB,2026-12-14,2026-12-17,Winter,Economy,3,Eco-4,Flexible,Economy Flex,+214.62 USD,867.13,USD,Ubfly,FL,Online Message Verification,Included,Included,Included,Included,Unknown,Unknown,Included,Unknown,Unknown,Unknown,Unknown,Paid,Unknown,Unknown,Unknown,Unknown,Yes,,30.0,2026-07-28T11:11:35+00:00,success,0
TK,LHE,LHR,LHE,PK,LON,GB,2026-12-14,2026-12-17,Winter,Business,0,Bus-1,BUSINESS FLY,Business — BUSINESS FLY,0.00 USD,2835.49,USD,Ubfly,BF,Priority Check-In,Included,Included,Included,Unknown,Included,Included,Included,Unknown,Unknown,Unknown,Unknown,Unknown,Included,Unknown,Unknown,Unknown,,,,2026-07-28T11:11:35+00:00,success,0
TK,LHE,LHR,LHE,PK,LON,GB,2026-12-14,2026-12-17,Winter,Business,1,Bus-2,BUSINESS PRIME,Business Premium,+324.15 USD,3159.64,USD,Ubfly,BL,Priority Check-In,Included,Included,Included,Unknown,Included,Included,Included,Unknown,Unknown,Unknown,Unknown,Paid,Included,Unknown,Unknown,Unknown,Yes,,30.0,2026-07-28T11:11:35+00:00,success,0
QR,ISB,LHR,ISB,PK,LON,GB,2027-05-08,2027-05-11,Summer,Economy,0,Eco-1,ECONOMY CLASSIC,Economy Standard,0.00 USD,752.35,USD,Ubfly,ECLASSIC,,Included,Included,Unknown,Included,Unknown,Unknown,Unknown,Unknown,Unknown,Unknown,Unknown,Unknown,Unknown,Unknown,Unknown,Unknown,Yes,,50.0,2026-07-28T11:11:35+00:00,success,0
QR,ISB,LHR,ISB,PK,LON,GB,2027-05-08,2027-05-11,Summer,Economy,1,Eco-2,ECONOMY CONVENIENCE,Economy — ECONOMY CONVENIENCE,+68.24 USD,820.59,USD,Ubfly,ECONVENIEN,,Included,Included,Included,Included,Unknown,Unknown,Unknown,Unknown,Unknown,Unknown,Unknown,Unknown,Unknown,Unknown,Unknown,Unknown,Yes,,75.0,2026-07-28T11:11:35+00:00,success,0
QR,ISB,LHR,ISB,PK,LON,GB,2027-05-08,2027-05-11,Summer,Economy,2,Eco-3,ECONOMY COMFORT,Economy Comfort,+526.63 USD,1278.98,USD,Ubfly,ECOMFORT,Uninterrupted return (up to the last 12 hours); Change with Penalty,Included,Included,Included,Included,Unknown,Unknown,Unknown,Unknown,Unknown,Unknown,Unknown,Unknown,Unknown,Unknown,Unknown,Unknown,Yes,,100.0,2026-07-28T11:11:35+00:00,success,0
QR,ISB,LHR,ISB,PK,LON,GB,2027-05-08,2027-05-11,Summer,Business,0,Bus-1,BLITE,Business Lite,0.00 USD,2121.2,USD,Ubfly,BLITE,,Included,Included,Unknown,Included,Unknown,Unknown,Unknown,Unknown,Unknown,Unknown,Unknown,Unknown,Unknown,Unknown,Unknown,Unknown,Yes,,75.0,2026-07-28T11:11:35+00:00,success,0
QR,ISB,LHR,ISB,PK,LON,GB,2027-05-08,2027-05-11,Summer,Business,1,Bus-2,BCLASSIC,Business Standard,+304.20 USD,2425.4,USD,Ubfly,BCLASSIC,125 PCT QMILES ACCUMULATION(F),Included,Included,Unknown,Included,Included,Unknown,Unknown,Unknown,Unknown,Unknown,Unknown,Unknown,Unknown,Unknown,Unknown,Unknown,,,,2026-07-28T11:11:35+00:00,success,0
QR,ISB,LHR,ISB,PK,LON,GB,2027-05-08,2027-05-11,Summer,Business,2,Bus-3,BUSINESS COMFORT,Business Comfort,+968.46 USD,3089.66,USD,Ubfly,BCOMFORT,175 PCT QMILES ACCUMULATION(F),Included,Included,Included,Included,Included,Unknown,Unknown,Unknown,Unknown,Unknown,Unknown,Unknown,Unknown,Unknown,Unknown,Unknown,,,,2026-07-28T11:11:35+00:00,success,0
QR,ISB,LHR,ISB,PK,LON,GB,2027-05-08,2027-05-11,Summer,Business,3,Bus-4,BUSINESS ELITE,Business Lite,"+1,741.46 USD",3862.66,USD,Ubfly,BELITE,200 PCT QMILES ACCUMULATION(F); Uninterrupted return (up to the last 12 hours); Change with Penalty,Included,Included,Included,Included,Included,Unknown,Unknown,Unknown,Unknown,Unknown,Unknown,Unknown,Unknown,Unknown,Unknown,Unknown,,,,2026-07-28T11:11:35+00:00,success,0
QR,ISB,LHR,ISB,PK,LON,GB,2026-12-23,2026-12-26,Winter,Economy,0,Eco-1,ECONOMY CLASSIC,Economy Standard,0.00 USD,606.74,USD,Ubfly,ECLASSIC,,Included,Included,Unknown,Included,Unknown,Unknown,Unknown,Unknown,Unknown,Unknown,Unknown,Unknown,Unknown,Unknown,Unknown,Unknown,Yes,,50.0,2026-07-28T11:11:35+00:00,success,0
QR,ISB,LHR,ISB,PK,LON,GB,2026-12-23,2026-12-26,Winter,Economy,1,Eco-2,ECONOMY CONVENIENCE,Economy — ECONOMY CONVENIENCE,+193.90 USD,800.64,USD,Ubfly,ECONVENIEN,,Included,Included,Included,Included,Unknown,Unknown,Unknown,Unknown,Unknown,Unknown,Unknown,Unknown,Unknown,Unknown,Unknown,Unknown,Yes,,75.0,2026-07-28T11:11:35+00:00,success,0
QR,ISB,LHR,ISB,PK,LON,GB,2026-12-23,2026-12-26,Winter,Economy,2,Eco-3,ECONOMY COMFORT,Economy Comfort,+652.29 USD,1259.03,USD,Ubfly,ECOMFORT,Uninterrupted return (up to the last 12 hours); Change with Penalty,Included,Included,Included,Included,Unknown,Unknown,Unknown,Unknown,Unknown,Unknown,Unknown,Unknown,Unknown,Unknown,Unknown,Unknown,Yes,,100.0,2026-07-28T11:11:35+00:00,success,0
QR,ISB,LHR,ISB,PK,LON,GB,2026-12-23,2026-12-26,Winter,Business,0,Bus-1,BLITE,Business Lite,0.00 USD,2101.26,USD,Ubfly,BLITE,,Included,Included,Unknown,Included,Unknown,Unknown,Unknown,Unknown,Unknown,Unknown,Unknown,Unknown,Unknown,Unknown,Unknown,Unknown,Yes,,75.0,2026-07-28T11:11:35+00:00,success,0
QR,ISB,LHR,ISB,PK,LON,GB,2026-12-23,2026-12-26,Winter,Business,1,Bus-2,BCLASSIC,Business Standard,+304.20 USD,2405.46,USD,Ubfly,BCLASSIC,125 PCT QMILES ACCUMULATION(F),Included,Included,Unknown,Included,Included,Unknown,Unknown,Unknown,Unknown,Unknown,Unknown,Unknown,Unknown,Unknown,Unknown,Unknown,,,,2026-07-28T11:11:35+00:00,success,0
QR,ISB,LHR,ISB,PK,LON,GB,2026-12-23,2026-12-26,Winter,Business,2,Bus-3,BUSINESS COMFORT,Business Comfort,+968.46 USD,3069.72,USD,Ubfly,BCOMFORT,175 PCT QMILES ACCUMULATION(F),Included,Included,Included,Included,Included,Unknown,Unknown,Unknown,Unknown,Unknown,Unknown,Unknown,Unknown,Unknown,Unknown,Unknown,,,,2026-07-28T11:11:35+00:00,success,0
QR,ISB,LHR,ISB,PK,LON,GB,2026-12-23,2026-12-26,Winter,Business,3,Bus-4,BUSINESS ELITE,Business Lite,"+1,741.46 USD",3842.72,USD,Ubfly,BELITE,200 PCT QMILES ACCUMULATION(F); Uninterrupted return (up to the last 12 hours); Change with Penalty,Included,Included,Included,Included,Included,Unknown,Unknown,Unknown,Unknown,Unknown,Unknown,Unknown,Unknown,Unknown,Unknown,Unknown,,,,2026-07-28T11:11:35+00:00,success,0
SV,ISB,LHR,ISB,PK,LON,GB,2026-12-23,2026-12-26,Winter,Economy,0,Eco-1,Economy Basic,Economy Basic,0.00 USD,509.64,USD,Ubfly,NBASICE,Change with fee; Change with fee; Change with fee; Change with fee; Priority check-in not included,Included,Included,Paid,Unknown,Unknown,Not Included,Not Included,Paid,Not Included,Paid,Paid,Unknown,Unknown,Unknown,Unknown,Unknown,Yes,,60.0,2026-07-28T11:11:35+00:00,success,0
SV,ISB,LHR,ISB,PK,LON,GB,2026-12-23,2026-12-26,Winter,Economy,1,Eco-2,Economy Flex,Economy Flex,+211.43 USD,721.07,USD,Ubfly,NFLEXE,Change with fee; Change with fee; 2 pieces (23 kg each); Priority check-in not included,Included,Included,Paid,Unknown,Unknown,Not Included,Not Included,Paid,Paid,Paid,Paid,Unknown,Unknown,Unknown,Unknown,Unknown,Yes,,110.0,2026-07-28T11:11:35+00:00,success,0
EY,ISB,LHR,ISB,PK,LON,GB,2027-05-08,2027-05-11,Summer,Economy,0,Eco-1,YBASIC,Economy Basic,0.00 USD,541.13,USD,Ubfly,YBASIC,,Included,Not Included,Unknown,Included,Unknown,Unknown,Unknown,Unknown,Unknown,Unknown,Unknown,Unknown,Unknown,Unknown,Unknown,Unknown,Yes,,5.0,2026-07-28T11:11:35+00:00,success,0
EY,ISB,LHR,ISB,PK,LON,GB,2027-05-08,2027-05-11,Summer,Economy,1,Eco-2,YVALUE,Economy Basic,+19.49 USD,560.62,USD,Ubfly,YVALUE,,Included,Included,Unknown,Included,Unknown,Unknown,Unknown,Unknown,Unknown,Unknown,Unknown,Unknown,Unknown,Unknown,Unknown,Unknown,Yes,,35.0,2026-07-28T11:11:35+00:00,success,0
EY,ISB,LHR,ISB,PK,LON,GB,2027-05-08,2027-05-11,Summer,Economy,2,Eco-3,YCOMFORT,Economy Comfort,+62.39 USD,603.52,USD,Ubfly,YCOMFORT,,Included,Included,Included,Included,Unknown,Unknown,Unknown,Unknown,Unknown,Unknown,Unknown,Unknown,Unknown,Unknown,Unknown,Unknown,Yes,,75.0,2026-07-28T11:11:35+00:00,success,0
EY,ISB,LHR,ISB,PK,LON,GB,2027-05-08,2027-05-11,Summer,Economy,3,Eco-4,YDELUXE,Economy — YDELUXE,+179.08 USD,720.21,USD,Ubfly,YDELUXE,Change with Penalty; Uninterrupted return (up to the last 12 hours); Priority Access,Included,Included,Included,Included,Unknown,Unknown,Unknown,Unknown,Unknown,Unknown,Unknown,Unknown,Unknown,Unknown,Unknown,Unknown,Yes,,,2026-07-28T11:11:35+00:00,success,0
EY,ISB,LHR,ISB,PK,LON,GB,2027-05-08,2027-05-11,Summer,Business,0,Bus-1,JVALUE,Business Basic,0.00 USD,1779.91,USD,Ubfly,JVALUE,Priority Access,Included,Included,Unknown,Included,Unknown,Unknown,Unknown,Unknown,Unknown,Unknown,Unknown,Unknown,Unknown,Unknown,Unknown,Unknown,Yes,,100.0,2026-07-28T11:11:35+00:00,success,0
EY,ISB,LHR,ISB,PK,LON,GB,2027-05-08,2027-05-11,Summer,Business,1,Bus-2,JCOMFORT,Business Comfort,+128.66 USD,1908.57,USD,Ubfly,JCOMFORT,Priority Access; ETIHAD UAE CHAUFFEUR(F),Included,Included,Included,Included,Included,Unknown,Unknown,Unknown,Unknown,Unknown,Unknown,Unknown,Unknown,Unknown,Unknown,Unknown,Yes,,,2026-07-28T11:11:35+00:00,success,0
EY,ISB,LHR,ISB,PK,LON,GB,2027-05-08,2027-05-11,Summer,Business,2,Bus-3,JDELUXE,Business — JDELUXE,"+1,178.92 USD",2958.83,USD,Ubfly,JDELUXE,Change with Penalty; Uninterrupted return (up to the last 12 hours); Priority Access; ETIHAD UAE CHAUFFEUR(F); ETIHAD GLOBAL CHAUFFEUR(F),Included,Included,Included,Included,Included,Unknown,Unknown,Unknown,Unknown,Unknown,Unknown,Unknown,Unknown,Unknown,Unknown,Unknown,Yes,,,2026-07-28T11:11:35+00:00,success,0
EY,ISB,LHR,ISB,PK,LON,GB,2026-12-23,2026-12-26,Winter,Economy,0,Eco-1,YBASIC,Economy Basic,0.00 USD,720.64,USD,Ubfly,YBASIC,,Included,Not Included,Unknown,Included,Unknown,Unknown,Unknown,Unknown,Unknown,Unknown,Unknown,Unknown,Unknown,Unknown,Unknown,Unknown,Yes,,5.0,2026-07-28T11:11:35+00:00,success,0
EY,ISB,LHR,ISB,PK,LON,GB,2026-12-23,2026-12-26,Winter,Economy,1,Eco-2,YVALUE,Economy Basic,+19.52 USD,740.16,USD,Ubfly,YVALUE,,Included,Included,Unknown,Included,Unknown,Unknown,Unknown,Unknown,Unknown,Unknown,Unknown,Unknown,Unknown,Unknown,Unknown,Unknown,Yes,,35.0,2026-07-28T11:11:35+00:00,success,0
EY,ISB,LHR,ISB,PK,LON,GB,2026-12-23,2026-12-26,Winter,Economy,2,Eco-3,YCOMFORT,Economy Comfort,+62.41 USD,783.05,USD,Ubfly,YCOMFORT,,Included,Included,Included,Included,Unknown,Unknown,Unknown,Unknown,Unknown,Unknown,Unknown,Unknown,Unknown,Unknown,Unknown,Unknown,Yes,,75.0,2026-07-28T11:11:35+00:00,success,0
EY,ISB,LHR,ISB,PK,LON,GB,2026-12-23,2026-12-26,Winter,Economy,3,Eco-4,YDELUXE,Economy — YDELUXE,+179.10 USD,899.74,USD,Ubfly,YDELUXE,Change with Penalty; Uninterrupted return (up to the last 12 hours); Priority Access,Included,Included,Included,Included,Unknown,Unknown,Unknown,Unknown,Unknown,Unknown,Unknown,Unknown,Unknown,Unknown,Unknown,Unknown,Yes,,,2026-07-28T11:11:35+00:00,success,0
EY,ISB,LHR,ISB,PK,LON,GB,2026-12-23,2026-12-26,Winter,Business,0,Bus-1,JVALUE,Business Basic,0.00 USD,2490.06,USD,Ubfly,JVALUE,Priority Access,Included,Included,Unknown,Included,Unknown,Unknown,Unknown,Unknown,Unknown,Unknown,Unknown,Unknown,Unknown,Unknown,Unknown,Unknown,Yes,,100.0,2026-07-28T11:11:35+00:00,success,0
EY,ISB,LHR,ISB,PK,LON,GB,2026-12-23,2026-12-26,Winter,Business,1,Bus-2,JCOMFORT,Business Comfort,+128.66 USD,2618.72,USD,Ubfly,JCOMFORT,Priority Access; ETIHAD UAE CHAUFFEUR(F),Included,Included,Included,Included,Included,Unknown,Unknown,Unknown,Unknown,Unknown,Unknown,Unknown,Unknown,Unknown,Unknown,Unknown,Yes,,,2026-07-28T11:11:35+00:00,success,0
EY,ISB,LHR,ISB,PK,LON,GB,2026-12-23,2026-12-26,Winter,Business,2,Bus-3,JDELUXE,Business — JDELUXE,+430.88 USD,2920.94,USD,Ubfly,JDELUXE,Change with Penalty; Uninterrupted return (up to the last 12 hours); Priority Access; ETIHAD UAE CHAUFFEUR(F); ETIHAD GLOBAL CHAUFFEUR(F),Included,Included,Included,Included,Included,Unknown,Unknown,Unknown,Unknown,Unknown,Unknown,Unknown,Unknown,Unknown,Unknown,Unknown,Yes,,,2026-07-28T11:11:35+00:00,success,0
EK,ISB,LHR,ISB,PK,LON,GB,2027-05-08,2027-05-11,Summer,Economy,0,Eco-1,Economy Saver,Economy Basic,0.00 USD,631.11,USD,Ubfly,YP,• Hot and cold refreshments; • ICE entertainment; • Mileage upgrade eligibility at time of check-in; Economy Cabin,Included,Included,Paid,Included,Unknown,Unknown,Unknown,Included,Not Included,Unknown,Unknown,Unknown,Included,Unknown,Unknown,Unknown,Yes,1125.0,,2026-07-28T11:11:35+00:00,success,0
EK,ISB,LHR,ISB,PK,LON,GB,2027-05-08,2027-05-11,Summer,Economy,1,Eco-2,Economy Flex,Economy Flex,+55.85 USD,686.96,USD,Ubfly,YS,• Hot and cold refreshments; • ICE entertainment; • Mileage upgrade eligibility; Economy Cabin,Included,Included,Included,Included,Unknown,Unknown,Unknown,Included,Not Included,Unknown,Unknown,Unknown,Included,Unknown,Unknown,Unknown,Yes,2813.0,,2026-07-28T11:11:35+00:00,success,0
EK,ISB,LHR,ISB,PK,LON,GB,2027-05-08,2027-05-11,Summer,Economy,2,Eco-3,Economy Flex Plus,Economy Comfort,+479.77 USD,1110.88,USD,Ubfly,YF,• Hot and cold refreshments; • ICE entertainment; • Mileage upgrade eligibility; Economy Cabin,Included,Included,Included,Included,Unknown,Unknown,Unknown,Not Included,Not Included,Unknown,Unknown,Unknown,Included,Unknown,Unknown,Unknown,Yes,3750.0,,2026-07-28T11:11:35+00:00,success,0
EK,ISB,LHR,ISB,PK,LON,GB,2027-05-08,2027-05-11,Summer,Premium Economy,0,PEco-1,Premium Economy FlexPlus,Premium Economy Comfort,"+1,030.31 USD",1661.42,USD,Ubfly,WF,• Hot and cold refreshments; • ICE entertainment; • Mileage upgrade eligibility; • Exclusive Premium Economy Class dining; Premium Economy Cabin,Included,Included,Included,Unknown,Unknown,Unknown,Unknown,Not Included,Not Included,Unknown,Unknown,Unknown,Included,Unknown,Unknown,Unknown,Yes,4125.0,,2026-07-28T11:11:35+00:00,success,0
EK,ISB,LHR,ISB,PK,LON,GB,2027-05-08,2027-05-11,Summer,Business,0,Bus-1,BSSAVER,Business Basic,0.00 USD,2448.17,USD,Ubfly,BSSAVER,Premium check-in; Soft drink; In-flight entertainment; Chauffeur Drive; Internet Access,Included,Included,Included,Included,Included,Included,Included,Unknown,Unknown,Unknown,Unknown,Unknown,Unknown,Unknown,Unknown,Unknown,Yes,,,2026-07-28T11:11:35+00:00,success,0
EK,ISB,LHR,ISB,PK,LON,GB,2027-05-08,2027-05-11,Summer,Business,1,Bus-2,BSFLEX,Business Flex,+469.76 USD,2917.93,USD,Ubfly,BSFLEX,Premium check-in; Soft drink; In-flight entertainment; Chauffeur Drive; Internet Access,Included,Included,Included,Included,Included,Included,Included,Unknown,Unknown,Unknown,Unknown,Unknown,Unknown,Unknown,Unknown,Unknown,Yes,,175.0,2026-07-28T11:11:35+00:00,success,0
EK,ISB,LHR,ISB,PK,LON,GB,2027-05-08,2027-05-11,Summer,Business,2,Bus-3,BSFLXPLUS,Business Comfort,"+1,136.03 USD",3584.2,USD,Ubfly,BSFLXPLUS,Premium check-in; Soft drink; In-flight entertainment; Chauffeur Drive; Internet Access; Uninterrupted return (up to the last 12 hours); Change with Penalty,Included,Included,Included,Included,Included,Included,Included,Unknown,Unknown,Unknown,Unknown,Unknown,Unknown,Unknown,Unknown,Unknown,Yes,,190.0,2026-07-28T11:11:35+00:00,success,0
EK,ISB,LHR,ISB,PK,LON,GB,2026-12-23,2026-12-26,Winter,Economy,0,Eco-1,Economy Saver,Economy Basic,0.00 USD,598.2,USD,Ubfly,YP,• Hot and cold refreshments; • ICE entertainment; • Mileage upgrade eligibility at time of check-in; Economy Cabin,Included,Included,Paid,Included,Unknown,Unknown,Unknown,Included,Not Included,Unknown,Unknown,Unknown,Included,Unknown,Unknown,Unknown,Yes,1125.0,,2026-07-28T11:11:35+00:00,success,0
EK,ISB,LHR,ISB,PK,LON,GB,2026-12-23,2026-12-26,Winter,Economy,1,Eco-2,Economy Flex,Economy Flex,+139.64 USD,737.84,USD,Ubfly,YS,• Hot and cold refreshments; • ICE entertainment; • Mileage upgrade eligibility; Economy Cabin,Included,Included,Included,Included,Unknown,Unknown,Unknown,Included,Not Included,Unknown,Unknown,Unknown,Included,Unknown,Unknown,Unknown,Yes,2813.0,,2026-07-28T11:11:35+00:00,success,0
EK,ISB,LHR,ISB,PK,LON,GB,2026-12-23,2026-12-26,Winter,Economy,2,Eco-3,Economy Flex Plus,Economy Comfort,+579.49 USD,1177.69,USD,Ubfly,YF,• Hot and cold refreshments; • ICE entertainment; • Mileage upgrade eligibility; Economy Cabin,Included,Included,Included,Included,Unknown,Unknown,Unknown,Not Included,Not Included,Unknown,Unknown,Unknown,Included,Unknown,Unknown,Unknown,Yes,3750.0,,2026-07-28T11:11:35+00:00,success,0
EK,ISB,LHR,ISB,PK,LON,GB,2026-12-23,2026-12-26,Winter,Premium Economy,0,PEco-1,Premium Economy FlexPlus,Premium Economy Comfort,+593.46 USD,1191.66,USD,Ubfly,WF,• Hot and cold refreshments; • ICE entertainment; • Mileage upgrade eligibility; • Exclusive Premium Economy Class dining; Premium Economy Cabin,Included,Included,Included,Unknown,Unknown,Unknown,Unknown,Not Included,Not Included,Unknown,Unknown,Unknown,Included,Unknown,Unknown,Unknown,Yes,4125.0,,2026-07-28T11:11:35+00:00,success,0
EK,ISB,LHR,ISB,PK,LON,GB,2026-12-23,2026-12-26,Winter,Business,0,Bus-1,BSSAVER,Business Basic,0.00 USD,2550.89,USD,Ubfly,BSSAVER,Premium check-in; Soft drink; In-flight entertainment; Chauffeur Drive; Internet Access,Included,Included,Included,Included,Included,Included,Included,Unknown,Unknown,Unknown,Unknown,Unknown,Unknown,Unknown,Unknown,Unknown,Yes,,,2026-07-28T11:11:35+00:00,success,0
EK,ISB,LHR,ISB,PK,LON,GB,2026-12-23,2026-12-26,Winter,Business,1,Bus-2,BSFLEX,Business Flex,+490.72 USD,3041.61,USD,Ubfly,BSFLEX,Premium check-in; Soft drink; In-flight entertainment; Chauffeur Drive; Internet Access,Included,Included,Included,Included,Included,Included,Included,Unknown,Unknown,Unknown,Unknown,Unknown,Unknown,Unknown,Unknown,Unknown,Yes,,175.0,2026-07-28T11:11:35+00:00,success,0
EK,ISB,LHR,ISB,PK,LON,GB,2026-12-23,2026-12-26,Winter,Business,2,Bus-3,BSFLXPLUS,Business Comfort,"+1,187.91 USD",3738.8,USD,Ubfly,BSFLXPLUS,Premium check-in; Soft drink; In-flight entertainment; Chauffeur Drive; Internet Access; Uninterrupted return (up to the last 12 hours); Change with Penalty,Included,Included,Included,Included,Included,Included,Included,Unknown,Unknown,Unknown,Unknown,Unknown,Unknown,Unknown,Unknown,Unknown,Yes,,190.0,2026-07-28T11:11:35+00:00,success,0
BA,ISB,LGW,ISB,PK,LON,GB,2027-04-13,2027-04-16,Summer,Economy,0,Eco-1,BASIC,Economy Basic,0.00 USD,721.65,USD,Ubfly,NOBAG,Personal Item: 40 x 30 x 15 cm,Included,Not Included,Unknown,Included,Unknown,Unknown,Unknown,Unknown,Unknown,Unknown,Unknown,Unknown,Unknown,Unknown,Unknown,Unknown,,,,2026-07-28T11:11:35+00:00,partial,0
BA,ISB,LGW,ISB,PK,LON,GB,2027-04-13,2027-04-16,Summer,Economy,1,Eco-2,ECONOMY BASIC,Economy Basic,+52.28 USD,773.93,USD,Ubfly,BAG,Personal Item: 40 x 30 x 15 cm; 1 Piece Luggage (23 Kg); 2ND BAG MAX 23KG 51LB 208LCM(F),Included,Included,Unknown,Included,Unknown,Unknown,Unknown,Unknown,Unknown,Unknown,Unknown,Unknown,Unknown,Unknown,Unknown,Unknown,,,,2026-07-28T11:11:35+00:00,partial,0
BA,ISB,LGW,ISB,PK,LON,GB,2027-04-13,2027-04-16,Summer,Economy,2,Eco-3,PLUS SELECT,Economy Comfort,+221.43 USD,943.08,USD,Ubfly,ECONSEL,Personal Item: 40 x 30 x 15 cm; 1 Piece Luggage (23 Kg); 2ND BAG MAX 23KG 51LB 208LCM(F); Change without penalty before flight,Included,Included,Unknown,Included,Unknown,Unknown,Unknown,Unknown,Included,Unknown,Unknown,Unknown,Unknown,Unknown,Unknown,Unknown,,,,2026-07-28T11:11:35+00:00,partial,0
BA,ISB,LGW,ISB,PK,LON,GB,2027-04-13,2027-04-16,Summer,Economy,3,Eco-4,ECONPRO,Economy — ECONPRO,+305.22 USD,1026.87,USD,Ubfly,ECONPRO,Personal Item: 40 x 30 x 15 cm; 1 Piece Luggage (23 Kg); 2ND BAG MAX 23KG 51LB 208LCM(F); Change without penalty before flight,Included,Included,Included,Included,Unknown,Unknown,Unknown,Included,Included,Unknown,Unknown,Unknown,Unknown,Unknown,Unknown,Unknown,,,,2026-07-28T11:11:35+00:00,partial,0
BA,ISB,LGW,ISB,PK,LON,GB,2027-04-13,2027-04-16,Summer,Economy,4,Eco-5,PLUS FLEX,Economy Comfort,"+1,707.56 USD",2429.21,USD,Ubfly,ECONFLEX,Personal Item: 40 x 30 x 15 cm; 1 Piece Luggage (23 Kg); 2ND BAG MAX 23KG 51LB 208LCM(F); Change without penalty before flight,Included,Included,Included,Included,Unknown,Unknown,Unknown,Included,Included,Unknown,Unknown,Unknown,Unknown,Unknown,Unknown,Unknown,,,,2026-07-28T11:11:35+00:00,partial,0
BA,ISB,LGW,ISB,PK,LON,GB,2027-04-13,2027-04-16,Summer,Premium Economy,0,PEco-1,PREMECON,Premium Economy — PREMECON,+533.61 USD,1255.26,USD,Ubfly,PREMECON,Personal Item: 40 x 30 x 15 cm,Included,Included,Unknown,Included,Unknown,Unknown,Unknown,Unknown,Unknown,Unknown,Unknown,Unknown,Unknown,Unknown,Unknown,Unknown,,,,2026-07-28T11:11:35+00:00,partial,0
BA,ISB,LGW,ISB,PK,LON,GB,2027-04-13,2027-04-16,Summer,Premium Economy,1,PEco-2,PESEL,Premium Economy — PESEL,+789.94 USD,1511.59,USD,Ubfly,PESEL,Personal Item: 40 x 30 x 15 cm; Change without penalty before flight,Included,Included,Unknown,Included,Unknown,Unknown,Unknown,Unknown,Included,Unknown,Unknown,Unknown,Unknown,Unknown,Unknown,Unknown,,,,2026-07-28T11:11:35+00:00,partial,0
BA,ISB,LGW,ISB,PK,LON,GB,2027-04-13,2027-04-16,Summer,Premium Economy,2,PEco-3,PEPRO,Premium Economy — PEPRO,+919.61 USD,1641.26,USD,Ubfly,PEPRO,Personal Item: 40 x 30 x 15 cm; Change without penalty before flight,Included,Included,Included,Included,Unknown,Unknown,Unknown,Included,Included,Unknown,Unknown,Unknown,Unknown,Unknown,Unknown,Unknown,,,,2026-07-28T11:11:35+00:00,partial,0
BA,ISB,LGW,ISB,PK,LON,GB,2027-04-13,2027-04-16,Summer,Premium Economy,3,PEco-4,PEFLEX,Premium Economy Flex,"+1,945.93 USD",2667.58,USD,Ubfly,PEFLEX,Personal Item: 40 x 30 x 15 cm; Change without penalty before flight,Included,Included,Included,Included,Unknown,Unknown,Unknown,Included,Included,Unknown,Unknown,Unknown,Unknown,Unknown,Unknown,Unknown,,,,2026-07-28T11:11:35+00:00,partial,0
BA,ISB,LGW,ISB,PK,LON,GB,2027-04-13,2027-04-16,Summer,Business,0,Bus-1,BUSINESS,Business — BUSINESS,0.00 USD,1922.55,USD,Ubfly,BUSINESS,Personal Item: 40 x 30 x 15 cm; Dedicated check-in area,Included,Included,Unknown,Included,Included,Unknown,Included,Unknown,Unknown,Unknown,Unknown,Unknown,Unknown,Unknown,Unknown,Unknown,,,,2026-07-28T11:11:35+00:00,partial,0
BA,ISB,LGW,ISB,PK,LON,GB,2027-04-13,2027-04-16,Summer,Business,1,Bus-2,BUSINESS PLUS SELECT,Business Comfort,+512.65 USD,2435.2,USD,Ubfly,BIZSEL,Personal Item: 40 x 30 x 15 cm; Dedicated check-in area; Change without penalty before flight,Included,Included,Included,Included,Included,Unknown,Included,Unknown,Included,Unknown,Unknown,Unknown,Unknown,Unknown,Unknown,Unknown,,,,2026-07-28T11:11:35+00:00,partial,0
BA,ISB,LGW,ISB,PK,LON,GB,2027-04-13,2027-04-16,Summer,Business,2,Bus-3,BIZPRO,Business — BIZPRO,+764.99 USD,2687.54,USD,Ubfly,BIZPRO,Personal Item: 40 x 30 x 15 cm; Dedicated check-in area; Change without penalty before flight,Included,Included,Included,Included,Included,Unknown,Included,Included,Included,Unknown,Unknown,Unknown,Unknown,Unknown,Unknown,Unknown,,,,2026-07-28T11:11:35+00:00,partial,0
BA,ISB,LGW,ISB,PK,LON,GB,2027-04-13,2027-04-16,Summer,Business,3,Bus-4,BUSINESS FLEX,Business Flex,"+1,469.15 USD",3391.7,USD,Ubfly,BIZFLEX,Personal Item: 40 x 30 x 15 cm; Dedicated check-in area; Change without penalty before flight,Included,Included,Included,Included,Included,Unknown,Included,Included,Included,Unknown,Unknown,Unknown,Unknown,Unknown,Unknown,Unknown,,,,2026-07-28T11:11:35+00:00,partial,0
BA,ISB,LGW,ISB,PK,LON,GB,2027-03-03,2027-03-06,Winter,Economy,0,Eco-1,BASIC,Economy Basic,0.00 USD,461.33,USD,Ubfly,NOBAG,Personal Item: 40 x 30 x 15 cm,Included,Not Included,Unknown,Included,Unknown,Unknown,Unknown,Unknown,Unknown,Unknown,Unknown,Unknown,Unknown,Unknown,Unknown,Unknown,,,,2026-07-28T11:11:35+00:00,partial,0
BA,ISB,LGW,ISB,PK,LON,GB,2027-03-03,2027-03-06,Winter,Economy,1,Eco-2,ECONOMY BASIC,Economy Basic,+52.28 USD,513.61,USD,Ubfly,BAG,Personal Item: 40 x 30 x 15 cm; 1 Piece Luggage (23 Kg); 2ND BAG MAX 23KG 51LB 208LCM(F),Included,Included,Unknown,Included,Unknown,Unknown,Unknown,Unknown,Unknown,Unknown,Unknown,Unknown,Unknown,Unknown,Unknown,Unknown,,,,2026-07-28T11:11:35+00:00,partial,0
BA,ISB,LGW,ISB,PK,LON,GB,2027-03-03,2027-03-06,Winter,Economy,2,Eco-3,PLUS SELECT,Economy Comfort,+221.43 USD,682.76,USD,Ubfly,ECONSEL,Personal Item: 40 x 30 x 15 cm; 1 Piece Luggage (23 Kg); 2ND BAG MAX 23KG 51LB 208LCM(F); Change without penalty before flight,Included,Included,Unknown,Included,Unknown,Unknown,Unknown,Unknown,Included,Unknown,Unknown,Unknown,Unknown,Unknown,Unknown,Unknown,,,,2026-07-28T11:11:35+00:00,partial,0
BA,ISB,LGW,ISB,PK,LON,GB,2027-03-03,2027-03-06,Winter,Economy,3,Eco-4,ECONPRO,Economy — ECONPRO,+305.19 USD,766.52,USD,Ubfly,ECONPRO,Personal Item: 40 x 30 x 15 cm; 1 Piece Luggage (23 Kg); 2ND BAG MAX 23KG 51LB 208LCM(F); Change without penalty before flight,Included,Included,Included,Included,Unknown,Unknown,Unknown,Included,Included,Unknown,Unknown,Unknown,Unknown,Unknown,Unknown,Unknown,,,,2026-07-28T11:11:35+00:00,partial,0
BA,ISB,LGW,ISB,PK,LON,GB,2027-03-03,2027-03-06,Winter,Economy,4,Eco-5,PLUS FLEX,Economy Comfort,"+1,963.88 USD",2425.21,USD,Ubfly,ECONFLEX,Personal Item: 40 x 30 x 15 cm; 1 Piece Luggage (23 Kg); 2ND BAG MAX 23KG 51LB 208LCM(F); Change without penalty before flight,Included,Included,Included,Included,Unknown,Unknown,Unknown,Included,Included,Unknown,Unknown,Unknown,Unknown,Unknown,Unknown,Unknown,,,,2026-07-28T11:11:35+00:00,partial,0
BA,ISB,LGW,ISB,PK,LON,GB,2027-03-03,2027-03-06,Winter,Premium Economy,0,PEco-1,PREMECON,Premium Economy — PREMECON,+330.14 USD,791.47,USD,Ubfly,PREMECON,Personal Item: 40 x 30 x 15 cm,Included,Included,Unknown,Included,Unknown,Unknown,Unknown,Unknown,Unknown,Unknown,Unknown,Unknown,Unknown,Unknown,Unknown,Unknown,,,,2026-07-28T11:11:35+00:00,partial,0
BA,ISB,LGW,ISB,PK,LON,GB,2027-03-03,2027-03-06,Winter,Premium Economy,1,PEco-2,PESEL,Premium Economy — PESEL,+586.47 USD,1047.8,USD,Ubfly,PESEL,Personal Item: 40 x 30 x 15 cm; Change without penalty before flight,Included,Included,Unknown,Included,Unknown,Unknown,Unknown,Unknown,Included,Unknown,Unknown,Unknown,Unknown,Unknown,Unknown,Unknown,,,,2026-07-28T11:11:35+00:00,partial,0
BA,ISB,LGW,ISB,PK,LON,GB,2027-03-03,2027-03-06,Winter,Premium Economy,2,PEco-3,PEPRO,Premium Economy — PEPRO,+716.14 USD,1177.47,USD,Ubfly,PEPRO,Personal Item: 40 x 30 x 15 cm; Change without penalty before flight,Included,Included,Included,Included,Unknown,Unknown,Unknown,Included,Included,Unknown,Unknown,Unknown,Unknown,Unknown,Unknown,Unknown,,,,2026-07-28T11:11:35+00:00,partial,0
BA,ISB,LGW,ISB,PK,LON,GB,2027-03-03,2027-03-06,Winter,Premium Economy,3,PEco-4,PEFLEX,Premium Economy Flex,"+2,202.26 USD",2663.59,USD,Ubfly,PEFLEX,Personal Item: 40 x 30 x 15 cm; Change without penalty before flight,Included,Included,Included,Included,Unknown,Unknown,Unknown,Included,Included,Unknown,Unknown,Unknown,Unknown,Unknown,Unknown,Unknown,,,,2026-07-28T11:11:35+00:00,partial,0
BA,ISB,LGW,ISB,PK,LON,GB,2027-03-03,2027-03-06,Winter,Business,0,Bus-1,BUSINESS,Business — BUSINESS,0.00 USD,1674.18,USD,Ubfly,BUSINESS,Personal Item: 40 x 30 x 15 cm; Dedicated check-in area,Included,Included,Unknown,Included,Included,Unknown,Included,Unknown,Unknown,Unknown,Unknown,Unknown,Unknown,Unknown,Unknown,Unknown,,,,2026-07-28T11:11:35+00:00,partial,0
BA,ISB,LGW,ISB,PK,LON,GB,2027-03-03,2027-03-06,Winter,Business,1,Bus-2,BUSINESS PLUS SELECT,Business Comfort,+512.68 USD,2186.86,USD,Ubfly,BIZSEL,Personal Item: 40 x 30 x 15 cm; Dedicated check-in area; Change without penalty before flight,Included,Included,Included,Included,Included,Unknown,Included,Unknown,Included,Unknown,Unknown,Unknown,Unknown,Unknown,Unknown,Unknown,,,,2026-07-28T11:11:35+00:00,partial,0
BA,ISB,LGW,ISB,PK,LON,GB,2027-03-03,2027-03-06,Winter,Business,2,Bus-3,BIZPRO,Business — BIZPRO,+765.01 USD,2439.19,USD,Ubfly,BIZPRO,Personal Item: 40 x 30 x 15 cm; Dedicated check-in area; Change without penalty before flight,Included,Included,Included,Included,Included,Unknown,Included,Included,Included,Unknown,Unknown,Unknown,Unknown,Unknown,Unknown,Unknown,,,,2026-07-28T11:11:35+00:00,partial,0
BA,ISB,LGW,ISB,PK,LON,GB,2027-03-03,2027-03-06,Winter,Business,3,Bus-4,BUSINESS FLEX,Business Flex,"+1,717.52 USD",3391.7,USD,Ubfly,BIZFLEX,Personal Item: 40 x 30 x 15 cm; Dedicated check-in area; Change without penalty before flight,Included,Included,Included,Included,Included,Unknown,Included,Included,Included,Unknown,Unknown,Unknown,Unknown,Unknown,Unknown,Unknown,,,,2026-07-28T11:11:35+00:00,partial,0
EK,ISB,LGW,ISB,PK,LON,GB,2027-04-13,2027-04-16,Summer,Economy,0,Eco-1,ECOFLEX,Economy Flex,0.00 USD,690.14,USD,Ubfly,ECOFLEX,Soft drink; In-flight entertainment,Included,Included,Unknown,Included,Unknown,Unknown,Unknown,Unknown,Unknown,Unknown,Unknown,Unknown,Unknown,Unknown,Unknown,Unknown,Yes,,70.0,2026-07-28T11:11:35+00:00,success,0
EK,ISB,LGW,ISB,PK,LON,GB,2027-04-13,2027-04-16,Summer,Economy,1,Eco-2,ECOFLXPLUS,Economy Comfort,+423.89 USD,1114.03,USD,Ubfly,ECOFLXPLUS,Soft drink; In-flight entertainment; Uninterrupted return (up to the last 12 hours); Change with Penalty,Included,Included,Unknown,Included,Unknown,Unknown,Unknown,Unknown,Unknown,Unknown,Unknown,Unknown,Unknown,Unknown,Unknown,Unknown,Yes,,100.0,2026-07-28T11:11:35+00:00,success,0
EK,ISB,LGW,ISB,PK,LON,GB,2027-04-13,2027-04-16,Summer,Business,0,Bus-1,BSSAVER,Business Basic,0.00 USD,2445.27,USD,Ubfly,BSSAVER,Premium check-in; Soft drink; In-flight entertainment; Chauffeur Drive; Internet Access,Included,Included,Included,Included,Included,Included,Included,Unknown,Unknown,Unknown,Unknown,Unknown,Unknown,Unknown,Unknown,Unknown,Yes,,,2026-07-28T11:11:35+00:00,success,0
EK,ISB,LGW,ISB,PK,LON,GB,2027-04-13,2027-04-16,Summer,Business,1,Bus-2,BSFLEX,Business Flex,+469.76 USD,2915.03,USD,Ubfly,BSFLEX,Premium check-in; Soft drink; In-flight entertainment; Chauffeur Drive; Internet Access,Included,Included,Included,Included,Included,Included,Included,Unknown,Unknown,Unknown,Unknown,Unknown,Unknown,Unknown,Unknown,Unknown,Yes,,175.0,2026-07-28T11:11:35+00:00,success,0
EK,ISB,LGW,ISB,PK,LON,GB,2027-04-13,2027-04-16,Summer,Business,2,Bus-3,BSFLXPLUS,Business Comfort,"+1,136.03 USD",3581.3,USD,Ubfly,BSFLXPLUS,Premium check-in; Soft drink; In-flight entertainment; Chauffeur Drive; Internet Access; Uninterrupted return (up to the last 12 hours); Change with Penalty,Included,Included,Included,Included,Included,Included,Included,Unknown,Unknown,Unknown,Unknown,Unknown,Unknown,Unknown,Unknown,Unknown,Yes,,190.0,2026-07-28T11:11:35+00:00,success,0
EK,ISB,LGW,ISB,PK,LON,GB,2027-03-03,2027-03-06,Winter,Economy,0,Eco-1,Economy Saver,Economy Basic,0.00 USD,551.76,USD,Ubfly,YP,• Hot and cold refreshments; • ICE entertainment; • Mileage upgrade eligibility at time of check-in; Economy Cabin,Included,Included,Paid,Included,Unknown,Unknown,Unknown,Included,Not Included,Unknown,Unknown,Unknown,Included,Unknown,Unknown,Unknown,Yes,1125.0,,2026-07-28T11:11:35+00:00,success,0
EK,ISB,LGW,ISB,PK,LON,GB,2027-03-03,2027-03-06,Winter,Economy,1,Eco-2,Economy Flex,Economy Flex,+135.63 USD,687.39,USD,Ubfly,YS,• Hot and cold refreshments; • ICE entertainment; • Mileage upgrade eligibility; Economy Cabin,Included,Included,Included,Included,Unknown,Unknown,Unknown,Included,Not Included,Unknown,Unknown,Unknown,Included,Unknown,Unknown,Unknown,Yes,2813.0,,2026-07-28T11:11:35+00:00,success,0
EK,ISB,LGW,ISB,PK,LON,GB,2027-03-03,2027-03-06,Winter,Economy,2,Eco-3,Economy Flex Plus,Economy Comfort,+559.54 USD,1111.3,USD,Ubfly,YF,• Hot and cold refreshments; • ICE entertainment; • Mileage upgrade eligibility; Economy Cabin,Included,Included,Included,Included,Unknown,Unknown,Unknown,Not Included,Not Included,Unknown,Unknown,Unknown,Included,Unknown,Unknown,Unknown,Yes,3750.0,,2026-07-28T11:11:35+00:00,success,0
EK,ISB,LGW,ISB,PK,LON,GB,2027-03-03,2027-03-06,Winter,Premium Economy,0,PEco-1,Premium Economy FlexPlus,Premium Economy Comfort,+572.50 USD,1124.26,USD,Ubfly,WF,• Hot and cold refreshments; • ICE entertainment; • Mileage upgrade eligibility; • Exclusive Premium Economy Class dining; Premium Economy Cabin,Included,Included,Included,Unknown,Unknown,Unknown,Unknown,Not Included,Not Included,Unknown,Unknown,Unknown,Included,Unknown,Unknown,Unknown,Yes,4125.0,,2026-07-28T11:11:35+00:00,success,0
EK,ISB,LGW,ISB,PK,LON,GB,2027-03-03,2027-03-06,Winter,Business,0,Bus-1,BSSAVER,Business Basic,0.00 USD,2445.27,USD,Ubfly,BSSAVER,Premium check-in; Soft drink; In-flight entertainment; Chauffeur Drive; Internet Access,Included,Included,Included,Included,Included,Included,Included,Unknown,Unknown,Unknown,Unknown,Unknown,Unknown,Unknown,Unknown,Unknown,Yes,,,2026-07-28T11:11:35+00:00,success,0
EK,ISB,LGW,ISB,PK,LON,GB,2027-03-03,2027-03-06,Winter,Business,1,Bus-2,BSFLEX,Business Flex,+469.76 USD,2915.03,USD,Ubfly,BSFLEX,Premium check-in; Soft drink; In-flight entertainment; Chauffeur Drive; Internet Access,Included,Included,Included,Included,Included,Included,Included,Unknown,Unknown,Unknown,Unknown,Unknown,Unknown,Unknown,Unknown,Unknown,Yes,,175.0,2026-07-28T11:11:35+00:00,success,0
EK,ISB,LGW,ISB,PK,LON,GB,2027-03-03,2027-03-06,Winter,Business,2,Bus-3,BSFLXPLUS,Business Comfort,"+1,136.03 USD",3581.3,USD,Ubfly,BSFLXPLUS,Uninterrupted return (up to the last 12 hours); Change with Penalty; Premium check-in; Soft drink; In-flight entertainment; Chauffeur Drive; Internet Access,Included,Included,Included,Included,Included,Included,Included,Unknown,Unknown,Unknown,Unknown,Unknown,Unknown,Unknown,Unknown,Unknown,Yes,,190.0,2026-07-28T11:11:35+00:00,success,0
TK,ISB,LGW,ISB,PK,LON,GB,2027-04-13,2027-04-16,Summer,Economy,0,Eco-1,ECOFLY,Economy Basic,0.00 USD,618.16,USD,Ubfly,CL,Online Message Verification,Included,Included,Unknown,Included,Unknown,Unknown,Unknown,Not Included,Unknown,Unknown,Unknown,Unknown,Unknown,Unknown,Unknown,Unknown,,,,2026-07-28T11:11:35+00:00,success,0
TK,ISB,LGW,ISB,PK,LON,GB,2027-04-13,2027-04-16,Summer,Economy,1,Eco-2,EXTRAFLY,Economy Standard,+40.49 USD,658.65,USD,Ubfly,LG,Online Message Verification,Included,Included,Unknown,Included,Unknown,Unknown,Unknown,Unknown,Unknown,Unknown,Unknown,Unknown,Unknown,Unknown,Unknown,Unknown,,,,2026-07-28T11:11:35+00:00,success,0
TK,ISB,LGW,ISB,PK,LON,GB,2027-04-13,2027-04-16,Summer,Economy,2,Eco-3,FLEXFLY,Economy Flex,+108.37 USD,726.53,USD,Ubfly,GN,Online Message Verification,Included,Included,Included,Included,Unknown,Unknown,Unknown,Unknown,Unknown,Unknown,Unknown,Unknown,Unknown,Unknown,Unknown,Unknown,Yes,,15.0,2026-07-28T11:11:35+00:00,success,0
TK,ISB,LGW,ISB,PK,LON,GB,2027-04-13,2027-04-16,Summer,Economy,3,Eco-4,Flexible,Economy Flex,+214.64 USD,832.8,USD,Ubfly,FL,Online Message Verification,Included,Included,Included,Included,Unknown,Unknown,Included,Unknown,Unknown,Unknown,Unknown,Paid,Unknown,Unknown,Unknown,Unknown,Yes,,30.0,2026-07-28T11:11:35+00:00,success,0
TK,ISB,LGW,ISB,PK,LON,GB,2027-04-13,2027-04-16,Summer,Business,0,Bus-1,BUSINESS FLY,Business — BUSINESS FLY,0.00 USD,2698.4,USD,Ubfly,BF,Priority Check-In,Included,Included,Included,Unknown,Included,Included,Included,Unknown,Unknown,Unknown,Unknown,Unknown,Included,Unknown,Unknown,Unknown,,,,2026-07-28T11:11:35+00:00,success,0
TK,ISB,LGW,ISB,PK,LON,GB,2027-04-13,2027-04-16,Summer,Business,1,Bus-2,BUSINESS PRIME,Business Premium,+324.15 USD,3022.55,USD,Ubfly,BL,Priority Check-In,Included,Included,Included,Unknown,Included,Included,Included,Unknown,Unknown,Unknown,Unknown,Paid,Included,Unknown,Unknown,Unknown,Yes,,30.0,2026-07-28T11:11:35+00:00,success,0
TK,ISB,LGW,ISB,PK,LON,GB,2027-03-03,2027-03-06,Winter,Economy,0,Eco-1,ECOFLY,Economy Basic,0.00 USD,618.16,USD,Ubfly,CL,Online Message Verification,Included,Included,Unknown,Included,Unknown,Unknown,Unknown,Not Included,Unknown,Unknown,Unknown,Unknown,Unknown,Unknown,Unknown,Unknown,,,,2026-07-28T11:11:35+00:00,success,0
TK,ISB,LGW,ISB,PK,LON,GB,2027-03-03,2027-03-06,Winter,Economy,1,Eco-2,EXTRAFLY,Economy Standard,+40.49 USD,658.65,USD,Ubfly,LG,Online Message Verification,Included,Included,Unknown,Included,Unknown,Unknown,Unknown,Unknown,Unknown,Unknown,Unknown,Unknown,Unknown,Unknown,Unknown,Unknown,,,,2026-07-28T11:11:35+00:00,success,0
TK,ISB,LGW,ISB,PK,LON,GB,2027-03-03,2027-03-06,Winter,Economy,2,Eco-3,FLEXFLY,Economy Flex,+108.37 USD,726.53,USD,Ubfly,GN,Online Message Verification,Included,Included,Included,Included,Unknown,Unknown,Unknown,Unknown,Unknown,Unknown,Unknown,Unknown,Unknown,Unknown,Unknown,Unknown,Yes,,15.0,2026-07-28T11:11:35+00:00,success,0
TK,ISB,LGW,ISB,PK,LON,GB,2027-03-03,2027-03-06,Winter,Economy,3,Eco-4,Flexible,Economy Flex,+214.64 USD,832.8,USD,Ubfly,FL,Online Message Verification,Included,Included,Included,Included,Unknown,Unknown,Included,Unknown,Unknown,Unknown,Unknown,Paid,Unknown,Unknown,Unknown,Unknown,Yes,,30.0,2026-07-28T11:11:35+00:00,success,0
TK,ISB,LGW,ISB,PK,LON,GB,2027-03-03,2027-03-06,Winter,Business,0,Bus-1,BUSINESS FLY,Business — BUSINESS FLY,0.00 USD,2698.4,USD,Ubfly,BF,Priority Check-In,Included,Included,Included,Unknown,Included,Included,Included,Unknown,Unknown,Unknown,Unknown,Unknown,Included,Unknown,Unknown,Unknown,,,,2026-07-28T11:11:35+00:00,success,0
TK,ISB,LGW,ISB,PK,LON,GB,2027-03-03,2027-03-06,Winter,Business,1,Bus-2,BUSINESS PRIME,Business Premium,+324.15 USD,3022.55,USD,Ubfly,BL,Priority Check-In,Included,Included,Included,Unknown,Included,Included,Included,Unknown,Unknown,Unknown,Unknown,Paid,Included,Unknown,Unknown,Unknown,Yes,,30.0,2026-07-28T11:11:35+00:00,success,0
GF,ISB,LGW,ISB,PK,LON,GB,2027-04-13,2027-04-16,Summer,Economy,0,Eco-1,ECOLITE,Economy Lite,0.00 USD,502.5,USD,Ubfly,ECOLITE,,Included,Included,Unknown,Included,Unknown,Unknown,Unknown,Unknown,Unknown,Unknown,Unknown,Unknown,Unknown,Unknown,Unknown,Unknown,Yes,,,2026-07-28T11:11:35+00:00,success,0
GF,ISB,LGW,ISB,PK,LON,GB,2027-04-13,2027-04-16,Summer,Economy,1,Eco-2,ECOSMART,Economy Standard,+37.19 USD,539.69,USD,Ubfly,ECOSMART,,Included,Included,Included,Included,Unknown,Unknown,Unknown,Unknown,Unknown,Unknown,Unknown,Unknown,Unknown,Unknown,Unknown,Unknown,Yes,,75.0,2026-07-28T11:11:35+00:00,success,0
GF,ISB,LGW,ISB,PK,LON,GB,2027-04-13,2027-04-16,Summer,Economy,2,Eco-3,ECOFLEX,Economy Flex,+98.03 USD,600.53,USD,Ubfly,ECOFLEX,,Included,Included,Included,Included,Unknown,Unknown,Unknown,Unknown,Unknown,Unknown,Unknown,Unknown,Unknown,Unknown,Unknown,Unknown,Yes,,,2026-07-28T11:11:35+00:00,success,0
GF,ISB,LGW,ISB,PK,LON,GB,2027-04-13,2027-04-16,Summer,Business,0,Bus-1,BIZSMART,Business Standard,0.00 USD,2738.69,USD,Ubfly,BIZSMART,Privileged check-in,Included,Included,Included,Included,Included,Unknown,Unknown,Unknown,Unknown,Unknown,Unknown,Unknown,Unknown,Unknown,Unknown,Unknown,Yes,,,2026-07-28T11:11:35+00:00,success,0
GF,ISB,LGW,ISB,PK,LON,GB,2027-04-13,2027-04-16,Summer,Business,1,Bus-2,BUSINESS FLEX,Business Flex,+143.63 USD,2882.32,USD,Ubfly,BIZFLEX,Change with Penalty; Uninterrupted return (up to the last 12 hours); Privileged check-in,Included,Included,Included,Included,Included,Unknown,Unknown,Unknown,Unknown,Unknown,Unknown,Unknown,Unknown,Unknown,Unknown,Unknown,Yes,,,2026-07-28T11:11:35+00:00,success,0
GF,ISB,LGW,ISB,PK,LON,GB,2027-03-04,2027-03-07,Winter,Economy,0,Eco-1,ECOLITE,Economy Lite,0.00 USD,502.5,USD,Ubfly,ECOLITE,,Included,Included,Unknown,Included,Unknown,Unknown,Unknown,Unknown,Unknown,Unknown,Unknown,Unknown,Unknown,Unknown,Unknown,Unknown,Yes,,,2026-07-28T11:11:35+00:00,success,0
GF,ISB,LGW,ISB,PK,LON,GB,2027-03-04,2027-03-07,Winter,Economy,1,Eco-2,ECOSMART,Economy Standard,+37.19 USD,539.69,USD,Ubfly,ECOSMART,,Included,Included,Included,Included,Unknown,Unknown,Unknown,Unknown,Unknown,Unknown,Unknown,Unknown,Unknown,Unknown,Unknown,Unknown,Yes,,75.0,2026-07-28T11:11:35+00:00,success,0
GF,ISB,LGW,ISB,PK,LON,GB,2027-03-04,2027-03-07,Winter,Economy,2,Eco-3,ECOFLEX,Economy Flex,+98.03 USD,600.53,USD,Ubfly,ECOFLEX,,Included,Included,Included,Included,Unknown,Unknown,Unknown,Unknown,Unknown,Unknown,Unknown,Unknown,Unknown,Unknown,Unknown,Unknown,Yes,,,2026-07-28T11:11:35+00:00,success,0
GF,ISB,LGW,ISB,PK,LON,GB,2027-03-04,2027-03-07,Winter,Business,0,Bus-1,BIZSMART,Business Standard,0.00 USD,2738.69,USD,Ubfly,BIZSMART,Privileged check-in,Included,Included,Included,Included,Included,Unknown,Unknown,Unknown,Unknown,Unknown,Unknown,Unknown,Unknown,Unknown,Unknown,Unknown,Yes,,,2026-07-28T11:11:35+00:00,success,0
GF,ISB,LGW,ISB,PK,LON,GB,2027-03-04,2027-03-07,Winter,Business,1,Bus-2,BUSINESS FLEX,Business Flex,+143.63 USD,2882.32,USD,Ubfly,BIZFLEX,Change with Penalty; Uninterrupted return (up to the last 12 hours); Privileged check-in,Included,Included,Included,Included,Included,Unknown,Unknown,Unknown,Unknown,Unknown,Unknown,Unknown,Unknown,Unknown,Unknown,Unknown,Yes,,,2026-07-28T11:11:35+00:00,success,0
QR,LHR,ISB,LON,GB,ISB,PK,2026-08-23,2026-08-26,Summer,Economy,0,Eco-1,ECONOMY CLASSIC,Economy Standard,0.00 USD,563.54,USD,Ubfly,ECLASSIC,,Included,Included,Unknown,Included,Unknown,Unknown,Unknown,Unknown,Unknown,Unknown,Unknown,Unknown,Unknown,Unknown,Unknown,Unknown,Yes,,50.0,2026-07-28T11:11:35+00:00,success,0
QR,LHR,ISB,LON,GB,ISB,PK,2026-08-23,2026-08-26,Summer,Economy,1,Eco-2,ECONOMY CONVENIENCE,Economy — ECONOMY CONVENIENCE,+93.93 USD,657.47,USD,Ubfly,ECONVENIEN,,Included,Included,Included,Included,Unknown,Unknown,Unknown,Unknown,Unknown,Unknown,Unknown,Unknown,Unknown,Unknown,Unknown,Unknown,Yes,,75.0,2026-07-28T11:11:35+00:00,success,0
QR,LHR,ISB,LON,GB,ISB,PK,2026-08-23,2026-08-26,Summer,Economy,2,Eco-3,ECONOMY COMFORT,Economy Comfort,+517.74 USD,1081.28,USD,Ubfly,ECOMFORT,Uninterrupted return (up to the last 12 hours); Change with Penalty,Included,Included,Included,Included,Unknown,Unknown,Unknown,Unknown,Unknown,Unknown,Unknown,Unknown,Unknown,Unknown,Unknown,Unknown,Yes,,100.0,2026-07-28T11:11:35+00:00,success,0
QR,LHR,ISB,LON,GB,ISB,PK,2027-02-13,2027-02-16,Winter,Economy,0,Eco-1,ECONOMY CLASSIC,Economy Standard,0.00 USD,622.19,USD,Ubfly,ECLASSIC,,Included,Included,Unknown,Included,Unknown,Unknown,Unknown,Unknown,Unknown,Unknown,Unknown,Unknown,Unknown,Unknown,Unknown,Unknown,Yes,,50.0,2026-07-28T11:11:35+00:00,success,0
QR,LHR,ISB,LON,GB,ISB,PK,2027-02-13,2027-02-16,Winter,Economy,1,Eco-2,ECONOMY CONVENIENCE,Economy — ECONOMY CONVENIENCE,+52.64 USD,674.83,USD,Ubfly,ECONVENIEN,,Included,Included,Included,Included,Unknown,Unknown,Unknown,Unknown,Unknown,Unknown,Unknown,Unknown,Unknown,Unknown,Unknown,Unknown,Yes,,75.0,2026-07-28T11:11:35+00:00,success,0
QR,LHR,ISB,LON,GB,ISB,PK,2027-02-13,2027-02-16,Winter,Economy,2,Eco-3,ECONOMY COMFORT,Economy Comfort,+476.47 USD,1098.66,USD,Ubfly,ECOMFORT,Uninterrupted return (up to the last 12 hours); Change with Penalty,Included,Included,Included,Included,Unknown,Unknown,Unknown,Unknown,Unknown,Unknown,Unknown,Unknown,Unknown,Unknown,Unknown,Unknown,Yes,,100.0,2026-07-28T11:11:35+00:00,success,0
QR,LHR,ISB,LON,GB,ISB,PK,2027-02-13,2027-02-16,Winter,Business,0,Bus-1,BUSINESS COMFORT,Business Comfort,0.00 USD,3228.68,USD,Ubfly,BCOMFORT,175 PCT QMILES ACCUMULATION(F),Included,Included,Included,Included,Included,Unknown,Unknown,Unknown,Unknown,Unknown,Unknown,Unknown,Unknown,Unknown,Unknown,Unknown,,,,2026-07-28T11:11:35+00:00,success,0
QR,LHR,ISB,LON,GB,ISB,PK,2027-02-13,2027-02-16,Winter,Business,1,Bus-2,BUSINESS ELITE,Business Lite,"+1,115.34 USD",4344.02,USD,Ubfly,BELITE,200 PCT QMILES ACCUMULATION(F); Uninterrupted return (up to the last 12 hours); Change with Penalty,Included,Included,Included,Included,Included,Unknown,Unknown,Unknown,Unknown,Unknown,Unknown,Unknown,Unknown,Unknown,Unknown,Unknown,,,,2026-07-28T11:11:35+00:00,success,0
SV,LHR,ISB,LON,GB,ISB,PK,2026-08-23,2026-08-26,Summer,Economy,0,Eco-1,Basic Eco,Economy Basic,0.00 USD,1810.35,USD,Ubfly,NBASICE,1 Free bag: 23 kg,Included,Included,Unknown,Unknown,Unknown,Unknown,Unknown,Unknown,Unknown,Unknown,Unknown,Unknown,Unknown,Unknown,Unknown,Unknown,Yes,,35.0,2026-07-28T11:11:35+00:00,success,0
SV,LHR,ISB,LON,GB,ISB,PK,2026-08-23,2026-08-26,Summer,Economy,1,Eco-2,Semi Flex Eco,Economy Basic,+63.30 USD,1873.65,USD,Ubfly,NSEMIFLEXE,1 Free bag: 23 kg,Included,Included,Unknown,Unknown,Unknown,Unknown,Unknown,Unknown,Unknown,Unknown,Unknown,Unknown,Unknown,Unknown,Unknown,Unknown,Yes,,,2026-07-28T11:11:35+00:00,success,0
SV,LHR,ISB,LON,GB,ISB,PK,2026-08-23,2026-08-26,Summer,Economy,2,Eco-3,Flex Eco,Economy Basic,+121.85 USD,1932.2,USD,Ubfly,NFLEXE,Change without penalty; Uninterrupted return (up to the last 12 hours); 2 Free bags: 23 kg,Included,Included,Included,Unknown,Unknown,Unknown,Unknown,Unknown,Unknown,Unknown,Unknown,Unknown,Unknown,Unknown,Unknown,Unknown,Yes,,,2026-07-28T11:11:35+00:00,success,0
SV,LHR,ISB,LON,GB,ISB,PK,2026-08-23,2026-08-26,Summer,Business,0,Bus-1,BASIC BUS,Business Basic,0.00 USD,4330.94,USD,Ubfly,NBASICB,Priority Services; Business/First Class: 2 free bags,Included,Included,Included,Unknown,Unknown,Unknown,Unknown,Unknown,Unknown,Unknown,Unknown,Unknown,Unknown,Unknown,Unknown,Unknown,Yes,,175.0,2026-07-28T11:11:35+00:00,success,0
SV,LHR,ISB,LON,GB,ISB,PK,2026-08-23,2026-08-26,Summer,Business,1,Bus-2,SEMI FLEX BUS,Business Flex,+77.20 USD,4408.14,USD,Ubfly,NSEMIFLEXB,Priority Services; Business/First Class: 2 free bags,Included,Included,Included,Unknown,Unknown,Unknown,Unknown,Unknown,Unknown,Unknown,Unknown,Unknown,Unknown,Unknown,Unknown,Unknown,Yes,,225.0,2026-07-28T11:11:35+00:00,success,0
SV,LHR,ISB,LON,GB,ISB,PK,2026-08-23,2026-08-26,Summer,Business,2,Bus-3,FLEX BUS,Business Flex,+155.72 USD,4486.66,USD,Ubfly,NFLEXB,Priority Services; Change without penalty; Uninterrupted return (up to the last 12 hours); Business/First Class: 2 free bags,Included,Included,Included,Unknown,Unknown,Unknown,Unknown,Unknown,Unknown,Unknown,Unknown,Unknown,Unknown,Unknown,Unknown,Unknown,Yes,,,2026-07-28T11:11:35+00:00,success,0
SV,LHR,ISB,LON,GB,ISB,PK,2027-02-13,2027-02-16,Winter,Economy,0,Eco-1,Economy Basic,Economy Basic,0.00 USD,547.48,USD,Ubfly,NBASICE,Change with fee; Change with fee; Change with fee; Change with fee; Priority check-in not included,Included,Included,Paid,Unknown,Unknown,Not Included,Not Included,Paid,Not Included,Paid,Paid,Unknown,Unknown,Unknown,Unknown,Unknown,Yes,,60.0,2026-07-28T11:11:35+00:00,success,0
SV,LHR,ISB,LON,GB,ISB,PK,2027-02-13,2027-02-16,Winter,Economy,1,Eco-2,Economy Semi-Flex,Economy Flex,+45.26 USD,592.74,USD,Ubfly,NSEMIFLEXE,Change with fee; Change with fee; Change with fee; Change with fee; Priority check-in not included,Included,Included,Paid,Unknown,Unknown,Not Included,Not Included,Paid,Not Included,Paid,Paid,Unknown,Unknown,Unknown,Unknown,Unknown,Yes,,80.0,2026-07-28T11:11:35+00:00,success,0
SV,LHR,ISB,LON,GB,ISB,PK,2027-02-13,2027-02-16,Winter,Economy,2,Eco-3,Economy Flex,Economy Flex,+89.19 USD,636.67,USD,Ubfly,NFLEXE,Change with fee; Change with fee; 2 pieces (23 kg each); Priority check-in not included,Included,Included,Paid,Unknown,Unknown,Not Included,Not Included,Paid,Paid,Paid,Paid,Unknown,Unknown,Unknown,Unknown,Unknown,Yes,,110.0,2026-07-28T11:11:35+00:00,success,0
SV,LHR,ISB,LON,GB,ISB,PK,2027-02-13,2027-02-16,Winter,Business,0,Bus-1,BASIC BUS,Business Basic,0.00 USD,3307.3,USD,Ubfly,NBASICB,Priority Services; Business/First Class: 2 free bags,Included,Included,Included,Unknown,Unknown,Unknown,Unknown,Unknown,Unknown,Unknown,Unknown,Unknown,Unknown,Unknown,Unknown,Unknown,Yes,,175.0,2026-07-28T11:11:35+00:00,success,0
SV,LHR,ISB,LON,GB,ISB,PK,2027-02-13,2027-02-16,Winter,Business,1,Bus-2,SEMI FLEX BUS,Business Flex,+77.20 USD,3384.5,USD,Ubfly,NSEMIFLEXB,Priority Services; Business/First Class: 2 free bags,Included,Included,Included,Unknown,Unknown,Unknown,Unknown,Unknown,Unknown,Unknown,Unknown,Unknown,Unknown,Unknown,Unknown,Unknown,Yes,,225.0,2026-07-28T11:11:35+00:00,success,0
SV,LHR,ISB,LON,GB,ISB,PK,2027-02-13,2027-02-16,Winter,Business,2,Bus-3,FLEX BUS,Business Flex,+155.74 USD,3463.04,USD,Ubfly,NFLEXB,Priority Services; Change without penalty; Uninterrupted return (up to the last 12 hours); Business/First Class: 2 free bags,Included,Included,Included,Unknown,Unknown,Unknown,Unknown,Unknown,Unknown,Unknown,Unknown,Unknown,Unknown,Unknown,Unknown,Unknown,Yes,,,2026-07-28T11:11:35+00:00,success,0
GF,LHR,ISB,LON,GB,ISB,PK,2026-08-23,2026-08-26,Summer,Economy,0,Eco-1,ECOLITE,Economy Lite,0.00 USD,607.92,USD,Ubfly,ECOLITE,,Included,Included,Unknown,Included,Unknown,Unknown,Unknown,Unknown,Unknown,Unknown,Unknown,Unknown,Unknown,Unknown,Unknown,Unknown,Yes,,,2026-07-28T11:11:35+00:00,success,0
GF,LHR,ISB,LON,GB,ISB,PK,2026-08-23,2026-08-26,Summer,Economy,1,Eco-2,ECOSMART,Economy Standard,+36.87 USD,644.79,USD,Ubfly,ECOSMART,,Included,Included,Included,Included,Unknown,Unknown,Unknown,Unknown,Unknown,Unknown,Unknown,Unknown,Unknown,Unknown,Unknown,Unknown,Yes,,75.0,2026-07-28T11:11:35+00:00,success,0
GF,LHR,ISB,LON,GB,ISB,PK,2026-08-23,2026-08-26,Summer,Economy,2,Eco-3,ECOFLEX,Economy Flex,+98.11 USD,706.03,USD,Ubfly,ECOFLEX,,Included,Included,Included,Included,Unknown,Unknown,Unknown,Unknown,Unknown,Unknown,Unknown,Unknown,Unknown,Unknown,Unknown,Unknown,Yes,,,2026-07-28T11:11:35+00:00,success,0
GF,LHR,ISB,LON,GB,ISB,PK,2026-08-23,2026-08-26,Summer,Business,0,Bus-1,BIZSMART,Business Standard,0.00 USD,6039.55,USD,Ubfly,BIZSMART,Privileged check-in,Included,Included,Included,Included,Included,Unknown,Unknown,Unknown,Unknown,Unknown,Unknown,Unknown,Unknown,Unknown,Unknown,Unknown,Yes,,,2026-07-28T11:11:35+00:00,success,0
GF,LHR,ISB,LON,GB,ISB,PK,2026-08-23,2026-08-26,Summer,Business,1,Bus-2,BUSINESS FLEX,Business Flex,+150.40 USD,6189.95,USD,Ubfly,BIZFLEX,Change with Penalty; Uninterrupted return (up to the last 12 hours); Privileged check-in,Included,Included,Included,Included,Included,Unknown,Unknown,Unknown,Unknown,Unknown,Unknown,Unknown,Unknown,Unknown,Unknown,Unknown,Yes,,,2026-07-28T11:11:35+00:00,success,0
GF,LHR,ISB,LON,GB,ISB,PK,2027-02-14,2027-02-17,Winter,Economy,0,Eco-1,ECOLITE,Economy Lite,0.00 USD,667.8,USD,Ubfly,ECOLITE,,Included,Included,Unknown,Included,Unknown,Unknown,Unknown,Unknown,Unknown,Unknown,Unknown,Unknown,Unknown,Unknown,Unknown,Unknown,Yes,,,2026-07-28T11:11:35+00:00,success,0
GF,LHR,ISB,LON,GB,ISB,PK,2027-02-14,2027-02-17,Winter,Economy,1,Eco-2,ECOSMART,Economy Standard,+36.89 USD,704.69,USD,Ubfly,ECOSMART,,Included,Included,Included,Included,Unknown,Unknown,Unknown,Unknown,Unknown,Unknown,Unknown,Unknown,Unknown,Unknown,Unknown,Unknown,Yes,,75.0,2026-07-28T11:11:35+00:00,success,0
GF,LHR,ISB,LON,GB,ISB,PK,2027-02-14,2027-02-17,Winter,Economy,2,Eco-3,ECOFLEX,Economy Flex,+98.11 USD,765.91,USD,Ubfly,ECOFLEX,,Included,Included,Included,Included,Unknown,Unknown,Unknown,Unknown,Unknown,Unknown,Unknown,Unknown,Unknown,Unknown,Unknown,Unknown,Yes,,,2026-07-28T11:11:35+00:00,success,0
GF,LHR,ISB,LON,GB,ISB,PK,2027-02-14,2027-02-17,Winter,Business,0,Bus-1,BIZSMART,Business Standard,0.00 USD,2777.4,USD,Ubfly,BIZSMART,Privileged check-in,Included,Included,Included,Included,Included,Unknown,Unknown,Unknown,Unknown,Unknown,Unknown,Unknown,Unknown,Unknown,Unknown,Unknown,Yes,,,2026-07-28T11:11:35+00:00,success,0
GF,LHR,ISB,LON,GB,ISB,PK,2027-02-14,2027-02-17,Winter,Business,1,Bus-2,BUSINESS FLEX,Business Flex,+150.40 USD,2927.8,USD,Ubfly,BIZFLEX,Change with Penalty; Uninterrupted return (up to the last 12 hours); Privileged check-in,Included,Included,Included,Included,Included,Unknown,Unknown,Unknown,Unknown,Unknown,Unknown,Unknown,Unknown,Unknown,Unknown,Unknown,Yes,,,2026-07-28T11:11:35+00:00,success,0
EY,LHR,ISB,LON,GB,ISB,PK,2026-08-23,2026-08-26,Summer,Economy,0,Eco-1,YBASIC,Economy Basic,0.00 USD,491.36,USD,Ubfly,YBASIC,,Included,Not Included,Unknown,Included,Unknown,Unknown,Unknown,Unknown,Unknown,Unknown,Unknown,Unknown,Unknown,Unknown,Unknown,Unknown,Yes,,5.0,2026-07-28T11:11:35+00:00,success,0
EY,LHR,ISB,LON,GB,ISB,PK,2026-08-23,2026-08-26,Summer,Economy,1,Eco-2,YVALUE,Economy Basic,+24.52 USD,515.88,USD,Ubfly,YVALUE,,Included,Included,Unknown,Included,Unknown,Unknown,Unknown,Unknown,Unknown,Unknown,Unknown,Unknown,Unknown,Unknown,Unknown,Unknown,Yes,,35.0,2026-07-28T11:11:35+00:00,success,0
EY,LHR,ISB,LON,GB,ISB,PK,2026-08-23,2026-08-26,Summer,Economy,2,Eco-3,YCOMFORT,Economy Comfort,+51.14 USD,542.5,USD,Ubfly,YCOMFORT,,Included,Included,Included,Included,Unknown,Unknown,Unknown,Unknown,Unknown,Unknown,Unknown,Unknown,Unknown,Unknown,Unknown,Unknown,Yes,,75.0,2026-07-28T11:11:35+00:00,success,0
EY,LHR,ISB,LON,GB,ISB,PK,2026-08-23,2026-08-26,Summer,Economy,3,Eco-4,YDELUXE,Economy — YDELUXE,+128.33 USD,619.69,USD,Ubfly,YDELUXE,Change with Penalty; Uninterrupted return (up to the last 12 hours); Priority Access,Included,Included,Included,Included,Unknown,Unknown,Unknown,Unknown,Unknown,Unknown,Unknown,Unknown,Unknown,Unknown,Unknown,Unknown,Yes,,,2026-07-28T11:11:35+00:00,success,0
EY,LHR,ISB,LON,GB,ISB,PK,2026-08-23,2026-08-26,Summer,Business,0,Bus-1,JVALUE,Business Basic,0.00 USD,2249.36,USD,Ubfly,JVALUE,Priority Access,Included,Included,Unknown,Included,Unknown,Unknown,Unknown,Unknown,Unknown,Unknown,Unknown,Unknown,Unknown,Unknown,Unknown,Unknown,Yes,,100.0,2026-07-28T11:11:35+00:00,success,0
EY,LHR,ISB,LON,GB,ISB,PK,2026-08-23,2026-08-26,Summer,Business,1,Bus-2,JCOMFORT,Business Comfort,+188.99 USD,2438.35,USD,Ubfly,JCOMFORT,Priority Access; ETIHAD UAE CHAUFFEUR(F),Included,Included,Included,Included,Included,Unknown,Unknown,Unknown,Unknown,Unknown,Unknown,Unknown,Unknown,Unknown,Unknown,Unknown,Yes,,,2026-07-28T11:11:35+00:00,success,0
EY,LHR,ISB,LON,GB,ISB,PK,2026-08-23,2026-08-26,Summer,Business,2,Bus-3,JDELUXE,Business — JDELUXE,+453.87 USD,2703.23,USD,Ubfly,JDELUXE,Change with Penalty; Uninterrupted return (up to the last 12 hours); Priority Access; ETIHAD UAE CHAUFFEUR(F); ETIHAD GLOBAL CHAUFFEUR(F),Included,Included,Included,Included,Included,Unknown,Unknown,Unknown,Unknown,Unknown,Unknown,Unknown,Unknown,Unknown,Unknown,Unknown,Yes,,,2026-07-28T11:11:35+00:00,success,0
EY,LHR,ISB,LON,GB,ISB,PK,2027-02-13,2027-02-16,Winter,Economy,0,Eco-1,YBASIC,Economy Basic,0.00 USD,797.5,USD,Ubfly,YBASIC,,Included,Not Included,Unknown,Included,Unknown,Unknown,Unknown,Unknown,Unknown,Unknown,Unknown,Unknown,Unknown,Unknown,Unknown,Unknown,Yes,,5.0,2026-07-28T11:11:35+00:00,success,0
EY,LHR,ISB,LON,GB,ISB,PK,2027-02-13,2027-02-16,Winter,Economy,1,Eco-2,YVALUE,Economy Basic,+29.84 USD,827.34,USD,Ubfly,YVALUE,,Included,Included,Unknown,Included,Unknown,Unknown,Unknown,Unknown,Unknown,Unknown,Unknown,Unknown,Unknown,Unknown,Unknown,Unknown,Yes,,35.0,2026-07-28T11:11:35+00:00,success,0
EY,LHR,ISB,LON,GB,ISB,PK,2027-02-13,2027-02-16,Winter,Economy,2,Eco-3,YCOMFORT,Economy Comfort,+64.44 USD,861.94,USD,Ubfly,YCOMFORT,,Included,Included,Included,Included,Unknown,Unknown,Unknown,Unknown,Unknown,Unknown,Unknown,Unknown,Unknown,Unknown,Unknown,Unknown,Yes,,75.0,2026-07-28T11:11:35+00:00,success,0
EY,LHR,ISB,LON,GB,ISB,PK,2027-02-13,2027-02-16,Winter,Economy,3,Eco-4,YDELUXE,Economy — YDELUXE,+181.57 USD,979.07,USD,Ubfly,YDELUXE,Change with Penalty; Uninterrupted return (up to the last 12 hours); Priority Access,Included,Included,Included,Included,Unknown,Unknown,Unknown,Unknown,Unknown,Unknown,Unknown,Unknown,Unknown,Unknown,Unknown,Unknown,Yes,,,2026-07-28T11:11:35+00:00,success,0
EY,LHR,ISB,LON,GB,ISB,PK,2027-02-13,2027-02-16,Winter,Business,0,Bus-1,JVALUE,Business Basic,0.00 USD,3487.68,USD,Ubfly,JVALUE,Priority Access,Included,Included,Unknown,Included,Unknown,Unknown,Unknown,Unknown,Unknown,Unknown,Unknown,Unknown,Unknown,Unknown,Unknown,Unknown,Yes,,100.0,2026-07-28T11:11:35+00:00,success,0
EY,LHR,ISB,LON,GB,ISB,PK,2027-02-13,2027-02-16,Winter,Business,1,Bus-2,JCOMFORT,Business Comfort,+284.82 USD,3772.5,USD,Ubfly,JCOMFORT,Priority Access; ETIHAD UAE CHAUFFEUR(F),Included,Included,Included,Included,Included,Unknown,Unknown,Unknown,Unknown,Unknown,Unknown,Unknown,Unknown,Unknown,Unknown,Unknown,Yes,,,2026-07-28T11:11:35+00:00,success,0
EY,LHR,ISB,LON,GB,ISB,PK,2027-02-13,2027-02-16,Winter,Business,2,Bus-3,JDELUXE,Business — JDELUXE,+578.96 USD,4066.64,USD,Ubfly,JDELUXE,Priority Access; ETIHAD UAE CHAUFFEUR(F); ETIHAD GLOBAL CHAUFFEUR(F); Change with Penalty; Uninterrupted return (up to the last 12 hours),Included,Included,Included,Included,Included,Unknown,Unknown,Unknown,Unknown,Unknown,Unknown,Unknown,Unknown,Unknown,Unknown,Unknown,Yes,,,2026-07-28T11:11:35+00:00,success,0
QR,LHR,LHE,LON,GB,LHE,PK,2026-09-26,2026-09-29,Summer,Economy,0,Eco-1,ECONOMY CLASSIC,Economy Standard,0.00 USD,562.21,USD,Ubfly,ECLASSIC,,Included,Included,Unknown,Included,Unknown,Unknown,Unknown,Unknown,Unknown,Unknown,Unknown,Unknown,Unknown,Unknown,Unknown,Unknown,Yes,,50.0,2026-07-28T11:11:35+00:00,success,0
QR,LHR,LHE,LON,GB,LHE,PK,2026-09-26,2026-09-29,Summer,Economy,1,Eco-2,ECONOMY CONVENIENCE,Economy — ECONOMY CONVENIENCE,+140.49 USD,702.7,USD,Ubfly,ECONVENIEN,,Included,Included,Included,Included,Unknown,Unknown,Unknown,Unknown,Unknown,Unknown,Unknown,Unknown,Unknown,Unknown,Unknown,Unknown,Yes,,75.0,2026-07-28T11:11:35+00:00,success,0
QR,LHR,LHE,LON,GB,LHE,PK,2026-09-26,2026-09-29,Summer,Economy,2,Eco-3,ECONOMY COMFORT,Economy Comfort,+564.33 USD,1126.54,USD,Ubfly,ECOMFORT,Uninterrupted return (up to the last 12 hours); Change with Penalty,Included,Included,Included,Included,Unknown,Unknown,Unknown,Unknown,Unknown,Unknown,Unknown,Unknown,Unknown,Unknown,Unknown,Unknown,Yes,,100.0,2026-07-28T11:11:35+00:00,success,0
QR,LHR,LHE,LON,GB,LHE,PK,2026-09-26,2026-09-29,Summer,Business,0,Bus-1,BUSINESS COMFORT,Business Comfort,0.00 USD,3218.08,USD,Ubfly,BCOMFORT,175 PCT QMILES ACCUMULATION(F),Included,Included,Included,Included,Included,Unknown,Unknown,Unknown,Unknown,Unknown,Unknown,Unknown,Unknown,Unknown,Unknown,Unknown,,,,2026-07-28T11:11:35+00:00,success,0
QR,LHR,LHE,LON,GB,LHE,PK,2026-09-26,2026-09-29,Summer,Business,1,Bus-2,BUSINESS ELITE,Business Lite,"+1,110.02 USD",4328.1,USD,Ubfly,BELITE,200 PCT QMILES ACCUMULATION(F); Uninterrupted return (up to the last 12 hours); Change with Penalty,Included,Included,Included,Included,Included,Unknown,Unknown,Unknown,Unknown,Unknown,Unknown,Unknown,Unknown,Unknown,Unknown,Unknown,,,,2026-07-28T11:11:35+00:00,success,0
QR,LHR,LHE,LON,GB,LHE,PK,2027-01-02,2027-01-05,Winter,Economy,0,Eco-1,ECONOMY CONVENIENCE,Economy — ECONOMY CONVENIENCE,0.00 USD,998.26,USD,Ubfly,ECONVENIEN,,Included,Included,Included,Included,Unknown,Unknown,Unknown,Unknown,Unknown,Unknown,Unknown,Unknown,Unknown,Unknown,Unknown,Unknown,Yes,,75.0,2026-07-28T11:11:35+00:00,success,0
QR,LHR,LHE,LON,GB,LHE,PK,2027-01-02,2027-01-05,Winter,Economy,1,Eco-2,ECONOMY COMFORT,Economy Comfort,+125.69 USD,1123.95,USD,Ubfly,ECOMFORT,Uninterrupted return (up to the last 12 hours); Change with Penalty,Included,Included,Included,Included,Unknown,Unknown,Unknown,Unknown,Unknown,Unknown,Unknown,Unknown,Unknown,Unknown,Unknown,Unknown,Yes,,100.0,2026-07-28T11:11:35+00:00,success,0
QR,LHR,LHE,LON,GB,LHE,PK,2027-01-02,2027-01-05,Winter,Business,0,Bus-1,BUSINESS COMFORT,Business Comfort,0.00 USD,3654.64,USD,Ubfly,BCOMFORT,175 PCT QMILES ACCUMULATION(F),Included,Included,Included,Included,Included,Unknown,Unknown,Unknown,Unknown,Unknown,Unknown,Unknown,Unknown,Unknown,Unknown,Unknown,,,,2026-07-28T11:11:35+00:00,success,0
QR,LHR,LHE,LON,GB,LHE,PK,2027-01-02,2027-01-05,Winter,Business,1,Bus-2,BUSINESS ELITE,Business Lite,+673.46 USD,4328.1,USD,Ubfly,BELITE,200 PCT QMILES ACCUMULATION(F); Uninterrupted return (up to the last 12 hours); Change with Penalty,Included,Included,Included,Included,Included,Unknown,Unknown,Unknown,Unknown,Unknown,Unknown,Unknown,Unknown,Unknown,Unknown,Unknown,,,,2026-07-28T11:11:35+00:00,success,0
SV,LHR,LHE,LON,GB,LHE,PK,2026-09-26,2026-09-29,Summer,Economy,0,Eco-1,Basic Eco,Economy Basic,0.00 USD,1247.35,USD,Ubfly,NBASICE,1 Free bag: 23 kg,Included,Included,Unknown,Unknown,Unknown,Unknown,Unknown,Unknown,Unknown,Unknown,Unknown,Unknown,Unknown,Unknown,Unknown,Unknown,Yes,,35.0,2026-07-28T11:11:35+00:00,success,0
SV,LHR,LHE,LON,GB,LHE,PK,2026-09-26,2026-09-29,Summer,Economy,1,Eco-2,Semi Flex Eco,Economy Basic,+63.30 USD,1310.65,USD,Ubfly,NSEMIFLEXE,1 Free bag: 23 kg,Included,Included,Unknown,Unknown,Unknown,Unknown,Unknown,Unknown,Unknown,Unknown,Unknown,Unknown,Unknown,Unknown,Unknown,Unknown,Yes,,,2026-07-28T11:11:35+00:00,success,0
SV,LHR,LHE,LON,GB,LHE,PK,2026-09-26,2026-09-29,Summer,Economy,2,Eco-3,Flex Eco,Economy Basic,+123.18 USD,1370.53,USD,Ubfly,NFLEXE,Change without penalty; Uninterrupted return (up to the last 12 hours); 2 Free bags: 23 kg,Included,Included,Included,Unknown,Unknown,Unknown,Unknown,Unknown,Unknown,Unknown,Unknown,Unknown,Unknown,Unknown,Unknown,Unknown,Yes,,,2026-07-28T11:11:35+00:00,success,0
SV,LHR,LHE,LON,GB,LHE,PK,2026-09-26,2026-09-29,Summer,Business,0,Bus-1,BASIC BUS,Business Basic,0.00 USD,6166.39,USD,Ubfly,NBASICB,Priority Services; Business/First Class: 2 free bags,Included,Included,Included,Unknown,Unknown,Unknown,Unknown,Unknown,Unknown,Unknown,Unknown,Unknown,Unknown,Unknown,Unknown,Unknown,Yes,,175.0,2026-07-28T11:11:35+00:00,success,0
SV,LHR,LHE,LON,GB,LHE,PK,2026-09-26,2026-09-29,Summer,Business,1,Bus-2,SEMI FLEX BUS,Business Flex,+77.20 USD,6243.59,USD,Ubfly,NSEMIFLEXB,Priority Services; Business/First Class: 2 free bags,Included,Included,Included,Unknown,Unknown,Unknown,Unknown,Unknown,Unknown,Unknown,Unknown,Unknown,Unknown,Unknown,Unknown,Unknown,Yes,,225.0,2026-07-28T11:11:35+00:00,success,0
SV,LHR,LHE,LON,GB,LHE,PK,2026-09-26,2026-09-29,Summer,Business,2,Bus-3,FLEX BUS,Business Flex,+155.72 USD,6322.11,USD,Ubfly,NFLEXB,Priority Services; Change without penalty; Uninterrupted return (up to the last 12 hours); Business/First Class: 2 free bags,Included,Included,Included,Unknown,Unknown,Unknown,Unknown,Unknown,Unknown,Unknown,Unknown,Unknown,Unknown,Unknown,Unknown,Unknown,Yes,,,2026-07-28T11:11:35+00:00,success,0
SV,LHR,LHE,LON,GB,LHE,PK,2027-01-02,2027-01-05,Winter,Economy,0,Eco-1,Basic Eco,Economy Basic,0.00 USD,918.6,USD,Ubfly,NBASICE,1 Free bag: 23 kg,Included,Included,Unknown,Unknown,Unknown,Unknown,Unknown,Unknown,Unknown,Unknown,Unknown,Unknown,Unknown,Unknown,Unknown,Unknown,Yes,,35.0,2026-07-28T11:11:35+00:00,success,0
SV,LHR,LHE,LON,GB,LHE,PK,2027-01-02,2027-01-05,Winter,Economy,1,Eco-2,Semi Flex Eco,Economy Basic,+61.97 USD,980.57,USD,Ubfly,NSEMIFLEXE,1 Free bag: 23 kg,Included,Included,Unknown,Unknown,Unknown,Unknown,Unknown,Unknown,Unknown,Unknown,Unknown,Unknown,Unknown,Unknown,Unknown,Unknown,Yes,,,2026-07-28T11:11:35+00:00,success,0
SV,LHR,LHE,LON,GB,LHE,PK,2027-01-02,2027-01-05,Winter,Economy,2,Eco-3,Flex Eco,Economy Basic,+121.88 USD,1040.48,USD,Ubfly,NFLEXE,Change without penalty; Uninterrupted return (up to the last 12 hours); 2 Free bags: 23 kg,Included,Included,Included,Unknown,Unknown,Unknown,Unknown,Unknown,Unknown,Unknown,Unknown,Unknown,Unknown,Unknown,Unknown,Unknown,Yes,,,2026-07-28T11:11:35+00:00,success,0
SV,LHR,LHE,LON,GB,LHE,PK,2027-01-02,2027-01-05,Winter,Business,0,Bus-1,BASIC BUS,Business Basic,0.00 USD,6166.39,USD,Ubfly,NBASICB,Priority Services; Business/First Class: 2 free bags,Included,Included,Included,Unknown,Unknown,Unknown,Unknown,Unknown,Unknown,Unknown,Unknown,Unknown,Unknown,Unknown,Unknown,Unknown,Yes,,175.0,2026-07-28T11:11:35+00:00,success,0
SV,LHR,LHE,LON,GB,LHE,PK,2027-01-02,2027-01-05,Winter,Business,1,Bus-2,SEMI FLEX BUS,Business Flex,+77.20 USD,6243.59,USD,Ubfly,NSEMIFLEXB,Priority Services; Business/First Class: 2 free bags,Included,Included,Included,Unknown,Unknown,Unknown,Unknown,Unknown,Unknown,Unknown,Unknown,Unknown,Unknown,Unknown,Unknown,Unknown,Yes,,225.0,2026-07-28T11:11:35+00:00,success,0
SV,LHR,LHE,LON,GB,LHE,PK,2027-01-02,2027-01-05,Winter,Business,2,Bus-3,FLEX BUS,Business Flex,+155.72 USD,6322.11,USD,Ubfly,NFLEXB,Priority Services; Change without penalty; Uninterrupted return (up to the last 12 hours); Business/First Class: 2 free bags,Included,Included,Included,Unknown,Unknown,Unknown,Unknown,Unknown,Unknown,Unknown,Unknown,Unknown,Unknown,Unknown,Unknown,Unknown,Yes,,,2026-07-28T11:11:35+00:00,success,0
EK,LHR,LHE,LON,GB,LHE,PK,2026-09-26,2026-09-29,Summer,Economy,0,Eco-1,ECOFLEX,Economy Flex,0.00 USD,917.72,USD,Ubfly,ECOFLEX,Soft drink; In-flight entertainment,Included,Included,Unknown,Included,Unknown,Unknown,Unknown,Unknown,Unknown,Unknown,Unknown,Unknown,Unknown,Unknown,Unknown,Unknown,Yes,,70.0,2026-07-28T11:11:35+00:00,success,0
EK,LHR,LHE,LON,GB,LHE,PK,2026-09-26,2026-09-29,Summer,Economy,1,Eco-2,ECOFLXPLUS,Economy Comfort,+456.50 USD,1374.22,USD,Ubfly,ECOFLXPLUS,Soft drink; In-flight entertainment; Uninterrupted return (up to the last 12 hours); Change with Penalty,Included,Included,Unknown,Included,Unknown,Unknown,Unknown,Unknown,Unknown,Unknown,Unknown,Unknown,Unknown,Unknown,Unknown,Unknown,Yes,,100.0,2026-07-28T11:11:35+00:00,success,0
EK,LHR,LHE,LON,GB,LHE,PK,2026-09-26,2026-09-29,Summer,Economy,2,Eco-3,PYFLXPLUS,Economy Comfort,+855.81 USD,1773.53,USD,Ubfly,PYFLXPLUS,Soft drink; In-flight entertainment; Uninterrupted return (up to the last 12 hours); Change with Penalty,Included,Included,Included,Included,Unknown,Unknown,Unknown,Unknown,Unknown,Unknown,Unknown,Unknown,Unknown,Unknown,Unknown,Unknown,Yes,,,2026-07-28T11:11:35+00:00,success,0
EK,LHR,LHE,LON,GB,LHE,PK,2026-09-26,2026-09-29,Summer,Business,0,Bus-1,BSSAVER,Business Basic,0.00 USD,2698.55,USD,Ubfly,BSSAVER,Premium check-in; Soft drink; In-flight entertainment; Chauffeur Drive; Internet Access,Included,Included,Included,Included,Included,Included,Included,Unknown,Unknown,Unknown,Unknown,Unknown,Unknown,Unknown,Unknown,Unknown,Yes,,,2026-07-28T11:11:35+00:00,success,0
EK,LHR,LHE,LON,GB,LHE,PK,2026-09-26,2026-09-29,Summer,Business,1,Bus-2,BSFLEX,Business Flex,+547.02 USD,3245.57,USD,Ubfly,BSFLEX,Premium check-in; Soft drink; In-flight entertainment; Chauffeur Drive; Internet Access,Included,Included,Included,Included,Included,Included,Included,Unknown,Unknown,Unknown,Unknown,Unknown,Unknown,Unknown,Unknown,Unknown,Yes,,175.0,2026-07-28T11:11:35+00:00,success,0
EK,LHR,LHE,LON,GB,LHE,PK,2026-09-26,2026-09-29,Summer,Business,2,Bus-3,BSFLXPLUS,Business Comfort,"+1,639.73 USD",4338.28,USD,Ubfly,BSFLXPLUS,Premium check-in; Soft drink; In-flight entertainment; Chauffeur Drive; Internet Access; Uninterrupted return (up to the last 12 hours); Change with Penalty,Included,Included,Included,Included,Included,Included,Included,Unknown,Unknown,Unknown,Unknown,Unknown,Unknown,Unknown,Unknown,Unknown,Yes,,190.0,2026-07-28T11:11:35+00:00,success,0
EK,LHR,LHE,LON,GB,LHE,PK,2027-01-02,2027-01-05,Winter,Economy,0,Eco-1,Economy Flex,Economy Flex,0.00 USD,925.94,USD,Ubfly,YS,• Hot and cold refreshments; • ICE entertainment; • Mileage upgrade eligibility; Economy Cabin,Included,Included,Included,Included,Unknown,Unknown,Unknown,Included,Not Included,Unknown,Unknown,Unknown,Included,Unknown,Unknown,Unknown,Yes,2813.0,,2026-07-28T11:11:35+00:00,success,0
EK,LHR,LHE,LON,GB,LHE,PK,2027-01-02,2027-01-05,Winter,Economy,1,Eco-2,Economy Flex Plus,Economy Comfort,+456.50 USD,1382.44,USD,Ubfly,YF,• Hot and cold refreshments; • ICE entertainment; • Mileage upgrade eligibility; Economy Cabin,Included,Included,Included,Included,Unknown,Unknown,Unknown,Not Included,Not Included,Unknown,Unknown,Unknown,Included,Unknown,Unknown,Unknown,Yes,3750.0,,2026-07-28T11:11:35+00:00,success,0
EK,LHR,LHE,LON,GB,LHE,PK,2027-01-02,2027-01-05,Winter,Premium Economy,0,PEco-1,Premium Economy FlexPlus,Premium Economy Comfort,"+1,695.64 USD",2621.58,USD,Ubfly,WF,• Hot and cold refreshments; • ICE entertainment; • Mileage upgrade eligibility; • Exclusive Premium Economy Class dining; Premium Economy Cabin,Included,Included,Included,Unknown,Unknown,Unknown,Unknown,Not Included,Not Included,Unknown,Unknown,Unknown,Included,Unknown,Unknown,Unknown,Yes,4125.0,,2026-07-28T11:11:35+00:00,success,0
EK,LHR,LHE,LON,GB,LHE,PK,2027-01-02,2027-01-05,Winter,Business,0,Bus-1,BSSAVER,Business Basic,0.00 USD,2698.55,USD,Ubfly,BSSAVER,Premium check-in; Soft drink; In-flight entertainment; Chauffeur Drive; Internet Access,Included,Included,Included,Included,Included,Included,Included,Unknown,Unknown,Unknown,Unknown,Unknown,Unknown,Unknown,Unknown,Unknown,Yes,,,2026-07-28T11:11:35+00:00,success,0
EK,LHR,LHE,LON,GB,LHE,PK,2027-01-02,2027-01-05,Winter,Business,1,Bus-2,BSFLEX,Business Flex,+547.02 USD,3245.57,USD,Ubfly,BSFLEX,Premium check-in; Soft drink; In-flight entertainment; Chauffeur Drive; Internet Access,Included,Included,Included,Included,Included,Included,Included,Unknown,Unknown,Unknown,Unknown,Unknown,Unknown,Unknown,Unknown,Unknown,Yes,,175.0,2026-07-28T11:11:35+00:00,success,0
EK,LHR,LHE,LON,GB,LHE,PK,2027-01-02,2027-01-05,Winter,Business,2,Bus-3,BSFLXPLUS,Business Comfort,"+1,639.73 USD",4338.28,USD,Ubfly,BSFLXPLUS,Premium check-in; Soft drink; In-flight entertainment; Chauffeur Drive; Internet Access; Uninterrupted return (up to the last 12 hours); Change with Penalty,Included,Included,Included,Included,Included,Included,Included,Unknown,Unknown,Unknown,Unknown,Unknown,Unknown,Unknown,Unknown,Unknown,Yes,,190.0,2026-07-28T11:11:35+00:00,success,0
TK,LHR,LHE,LON,GB,LHE,PK,2026-09-26,2026-09-29,Summer,Economy,0,Eco-1,ECOFLY,Economy Basic,0.00 USD,1250.9,USD,Ubfly,CL,Online Message Verification,Included,Included,Unknown,Included,Unknown,Unknown,Unknown,Not Included,Unknown,Unknown,Unknown,Unknown,Unknown,Unknown,Unknown,Unknown,,,,2026-07-28T11:11:35+00:00,success,0
TK,LHR,LHE,LON,GB,LHE,PK,2026-09-26,2026-09-29,Summer,Economy,1,Eco-2,EXTRAFLY,Economy Standard,+28.20 USD,1279.1,USD,Ubfly,LG,Online Message Verification,Included,Included,Unknown,Included,Unknown,Unknown,Unknown,Unknown,Unknown,Unknown,Unknown,Unknown,Unknown,Unknown,Unknown,Unknown,,,,2026-07-28T11:11:35+00:00,success,0
TK,LHR,LHE,LON,GB,LHE,PK,2026-09-26,2026-09-29,Summer,Economy,2,Eco-3,FLEXFLY,Economy Flex,+57.88 USD,1308.78,USD,Ubfly,GN,Online Message Verification,Included,Included,Included,Included,Unknown,Unknown,Unknown,Unknown,Unknown,Unknown,Unknown,Unknown,Unknown,Unknown,Unknown,Unknown,Yes,,15.0,2026-07-28T11:11:35+00:00,success,0
TK,LHR,LHE,LON,GB,LHE,PK,2026-09-26,2026-09-29,Summer,Economy,3,Eco-4,Flexible,Economy Flex,+126.95 USD,1377.85,USD,Ubfly,FL,Online Message Verification,Included,Included,Included,Included,Unknown,Unknown,Included,Unknown,Unknown,Unknown,Unknown,Paid,Unknown,Unknown,Unknown,Unknown,Yes,,30.0,2026-07-28T11:11:35+00:00,success,0
TK,LHR,LHE,LON,GB,LHE,PK,2026-09-26,2026-09-29,Summer,Business,0,Bus-1,BUSINESS FLY,Business — BUSINESS FLY,0.00 USD,4153.64,USD,Ubfly,BF,Priority Check-In,Included,Included,Included,Unknown,Included,Included,Included,Unknown,Unknown,Unknown,Unknown,Unknown,Included,Unknown,Unknown,Unknown,,,,2026-07-28T11:11:35+00:00,success,0
TK,LHR,LHE,LON,GB,LHE,PK,2026-09-26,2026-09-29,Summer,Business,1,Bus-2,BUSINESS PRIME,Business Premium,+199.65 USD,4353.29,USD,Ubfly,BL,Priority Check-In,Included,Included,Included,Unknown,Included,Included,Included,Unknown,Unknown,Unknown,Unknown,Paid,Included,Unknown,Unknown,Unknown,Yes,,30.0,2026-07-28T11:11:35+00:00,success,0
TK,LHR,LHE,LON,GB,LHE,PK,2027-01-03,2027-01-06,Winter,Economy,0,Eco-1,ECOFLY,Economy Basic,0.00 USD,1250.9,USD,Ubfly,CL,Online Message Verification,Included,Included,Unknown,Included,Unknown,Unknown,Unknown,Not Included,Unknown,Unknown,Unknown,Unknown,Unknown,Unknown,Unknown,Unknown,,,,2026-07-28T11:11:35+00:00,success,0
TK,LHR,LHE,LON,GB,LHE,PK,2027-01-03,2027-01-06,Winter,Economy,1,Eco-2,EXTRAFLY,Economy Standard,+28.20 USD,1279.1,USD,Ubfly,LG,Online Message Verification,Included,Included,Unknown,Included,Unknown,Unknown,Unknown,Unknown,Unknown,Unknown,Unknown,Unknown,Unknown,Unknown,Unknown,Unknown,,,,2026-07-28T11:11:35+00:00,success,0
TK,LHR,LHE,LON,GB,LHE,PK,2027-01-03,2027-01-06,Winter,Economy,2,Eco-3,FLEXFLY,Economy Flex,+57.88 USD,1308.78,USD,Ubfly,GN,Online Message Verification,Included,Included,Included,Included,Unknown,Unknown,Unknown,Unknown,Unknown,Unknown,Unknown,Unknown,Unknown,Unknown,Unknown,Unknown,Yes,,15.0,2026-07-28T11:11:35+00:00,success,0
TK,LHR,LHE,LON,GB,LHE,PK,2027-01-03,2027-01-06,Winter,Economy,3,Eco-4,Flexible,Economy Flex,+126.95 USD,1377.85,USD,Ubfly,FL,Online Message Verification,Included,Included,Included,Included,Unknown,Unknown,Included,Unknown,Unknown,Unknown,Unknown,Paid,Unknown,Unknown,Unknown,Unknown,Yes,,30.0,2026-07-28T11:11:35+00:00,success,0
TK,LHR,LHE,LON,GB,LHE,PK,2027-01-03,2027-01-06,Winter,Business,0,Bus-1,BUSINESS FLY,Business — BUSINESS FLY,0.00 USD,4153.64,USD,Ubfly,BF,Priority Check-In,Included,Included,Included,Unknown,Included,Included,Included,Unknown,Unknown,Unknown,Unknown,Unknown,Included,Unknown,Unknown,Unknown,,,,2026-07-28T11:11:35+00:00,success,0
TK,LHR,LHE,LON,GB,LHE,PK,2027-01-03,2027-01-06,Winter,Business,1,Bus-2,BUSINESS PRIME,Business Premium,+199.65 USD,4353.29,USD,Ubfly,BL,Priority Check-In,Included,Included,Included,Unknown,Included,Included,Included,Unknown,Unknown,Unknown,Unknown,Paid,Included,Unknown,Unknown,Unknown,Yes,,30.0,2026-07-28T11:11:35+00:00,success,0
BA,LGW,ISB,LON,GB,ISB,PK,2026-10-02,2026-10-05,Summer,Economy,0,Eco-1,BASIC,Economy Basic,0.00 USD,1146.5,USD,Ubfly,NOBAG,Personal Item: 40 x 30 x 15 cm,Included,Not Included,Unknown,Included,Unknown,Unknown,Unknown,Unknown,Unknown,Unknown,Unknown,Unknown,Unknown,Unknown,Unknown,Unknown,,,,2026-07-28T11:11:35+00:00,partial,0
BA,LGW,ISB,LON,GB,ISB,PK,2026-10-02,2026-10-05,Summer,Economy,1,Eco-2,ECONOMY BASIC,Economy Basic,+59.31 USD,1205.81,USD,Ubfly,BAG,Personal Item: 40 x 30 x 15 cm; 1 Piece Luggage (23 Kg); 2ND BAG MAX 23KG 51LB 208LCM(F),Included,Included,Unknown,Included,Unknown,Unknown,Unknown,Unknown,Unknown,Unknown,Unknown,Unknown,Unknown,Unknown,Unknown,Unknown,,,,2026-07-28T11:11:35+00:00,partial,0
BA,LGW,ISB,LON,GB,ISB,PK,2026-10-02,2026-10-05,Summer,Economy,2,Eco-3,PLUS SELECT,Economy Comfort,+189.01 USD,1335.51,USD,Ubfly,ECONSEL,Personal Item: 40 x 30 x 15 cm; 1 Piece Luggage (23 Kg); 2ND BAG MAX 23KG 51LB 208LCM(F); Change without penalty before flight,Included,Included,Unknown,Included,Unknown,Unknown,Unknown,Unknown,Included,Unknown,Unknown,Unknown,Unknown,Unknown,Unknown,Unknown,,,,2026-07-28T11:11:35+00:00,partial,0
BA,LGW,ISB,LON,GB,ISB,PK,2026-10-02,2026-10-05,Summer,Economy,3,Eco-4,ECONPRO,Economy — ECONPRO,+255.55 USD,1402.05,USD,Ubfly,ECONPRO,Personal Item: 40 x 30 x 15 cm; 1 Piece Luggage (23 Kg); 2ND BAG MAX 23KG 51LB 208LCM(F); Change without penalty before flight,Included,Included,Included,Included,Unknown,Unknown,Unknown,Included,Included,Unknown,Unknown,Unknown,Unknown,Unknown,Unknown,Unknown,,,,2026-07-28T11:11:35+00:00,partial,0
BA,LGW,ISB,LON,GB,ISB,PK,2026-10-02,2026-10-05,Summer,Economy,4,Eco-5,PLUS FLEX,Economy Comfort,"+1,875.33 USD",3021.83,USD,Ubfly,ECONFLEX,Personal Item: 40 x 30 x 15 cm; 1 Piece Luggage (23 Kg); 2ND BAG MAX 23KG 51LB 208LCM(F); Change without penalty before flight,Included,Included,Included,Included,Unknown,Unknown,Unknown,Included,Included,Unknown,Unknown,Unknown,Unknown,Unknown,Unknown,Unknown,,,,2026-07-28T11:11:35+00:00,partial,0
BA,LGW,ISB,LON,GB,ISB,PK,2026-10-02,2026-10-05,Summer,Premium Economy,0,PEco-1,PREMECON,Premium Economy — PREMECON,+495.13 USD,1641.63,USD,Ubfly,PREMECON,Personal Item: 40 x 30 x 15 cm,Included,Included,Unknown,Included,Unknown,Unknown,Unknown,Unknown,Unknown,Unknown,Unknown,Unknown,Unknown,Unknown,Unknown,Unknown,,,,2026-07-28T11:11:35+00:00,partial,0
BA,LGW,ISB,LON,GB,ISB,PK,2026-10-02,2026-10-05,Summer,Premium Economy,1,PEco-2,PESEL,Premium Economy — PESEL,+628.22 USD,1774.72,USD,Ubfly,PESEL,Personal Item: 40 x 30 x 15 cm; Change without penalty before flight,Included,Included,Unknown,Included,Unknown,Unknown,Unknown,Unknown,Included,Unknown,Unknown,Unknown,Unknown,Unknown,Unknown,Unknown,,,,2026-07-28T11:11:35+00:00,partial,0
BA,LGW,ISB,LON,GB,ISB,PK,2026-10-02,2026-10-05,Summer,Premium Economy,2,PEco-3,PEPRO,Premium Economy — PEPRO,+728.04 USD,1874.54,USD,Ubfly,PEPRO,Personal Item: 40 x 30 x 15 cm; Change without penalty before flight,Included,Included,Included,Included,Unknown,Unknown,Unknown,Included,Included,Unknown,Unknown,Unknown,Unknown,Unknown,Unknown,Unknown,,,,2026-07-28T11:11:35+00:00,partial,0
BA,LGW,ISB,LON,GB,ISB,PK,2026-10-02,2026-10-05,Summer,Premium Economy,3,PEco-4,PEFLEX,Premium Economy Flex,"+2,335.84 USD",3482.34,USD,Ubfly,PEFLEX,Personal Item: 40 x 30 x 15 cm; Change without penalty before flight,Included,Included,Included,Included,Unknown,Unknown,Unknown,Included,Included,Unknown,Unknown,Unknown,Unknown,Unknown,Unknown,Unknown,,,,2026-07-28T11:11:35+00:00,partial,0
BA,LGW,ISB,LON,GB,ISB,PK,2026-10-02,2026-10-05,Summer,Business,0,Bus-1,BIZPROMO,Business Basic,0.00 USD,2658.48,USD,Ubfly,BIZPROMO,Personal Item: 40 x 30 x 15 cm; Dedicated check-in area,Included,Included,Unknown,Included,Included,Unknown,Included,Unknown,Unknown,Unknown,Unknown,Unknown,Unknown,Unknown,Unknown,Unknown,,,,2026-07-28T11:11:35+00:00,partial,0
BA,LGW,ISB,LON,GB,ISB,PK,2026-10-02,2026-10-05,Summer,Business,1,Bus-2,BUSINESS PLUS SELECT,Business Comfort,+332.74 USD,2991.22,USD,Ubfly,BIZSEL,Personal Item: 40 x 30 x 15 cm; Dedicated check-in area,Included,Included,Included,Included,Included,Unknown,Included,Unknown,Unknown,Unknown,Unknown,Unknown,Unknown,Unknown,Unknown,Unknown,,,,2026-07-28T11:11:35+00:00,partial,0
BA,LGW,ISB,LON,GB,ISB,PK,2026-10-02,2026-10-05,Summer,Business,2,Bus-3,BIZPRO,Business — BIZPRO,+598.93 USD,3257.41,USD,Ubfly,BIZPRO,Personal Item: 40 x 30 x 15 cm; Dedicated check-in area; Change without penalty before flight,Included,Included,Included,Included,Included,Unknown,Included,Included,Included,Unknown,Unknown,Unknown,Unknown,Unknown,Unknown,Unknown,,,,2026-07-28T11:11:35+00:00,partial,0
BA,LGW,ISB,LON,GB,ISB,PK,2026-10-02,2026-10-05,Summer,Business,3,Bus-4,BUSINESS FLEX,Business Flex,"+4,140.63 USD",6799.11,USD,Ubfly,BIZFLEX,Personal Item: 40 x 30 x 15 cm; Dedicated check-in area; Change without penalty before flight,Included,Included,Included,Included,Included,Unknown,Included,Included,Included,Unknown,Unknown,Unknown,Unknown,Unknown,Unknown,Unknown,,,,2026-07-28T11:11:35+00:00,partial,0
BA,LGW,ISB,LON,GB,ISB,PK,2027-02-16,2027-02-19,Winter,Economy,0,Eco-1,BASIC,Economy Basic,0.00 USD,926.89,USD,Ubfly,NOBAG,Personal Item: 40 x 30 x 15 cm,Included,Not Included,Unknown,Included,Unknown,Unknown,Unknown,Unknown,Unknown,Unknown,Unknown,Unknown,Unknown,Unknown,Unknown,Unknown,,,,2026-07-28T11:11:35+00:00,partial,0
BA,LGW,ISB,LON,GB,ISB,PK,2027-02-16,2027-02-19,Winter,Economy,1,Eco-2,ECONOMY BASIC,Economy Basic,+59.33 USD,986.22,USD,Ubfly,BAG,Personal Item: 40 x 30 x 15 cm; 1 Piece Luggage (23 Kg); 2ND BAG MAX 23KG 51LB 208LCM(F),Included,Included,Unknown,Included,Unknown,Unknown,Unknown,Unknown,Unknown,Unknown,Unknown,Unknown,Unknown,Unknown,Unknown,Unknown,,,,2026-07-28T11:11:35+00:00,partial,0
BA,LGW,ISB,LON,GB,ISB,PK,2027-02-16,2027-02-19,Winter,Economy,2,Eco-3,PLUS SELECT,Economy Comfort,+189.01 USD,1115.9,USD,Ubfly,ECONSEL,Personal Item: 40 x 30 x 15 cm; 1 Piece Luggage (23 Kg); 2ND BAG MAX 23KG 51LB 208LCM(F); Change without penalty before flight,Included,Included,Unknown,Included,Unknown,Unknown,Unknown,Unknown,Included,Unknown,Unknown,Unknown,Unknown,Unknown,Unknown,Unknown,,,,2026-07-28T11:11:35+00:00,partial,0
BA,LGW,ISB,LON,GB,ISB,PK,2027-02-16,2027-02-19,Winter,Economy,3,Eco-4,ECONPRO,Economy — ECONPRO,+255.55 USD,1182.44,USD,Ubfly,ECONPRO,Personal Item: 40 x 30 x 15 cm; 1 Piece Luggage (23 Kg); 2ND BAG MAX 23KG 51LB 208LCM(F); Change without penalty before flight,Included,Included,Included,Included,Unknown,Unknown,Unknown,Included,Included,Unknown,Unknown,Unknown,Unknown,Unknown,Unknown,Unknown,,,,2026-07-28T11:11:35+00:00,partial,0
BA,LGW,ISB,LON,GB,ISB,PK,2027-02-16,2027-02-19,Winter,Economy,4,Eco-5,PLUS FLEX,Economy Comfort,"+2,104.26 USD",3031.15,USD,Ubfly,ECONFLEX,Personal Item: 40 x 30 x 15 cm; 1 Piece Luggage (23 Kg); 2ND BAG MAX 23KG 51LB 208LCM(F); Change without penalty before flight,Included,Included,Included,Included,Unknown,Unknown,Unknown,Included,Included,Unknown,Unknown,Unknown,Unknown,Unknown,Unknown,Unknown,,,,2026-07-28T11:11:35+00:00,partial,0
BA,LGW,ISB,LON,GB,ISB,PK,2027-02-16,2027-02-19,Winter,Premium Economy,0,PEco-1,PREMECON,Premium Economy — PREMECON,+567.01 USD,1493.9,USD,Ubfly,PREMECON,Personal Item: 40 x 30 x 15 cm,Included,Included,Unknown,Included,Unknown,Unknown,Unknown,Unknown,Unknown,Unknown,Unknown,Unknown,Unknown,Unknown,Unknown,Unknown,,,,2026-07-28T11:11:35+00:00,partial,0
BA,LGW,ISB,LON,GB,ISB,PK,2027-02-16,2027-02-19,Winter,Premium Economy,1,PEco-2,PESEL,Premium Economy — PESEL,+700.10 USD,1626.99,USD,Ubfly,PESEL,Personal Item: 40 x 30 x 15 cm; Change without penalty before flight,Included,Included,Unknown,Included,Unknown,Unknown,Unknown,Unknown,Included,Unknown,Unknown,Unknown,Unknown,Unknown,Unknown,Unknown,,,,2026-07-28T11:11:35+00:00,partial,0
BA,LGW,ISB,LON,GB,ISB,PK,2027-02-16,2027-02-19,Winter,Premium Economy,2,PEco-3,PEPRO,Premium Economy — PEPRO,+799.93 USD,1726.82,USD,Ubfly,PEPRO,Personal Item: 40 x 30 x 15 cm; Change without penalty before flight,Included,Included,Included,Included,Unknown,Unknown,Unknown,Included,Included,Unknown,Unknown,Unknown,Unknown,Unknown,Unknown,Unknown,,,,2026-07-28T11:11:35+00:00,partial,0
BA,LGW,ISB,LON,GB,ISB,PK,2027-02-16,2027-02-19,Winter,Premium Economy,3,PEco-4,PEFLEX,Premium Economy Flex,"+2,570.09 USD",3496.98,USD,Ubfly,PEFLEX,Personal Item: 40 x 30 x 15 cm; Change without penalty before flight,Included,Included,Included,Included,Unknown,Unknown,Unknown,Included,Included,Unknown,Unknown,Unknown,Unknown,Unknown,Unknown,Unknown,,,,2026-07-28T11:11:35+00:00,partial,0
BA,LGW,ISB,LON,GB,ISB,PK,2027-02-16,2027-02-19,Winter,Business,0,Bus-1,BIZPROMO,Business Basic,0.00 USD,2686.43,USD,Ubfly,BIZPROMO,Personal Item: 40 x 30 x 15 cm; Dedicated check-in area,Included,Included,Unknown,Included,Included,Unknown,Included,Unknown,Unknown,Unknown,Unknown,Unknown,Unknown,Unknown,Unknown,Unknown,,,,2026-07-28T11:11:35+00:00,partial,0
BA,LGW,ISB,LON,GB,ISB,PK,2027-02-16,2027-02-19,Winter,Business,1,Bus-2,BUSINESS PLUS SELECT,Business Comfort,+332.74 USD,3019.17,USD,Ubfly,BIZSEL,Personal Item: 40 x 30 x 15 cm; Dedicated check-in area,Included,Included,Included,Included,Included,Unknown,Included,Unknown,Unknown,Unknown,Unknown,Unknown,Unknown,Unknown,Unknown,Unknown,,,,2026-07-28T11:11:35+00:00,partial,0
BA,LGW,ISB,LON,GB,ISB,PK,2027-02-16,2027-02-19,Winter,Business,2,Bus-3,BIZPRO,Business — BIZPRO,+598.93 USD,3285.36,USD,Ubfly,BIZPRO,Dedicated check-in area; Change without penalty before flight; Personal Item: 40 x 30 x 15 cm,Included,Included,Included,Included,Included,Unknown,Included,Included,Included,Unknown,Unknown,Unknown,Unknown,Unknown,Unknown,Unknown,,,,2026-07-28T11:11:35+00:00,partial,0
BA,LGW,ISB,LON,GB,ISB,PK,2027-02-16,2027-02-19,Winter,Business,3,Bus-4,BUSINESS FLEX,Business Flex,"+4,140.63 USD",6827.06,USD,Ubfly,BIZFLEX,Personal Item: 40 x 30 x 15 cm; Dedicated check-in area; Change without penalty before flight,Included,Included,Included,Included,Included,Unknown,Included,Included,Included,Unknown,Unknown,Unknown,Unknown,Unknown,Unknown,Unknown,,,,2026-07-28T11:11:35+00:00,partial,0
TK,LGW,ISB,LON,GB,ISB,PK,2026-10-01,2026-10-04,Summer,Business,0,Bus-1,BUSINESS FLY,Business — BUSINESS FLY,0.00 USD,3966.13,USD,Ubfly,BF,Priority Check-In,Included,Included,Included,Unknown,Included,Included,Included,Unknown,Unknown,Unknown,Unknown,Unknown,Included,Unknown,Unknown,Unknown,,,,2026-07-28T11:11:35+00:00,success,0
TK,LGW,ISB,LON,GB,ISB,PK,2026-10-01,2026-10-04,Summer,Business,1,Bus-2,BUSINESS PRIME,Business Premium,+199.65 USD,4165.78,USD,Ubfly,BL,Priority Check-In,Included,Included,Included,Unknown,Included,Included,Included,Unknown,Unknown,Unknown,Unknown,Paid,Included,Unknown,Unknown,Unknown,Yes,,30.0,2026-07-28T11:11:35+00:00,success,0
TK,LGW,ISB,LON,GB,ISB,PK,2027-02-15,2027-02-18,Winter,Economy,0,Eco-1,ECOFLY,Economy Basic,0.00 USD,1198.87,USD,Ubfly,CL,Online Message Verification,Included,Included,Unknown,Included,Unknown,Unknown,Unknown,Not Included,Unknown,Unknown,Unknown,Unknown,Unknown,Unknown,Unknown,Unknown,,,,2026-07-28T11:11:35+00:00,success,0
TK,LGW,ISB,LON,GB,ISB,PK,2027-02-15,2027-02-18,Winter,Economy,1,Eco-2,EXTRAFLY,Economy Standard,+28.20 USD,1227.07,USD,Ubfly,LG,Online Message Verification,Included,Included,Unknown,Included,Unknown,Unknown,Unknown,Unknown,Unknown,Unknown,Unknown,Unknown,Unknown,Unknown,Unknown,Unknown,,,,2026-07-28T11:11:35+00:00,success,0
TK,LGW,ISB,LON,GB,ISB,PK,2027-02-15,2027-02-18,Winter,Economy,2,Eco-3,FLEXFLY,Economy Flex,+57.88 USD,1256.75,USD,Ubfly,GN,Online Message Verification,Included,Included,Included,Included,Unknown,Unknown,Unknown,Unknown,Unknown,Unknown,Unknown,Unknown,Unknown,Unknown,Unknown,Unknown,Yes,,15.0,2026-07-28T11:11:35+00:00,success,0
TK,LGW,ISB,LON,GB,ISB,PK,2027-02-15,2027-02-18,Winter,Economy,3,Eco-4,Flexible,Economy Flex,+126.97 USD,1325.84,USD,Ubfly,FL,Online Message Verification,Included,Included,Included,Included,Unknown,Unknown,Included,Unknown,Unknown,Unknown,Unknown,Paid,Unknown,Unknown,Unknown,Unknown,Yes,,30.0,2026-07-28T11:11:35+00:00,success,0
TK,LGW,ISB,LON,GB,ISB,PK,2027-02-15,2027-02-18,Winter,Business,0,Bus-1,BUSINESS FLY,Business — BUSINESS FLY,0.00 USD,3966.13,USD,Ubfly,BF,Priority Check-In,Included,Included,Included,Unknown,Included,Included,Included,Unknown,Unknown,Unknown,Unknown,Unknown,Included,Unknown,Unknown,Unknown,,,,2026-07-28T11:11:35+00:00,success,0
TK,LGW,ISB,LON,GB,ISB,PK,2027-02-15,2027-02-18,Winter,Business,1,Bus-2,BUSINESS PRIME,Business Premium,+199.65 USD,4165.78,USD,Ubfly,BL,Priority Check-In,Included,Included,Included,Unknown,Included,Included,Included,Unknown,Unknown,Unknown,Unknown,Paid,Included,Unknown,Unknown,Unknown,Yes,,30.0,2026-07-28T11:11:35+00:00,success,0
QR,LGW,ISB,LON,GB,ISB,PK,2026-10-01,2026-10-04,Summer,Economy,0,Eco-1,ECONOMY CLASSIC,Economy Standard,0.00 USD,549.78,USD,Ubfly,ECLASSIC,,Included,Included,Unknown,Included,Unknown,Unknown,Unknown,Unknown,Unknown,Unknown,Unknown,Unknown,Unknown,Unknown,Unknown,Unknown,Yes,,50.0,2026-07-28T11:11:35+00:00,success,0
QR,LGW,ISB,LON,GB,ISB,PK,2026-10-01,2026-10-04,Summer,Economy,1,Eco-2,ECONOMY CONVENIENCE,Economy — ECONOMY CONVENIENCE,+52.66 USD,602.44,USD,Ubfly,ECONVENIEN,,Included,Included,Included,Included,Unknown,Unknown,Unknown,Unknown,Unknown,Unknown,Unknown,Unknown,Unknown,Unknown,Unknown,Unknown,Yes,,75.0,2026-07-28T11:11:35+00:00,success,0
QR,LGW,ISB,LON,GB,ISB,PK,2026-10-01,2026-10-04,Summer,Economy,2,Eco-3,ECONOMY COMFORT,Economy Comfort,+476.50 USD,1026.28,USD,Ubfly,ECOMFORT,Uninterrupted return (up to the last 12 hours); Change with Penalty,Included,Included,Included,Included,Unknown,Unknown,Unknown,Unknown,Unknown,Unknown,Unknown,Unknown,Unknown,Unknown,Unknown,Unknown,Yes,,100.0,2026-07-28T11:11:35+00:00,success,0
QR,LGW,ISB,LON,GB,ISB,PK,2026-10-01,2026-10-04,Summer,Business,0,Bus-1,BUSINESS COMFORT,Business Comfort,0.00 USD,3089.8,USD,Ubfly,BCOMFORT,175 PCT QMILES ACCUMULATION(F),Included,Included,Included,Included,Included,Unknown,Unknown,Unknown,Unknown,Unknown,Unknown,Unknown,Unknown,Unknown,Unknown,Unknown,,,,2026-07-28T11:11:35+00:00,success,0
QR,LGW,ISB,LON,GB,ISB,PK,2026-10-01,2026-10-04,Summer,Business,1,Bus-2,BUSINESS ELITE,Business Lite,"+1,115.34 USD",4205.14,USD,Ubfly,BELITE,200 PCT QMILES ACCUMULATION(F); Uninterrupted return (up to the last 12 hours); Change with Penalty,Included,Included,Included,Included,Included,Unknown,Unknown,Unknown,Unknown,Unknown,Unknown,Unknown,Unknown,Unknown,Unknown,Unknown,,,,2026-07-28T11:11:35+00:00,success,0
QR,LGW,ISB,LON,GB,ISB,PK,2027-02-15,2027-02-18,Winter,Economy,0,Eco-1,ECONOMY CLASSIC,Economy Standard,0.00 USD,549.78,USD,Ubfly,ECLASSIC,,Included,Included,Unknown,Included,Unknown,Unknown,Unknown,Unknown,Unknown,Unknown,Unknown,Unknown,Unknown,Unknown,Unknown,Unknown,Yes,,50.0,2026-07-28T11:11:35+00:00,success,0
QR,LGW,ISB,LON,GB,ISB,PK,2027-02-15,2027-02-18,Winter,Economy,1,Eco-2,ECONOMY CONVENIENCE,Economy — ECONOMY CONVENIENCE,+52.66 USD,602.44,USD,Ubfly,ECONVENIEN,,Included,Included,Included,Included,Unknown,Unknown,Unknown,Unknown,Unknown,Unknown,Unknown,Unknown,Unknown,Unknown,Unknown,Unknown,Yes,,75.0,2026-07-28T11:11:35+00:00,success,0
QR,LGW,ISB,LON,GB,ISB,PK,2027-02-15,2027-02-18,Winter,Economy,2,Eco-3,ECONOMY COMFORT,Economy Comfort,+476.50 USD,1026.28,USD,Ubfly,ECOMFORT,Uninterrupted return (up to the last 12 hours); Change with Penalty,Included,Included,Included,Included,Unknown,Unknown,Unknown,Unknown,Unknown,Unknown,Unknown,Unknown,Unknown,Unknown,Unknown,Unknown,Yes,,100.0,2026-07-28T11:11:35+00:00,success,0
QR,LGW,ISB,LON,GB,ISB,PK,2027-02-15,2027-02-18,Winter,Business,0,Bus-1,BUSINESS COMFORT,Business Comfort,0.00 USD,3089.8,USD,Ubfly,BCOMFORT,175 PCT QMILES ACCUMULATION(F),Included,Included,Included,Included,Included,Unknown,Unknown,Unknown,Unknown,Unknown,Unknown,Unknown,Unknown,Unknown,Unknown,Unknown,,,,2026-07-28T11:11:35+00:00,success,0
QR,LGW,ISB,LON,GB,ISB,PK,2027-02-15,2027-02-18,Winter,Business,1,Bus-2,BUSINESS ELITE,Business Lite,"+1,115.34 USD",4205.14,USD,Ubfly,BELITE,200 PCT QMILES ACCUMULATION(F); Uninterrupted return (up to the last 12 hours); Change with Penalty,Included,Included,Included,Included,Included,Unknown,Unknown,Unknown,Unknown,Unknown,Unknown,Unknown,Unknown,Unknown,Unknown,Unknown,,,,2026-07-28T11:11:35+00:00,success,0
EK,LGW,ISB,LON,GB,ISB,PK,2026-10-01,2026-10-04,Summer,Economy,0,Eco-1,ECOFLEX,Economy Flex,0.00 USD,846.05,USD,Ubfly,ECOFLEX,Soft drink; In-flight entertainment,Included,Included,Unknown,Included,Unknown,Unknown,Unknown,Unknown,Unknown,Unknown,Unknown,Unknown,Unknown,Unknown,Unknown,Unknown,Yes,,70.0,2026-07-28T11:11:35+00:00,success,0
EK,LGW,ISB,LON,GB,ISB,PK,2026-10-01,2026-10-04,Summer,Economy,1,Eco-2,ECOFLXPLUS,Economy Comfort,+455.20 USD,1301.25,USD,Ubfly,ECOFLXPLUS,Soft drink; In-flight entertainment; Uninterrupted return (up to the last 12 hours); Change with Penalty,Included,Included,Unknown,Included,Unknown,Unknown,Unknown,Unknown,Unknown,Unknown,Unknown,Unknown,Unknown,Unknown,Unknown,Unknown,Yes,,100.0,2026-07-28T11:11:35+00:00,success,0
EK,LGW,ISB,LON,GB,ISB,PK,2026-10-01,2026-10-04,Summer,Economy,2,Eco-3,PYFLXPLUS,Economy Comfort,+855.81 USD,1701.86,USD,Ubfly,PYFLXPLUS,Soft drink; In-flight entertainment; Uninterrupted return (up to the last 12 hours); Change with Penalty,Included,Included,Included,Included,Unknown,Unknown,Unknown,Unknown,Unknown,Unknown,Unknown,Unknown,Unknown,Unknown,Unknown,Unknown,Yes,,,2026-07-28T11:11:35+00:00,success,0
EK,LGW,ISB,LON,GB,ISB,PK,2026-10-01,2026-10-04,Summer,Business,0,Bus-1,BSSAVER,Business Basic,0.00 USD,2639.2,USD,Ubfly,BSSAVER,Premium check-in; Soft drink; In-flight entertainment; Chauffeur Drive; Internet Access,Included,Included,Included,Included,Included,Included,Included,Unknown,Unknown,Unknown,Unknown,Unknown,Unknown,Unknown,Unknown,Unknown,Yes,,,2026-07-28T11:11:35+00:00,success,0
EK,LGW,ISB,LON,GB,ISB,PK,2026-10-01,2026-10-04,Summer,Business,1,Bus-2,BSFLEX,Business Flex,+547.02 USD,3186.22,USD,Ubfly,BSFLEX,Premium check-in; Soft drink; In-flight entertainment; Chauffeur Drive; Internet Access,Included,Included,Included,Included,Included,Included,Included,Unknown,Unknown,Unknown,Unknown,Unknown,Unknown,Unknown,Unknown,Unknown,Yes,,175.0,2026-07-28T11:11:35+00:00,success,0
EK,LGW,ISB,LON,GB,ISB,PK,2026-10-01,2026-10-04,Summer,Business,2,Bus-3,BSFLXPLUS,Business Comfort,"+1,639.73 USD",4278.93,USD,Ubfly,BSFLXPLUS,Premium check-in; Soft drink; In-flight entertainment; Chauffeur Drive; Internet Access; Uninterrupted return (up to the last 12 hours); Change with Penalty,Included,Included,Included,Included,Included,Included,Included,Unknown,Unknown,Unknown,Unknown,Unknown,Unknown,Unknown,Unknown,Unknown,Yes,,190.0,2026-07-28T11:11:35+00:00,success,0
EK,LGW,ISB,LON,GB,ISB,PK,2027-02-15,2027-02-18,Winter,Economy,0,Eco-1,ECOFLEX,Economy Flex,0.00 USD,846.05,USD,Ubfly,ECOFLEX,Soft drink; In-flight entertainment,Included,Included,Unknown,Included,Unknown,Unknown,Unknown,Unknown,Unknown,Unknown,Unknown,Unknown,Unknown,Unknown,Unknown,Unknown,Yes,,70.0,2026-07-28T11:11:35+00:00,success,0
EK,LGW,ISB,LON,GB,ISB,PK,2027-02-15,2027-02-18,Winter,Economy,1,Eco-2,ECOFLXPLUS,Economy Comfort,+455.20 USD,1301.25,USD,Ubfly,ECOFLXPLUS,Soft drink; In-flight entertainment; Uninterrupted return (up to the last 12 hours); Change with Penalty,Included,Included,Unknown,Included,Unknown,Unknown,Unknown,Unknown,Unknown,Unknown,Unknown,Unknown,Unknown,Unknown,Unknown,Unknown,Yes,,100.0,2026-07-28T11:11:35+00:00,success,0
EK,LGW,ISB,LON,GB,ISB,PK,2027-02-15,2027-02-18,Winter,Economy,2,Eco-3,PYFLXPLUS,Economy Comfort,+855.81 USD,1701.86,USD,Ubfly,PYFLXPLUS,Soft drink; In-flight entertainment; Uninterrupted return (up to the last 12 hours); Change with Penalty,Included,Included,Included,Included,Unknown,Unknown,Unknown,Unknown,Unknown,Unknown,Unknown,Unknown,Unknown,Unknown,Unknown,Unknown,Yes,,,2026-07-28T11:11:35+00:00,success,0
EK,LGW,ISB,LON,GB,ISB,PK,2027-02-15,2027-02-18,Winter,Business,0,Bus-1,BSSAVER,Business Basic,0.00 USD,2639.2,USD,Ubfly,BSSAVER,Premium check-in; Soft drink; In-flight entertainment; Chauffeur Drive; Internet Access,Included,Included,Included,Included,Included,Included,Included,Unknown,Unknown,Unknown,Unknown,Unknown,Unknown,Unknown,Unknown,Unknown,Yes,,,2026-07-28T11:11:35+00:00,success,0
EK,LGW,ISB,LON,GB,ISB,PK,2027-02-15,2027-02-18,Winter,Business,1,Bus-2,BSFLEX,Business Flex,+547.02 USD,3186.22,USD,Ubfly,BSFLEX,Premium check-in; Soft drink; In-flight entertainment; Chauffeur Drive; Internet Access,Included,Included,Included,Included,Included,Included,Included,Unknown,Unknown,Unknown,Unknown,Unknown,Unknown,Unknown,Unknown,Unknown,Yes,,175.0,2026-07-28T11:11:35+00:00,success,0
EK,LGW,ISB,LON,GB,ISB,PK,2027-02-15,2027-02-18,Winter,Business,2,Bus-3,BSFLXPLUS,Business Comfort,"+1,639.73 USD",4278.93,USD,Ubfly,BSFLXPLUS,Premium check-in; Soft drink; In-flight entertainment; Chauffeur Drive; Internet Access; Uninterrupted return (up to the last 12 hours); Change with Penalty,Included,Included,Included,Included,Included,Included,Included,Unknown,Unknown,Unknown,Unknown,Unknown,Unknown,Unknown,Unknown,Unknown,Yes,,190.0,2026-07-28T11:11:35+00:00,success,0
EK,HAN,PRG,HAN,VN,PRG,CZ,2026-10-16,2026-10-19,Summer,Economy,0,Eco-1,Economy Saver,Economy Basic,0.00 USD,642.57,USD,Ubfly,YP,• Hot and cold refreshments; • ICE entertainment; • Mileage upgrade eligibility at time of check-in; Economy Cabin,Included,Included,Paid,Included,Unknown,Unknown,Unknown,Included,Not Included,Unknown,Unknown,Unknown,Included,Unknown,Unknown,Unknown,Yes,1800.0,,2026-07-28T11:11:35+00:00,success,0
EK,HAN,PRG,HAN,VN,PRG,CZ,2026-10-16,2026-10-19,Summer,Economy,1,Eco-2,Economy Flex,Economy Flex,+172.55 USD,815.12,USD,Ubfly,YS,• Hot and cold refreshments; • ICE entertainment; • Mileage upgrade eligibility; Economy Cabin,Included,Included,Included,Included,Unknown,Unknown,Unknown,Included,Not Included,Unknown,Unknown,Unknown,Included,Unknown,Unknown,Unknown,Yes,4500.0,,2026-07-28T11:11:35+00:00,success,0
EK,HAN,PRG,HAN,VN,PRG,CZ,2026-10-16,2026-10-19,Summer,Economy,2,Eco-3,Economy Flex Plus,Economy Comfort,+530.60 USD,1173.17,USD,Ubfly,YF,• Hot and cold refreshments; • ICE entertainment; • Mileage upgrade eligibility; Economy Cabin,Included,Included,Included,Included,Unknown,Unknown,Unknown,Not Included,Not Included,Unknown,Unknown,Unknown,Included,Unknown,Unknown,Unknown,Yes,6000.0,,2026-07-28T11:11:35+00:00,success,0
EK,HAN,PRG,HAN,VN,PRG,CZ,2026-10-16,2026-10-19,Summer,Premium Economy,0,PEco-1,Premium Economy FlexPlus,Premium Economy Comfort,+559.54 USD,1202.11,USD,Ubfly,WF,• Hot and cold refreshments; • ICE entertainment; • Mileage upgrade eligibility; • Exclusive Premium Economy Class dining; Premium Economy Cabin,Included,Included,Included,Unknown,Unknown,Unknown,Unknown,Not Included,Not Included,Unknown,Unknown,Unknown,Included,Unknown,Unknown,Unknown,Yes,6600.0,,2026-07-28T11:11:35+00:00,success,0
EK,HAN,PRG,HAN,VN,PRG,CZ,2026-10-16,2026-10-19,Summer,Business,0,Bus-1,BSSAVER,Business Basic,0.00 USD,2449.59,USD,Ubfly,BSSAVER,Soft drink; Premium check-in; In-flight entertainment; Chauffeur Drive; Internet Access,Included,Included,Included,Included,Included,Included,Included,Unknown,Unknown,Unknown,Unknown,Unknown,Unknown,Unknown,Unknown,Unknown,Yes,,,2026-07-28T11:11:35+00:00,success,0
EK,HAN,PRG,HAN,VN,PRG,CZ,2026-10-16,2026-10-19,Summer,Business,1,Bus-2,BSFLEX,Business Flex,+418.91 USD,2868.5,USD,Ubfly,BSFLEX,Premium check-in; Soft drink; In-flight entertainment; Chauffeur Drive; Internet Access,Included,Included,Included,Included,Included,Included,Included,Unknown,Unknown,Unknown,Unknown,Unknown,Unknown,Unknown,Unknown,Unknown,Yes,,175.0,2026-07-28T11:11:35+00:00,success,0
EK,HAN,PRG,HAN,VN,PRG,CZ,2026-10-16,2026-10-19,Summer,Business,2,Bus-3,BSFLXPLUS,Business Comfort,"+1,048.28 USD",3497.87,USD,Ubfly,BSFLXPLUS,Premium check-in; Soft drink; In-flight entertainment; Chauffeur Drive; Internet Access; Uninterrupted return (up to the last 12 hours); Change with Penalty,Included,Included,Included,Included,Included,Included,Included,Unknown,Unknown,Unknown,Unknown,Unknown,Unknown,Unknown,Unknown,Unknown,Yes,,190.0,2026-07-28T11:11:35+00:00,success,0
EK,HAN,PRG,HAN,VN,PRG,CZ,2026-11-07,2026-11-10,Winter,Economy,0,Eco-1,Economy Saver,Economy Basic,0.00 USD,642.57,USD,Ubfly,YP,• Hot and cold refreshments; • ICE entertainment; • Mileage upgrade eligibility at time of check-in; Economy Cabin,Included,Included,Paid,Included,Unknown,Unknown,Unknown,Included,Not Included,Unknown,Unknown,Unknown,Included,Unknown,Unknown,Unknown,Yes,1800.0,,2026-07-28T11:11:35+00:00,success,0
EK,HAN,PRG,HAN,VN,PRG,CZ,2026-11-07,2026-11-10,Winter,Economy,1,Eco-2,Economy Flex,Economy Flex,+172.55 USD,815.12,USD,Ubfly,YS,• Hot and cold refreshments; • ICE entertainment; • Mileage upgrade eligibility; Economy Cabin,Included,Included,Included,Included,Unknown,Unknown,Unknown,Included,Not Included,Unknown,Unknown,Unknown,Included,Unknown,Unknown,Unknown,Yes,4500.0,,2026-07-28T11:11:35+00:00,success,0
EK,HAN,PRG,HAN,VN,PRG,CZ,2026-11-07,2026-11-10,Winter,Economy,2,Eco-3,Economy Flex Plus,Economy Comfort,+530.60 USD,1173.17,USD,Ubfly,YF,• Hot and cold refreshments; • ICE entertainment; • Mileage upgrade eligibility; Economy Cabin,Included,Included,Included,Included,Unknown,Unknown,Unknown,Not Included,Not Included,Unknown,Unknown,Unknown,Included,Unknown,Unknown,Unknown,Yes,6000.0,,2026-07-28T11:11:35+00:00,success,0
EK,HAN,PRG,HAN,VN,PRG,CZ,2026-11-07,2026-11-10,Winter,Premium Economy,0,PEco-1,Premium Economy FlexPlus,Premium Economy Comfort,+559.54 USD,1202.11,USD,Ubfly,WF,• Hot and cold refreshments; • ICE entertainment; • Mileage upgrade eligibility; • Exclusive Premium Economy Class dining; Premium Economy Cabin,Included,Included,Included,Unknown,Unknown,Unknown,Unknown,Not Included,Not Included,Unknown,Unknown,Unknown,Included,Unknown,Unknown,Unknown,Yes,6600.0,,2026-07-28T11:11:35+00:00,success,0
EK,HAN,PRG,HAN,VN,PRG,CZ,2026-11-07,2026-11-10,Winter,Business,0,Bus-1,BSSAVER,Business Basic,0.00 USD,2449.59,USD,Ubfly,BSSAVER,Soft drink; Internet Access; Premium check-in; In-flight entertainment; Chauffeur Drive,Included,Included,Included,Included,Included,Included,Included,Unknown,Unknown,Unknown,Unknown,Unknown,Unknown,Unknown,Unknown,Unknown,Yes,,,2026-07-28T11:11:35+00:00,success,0
EK,HAN,PRG,HAN,VN,PRG,CZ,2026-11-07,2026-11-10,Winter,Business,1,Bus-2,BSFLEX,Business Flex,+418.91 USD,2868.5,USD,Ubfly,BSFLEX,Premium check-in; Soft drink; In-flight entertainment; Chauffeur Drive; Internet Access,Included,Included,Included,Included,Included,Included,Included,Unknown,Unknown,Unknown,Unknown,Unknown,Unknown,Unknown,Unknown,Unknown,Yes,,175.0,2026-07-28T11:11:35+00:00,success,0
EK,HAN,PRG,HAN,VN,PRG,CZ,2026-11-07,2026-11-10,Winter,Business,2,Bus-3,BSFLXPLUS,Business Comfort,"+1,048.28 USD",3497.87,USD,Ubfly,BSFLXPLUS,Premium check-in; Soft drink; In-flight entertainment; Chauffeur Drive; Internet Access; Uninterrupted return (up to the last 12 hours); Change with Penalty,Included,Included,Included,Included,Included,Included,Included,Unknown,Unknown,Unknown,Unknown,Unknown,Unknown,Unknown,Unknown,Unknown,Yes,,190.0,2026-07-28T11:11:35+00:00,success,0
QR,HAN,PRG,HAN,VN,PRG,CZ,2026-10-16,2026-10-19,Summer,Economy,0,Eco-1,ECONOMY CLASSIC,Economy Standard,0.00 USD,595.64,USD,Ubfly,ECLASSIC,,Included,Included,Unknown,Included,Unknown,Unknown,Unknown,Unknown,Unknown,Unknown,Unknown,Unknown,Unknown,Unknown,Unknown,Unknown,Yes,,50.0,2026-07-28T11:11:35+00:00,success,0
QR,HAN,PRG,HAN,VN,PRG,CZ,2026-10-16,2026-10-19,Summer,Economy,1,Eco-2,ECONOMY CONVENIENCE,Economy — ECONOMY CONVENIENCE,+60.26 USD,655.9,USD,Ubfly,ECONVENIEN,,Included,Included,Included,Included,Unknown,Unknown,Unknown,Unknown,Unknown,Unknown,Unknown,Unknown,Unknown,Unknown,Unknown,Unknown,Yes,,75.0,2026-07-28T11:11:35+00:00,success,0
QR,HAN,PRG,HAN,VN,PRG,CZ,2026-10-16,2026-10-19,Summer,Economy,2,Eco-3,ECONOMY COMFORT,Economy Comfort,+516.64 USD,1112.28,USD,Ubfly,ECOMFORT,Uninterrupted return (up to the last 12 hours); Change with Penalty,Included,Included,Included,Included,Unknown,Unknown,Unknown,Unknown,Unknown,Unknown,Unknown,Unknown,Unknown,Unknown,Unknown,Unknown,Yes,,100.0,2026-07-28T11:11:35+00:00,success,0
QR,HAN,PRG,HAN,VN,PRG,CZ,2026-10-16,2026-10-19,Summer,Business,0,Bus-1,BCLASSIC,Business Standard,0.00 USD,2039.85,USD,Ubfly,BCLASSIC,125 PCT QMILES ACCUMULATION(F),Included,Included,Unknown,Included,Included,Unknown,Unknown,Unknown,Unknown,Unknown,Unknown,Unknown,Unknown,Unknown,Unknown,Unknown,,,,2026-07-28T11:11:35+00:00,success,0
QR,HAN,PRG,HAN,VN,PRG,CZ,2026-10-16,2026-10-19,Summer,Business,1,Bus-2,BUSINESS COMFORT,Business Comfort,+773.99 USD,2813.84,USD,Ubfly,BCOMFORT,175 PCT QMILES ACCUMULATION(F),Included,Included,Included,Included,Included,Unknown,Unknown,Unknown,Unknown,Unknown,Unknown,Unknown,Unknown,Unknown,Unknown,Unknown,,,,2026-07-28T11:11:35+00:00,success,0
QR,HAN,PRG,HAN,VN,PRG,CZ,2026-10-16,2026-10-19,Summer,Business,2,Bus-3,BUSINESS ELITE,Business Lite,"+1,341.50 USD",3381.35,USD,Ubfly,BELITE,200 PCT QMILES ACCUMULATION(F); Uninterrupted return (up to the last 12 hours); Change with Penalty,Included,Included,Included,Included,Included,Unknown,Unknown,Unknown,Unknown,Unknown,Unknown,Unknown,Unknown,Unknown,Unknown,Unknown,,,,2026-07-28T11:11:35+00:00,success,0
QR,HAN,PRG,HAN,VN,PRG,CZ,2026-11-07,2026-11-10,Winter,Economy,0,Eco-1,ECONOMY CLASSIC,Economy Standard,0.00 USD,416.69,USD,Ubfly,ECLASSIC,,Included,Included,Unknown,Included,Unknown,Unknown,Unknown,Unknown,Unknown,Unknown,Unknown,Unknown,Unknown,Unknown,Unknown,Unknown,Yes,,50.0,2026-07-28T11:11:35+00:00,success,0
QR,HAN,PRG,HAN,VN,PRG,CZ,2026-11-07,2026-11-10,Winter,Economy,1,Eco-2,ECONOMY CONVENIENCE,Economy — ECONOMY CONVENIENCE,+241.80 USD,658.49,USD,Ubfly,ECONVENIEN,,Included,Included,Included,Included,Unknown,Unknown,Unknown,Unknown,Unknown,Unknown,Unknown,Unknown,Unknown,Unknown,Unknown,Unknown,Yes,,75.0,2026-07-28T11:11:35+00:00,success,0
QR,HAN,PRG,HAN,VN,PRG,CZ,2026-11-07,2026-11-10,Winter,Economy,2,Eco-3,ECONOMY COMFORT,Economy Comfort,+698.18 USD,1114.87,USD,Ubfly,ECOMFORT,Uninterrupted return (up to the last 12 hours); Change with Penalty,Included,Included,Included,Included,Unknown,Unknown,Unknown,Unknown,Unknown,Unknown,Unknown,Unknown,Unknown,Unknown,Unknown,Unknown,Yes,,100.0,2026-07-28T11:11:35+00:00,success,0
QR,HAN,PRG,HAN,VN,PRG,CZ,2026-11-07,2026-11-10,Winter,Business,0,Bus-1,BCLASSIC,Business Standard,0.00 USD,2266.88,USD,Ubfly,BCLASSIC,125 PCT QMILES ACCUMULATION(F),Included,Included,Unknown,Included,Included,Unknown,Unknown,Unknown,Unknown,Unknown,Unknown,Unknown,Unknown,Unknown,Unknown,Unknown,,,,2026-07-28T11:11:35+00:00,success,0
QR,HAN,PRG,HAN,VN,PRG,CZ,2026-11-07,2026-11-10,Winter,Business,1,Bus-2,BUSINESS COMFORT,Business Comfort,+549.55 USD,2816.43,USD,Ubfly,BCOMFORT,175 PCT QMILES ACCUMULATION(F),Included,Included,Included,Included,Included,Unknown,Unknown,Unknown,Unknown,Unknown,Unknown,Unknown,Unknown,Unknown,Unknown,Unknown,,,,2026-07-28T11:11:35+00:00,success,0
QR,HAN,PRG,HAN,VN,PRG,CZ,2026-11-07,2026-11-10,Winter,Business,2,Bus-3,BUSINESS ELITE,Business Lite,"+1,117.07 USD",3383.95,USD,Ubfly,BELITE,200 PCT QMILES ACCUMULATION(F); Uninterrupted return (up to the last 12 hours); Change with Penalty,Included,Included,Included,Included,Included,Unknown,Unknown,Unknown,Unknown,Unknown,Unknown,Unknown,Unknown,Unknown,Unknown,Unknown,,,,2026-07-28T11:11:35+00:00,success,0
EY,HAN,PRG,HAN,VN,PRG,CZ,2026-10-16,2026-10-19,Summer,Economy,0,Eco-1,Basic,Economy Basic,0.00 USD,4403.05,USD,Ubfly,YDELUXE,,Included,Included,Unknown,Unknown,Unknown,Unknown,Unknown,Unknown,Unknown,Unknown,Unknown,Unknown,Unknown,Unknown,Unknown,Unknown,,,,2026-07-28T11:11:35+00:00,partial,0
EY,HAN,PRG,HAN,VN,PRG,CZ,2026-11-07,2026-11-10,Winter,Economy,0,Eco-1,YBASIC,Economy Basic,0.00 USD,580.5,USD,Ubfly,YBASIC,,Included,Not Included,Unknown,Included,Unknown,Unknown,Unknown,Unknown,Unknown,Unknown,Unknown,Unknown,Unknown,Unknown,Unknown,Unknown,Yes,,5.0,2026-07-28T11:11:35+00:00,success,0
EY,HAN,PRG,HAN,VN,PRG,CZ,2026-11-07,2026-11-10,Winter,Economy,1,Eco-2,YVALUE,Economy Basic,+24.50 USD,605.0,USD,Ubfly,YVALUE,,Included,Included,Unknown,Included,Unknown,Unknown,Unknown,Unknown,Unknown,Unknown,Unknown,Unknown,Unknown,Unknown,Unknown,Unknown,Yes,,35.0,2026-07-28T11:11:35+00:00,success,0
EY,HAN,PRG,HAN,VN,PRG,CZ,2026-11-07,2026-11-10,Winter,Economy,2,Eco-3,YCOMFORT,Economy Comfort,+46.43 USD,626.93,USD,Ubfly,YCOMFORT,,Included,Included,Included,Included,Unknown,Unknown,Unknown,Unknown,Unknown,Unknown,Unknown,Unknown,Unknown,Unknown,Unknown,Unknown,Yes,,75.0,2026-07-28T11:11:35+00:00,success,0
EY,HAN,PRG,HAN,VN,PRG,CZ,2026-11-07,2026-11-10,Winter,Economy,3,Eco-4,YDELUXE,Economy — YDELUXE,+157.15 USD,737.65,USD,Ubfly,YDELUXE,Change with Penalty; Uninterrupted return (up to the last 12 hours); Priority Access,Included,Included,Included,Included,Unknown,Unknown,Unknown,Unknown,Unknown,Unknown,Unknown,Unknown,Unknown,Unknown,Unknown,Unknown,Yes,,,2026-07-28T11:11:35+00:00,success,0
EY,HAN,PRG,HAN,VN,PRG,CZ,2026-11-07,2026-11-10,Winter,Business,0,Bus-1,JVALUE,Business Basic,0.00 USD,1934.96,USD,Ubfly,JVALUE,Priority Access,Included,Included,Unknown,Included,Unknown,Unknown,Unknown,Unknown,Unknown,Unknown,Unknown,Unknown,Unknown,Unknown,Unknown,Unknown,Yes,,100.0,2026-07-28T11:11:35+00:00,success,0
EY,HAN,PRG,HAN,VN,PRG,CZ,2026-11-07,2026-11-10,Winter,Business,1,Bus-2,JCOMFORT,Business Comfort,+71.81 USD,2006.77,USD,Ubfly,JCOMFORT,Priority Access; ETIHAD UAE CHAUFFEUR(F),Included,Included,Included,Included,Included,Unknown,Unknown,Unknown,Unknown,Unknown,Unknown,Unknown,Unknown,Unknown,Unknown,Unknown,Yes,,,2026-07-28T11:11:35+00:00,success,0
EY,HAN,PRG,HAN,VN,PRG,CZ,2026-11-07,2026-11-10,Winter,Business,2,Bus-3,JDELUXE,Business — JDELUXE,+647.31 USD,2582.27,USD,Ubfly,JDELUXE,Change with Penalty; Uninterrupted return (up to the last 12 hours); Priority Access; ETIHAD UAE CHAUFFEUR(F); ETIHAD GLOBAL CHAUFFEUR(F),Included,Included,Included,Included,Included,Unknown,Unknown,Unknown,Unknown,Unknown,Unknown,Unknown,Unknown,Unknown,Unknown,Unknown,Yes,,,2026-07-28T11:11:35+00:00,success,0
TK,HAN,PRG,HAN,VN,PRG,CZ,2026-10-16,2026-10-19,Summer,Economy,0,Eco-1,ECOFLY,Economy Basic,0.00 USD,692.04,USD,Ubfly,CL,Online Message Verification,Included,Included,Unknown,Included,Unknown,Unknown,Unknown,Not Included,Unknown,Unknown,Unknown,Unknown,Unknown,Unknown,Unknown,Unknown,,,,2026-07-28T11:11:35+00:00,success,0
TK,HAN,PRG,HAN,VN,PRG,CZ,2026-10-16,2026-10-19,Summer,Economy,1,Eco-2,EXTRAFLY,Economy Standard,+66.41 USD,758.45,USD,Ubfly,LG,Online Message Verification,Included,Included,Unknown,Included,Unknown,Unknown,Unknown,Unknown,Unknown,Unknown,Unknown,Unknown,Unknown,Unknown,Unknown,Unknown,,,,2026-07-28T11:11:35+00:00,success,0
TK,HAN,PRG,HAN,VN,PRG,CZ,2026-10-16,2026-10-19,Summer,Economy,2,Eco-3,FLEXFLY,Economy Flex,+199.14 USD,891.18,USD,Ubfly,GN,Online Message Verification,Included,Included,Included,Included,Unknown,Unknown,Unknown,Unknown,Unknown,Unknown,Unknown,Unknown,Unknown,Unknown,Unknown,Unknown,Yes,,15.0,2026-07-28T11:11:35+00:00,success,0
TK,HAN,PRG,HAN,VN,PRG,CZ,2026-10-16,2026-10-19,Summer,Economy,3,Eco-4,Flexible,Economy Flex,+396.15 USD,1088.19,USD,Ubfly,FL,Online Message Verification,Included,Included,Included,Included,Unknown,Unknown,Included,Unknown,Unknown,Unknown,Unknown,Paid,Unknown,Unknown,Unknown,Unknown,Yes,,30.0,2026-07-28T11:11:35+00:00,success,0
TK,HAN,PRG,HAN,VN,PRG,CZ,2026-10-16,2026-10-19,Summer,Business,0,Bus-1,BUSINESS FLY,Business — BUSINESS FLY,0.00 USD,2784.34,USD,Ubfly,BF,Priority Check-In,Included,Included,Included,Unknown,Included,Included,Included,Unknown,Unknown,Unknown,Unknown,Unknown,Included,Unknown,Unknown,Unknown,,,,2026-07-28T11:11:35+00:00,success,0
TK,HAN,PRG,HAN,VN,PRG,CZ,2026-10-16,2026-10-19,Summer,Business,1,Bus-2,BUSINESS PRIME,Business Premium,+389.00 USD,3173.34,USD,Ubfly,BL,Priority Check-In,Included,Included,Included,Unknown,Included,Included,Included,Unknown,Unknown,Unknown,Unknown,Paid,Included,Unknown,Unknown,Unknown,Yes,,30.0,2026-07-28T11:11:35+00:00,success,0
TK,HAN,PRG,HAN,VN,PRG,CZ,2026-11-07,2026-11-10,Winter,Economy,0,Eco-1,ECOFLY,Economy Basic,0.00 USD,888.49,USD,Ubfly,CL,Online Message Verification,Included,Included,Unknown,Included,Unknown,Unknown,Unknown,Not Included,Unknown,Unknown,Unknown,Unknown,Unknown,Unknown,Unknown,Unknown,,,,2026-07-28T11:11:35+00:00,success,0
TK,HAN,PRG,HAN,VN,PRG,CZ,2026-11-07,2026-11-10,Winter,Economy,1,Eco-2,EXTRAFLY,Economy Standard,+66.41 USD,954.9,USD,Ubfly,LG,Online Message Verification,Included,Included,Unknown,Included,Unknown,Unknown,Unknown,Unknown,Unknown,Unknown,Unknown,Unknown,Unknown,Unknown,Unknown,Unknown,,,,2026-07-28T11:11:35+00:00,success,0
TK,HAN,PRG,HAN,VN,PRG,CZ,2026-11-07,2026-11-10,Winter,Economy,2,Eco-3,FLEXFLY,Economy Flex,+199.12 USD,1087.61,USD,Ubfly,GN,Online Message Verification,Included,Included,Included,Included,Unknown,Unknown,Unknown,Unknown,Unknown,Unknown,Unknown,Unknown,Unknown,Unknown,Unknown,Unknown,Yes,,15.0,2026-07-28T11:11:35+00:00,success,0
TK,HAN,PRG,HAN,VN,PRG,CZ,2026-11-07,2026-11-10,Winter,Economy,3,Eco-4,Flexible,Economy Flex,+396.15 USD,1284.64,USD,Ubfly,FL,Online Message Verification,Included,Included,Included,Included,Unknown,Unknown,Included,Unknown,Unknown,Unknown,Unknown,Paid,Unknown,Unknown,Unknown,Unknown,Yes,,30.0,2026-07-28T11:11:35+00:00,success,0
TK,HAN,PRG,HAN,VN,PRG,CZ,2026-11-07,2026-11-10,Winter,Business,0,Bus-1,BUSINESS FLY,Business — BUSINESS FLY,0.00 USD,2784.34,USD,Ubfly,BF,Priority Check-In,Included,Included,Included,Unknown,Included,Included,Included,Unknown,Unknown,Unknown,Unknown,Unknown,Included,Unknown,Unknown,Unknown,,,,2026-07-28T11:11:35+00:00,success,0
TK,HAN,PRG,HAN,VN,PRG,CZ,2026-11-07,2026-11-10,Winter,Business,1,Bus-2,BUSINESS PRIME,Business Premium,+389.00 USD,3173.34,USD,Ubfly,BL,Priority Check-In,Included,Included,Included,Unknown,Included,Included,Included,Unknown,Unknown,Unknown,Unknown,Paid,Included,Unknown,Unknown,Unknown,Yes,,30.0,2026-07-28T11:11:35+00:00,success,0
QR,BKK,WAW,BKK,TH,WAW,PL,2026-09-20,2026-09-23,Summer,Economy,0,Eco-1,ECONOMY CLASSIC,Economy Standard,0.00 USD,695.06,USD,Ubfly,ECLASSIC,,Included,Included,Unknown,Included,Unknown,Unknown,Unknown,Unknown,Unknown,Unknown,Unknown,Unknown,Unknown,Unknown,Unknown,Unknown,Yes,,50.0,2026-07-28T11:11:35+00:00,success,0
QR,BKK,WAW,BKK,TH,WAW,PL,2026-09-20,2026-09-23,Summer,Economy,1,Eco-2,ECONOMY CONVENIENCE,Economy — ECONOMY CONVENIENCE,+63.64 USD,758.7,USD,Ubfly,ECONVENIEN,,Included,Included,Included,Included,Unknown,Unknown,Unknown,Unknown,Unknown,Unknown,Unknown,Unknown,Unknown,Unknown,Unknown,Unknown,Yes,,75.0,2026-07-28T11:11:35+00:00,success,0
QR,BKK,WAW,BKK,TH,WAW,PL,2026-09-20,2026-09-23,Summer,Economy,2,Eco-3,ECONOMY COMFORT,Economy Comfort,+546.77 USD,1241.83,USD,Ubfly,ECOMFORT,Uninterrupted return (up to the last 12 hours); Change with Penalty,Included,Included,Included,Included,Unknown,Unknown,Unknown,Unknown,Unknown,Unknown,Unknown,Unknown,Unknown,Unknown,Unknown,Unknown,Yes,,100.0,2026-07-28T11:11:35+00:00,success,0
QR,BKK,WAW,BKK,TH,WAW,PL,2026-09-20,2026-09-23,Summer,Business,0,Bus-1,BUSINESS COMFORT,Business Comfort,0.00 USD,3396.09,USD,Ubfly,BCOMFORT,175 PCT QMILES ACCUMULATION(F),Included,Included,Included,Included,Included,Unknown,Unknown,Unknown,Unknown,Unknown,Unknown,Unknown,Unknown,Unknown,Unknown,Unknown,,,,2026-07-28T11:11:35+00:00,success,0
QR,BKK,WAW,BKK,TH,WAW,PL,2026-09-20,2026-09-23,Summer,Business,1,Bus-2,BUSINESS ELITE,Business Lite,+379.44 USD,3775.53,USD,Ubfly,BELITE,200 PCT QMILES ACCUMULATION(F); Uninterrupted return (up to the last 12 hours); Change with Penalty,Included,Included,Included,Included,Included,Unknown,Unknown,Unknown,Unknown,Unknown,Unknown,Unknown,Unknown,Unknown,Unknown,Unknown,,,,2026-07-28T11:11:35+00:00,success,0
QR,BKK,WAW,BKK,TH,WAW,PL,2027-03-29,2027-04-01,Winter,Economy,0,Eco-1,ECONOMY CLASSIC,Economy Standard,0.00 USD,670.74,USD,Ubfly,ECLASSIC,,Included,Included,Unknown,Included,Unknown,Unknown,Unknown,Unknown,Unknown,Unknown,Unknown,Unknown,Unknown,Unknown,Unknown,Unknown,Yes,,50.0,2026-07-28T11:11:35+00:00,success,0
QR,BKK,WAW,BKK,TH,WAW,PL,2027-03-29,2027-04-01,Winter,Economy,1,Eco-2,ECONOMY CONVENIENCE,Economy — ECONOMY CONVENIENCE,+63.64 USD,734.38,USD,Ubfly,ECONVENIEN,,Included,Included,Included,Included,Unknown,Unknown,Unknown,Unknown,Unknown,Unknown,Unknown,Unknown,Unknown,Unknown,Unknown,Unknown,Yes,,75.0,2026-07-28T11:11:35+00:00,success,0
QR,BKK,WAW,BKK,TH,WAW,PL,2027-03-29,2027-04-01,Winter,Economy,2,Eco-3,ECONOMY COMFORT,Economy Comfort,+546.77 USD,1217.51,USD,Ubfly,ECOMFORT,Uninterrupted return (up to the last 12 hours); Change with Penalty,Included,Included,Included,Included,Unknown,Unknown,Unknown,Unknown,Unknown,Unknown,Unknown,Unknown,Unknown,Unknown,Unknown,Unknown,Yes,,100.0,2026-07-28T11:11:35+00:00,success,0
QR,BKK,WAW,BKK,TH,WAW,PL,2027-03-29,2027-04-01,Winter,Business,0,Bus-1,BUSINESS COMFORT,Business Comfort,0.00 USD,3308.43,USD,Ubfly,BCOMFORT,175 PCT QMILES ACCUMULATION(F),Included,Included,Included,Included,Included,Unknown,Unknown,Unknown,Unknown,Unknown,Unknown,Unknown,Unknown,Unknown,Unknown,Unknown,,,,2026-07-28T11:11:35+00:00,success,0
QR,BKK,WAW,BKK,TH,WAW,PL,2027-03-29,2027-04-01,Winter,Business,1,Bus-2,BUSINESS ELITE,Business Lite,+379.44 USD,3687.87,USD,Ubfly,BELITE,200 PCT QMILES ACCUMULATION(F); Uninterrupted return (up to the last 12 hours); Change with Penalty,Included,Included,Included,Included,Included,Unknown,Unknown,Unknown,Unknown,Unknown,Unknown,Unknown,Unknown,Unknown,Unknown,Unknown,,,,2026-07-28T11:11:35+00:00,success,0
EY,BKK,WAW,BKK,TH,WAW,PL,2026-09-20,2026-09-23,Summer,Economy,0,Eco-1,YBASIC,Economy Basic,0.00 USD,481.99,USD,Ubfly,YBASIC,,Included,Not Included,Unknown,Included,Unknown,Unknown,Unknown,Unknown,Unknown,Unknown,Unknown,Unknown,Unknown,Unknown,Unknown,Unknown,Yes,,5.0,2026-07-28T11:11:35+00:00,success,0
EY,BKK,WAW,BKK,TH,WAW,PL,2026-09-20,2026-09-23,Summer,Economy,1,Eco-2,YVALUE,Economy Basic,+24.88 USD,506.87,USD,Ubfly,YVALUE,,Included,Included,Unknown,Included,Unknown,Unknown,Unknown,Unknown,Unknown,Unknown,Unknown,Unknown,Unknown,Unknown,Unknown,Unknown,Yes,,35.0,2026-07-28T11:11:35+00:00,success,0
EY,BKK,WAW,BKK,TH,WAW,PL,2026-09-20,2026-09-23,Summer,Economy,2,Eco-3,YCOMFORT,Economy Comfort,+66.25 USD,548.24,USD,Ubfly,YCOMFORT,,Included,Included,Included,Included,Unknown,Unknown,Unknown,Unknown,Unknown,Unknown,Unknown,Unknown,Unknown,Unknown,Unknown,Unknown,Yes,,75.0,2026-07-28T11:11:35+00:00,success,0
EY,BKK,WAW,BKK,TH,WAW,PL,2026-09-20,2026-09-23,Summer,Economy,3,Eco-4,YDELUXE,Economy — YDELUXE,+167.11 USD,649.1,USD,Ubfly,YDELUXE,Change with Penalty; Uninterrupted return (up to the last 12 hours); Priority Access,Included,Included,Included,Included,Unknown,Unknown,Unknown,Unknown,Unknown,Unknown,Unknown,Unknown,Unknown,Unknown,Unknown,Unknown,Yes,,,2026-07-28T11:11:35+00:00,success,0
EY,BKK,WAW,BKK,TH,WAW,PL,2026-09-20,2026-09-23,Summer,Business,0,Bus-1,JVALUE,Business Basic,0.00 USD,2186.02,USD,Ubfly,JVALUE,Priority Access,Included,Included,Unknown,Included,Unknown,Unknown,Unknown,Unknown,Unknown,Unknown,Unknown,Unknown,Unknown,Unknown,Unknown,Unknown,Yes,,100.0,2026-07-28T11:11:35+00:00,success,0
EY,BKK,WAW,BKK,TH,WAW,PL,2026-09-20,2026-09-23,Summer,Business,1,Bus-2,JCOMFORT,Business Comfort,+114.37 USD,2300.39,USD,Ubfly,JCOMFORT,Priority Access; ETIHAD UAE CHAUFFEUR(F),Included,Included,Included,Included,Included,Unknown,Unknown,Unknown,Unknown,Unknown,Unknown,Unknown,Unknown,Unknown,Unknown,Unknown,Yes,,,2026-07-28T11:11:35+00:00,success,0
EY,BKK,WAW,BKK,TH,WAW,PL,2026-09-20,2026-09-23,Summer,Business,2,Bus-3,JDELUXE,Business — JDELUXE,+580.29 USD,2766.31,USD,Ubfly,JDELUXE,Change with Penalty; Uninterrupted return (up to the last 12 hours); Priority Access; ETIHAD UAE CHAUFFEUR(F); ETIHAD GLOBAL CHAUFFEUR(F),Included,Included,Included,Included,Included,Unknown,Unknown,Unknown,Unknown,Unknown,Unknown,Unknown,Unknown,Unknown,Unknown,Unknown,Yes,,,2026-07-28T11:11:35+00:00,success,0
EY,BKK,WAW,BKK,TH,WAW,PL,2027-03-29,2027-04-01,Winter,Economy,0,Eco-1,YBASIC,Economy Basic,0.00 USD,663.1,USD,Ubfly,YBASIC,,Included,Not Included,Unknown,Included,Unknown,Unknown,Unknown,Unknown,Unknown,Unknown,Unknown,Unknown,Unknown,Unknown,Unknown,Unknown,Yes,,5.0,2026-07-28T11:11:35+00:00,success,0
EY,BKK,WAW,BKK,TH,WAW,PL,2027-03-29,2027-04-01,Winter,Economy,1,Eco-2,YVALUE,Economy Basic,+30.66 USD,693.76,USD,Ubfly,YVALUE,,Included,Included,Unknown,Included,Unknown,Unknown,Unknown,Unknown,Unknown,Unknown,Unknown,Unknown,Unknown,Unknown,Unknown,Unknown,Yes,,35.0,2026-07-28T11:11:35+00:00,success,0
EY,BKK,WAW,BKK,TH,WAW,PL,2027-03-29,2027-04-01,Winter,Economy,2,Eco-3,YCOMFORT,Economy Comfort,+88.35 USD,751.45,USD,Ubfly,YCOMFORT,,Included,Included,Included,Included,Unknown,Unknown,Unknown,Unknown,Unknown,Unknown,Unknown,Unknown,Unknown,Unknown,Unknown,Unknown,Yes,,75.0,2026-07-28T11:11:35+00:00,success,0
EY,BKK,WAW,BKK,TH,WAW,PL,2027-03-29,2027-04-01,Winter,Economy,3,Eco-4,YDELUXE,Economy — YDELUXE,+242.03 USD,905.13,USD,Ubfly,YDELUXE,Priority Access; Change with Penalty; Uninterrupted return (up to the last 12 hours),Included,Included,Included,Included,Unknown,Unknown,Unknown,Unknown,Unknown,Unknown,Unknown,Unknown,Unknown,Unknown,Unknown,Unknown,Yes,,,2026-07-28T11:11:35+00:00,success,0
EY,BKK,WAW,BKK,TH,WAW,PL,2027-03-29,2027-04-01,Winter,Business,0,Bus-1,JVALUE,Business Basic,0.00 USD,2360.32,USD,Ubfly,JVALUE,Priority Access,Included,Included,Unknown,Included,Unknown,Unknown,Unknown,Unknown,Unknown,Unknown,Unknown,Unknown,Unknown,Unknown,Unknown,Unknown,Yes,,100.0,2026-07-28T11:11:35+00:00,success,0
EY,BKK,WAW,BKK,TH,WAW,PL,2027-03-29,2027-04-01,Winter,Business,1,Bus-2,JCOMFORT,Business Comfort,+144.03 USD,2504.35,USD,Ubfly,JCOMFORT,Priority Access; ETIHAD UAE CHAUFFEUR(F),Included,Included,Included,Included,Included,Unknown,Unknown,Unknown,Unknown,Unknown,Unknown,Unknown,Unknown,Unknown,Unknown,Unknown,Yes,,,2026-07-28T11:11:35+00:00,success,0
EY,BKK,WAW,BKK,TH,WAW,PL,2027-03-29,2027-04-01,Winter,Business,2,Bus-3,JDELUXE,Business — JDELUXE,+406.14 USD,2766.46,USD,Ubfly,JDELUXE,Change with Penalty; Uninterrupted return (up to the last 12 hours); Priority Access; ETIHAD UAE CHAUFFEUR(F); ETIHAD GLOBAL CHAUFFEUR(F),Included,Included,Included,Included,Included,Unknown,Unknown,Unknown,Unknown,Unknown,Unknown,Unknown,Unknown,Unknown,Unknown,Unknown,Yes,,,2026-07-28T11:11:35+00:00,success,0
EK,BKK,WAW,BKK,TH,WAW,PL,2026-09-20,2026-09-23,Summer,Economy,0,Eco-1,ECOSAVER,Economy Basic,0.00 USD,846.08,USD,Ubfly,ECOSAVER,Soft drink; In-flight entertainment,Included,Included,Unknown,Included,Unknown,Unknown,Unknown,Unknown,Unknown,Unknown,Unknown,Unknown,Unknown,Unknown,Unknown,Unknown,Yes,,30.0,2026-07-28T11:11:35+00:00,success,0
EK,BKK,WAW,BKK,TH,WAW,PL,2026-09-20,2026-09-23,Summer,Economy,1,Eco-2,ECOFLEX,Economy Flex,+78.48 USD,924.56,USD,Ubfly,ECOFLEX,Soft drink; In-flight entertainment,Included,Included,Unknown,Included,Unknown,Unknown,Unknown,Unknown,Unknown,Unknown,Unknown,Unknown,Unknown,Unknown,Unknown,Unknown,Yes,,70.0,2026-07-28T11:11:35+00:00,success,0
EK,BKK,WAW,BKK,TH,WAW,PL,2026-09-20,2026-09-23,Summer,Economy,2,Eco-3,ECOFLXPLUS,Economy Comfort,+458.66 USD,1304.74,USD,Ubfly,ECOFLXPLUS,Soft drink; In-flight entertainment; Uninterrupted return (up to the last 12 hours); Change with Penalty,Included,Included,Unknown,Included,Unknown,Unknown,Unknown,Unknown,Unknown,Unknown,Unknown,Unknown,Unknown,Unknown,Unknown,Unknown,Yes,,100.0,2026-07-28T11:11:35+00:00,success,0
EK,BKK,WAW,BKK,TH,WAW,PL,2026-09-20,2026-09-23,Summer,Economy,3,Eco-4,PYFLXPLUS,Economy Comfort,+506.87 USD,1352.95,USD,Ubfly,PYFLXPLUS,Soft drink; In-flight entertainment; Uninterrupted return (up to the last 12 hours); Change with Penalty,Included,Included,Included,Included,Unknown,Unknown,Unknown,Unknown,Unknown,Unknown,Unknown,Unknown,Unknown,Unknown,Unknown,Unknown,Yes,,,2026-07-28T11:11:35+00:00,success,0
EK,BKK,WAW,BKK,TH,WAW,PL,2026-09-20,2026-09-23,Summer,Business,0,Bus-1,BSSAVER,Business Basic,0.00 USD,3005.62,USD,Ubfly,BSSAVER,Soft drink; Premium check-in; In-flight entertainment; Chauffeur Drive; Internet Access,Included,Included,Included,Included,Included,Included,Included,Unknown,Unknown,Unknown,Unknown,Unknown,Unknown,Unknown,Unknown,Unknown,Yes,,,2026-07-28T11:11:35+00:00,success,0
EK,BKK,WAW,BKK,TH,WAW,PL,2026-09-20,2026-09-23,Summer,Business,1,Bus-2,BSFLEX,Business Flex,+341.02 USD,3346.64,USD,Ubfly,BSFLEX,Premium check-in; Soft drink; In-flight entertainment; Chauffeur Drive; Internet Access,Included,Included,Included,Included,Included,Included,Included,Unknown,Unknown,Unknown,Unknown,Unknown,Unknown,Unknown,Unknown,Unknown,Yes,,175.0,2026-07-28T11:11:35+00:00,success,0
EK,BKK,WAW,BKK,TH,WAW,PL,2026-09-20,2026-09-23,Summer,Business,2,Bus-3,BSFLXPLUS,Business Comfort,+853.38 USD,3859.0,USD,Ubfly,BSFLXPLUS,Premium check-in; Soft drink; In-flight entertainment; Chauffeur Drive; Internet Access; Uninterrupted return (up to the last 12 hours); Change with Penalty,Included,Included,Included,Included,Included,Included,Included,Unknown,Unknown,Unknown,Unknown,Unknown,Unknown,Unknown,Unknown,Unknown,Yes,,190.0,2026-07-28T11:11:35+00:00,success,0
EK,BKK,WAW,BKK,TH,WAW,PL,2027-03-29,2027-04-01,Winter,Economy,0,Eco-1,ECOSAVER,Economy Basic,0.00 USD,846.08,USD,Ubfly,ECOSAVER,Soft drink; In-flight entertainment,Included,Included,Unknown,Included,Unknown,Unknown,Unknown,Unknown,Unknown,Unknown,Unknown,Unknown,Unknown,Unknown,Unknown,Unknown,Yes,,30.0,2026-07-28T11:11:35+00:00,success,0
EK,BKK,WAW,BKK,TH,WAW,PL,2027-03-29,2027-04-01,Winter,Economy,1,Eco-2,ECOFLEX,Economy Flex,+78.48 USD,924.56,USD,Ubfly,ECOFLEX,Soft drink; In-flight entertainment,Included,Included,Unknown,Included,Unknown,Unknown,Unknown,Unknown,Unknown,Unknown,Unknown,Unknown,Unknown,Unknown,Unknown,Unknown,Yes,,70.0,2026-07-28T11:11:35+00:00,success,0
EK,BKK,WAW,BKK,TH,WAW,PL,2027-03-29,2027-04-01,Winter,Economy,2,Eco-3,ECOFLXPLUS,Economy Comfort,+458.66 USD,1304.74,USD,Ubfly,ECOFLXPLUS,Soft drink; In-flight entertainment; Uninterrupted return (up to the last 12 hours); Change with Penalty,Included,Included,Unknown,Included,Unknown,Unknown,Unknown,Unknown,Unknown,Unknown,Unknown,Unknown,Unknown,Unknown,Unknown,Unknown,Yes,,100.0,2026-07-28T11:11:35+00:00,success,0
EK,BKK,WAW,BKK,TH,WAW,PL,2027-03-29,2027-04-01,Winter,Economy,3,Eco-4,PYFLXPLUS,Economy Comfort,+506.87 USD,1352.95,USD,Ubfly,PYFLXPLUS,Soft drink; In-flight entertainment; Uninterrupted return (up to the last 12 hours); Change with Penalty,Included,Included,Included,Included,Unknown,Unknown,Unknown,Unknown,Unknown,Unknown,Unknown,Unknown,Unknown,Unknown,Unknown,Unknown,Yes,,,2026-07-28T11:11:35+00:00,success,0
EK,BKK,WAW,BKK,TH,WAW,PL,2027-03-29,2027-04-01,Winter,Business,0,Bus-1,BSSAVER,Business Basic,0.00 USD,3005.62,USD,Ubfly,BSSAVER,Soft drink; Premium check-in; In-flight entertainment; Chauffeur Drive; Internet Access,Included,Included,Included,Included,Included,Included,Included,Unknown,Unknown,Unknown,Unknown,Unknown,Unknown,Unknown,Unknown,Unknown,Yes,,,2026-07-28T11:11:35+00:00,success,0
EK,BKK,WAW,BKK,TH,WAW,PL,2027-03-29,2027-04-01,Winter,Business,1,Bus-2,BSFLEX,Business Flex,+341.02 USD,3346.64,USD,Ubfly,BSFLEX,Premium check-in; Soft drink; In-flight entertainment; Chauffeur Drive; Internet Access,Included,Included,Included,Included,Included,Included,Included,Unknown,Unknown,Unknown,Unknown,Unknown,Unknown,Unknown,Unknown,Unknown,Yes,,175.0,2026-07-28T11:11:35+00:00,success,0
EK,BKK,WAW,BKK,TH,WAW,PL,2027-03-29,2027-04-01,Winter,Business,2,Bus-3,BSFLXPLUS,Business Comfort,+853.38 USD,3859.0,USD,Ubfly,BSFLXPLUS,Premium check-in; Soft drink; In-flight entertainment; Chauffeur Drive; Internet Access; Uninterrupted return (up to the last 12 hours); Change with Penalty,Included,Included,Included,Included,Included,Included,Included,Unknown,Unknown,Unknown,Unknown,Unknown,Unknown,Unknown,Unknown,Unknown,Yes,,190.0,2026-07-28T11:11:35+00:00,success,0
TK,BKK,WAW,BKK,TH,WAW,PL,2026-09-20,2026-09-23,Summer,Economy,0,Eco-1,ECOFLY,Economy Basic,0.00 USD,1391.95,USD,Ubfly,CL,Online Message Verification,Included,Included,Unknown,Included,Unknown,Unknown,Unknown,Not Included,Unknown,Unknown,Unknown,Unknown,Unknown,Unknown,Unknown,Unknown,,,,2026-07-28T11:11:35+00:00,success,0
TK,BKK,WAW,BKK,TH,WAW,PL,2026-09-20,2026-09-23,Summer,Economy,1,Eco-2,EXTRAFLY,Economy Standard,+63.88 USD,1455.83,USD,Ubfly,LG,Online Message Verification,Included,Included,Unknown,Included,Unknown,Unknown,Unknown,Unknown,Unknown,Unknown,Unknown,Unknown,Unknown,Unknown,Unknown,Unknown,,,,2026-07-28T11:11:35+00:00,success,0
TK,BKK,WAW,BKK,TH,WAW,PL,2026-09-20,2026-09-23,Summer,Economy,2,Eco-3,FLEXFLY,Economy Flex,+191.54 USD,1583.49,USD,Ubfly,GN,Online Message Verification,Included,Included,Included,Included,Unknown,Unknown,Unknown,Unknown,Unknown,Unknown,Unknown,Unknown,Unknown,Unknown,Unknown,Unknown,Yes,,15.0,2026-07-28T11:11:35+00:00,success,0
TK,BKK,WAW,BKK,TH,WAW,PL,2026-09-20,2026-09-23,Summer,Economy,3,Eco-4,Flexible,Economy Flex,+383.93 USD,1775.88,USD,Ubfly,FL,Online Message Verification,Included,Included,Included,Included,Unknown,Unknown,Included,Unknown,Unknown,Unknown,Unknown,Paid,Unknown,Unknown,Unknown,Unknown,Yes,,30.0,2026-07-28T11:11:35+00:00,success,0
TK,BKK,WAW,BKK,TH,WAW,PL,2026-09-20,2026-09-23,Summer,Business,0,Bus-1,BUSINESS FLY,Business — BUSINESS FLY,0.00 USD,3804.68,USD,Ubfly,BF,Priority Check-In,Included,Included,Included,Unknown,Included,Included,Included,Unknown,Unknown,Unknown,Unknown,Unknown,Included,Unknown,Unknown,Unknown,,,,2026-07-28T11:11:35+00:00,success,0
TK,BKK,WAW,BKK,TH,WAW,PL,2026-09-20,2026-09-23,Summer,Business,1,Bus-2,BUSINESS PRIME,Business Premium,+376.78 USD,4181.46,USD,Ubfly,BL,Priority Check-In,Included,Included,Included,Unknown,Included,Included,Included,Unknown,Unknown,Unknown,Unknown,Paid,Included,Unknown,Unknown,Unknown,Yes,,30.0,2026-07-28T11:11:35+00:00,success,0
TK,BKK,WAW,BKK,TH,WAW,PL,2027-03-29,2027-04-01,Winter,Economy,0,Eco-1,ECOFLY,Economy Basic,0.00 USD,1201.69,USD,Ubfly,CL,Online Message Verification,Included,Included,Unknown,Included,Unknown,Unknown,Unknown,Not Included,Unknown,Unknown,Unknown,Unknown,Unknown,Unknown,Unknown,Unknown,,,,2026-07-28T11:11:35+00:00,success,0
TK,BKK,WAW,BKK,TH,WAW,PL,2027-03-29,2027-04-01,Winter,Economy,1,Eco-2,EXTRAFLY,Economy Standard,+63.88 USD,1265.57,USD,Ubfly,LG,Online Message Verification,Included,Included,Unknown,Included,Unknown,Unknown,Unknown,Unknown,Unknown,Unknown,Unknown,Unknown,Unknown,Unknown,Unknown,Unknown,,,,2026-07-28T11:11:35+00:00,success,0
TK,BKK,WAW,BKK,TH,WAW,PL,2027-03-29,2027-04-01,Winter,Economy,2,Eco-3,FLEXFLY,Economy Flex,+191.54 USD,1393.23,USD,Ubfly,GN,Online Message Verification,Included,Included,Included,Included,Unknown,Unknown,Unknown,Unknown,Unknown,Unknown,Unknown,Unknown,Unknown,Unknown,Unknown,Unknown,Yes,,15.0,2026-07-28T11:11:35+00:00,success,0
TK,BKK,WAW,BKK,TH,WAW,PL,2027-03-29,2027-04-01,Winter,Economy,3,Eco-4,Flexible,Economy Flex,+383.93 USD,1585.62,USD,Ubfly,FL,Online Message Verification,Included,Included,Included,Included,Unknown,Unknown,Included,Unknown,Unknown,Unknown,Unknown,Paid,Unknown,Unknown,Unknown,Unknown,Yes,,30.0,2026-07-28T11:11:35+00:00,success,0
TK,BKK,WAW,BKK,TH,WAW,PL,2027-03-29,2027-04-01,Winter,Business,0,Bus-1,BUSINESS FLY,Business — BUSINESS FLY,0.00 USD,3091.62,USD,Ubfly,BF,Priority Check-In,Included,Included,Included,Unknown,Included,Included,Included,Unknown,Unknown,Unknown,Unknown,Unknown,Included,Unknown,Unknown,Unknown,,,,2026-07-28T11:11:35+00:00,success,0
TK,BKK,WAW,BKK,TH,WAW,PL,2027-03-29,2027-04-01,Winter,Business,1,Bus-2,BUSINESS PRIME,Business Premium,+376.75 USD,3468.37,USD,Ubfly,BL,Priority Check-In,Included,Included,Included,Unknown,Included,Included,Included,Unknown,Unknown,Unknown,Unknown,Paid,Included,Unknown,Unknown,Unknown,Yes,,30.0,2026-07-28T11:11:35+00:00,success,0
EK,BKK,PRG,BKK,TH,PRG,CZ,2027-04-15,2027-04-18,Summer,Economy,0,Eco-1,Economy Saver,Economy Basic,0.00 USD,745.87,USD,Ubfly,YP,• Hot and cold refreshments; • ICE entertainment; • Mileage upgrade eligibility at time of check-in; Economy Cabin,Included,Included,Paid,Included,Unknown,Unknown,Unknown,Included,Not Included,Unknown,Unknown,Unknown,Included,Unknown,Unknown,Unknown,Yes,1800.0,,2026-07-28T11:11:35+00:00,success,0
EK,BKK,PRG,BKK,TH,PRG,CZ,2027-04-15,2027-04-18,Summer,Economy,1,Eco-2,Economy Flex,Economy Flex,+183.35 USD,929.22,USD,Ubfly,YS,• Hot and cold refreshments; • ICE entertainment; • Mileage upgrade eligibility; Economy Cabin,Included,Included,Included,Included,Unknown,Unknown,Unknown,Included,Not Included,Unknown,Unknown,Unknown,Included,Unknown,Unknown,Unknown,Yes,4500.0,,2026-07-28T11:11:35+00:00,success,0
EK,BKK,PRG,BKK,TH,PRG,CZ,2027-04-15,2027-04-18,Summer,Economy,2,Eco-3,Economy Flex Plus,Economy Comfort,+563.53 USD,1309.4,USD,Ubfly,YF,• Hot and cold refreshments; • ICE entertainment; • Mileage upgrade eligibility; Economy Cabin,Included,Included,Included,Included,Unknown,Unknown,Unknown,Not Included,Not Included,Unknown,Unknown,Unknown,Included,Unknown,Unknown,Unknown,Yes,6000.0,,2026-07-28T11:11:35+00:00,success,0
EK,BKK,PRG,BKK,TH,PRG,CZ,2027-04-15,2027-04-18,Summer,Premium Economy,0,PEco-1,Premium Economy FlexPlus,Premium Economy Comfort,+595.72 USD,1341.59,USD,Ubfly,WF,• Hot and cold refreshments; • ICE entertainment; • Mileage upgrade eligibility; • Exclusive Premium Economy Class dining; Premium Economy Cabin,Included,Included,Included,Unknown,Unknown,Unknown,Unknown,Not Included,Not Included,Unknown,Unknown,Unknown,Included,Unknown,Unknown,Unknown,Yes,6600.0,,2026-07-28T11:11:35+00:00,success,0
EK,BKK,PRG,BKK,TH,PRG,CZ,2027-04-15,2027-04-18,Summer,Business,0,Bus-1,BSSAVER,Business Basic,0.00 USD,3054.72,USD,Ubfly,BSSAVER,Soft drink; Internet Access; Premium check-in; In-flight entertainment; Chauffeur Drive,Included,Included,Included,Included,Included,Included,Included,Unknown,Unknown,Unknown,Unknown,Unknown,Unknown,Unknown,Unknown,Unknown,Yes,,,2026-07-28T11:11:35+00:00,success,0
EK,BKK,PRG,BKK,TH,PRG,CZ,2027-04-15,2027-04-18,Summer,Business,1,Bus-2,BSFLEX,Business Flex,+341.46 USD,3396.18,USD,Ubfly,BSFLEX,Premium check-in; Soft drink; In-flight entertainment; Chauffeur Drive; Internet Access,Included,Included,Included,Included,Included,Included,Included,Unknown,Unknown,Unknown,Unknown,Unknown,Unknown,Unknown,Unknown,Unknown,Yes,,175.0,2026-07-28T11:11:35+00:00,success,0
EK,BKK,PRG,BKK,TH,PRG,CZ,2027-04-15,2027-04-18,Summer,Business,2,Bus-3,BSFLXPLUS,Business Comfort,+853.52 USD,3908.24,USD,Ubfly,BSFLXPLUS,Premium check-in; Soft drink; In-flight entertainment; Chauffeur Drive; Internet Access; Uninterrupted return (up to the last 12 hours); Change with Penalty,Included,Included,Included,Included,Included,Included,Included,Unknown,Unknown,Unknown,Unknown,Unknown,Unknown,Unknown,Unknown,Unknown,Yes,,190.0,2026-07-28T11:11:35+00:00,success,0
EK,BKK,PRG,BKK,TH,PRG,CZ,2027-03-09,2027-03-12,Winter,Economy,0,Eco-1,Economy Saver,Economy Basic,0.00 USD,745.87,USD,Ubfly,YP,• Hot and cold refreshments; • ICE entertainment; • Mileage upgrade eligibility at time of check-in; Economy Cabin,Included,Included,Paid,Included,Unknown,Unknown,Unknown,Included,Not Included,Unknown,Unknown,Unknown,Included,Unknown,Unknown,Unknown,Yes,1800.0,,2026-07-28T11:11:35+00:00,success,0
EK,BKK,PRG,BKK,TH,PRG,CZ,2027-03-09,2027-03-12,Winter,Economy,1,Eco-2,Economy Flex,Economy Flex,+183.35 USD,929.22,USD,Ubfly,YS,• Hot and cold refreshments; • ICE entertainment; • Mileage upgrade eligibility; Economy Cabin,Included,Included,Included,Included,Unknown,Unknown,Unknown,Included,Not Included,Unknown,Unknown,Unknown,Included,Unknown,Unknown,Unknown,Yes,4500.0,,2026-07-28T11:11:35+00:00,success,0
EK,BKK,PRG,BKK,TH,PRG,CZ,2027-03-09,2027-03-12,Winter,Economy,2,Eco-3,Economy Flex Plus,Economy Comfort,+563.53 USD,1309.4,USD,Ubfly,YF,• Hot and cold refreshments; • ICE entertainment; • Mileage upgrade eligibility; Economy Cabin,Included,Included,Included,Included,Unknown,Unknown,Unknown,Not Included,Not Included,Unknown,Unknown,Unknown,Included,Unknown,Unknown,Unknown,Yes,6000.0,,2026-07-28T11:11:35+00:00,success,0
EK,BKK,PRG,BKK,TH,PRG,CZ,2027-03-09,2027-03-12,Winter,Premium Economy,0,PEco-1,Premium Economy FlexPlus,Premium Economy Comfort,+595.72 USD,1341.59,USD,Ubfly,WF,• Hot and cold refreshments; • ICE entertainment; • Mileage upgrade eligibility; • Exclusive Premium Economy Class dining; Premium Economy Cabin,Included,Included,Included,Unknown,Unknown,Unknown,Unknown,Not Included,Not Included,Unknown,Unknown,Unknown,Included,Unknown,Unknown,Unknown,Yes,6600.0,,2026-07-28T11:11:35+00:00,success,0
EK,BKK,PRG,BKK,TH,PRG,CZ,2027-03-09,2027-03-12,Winter,Business,0,Bus-1,BSSAVER,Business Basic,0.00 USD,3054.72,USD,Ubfly,BSSAVER,Soft drink; Internet Access; Premium check-in; In-flight entertainment; Chauffeur Drive,Included,Included,Included,Included,Included,Included,Included,Unknown,Unknown,Unknown,Unknown,Unknown,Unknown,Unknown,Unknown,Unknown,Yes,,,2026-07-28T11:11:35+00:00,success,0
EK,BKK,PRG,BKK,TH,PRG,CZ,2027-03-09,2027-03-12,Winter,Business,1,Bus-2,BSFLEX,Business Flex,+341.46 USD,3396.18,USD,Ubfly,BSFLEX,Premium check-in; Soft drink; In-flight entertainment; Chauffeur Drive; Internet Access,Included,Included,Included,Included,Included,Included,Included,Unknown,Unknown,Unknown,Unknown,Unknown,Unknown,Unknown,Unknown,Unknown,Yes,,175.0,2026-07-28T11:11:35+00:00,success,0
EK,BKK,PRG,BKK,TH,PRG,CZ,2027-03-09,2027-03-12,Winter,Business,2,Bus-3,BSFLXPLUS,Business Comfort,+853.52 USD,3908.24,USD,Ubfly,BSFLXPLUS,Premium check-in; Soft drink; In-flight entertainment; Chauffeur Drive; Internet Access; Uninterrupted return (up to the last 12 hours); Change with Penalty,Included,Included,Included,Included,Included,Included,Included,Unknown,Unknown,Unknown,Unknown,Unknown,Unknown,Unknown,Unknown,Unknown,Yes,,190.0,2026-07-28T11:11:35+00:00,success,0
QR,BKK,PRG,BKK,TH,PRG,CZ,2027-04-15,2027-04-18,Summer,Economy,0,Eco-1,ECONOMY CLASSIC,Economy Standard,0.00 USD,682.6,USD,Ubfly,ECLASSIC,,Included,Included,Unknown,Included,Unknown,Unknown,Unknown,Unknown,Unknown,Unknown,Unknown,Unknown,Unknown,Unknown,Unknown,Unknown,Yes,,50.0,2026-07-28T11:11:35+00:00,success,0
QR,BKK,PRG,BKK,TH,PRG,CZ,2027-04-15,2027-04-18,Summer,Economy,1,Eco-2,ECONOMY CONVENIENCE,Economy — ECONOMY CONVENIENCE,+63.34 USD,745.94,USD,Ubfly,ECONVENIEN,,Included,Included,Included,Included,Unknown,Unknown,Unknown,Unknown,Unknown,Unknown,Unknown,Unknown,Unknown,Unknown,Unknown,Unknown,Yes,,75.0,2026-07-28T11:11:35+00:00,success,0
QR,BKK,PRG,BKK,TH,PRG,CZ,2027-04-15,2027-04-18,Summer,Economy,2,Eco-3,ECONOMY COMFORT,Economy Comfort,+538.75 USD,1221.35,USD,Ubfly,ECOMFORT,Uninterrupted return (up to the last 12 hours); Change with Penalty,Included,Included,Included,Included,Unknown,Unknown,Unknown,Unknown,Unknown,Unknown,Unknown,Unknown,Unknown,Unknown,Unknown,Unknown,Yes,,100.0,2026-07-28T11:11:35+00:00,success,0
QR,BKK,PRG,BKK,TH,PRG,CZ,2027-04-15,2027-04-18,Summer,Business,0,Bus-1,BCLASSIC,Business Standard,0.00 USD,2783.91,USD,Ubfly,BCLASSIC,125 PCT QMILES ACCUMULATION(F),Included,Included,Unknown,Included,Included,Unknown,Unknown,Unknown,Unknown,Unknown,Unknown,Unknown,Unknown,Unknown,Unknown,Unknown,,,,2026-07-28T11:11:35+00:00,success,0
QR,BKK,PRG,BKK,TH,PRG,CZ,2027-04-15,2027-04-18,Summer,Business,1,Bus-2,BUSINESS COMFORT,Business Comfort,+450.34 USD,3234.25,USD,Ubfly,BCOMFORT,175 PCT QMILES ACCUMULATION(F),Included,Included,Included,Included,Included,Unknown,Unknown,Unknown,Unknown,Unknown,Unknown,Unknown,Unknown,Unknown,Unknown,Unknown,,,,2026-07-28T11:11:35+00:00,success,0
QR,BKK,PRG,BKK,TH,PRG,CZ,2027-04-15,2027-04-18,Summer,Business,2,Bus-3,BUSINESS ELITE,Business Lite,+829.48 USD,3613.39,USD,Ubfly,BELITE,200 PCT QMILES ACCUMULATION(F); Uninterrupted return (up to the last 12 hours); Change with Penalty,Included,Included,Included,Included,Included,Unknown,Unknown,Unknown,Unknown,Unknown,Unknown,Unknown,Unknown,Unknown,Unknown,Unknown,,,,2026-07-28T11:11:35+00:00,success,0
QR,BKK,PRG,BKK,TH,PRG,CZ,2027-03-09,2027-03-12,Winter,Economy,0,Eco-1,ECONOMY CLASSIC,Economy Standard,0.00 USD,682.6,USD,Ubfly,ECLASSIC,,Included,Included,Unknown,Included,Unknown,Unknown,Unknown,Unknown,Unknown,Unknown,Unknown,Unknown,Unknown,Unknown,Unknown,Unknown,Yes,,50.0,2026-07-28T11:11:35+00:00,success,0
QR,BKK,PRG,BKK,TH,PRG,CZ,2027-03-09,2027-03-12,Winter,Economy,1,Eco-2,ECONOMY CONVENIENCE,Economy — ECONOMY CONVENIENCE,+63.34 USD,745.94,USD,Ubfly,ECONVENIEN,,Included,Included,Included,Included,Unknown,Unknown,Unknown,Unknown,Unknown,Unknown,Unknown,Unknown,Unknown,Unknown,Unknown,Unknown,Yes,,75.0,2026-07-28T11:11:35+00:00,success,0
QR,BKK,PRG,BKK,TH,PRG,CZ,2027-03-09,2027-03-12,Winter,Economy,2,Eco-3,ECONOMY COMFORT,Economy Comfort,+538.75 USD,1221.35,USD,Ubfly,ECOMFORT,Uninterrupted return (up to the last 12 hours); Change with Penalty,Included,Included,Included,Included,Unknown,Unknown,Unknown,Unknown,Unknown,Unknown,Unknown,Unknown,Unknown,Unknown,Unknown,Unknown,Yes,,100.0,2026-07-28T11:11:35+00:00,success,0
QR,BKK,PRG,BKK,TH,PRG,CZ,2027-03-09,2027-03-12,Winter,Business,0,Bus-1,BCLASSIC,Business Standard,0.00 USD,2783.91,USD,Ubfly,BCLASSIC,125 PCT QMILES ACCUMULATION(F),Included,Included,Unknown,Included,Included,Unknown,Unknown,Unknown,Unknown,Unknown,Unknown,Unknown,Unknown,Unknown,Unknown,Unknown,,,,2026-07-28T11:11:35+00:00,success,0
QR,BKK,PRG,BKK,TH,PRG,CZ,2027-03-09,2027-03-12,Winter,Business,1,Bus-2,BUSINESS COMFORT,Business Comfort,+450.34 USD,3234.25,USD,Ubfly,BCOMFORT,175 PCT QMILES ACCUMULATION(F),Included,Included,Included,Included,Included,Unknown,Unknown,Unknown,Unknown,Unknown,Unknown,Unknown,Unknown,Unknown,Unknown,Unknown,,,,2026-07-28T11:11:35+00:00,success,0
QR,BKK,PRG,BKK,TH,PRG,CZ,2027-03-09,2027-03-12,Winter,Business,2,Bus-3,BUSINESS ELITE,Business Lite,+829.48 USD,3613.39,USD,Ubfly,BELITE,200 PCT QMILES ACCUMULATION(F); Uninterrupted return (up to the last 12 hours); Change with Penalty,Included,Included,Included,Included,Included,Unknown,Unknown,Unknown,Unknown,Unknown,Unknown,Unknown,Unknown,Unknown,Unknown,Unknown,,,,2026-07-28T11:11:35+00:00,success,0
EY,BKK,PRG,BKK,TH,PRG,CZ,2027-04-15,2027-04-18,Summer,Economy,0,Eco-1,YBASIC,Economy Basic,0.00 USD,449.95,USD,Ubfly,YBASIC,,Included,Not Included,Unknown,Included,Unknown,Unknown,Unknown,Unknown,Unknown,Unknown,Unknown,Unknown,Unknown,Unknown,Unknown,Unknown,Yes,,5.0,2026-07-28T11:11:35+00:00,success,0
EY,BKK,PRG,BKK,TH,PRG,CZ,2027-04-15,2027-04-18,Summer,Economy,1,Eco-2,YVALUE,Economy Basic,+24.88 USD,474.83,USD,Ubfly,YVALUE,,Included,Included,Unknown,Included,Unknown,Unknown,Unknown,Unknown,Unknown,Unknown,Unknown,Unknown,Unknown,Unknown,Unknown,Unknown,Yes,,35.0,2026-07-28T11:11:35+00:00,success,0
EY,BKK,PRG,BKK,TH,PRG,CZ,2027-04-15,2027-04-18,Summer,Economy,2,Eco-3,YCOMFORT,Economy Comfort,+66.25 USD,516.2,USD,Ubfly,YCOMFORT,,Included,Included,Included,Included,Unknown,Unknown,Unknown,Unknown,Unknown,Unknown,Unknown,Unknown,Unknown,Unknown,Unknown,Unknown,Yes,,75.0,2026-07-28T11:11:35+00:00,success,0
EY,BKK,PRG,BKK,TH,PRG,CZ,2027-04-15,2027-04-18,Summer,Economy,3,Eco-4,YDELUXE,Economy — YDELUXE,+169.94 USD,619.89,USD,Ubfly,YDELUXE,Uninterrupted return (up to the last 12 hours); Priority Access; Change with Penalty,Included,Included,Included,Included,Unknown,Unknown,Unknown,Unknown,Unknown,Unknown,Unknown,Unknown,Unknown,Unknown,Unknown,Unknown,Yes,,,2026-07-28T11:11:35+00:00,success,0
EY,BKK,PRG,BKK,TH,PRG,CZ,2027-04-15,2027-04-18,Summer,Business,0,Bus-1,JVALUE,Business Basic,0.00 USD,2004.02,USD,Ubfly,JVALUE,Priority Access,Included,Included,Unknown,Included,Unknown,Unknown,Unknown,Unknown,Unknown,Unknown,Unknown,Unknown,Unknown,Unknown,Unknown,Unknown,Yes,,100.0,2026-07-28T11:11:35+00:00,success,0
EY,BKK,PRG,BKK,TH,PRG,CZ,2027-04-15,2027-04-18,Summer,Business,1,Bus-2,JCOMFORT,Business Comfort,+114.37 USD,2118.39,USD,Ubfly,JCOMFORT,Priority Access; ETIHAD UAE CHAUFFEUR(F),Included,Included,Included,Included,Included,Unknown,Unknown,Unknown,Unknown,Unknown,Unknown,Unknown,Unknown,Unknown,Unknown,Unknown,Yes,,,2026-07-28T11:11:35+00:00,success,0
EY,BKK,PRG,BKK,TH,PRG,CZ,2027-04-15,2027-04-18,Summer,Business,2,Bus-3,JDELUXE,Business — JDELUXE,+599.56 USD,2603.58,USD,Ubfly,JDELUXE,Change with Penalty; Uninterrupted return (up to the last 12 hours); Priority Access; ETIHAD UAE CHAUFFEUR(F); ETIHAD GLOBAL CHAUFFEUR(F),Included,Included,Included,Included,Included,Unknown,Unknown,Unknown,Unknown,Unknown,Unknown,Unknown,Unknown,Unknown,Unknown,Unknown,Yes,,,2026-07-28T11:11:35+00:00,success,0
EY,BKK,PRG,BKK,TH,PRG,CZ,2027-03-09,2027-03-12,Winter,Economy,0,Eco-1,YBASIC,Economy Basic,0.00 USD,596.35,USD,Ubfly,YBASIC,,Included,Not Included,Unknown,Included,Unknown,Unknown,Unknown,Unknown,Unknown,Unknown,Unknown,Unknown,Unknown,Unknown,Unknown,Unknown,Yes,,5.0,2026-07-28T11:11:35+00:00,success,0
EY,BKK,PRG,BKK,TH,PRG,CZ,2027-03-09,2027-03-12,Winter,Economy,1,Eco-2,YVALUE,Economy Basic,+24.88 USD,621.23,USD,Ubfly,YVALUE,,Included,Included,Unknown,Included,Unknown,Unknown,Unknown,Unknown,Unknown,Unknown,Unknown,Unknown,Unknown,Unknown,Unknown,Unknown,Yes,,35.0,2026-07-28T11:11:35+00:00,success,0
EY,BKK,PRG,BKK,TH,PRG,CZ,2027-03-09,2027-03-12,Winter,Economy,2,Eco-3,YCOMFORT,Economy Comfort,+66.25 USD,662.6,USD,Ubfly,YCOMFORT,,Included,Included,Included,Included,Unknown,Unknown,Unknown,Unknown,Unknown,Unknown,Unknown,Unknown,Unknown,Unknown,Unknown,Unknown,Yes,,75.0,2026-07-28T11:11:35+00:00,success,0
EY,BKK,PRG,BKK,TH,PRG,CZ,2027-03-09,2027-03-12,Winter,Economy,3,Eco-4,YDELUXE,Economy — YDELUXE,+169.94 USD,766.29,USD,Ubfly,YDELUXE,Change with Penalty; Uninterrupted return (up to the last 12 hours); Priority Access,Included,Included,Included,Included,Unknown,Unknown,Unknown,Unknown,Unknown,Unknown,Unknown,Unknown,Unknown,Unknown,Unknown,Unknown,Yes,,,2026-07-28T11:11:35+00:00,success,0
EY,BKK,PRG,BKK,TH,PRG,CZ,2027-03-09,2027-03-12,Winter,Business,0,Bus-1,JVALUE,Business Basic,0.00 USD,2615.32,USD,Ubfly,JVALUE,Priority Access,Included,Included,Unknown,Included,Unknown,Unknown,Unknown,Unknown,Unknown,Unknown,Unknown,Unknown,Unknown,Unknown,Unknown,Unknown,Yes,,100.0,2026-07-28T11:11:35+00:00,success,0
EY,BKK,PRG,BKK,TH,PRG,CZ,2027-03-09,2027-03-12,Winter,Business,1,Bus-2,JCOMFORT,Business Comfort,+144.03 USD,2759.35,USD,Ubfly,JCOMFORT,Priority Access; ETIHAD UAE CHAUFFEUR(F),Included,Included,Included,Included,Included,Unknown,Unknown,Unknown,Unknown,Unknown,Unknown,Unknown,Unknown,Unknown,Unknown,Unknown,Yes,,,2026-07-28T11:11:35+00:00,success,0
EY,BKK,PRG,BKK,TH,PRG,CZ,2027-03-09,2027-03-12,Winter,Business,2,Bus-3,JDELUXE,Business — JDELUXE,+434.02 USD,3049.34,USD,Ubfly,JDELUXE,Change with Penalty; Uninterrupted return (up to the last 12 hours); Priority Access; ETIHAD UAE CHAUFFEUR(F); ETIHAD GLOBAL CHAUFFEUR(F),Included,Included,Included,Included,Included,Unknown,Unknown,Unknown,Unknown,Unknown,Unknown,Unknown,Unknown,Unknown,Unknown,Unknown,Yes,,,2026-07-28T11:11:35+00:00,success,0
TK,BKK,PRG,BKK,TH,PRG,CZ,2027-04-15,2027-04-18,Summer,Economy,0,Eco-1,ECOFLY,Economy Basic,0.00 USD,889.43,USD,Ubfly,CL,Online Message Verification,Included,Included,Unknown,Included,Unknown,Unknown,Unknown,Not Included,Unknown,Unknown,Unknown,Unknown,Unknown,Unknown,Unknown,Unknown,,,,2026-07-28T11:11:35+00:00,success,0
TK,BKK,PRG,BKK,TH,PRG,CZ,2027-04-15,2027-04-18,Summer,Economy,1,Eco-2,EXTRAFLY,Economy Standard,+63.88 USD,953.31,USD,Ubfly,LG,Online Message Verification,Included,Included,Unknown,Included,Unknown,Unknown,Unknown,Unknown,Unknown,Unknown,Unknown,Unknown,Unknown,Unknown,Unknown,Unknown,,,,2026-07-28T11:11:35+00:00,success,0
TK,BKK,PRG,BKK,TH,PRG,CZ,2027-04-15,2027-04-18,Summer,Economy,2,Eco-3,FLEXFLY,Economy Flex,+191.54 USD,1080.97,USD,Ubfly,GN,Online Message Verification,Included,Included,Included,Included,Unknown,Unknown,Unknown,Unknown,Unknown,Unknown,Unknown,Unknown,Unknown,Unknown,Unknown,Unknown,Yes,,15.0,2026-07-28T11:11:35+00:00,success,0
TK,BKK,PRG,BKK,TH,PRG,CZ,2027-04-15,2027-04-18,Summer,Economy,3,Eco-4,Flexible,Economy Flex,+383.93 USD,1273.36,USD,Ubfly,FL,Online Message Verification,Included,Included,Included,Included,Unknown,Unknown,Included,Unknown,Unknown,Unknown,Unknown,Paid,Unknown,Unknown,Unknown,Unknown,Yes,,30.0,2026-07-28T11:11:35+00:00,success,0
TK,BKK,PRG,BKK,TH,PRG,CZ,2027-04-15,2027-04-18,Summer,Business,0,Bus-1,BUSINESS FLY,Business — BUSINESS FLY,0.00 USD,3282.92,USD,Ubfly,BF,Priority Check-In,Included,Included,Included,Unknown,Included,Included,Included,Unknown,Unknown,Unknown,Unknown,Unknown,Included,Unknown,Unknown,Unknown,,,,2026-07-28T11:11:35+00:00,success,0
TK,BKK,PRG,BKK,TH,PRG,CZ,2027-04-15,2027-04-18,Summer,Business,1,Bus-2,BUSINESS PRIME,Business Premium,+376.75 USD,3659.67,USD,Ubfly,BL,Priority Check-In,Included,Included,Included,Unknown,Included,Included,Included,Unknown,Unknown,Unknown,Unknown,Paid,Included,Unknown,Unknown,Unknown,Yes,,30.0,2026-07-28T11:11:35+00:00,success,0
TK,BKK,PRG,BKK,TH,PRG,CZ,2027-03-09,2027-03-12,Winter,Economy,0,Eco-1,ECOFLY,Economy Basic,0.00 USD,715.62,USD,Ubfly,CL,Online Message Verification,Included,Included,Unknown,Included,Unknown,Unknown,Unknown,Not Included,Unknown,Unknown,Unknown,Unknown,Unknown,Unknown,Unknown,Unknown,,,,2026-07-28T11:11:35+00:00,success,1
TK,BKK,PRG,BKK,TH,PRG,CZ,2027-03-09,2027-03-12,Winter,Economy,1,Eco-2,EXTRAFLY,Economy Standard,+63.90 USD,779.52,USD,Ubfly,LG,Online Message Verification,Included,Included,Unknown,Included,Unknown,Unknown,Unknown,Unknown,Unknown,Unknown,Unknown,Unknown,Unknown,Unknown,Unknown,Unknown,,,,2026-07-28T11:11:35+00:00,success,1
TK,BKK,PRG,BKK,TH,PRG,CZ,2027-03-09,2027-03-12,Winter,Economy,2,Eco-3,FLEXFLY,Economy Flex,+191.54 USD,907.16,USD,Ubfly,GN,Online Message Verification,Included,Included,Included,Included,Unknown,Unknown,Unknown,Unknown,Unknown,Unknown,Unknown,Unknown,Unknown,Unknown,Unknown,Unknown,Yes,,15.0,2026-07-28T11:11:35+00:00,success,1
TK,BKK,PRG,BKK,TH,PRG,CZ,2027-03-09,2027-03-12,Winter,Economy,3,Eco-4,Flexible,Economy Flex,+383.95 USD,1099.57,USD,Ubfly,FL,Online Message Verification,Included,Included,Included,Included,Unknown,Unknown,Included,Unknown,Unknown,Unknown,Unknown,Paid,Unknown,Unknown,Unknown,Unknown,Yes,,30.0,2026-07-28T11:11:35+00:00,success,1
TK,BKK,PRG,BKK,TH,PRG,CZ,2027-03-09,2027-03-12,Winter,Business,0,Bus-1,BUSINESS FLY,Business — BUSINESS FLY,0.00 USD,3282.92,USD,Ubfly,BF,Priority Check-In,Included,Included,Included,Unknown,Included,Included,Included,Unknown,Unknown,Unknown,Unknown,Unknown,Included,Unknown,Unknown,Unknown,,,,2026-07-28T11:11:35+00:00,success,1
TK,BKK,PRG,BKK,TH,PRG,CZ,2027-03-09,2027-03-12,Winter,Business,1,Bus-2,BUSINESS PRIME,Business Premium,+376.75 USD,3659.67,USD,Ubfly,BL,Priority Check-In,Included,Included,Included,Unknown,Included,Included,Included,Unknown,Unknown,Unknown,Unknown,Paid,Included,Unknown,Unknown,Unknown,Yes,,30.0,2026-07-28T11:11:35+00:00,success,1
EK,PRG,HAN,PRG,CZ,HAN,VN,2026-10-23,2026-10-26,Summer,Economy,0,Eco-1,ECOFLEX,Economy Flex,0.00 USD,1243.23,USD,Ubfly,ECOFLEX,Soft drink; In-flight entertainment,Included,Included,Unknown,Included,Unknown,Unknown,Unknown,Unknown,Unknown,Unknown,Unknown,Unknown,Unknown,Unknown,Unknown,Unknown,Yes,,70.0,2026-07-28T11:11:35+00:00,success,0
EK,PRG,HAN,PRG,CZ,HAN,VN,2026-10-23,2026-10-26,Summer,Economy,1,Eco-2,ECOFLXPLUS,Economy Comfort,+539.67 USD,1782.9,USD,Ubfly,ECOFLXPLUS,Soft drink; In-flight entertainment; Uninterrupted return (up to the last 12 hours); Change with Penalty,Included,Included,Unknown,Included,Unknown,Unknown,Unknown,Unknown,Unknown,Unknown,Unknown,Unknown,Unknown,Unknown,Unknown,Unknown,Yes,,100.0,2026-07-28T11:11:35+00:00,success,0
EK,PRG,HAN,PRG,CZ,HAN,VN,2026-10-23,2026-10-26,Summer,Economy,2,Eco-3,PYFLXPLUS,Economy Comfort,"+1,501.83 USD",2745.06,USD,Ubfly,PYFLXPLUS,Soft drink; In-flight entertainment; Uninterrupted return (up to the last 12 hours); Change with Penalty,Included,Included,Included,Included,Unknown,Unknown,Unknown,Unknown,Unknown,Unknown,Unknown,Unknown,Unknown,Unknown,Unknown,Unknown,Yes,,,2026-07-28T11:11:35+00:00,success,0
EK,PRG,HAN,PRG,CZ,HAN,VN,2026-12-20,2026-12-23,Winter,Economy,0,Eco-1,Economy Flex,Economy Flex,0.00 USD,1247.97,USD,Ubfly,YS,• Hot and cold refreshments; • ICE entertainment; • Mileage upgrade eligibility; Economy Cabin,Included,Included,Included,Included,Unknown,Unknown,Unknown,Unknown,Not Included,Unknown,Unknown,Unknown,Included,Unknown,Unknown,Unknown,Yes,4500.0,,2026-07-28T11:11:35+00:00,success,0
EK,PRG,HAN,PRG,CZ,HAN,VN,2026-12-20,2026-12-23,Winter,Economy,1,Eco-2,Economy Flex Plus,Economy Comfort,+746.08 USD,1994.05,USD,Ubfly,YF,• Hot and cold refreshments; • ICE entertainment; • Mileage upgrade eligibility; Economy Cabin,Included,Included,Included,Included,Unknown,Unknown,Unknown,Not Included,Not Included,Unknown,Unknown,Unknown,Included,Unknown,Unknown,Unknown,Yes,6000.0,,2026-07-28T11:11:35+00:00,success,0
EK,PRG,HAN,PRG,CZ,HAN,VN,2026-12-20,2026-12-23,Winter,Premium Economy,0,PEco-1,Premium Economy FlexPlus,Premium Economy Comfort,"+1,743.48 USD",2991.45,USD,Ubfly,WF,• Hot and cold refreshments; • ICE entertainment; • Mileage upgrade eligibility; • Exclusive Premium Economy Class dining; Premium Economy Cabin,Included,Included,Included,Unknown,Unknown,Unknown,Unknown,Not Included,Not Included,Unknown,Unknown,Unknown,Included,Unknown,Unknown,Unknown,Yes,6600.0,,2026-07-28T11:11:35+00:00,success,0
QR,PRG,HAN,PRG,CZ,HAN,VN,2026-10-23,2026-10-26,Summer,Economy,0,Eco-1,ECONOMY CLASSIC,Economy Standard,0.00 USD,700.32,USD,Ubfly,ECLASSIC,,Included,Included,Unknown,Included,Unknown,Unknown,Unknown,Unknown,Unknown,Unknown,Unknown,Unknown,Unknown,Unknown,Unknown,Unknown,Yes,,50.0,2026-07-28T11:11:35+00:00,success,0
QR,PRG,HAN,PRG,CZ,HAN,VN,2026-10-23,2026-10-26,Summer,Economy,1,Eco-2,ECONOMY CONVENIENCE,Economy — ECONOMY CONVENIENCE,+54.28 USD,754.6,USD,Ubfly,ECONVENIEN,,Included,Included,Included,Included,Unknown,Unknown,Unknown,Unknown,Unknown,Unknown,Unknown,Unknown,Unknown,Unknown,Unknown,Unknown,Yes,,75.0,2026-07-28T11:11:35+00:00,success,0
QR,PRG,HAN,PRG,CZ,HAN,VN,2026-10-23,2026-10-26,Summer,Economy,2,Eco-3,ECONOMY COMFORT,Economy Comfort,+494.63 USD,1194.95,USD,Ubfly,ECOMFORT,Uninterrupted return (up to the last 12 hours); Change with Penalty,Included,Included,Included,Included,Unknown,Unknown,Unknown,Unknown,Unknown,Unknown,Unknown,Unknown,Unknown,Unknown,Unknown,Unknown,Yes,,100.0,2026-07-28T11:11:35+00:00,success,0
QR,PRG,HAN,PRG,CZ,HAN,VN,2026-10-23,2026-10-26,Summer,Business,0,Bus-1,BUSINESS COMFORT,Business Comfort,0.00 USD,3952.85,USD,Ubfly,BCOMFORT,175 PCT QMILES ACCUMULATION(F),Included,Included,Included,Included,Included,Unknown,Unknown,Unknown,Unknown,Unknown,Unknown,Unknown,Unknown,Unknown,Unknown,Unknown,,,,2026-07-28T11:11:35+00:00,success,0
QR,PRG,HAN,PRG,CZ,HAN,VN,2026-10-23,2026-10-26,Summer,Business,1,Bus-2,BUSINESS ELITE,Business Lite,"+1,060.22 USD",5013.07,USD,Ubfly,BELITE,200 PCT QMILES ACCUMULATION(F); Uninterrupted return (up to the last 12 hours); Change with Penalty,Included,Included,Included,Included,Included,Unknown,Unknown,Unknown,Unknown,Unknown,Unknown,Unknown,Unknown,Unknown,Unknown,Unknown,,,,2026-07-28T11:11:35+00:00,success,0
QR,PRG,HAN,PRG,CZ,HAN,VN,2026-12-20,2026-12-23,Winter,Economy,0,Eco-1,ECONOMY CONVENIENCE,Economy — ECONOMY CONVENIENCE,0.00 USD,1338.05,USD,Ubfly,ECONVENIEN,,Included,Included,Included,Included,Unknown,Unknown,Unknown,Unknown,Unknown,Unknown,Unknown,Unknown,Unknown,Unknown,Unknown,Unknown,Yes,,75.0,2026-07-28T11:11:35+00:00,success,0
QR,PRG,HAN,PRG,CZ,HAN,VN,2026-12-20,2026-12-23,Winter,Economy,1,Eco-2,ECONOMY COMFORT,Economy Comfort,+400.11 USD,1738.16,USD,Ubfly,ECOMFORT,Uninterrupted return (up to the last 12 hours); Change with Penalty,Included,Included,Included,Included,Unknown,Unknown,Unknown,Unknown,Unknown,Unknown,Unknown,Unknown,Unknown,Unknown,Unknown,Unknown,Yes,,100.0,2026-07-28T11:11:35+00:00,success,0
QR,PRG,HAN,PRG,CZ,HAN,VN,2026-12-20,2026-12-23,Winter,Business,0,Bus-1,BUSINESS COMFORT,Business Comfort,0.00 USD,3613.66,USD,Ubfly,BCOMFORT,175 PCT QMILES ACCUMULATION(F),Included,Included,Included,Included,Included,Unknown,Unknown,Unknown,Unknown,Unknown,Unknown,Unknown,Unknown,Unknown,Unknown,Unknown,,,,2026-07-28T11:11:35+00:00,success,0
QR,PRG,HAN,PRG,CZ,HAN,VN,2026-12-20,2026-12-23,Winter,Business,1,Bus-2,BUSINESS ELITE,Business Lite,"+1,060.22 USD",4673.88,USD,Ubfly,BELITE,200 PCT QMILES ACCUMULATION(F); Uninterrupted return (up to the last 12 hours); Change with Penalty,Included,Included,Included,Included,Included,Unknown,Unknown,Unknown,Unknown,Unknown,Unknown,Unknown,Unknown,Unknown,Unknown,Unknown,,,,2026-07-28T11:11:35+00:00,success,0
EY,PRG,HAN,PRG,CZ,HAN,VN,2026-10-23,2026-10-26,Summer,Economy,0,Eco-1,YVALUE,Economy Basic,0.00 USD,912.73,USD,Ubfly,YVALUE,,Included,Included,Unknown,Included,Unknown,Unknown,Unknown,Unknown,Unknown,Unknown,Unknown,Unknown,Unknown,Unknown,Unknown,Unknown,Yes,,35.0,2026-07-28T11:11:35+00:00,success,0
EY,PRG,HAN,PRG,CZ,HAN,VN,2026-10-23,2026-10-26,Summer,Economy,1,Eco-2,YCOMFORT,Economy Comfort,+9.79 USD,922.52,USD,Ubfly,YCOMFORT,,Included,Included,Included,Included,Unknown,Unknown,Unknown,Unknown,Unknown,Unknown,Unknown,Unknown,Unknown,Unknown,Unknown,Unknown,Yes,,75.0,2026-07-28T11:11:35+00:00,success,0
EY,PRG,HAN,PRG,CZ,HAN,VN,2026-10-23,2026-10-26,Summer,Economy,2,Eco-3,YDELUXE,Economy — YDELUXE,+137.04 USD,1049.77,USD,Ubfly,YDELUXE,Priority Access; Change with Penalty; Uninterrupted return (up to the last 12 hours),Included,Included,Included,Included,Unknown,Unknown,Unknown,Unknown,Unknown,Unknown,Unknown,Unknown,Unknown,Unknown,Unknown,Unknown,Yes,,,2026-07-28T11:11:35+00:00,success,0
EY,PRG,HAN,PRG,CZ,HAN,VN,2026-10-23,2026-10-26,Summer,Business,0,Bus-1,JVALUE,Business Basic,0.00 USD,5243.11,USD,Ubfly,JVALUE,Priority Access,Included,Included,Unknown,Included,Unknown,Unknown,Unknown,Unknown,Unknown,Unknown,Unknown,Unknown,Unknown,Unknown,Unknown,Unknown,Yes,,100.0,2026-07-28T11:11:35+00:00,success,0
EY,PRG,HAN,PRG,CZ,HAN,VN,2026-10-23,2026-10-26,Summer,Business,1,Bus-2,JCOMFORT,Business Comfort,+215.33 USD,5458.44,USD,Ubfly,JCOMFORT,Priority Access; ETIHAD UAE CHAUFFEUR(F),Included,Included,Included,Included,Included,Unknown,Unknown,Unknown,Unknown,Unknown,Unknown,Unknown,Unknown,Unknown,Unknown,Unknown,Yes,,,2026-07-28T11:11:35+00:00,success,0
EY,PRG,HAN,PRG,CZ,HAN,VN,2026-10-23,2026-10-26,Summer,Business,2,Bus-3,JDELUXE,Business — JDELUXE,+407.19 USD,5650.3,USD,Ubfly,JDELUXE,Change with Penalty; Uninterrupted return (up to the last 12 hours); Priority Access; ETIHAD UAE CHAUFFEUR(F); ETIHAD GLOBAL CHAUFFEUR(F),Included,Included,Included,Included,Included,Unknown,Unknown,Unknown,Unknown,Unknown,Unknown,Unknown,Unknown,Unknown,Unknown,Unknown,Yes,,,2026-07-28T11:11:35+00:00,success,0
EY,PRG,HAN,PRG,CZ,HAN,VN,2026-12-20,2026-12-23,Winter,Economy,0,Eco-1,YVALUE,Economy Basic,0.00 USD,1116.92,USD,Ubfly,YVALUE,,Included,Included,Unknown,Included,Unknown,Unknown,Unknown,Unknown,Unknown,Unknown,Unknown,Unknown,Unknown,Unknown,Unknown,Unknown,Yes,,35.0,2026-07-28T11:11:35+00:00,success,0
EY,PRG,HAN,PRG,CZ,HAN,VN,2026-12-20,2026-12-23,Winter,Economy,1,Eco-2,YCOMFORT,Economy Comfort,+9.79 USD,1126.71,USD,Ubfly,YCOMFORT,,Included,Included,Included,Included,Unknown,Unknown,Unknown,Unknown,Unknown,Unknown,Unknown,Unknown,Unknown,Unknown,Unknown,Unknown,Yes,,75.0,2026-07-28T11:11:35+00:00,success,0
EY,PRG,HAN,PRG,CZ,HAN,VN,2026-12-20,2026-12-23,Winter,Economy,2,Eco-3,YDELUXE,Economy — YDELUXE,+137.04 USD,1253.96,USD,Ubfly,YDELUXE,Change with Penalty; Uninterrupted return (up to the last 12 hours); Priority Access,Included,Included,Included,Included,Unknown,Unknown,Unknown,Unknown,Unknown,Unknown,Unknown,Unknown,Unknown,Unknown,Unknown,Unknown,Yes,,,2026-07-28T11:11:35+00:00,success,0
EY,PRG,HAN,PRG,CZ,HAN,VN,2026-12-20,2026-12-23,Winter,Business,0,Bus-1,JVALUE,Business Basic,0.00 USD,3475.1,USD,Ubfly,JVALUE,Priority Access,Included,Included,Unknown,Included,Unknown,Unknown,Unknown,Unknown,Unknown,Unknown,Unknown,Unknown,Unknown,Unknown,Unknown,Unknown,Yes,,100.0,2026-07-28T11:11:35+00:00,success,0
EY,PRG,HAN,PRG,CZ,HAN,VN,2026-12-20,2026-12-23,Winter,Business,1,Bus-2,JCOMFORT,Business Comfort,+174.26 USD,3649.36,USD,Ubfly,JCOMFORT,Priority Access; ETIHAD UAE CHAUFFEUR(F),Included,Included,Included,Included,Included,Unknown,Unknown,Unknown,Unknown,Unknown,Unknown,Unknown,Unknown,Unknown,Unknown,Unknown,Yes,,,2026-07-28T11:11:35+00:00,success,0
EY,PRG,HAN,PRG,CZ,HAN,VN,2026-12-20,2026-12-23,Winter,Business,2,Bus-3,JDELUXE,Business — JDELUXE,+366.12 USD,3841.22,USD,Ubfly,JDELUXE,Uninterrupted return (up to the last 12 hours); Priority Access; ETIHAD UAE CHAUFFEUR(F); ETIHAD GLOBAL CHAUFFEUR(F); Change with Penalty,Included,Included,Included,Included,Included,Unknown,Unknown,Unknown,Unknown,Unknown,Unknown,Unknown,Unknown,Unknown,Unknown,Unknown,Yes,,,2026-07-28T11:11:35+00:00,success,0
TK,PRG,HAN,PRG,CZ,HAN,VN,2026-10-23,2026-10-26,Summer,Economy,0,Eco-1,ECOFLY,Economy Basic,0.00 USD,2619.28,USD,Ubfly,CL,Online Message Verification,Included,Included,Unknown,Included,Unknown,Unknown,Unknown,Not Included,Unknown,Unknown,Unknown,Unknown,Unknown,Unknown,Unknown,Unknown,,,,2026-07-28T11:11:35+00:00,success,0
TK,PRG,HAN,PRG,CZ,HAN,VN,2026-10-23,2026-10-26,Summer,Economy,1,Eco-2,EXTRAFLY,Economy Standard,+48.66 USD,2667.94,USD,Ubfly,LG,Online Message Verification,Included,Included,Unknown,Included,Unknown,Unknown,Unknown,Unknown,Unknown,Unknown,Unknown,Unknown,Unknown,Unknown,Unknown,Unknown,,,,2026-07-28T11:11:35+00:00,success,0
TK,PRG,HAN,PRG,CZ,HAN,VN,2026-10-23,2026-10-26,Summer,Economy,2,Eco-3,FLEXFLY,Economy Flex,+98.77 USD,2718.05,USD,Ubfly,GN,Online Message Verification,Included,Included,Included,Included,Unknown,Unknown,Unknown,Unknown,Unknown,Unknown,Unknown,Unknown,Unknown,Unknown,Unknown,Unknown,Yes,,15.0,2026-07-28T11:11:35+00:00,success,0
TK,PRG,HAN,PRG,CZ,HAN,VN,2026-10-23,2026-10-26,Summer,Economy,3,Eco-4,Flexible,Economy Flex,+195.41 USD,2814.69,USD,Ubfly,FL,Online Message Verification,Included,Included,Included,Included,Unknown,Unknown,Included,Unknown,Unknown,Unknown,Unknown,Paid,Unknown,Unknown,Unknown,Unknown,Yes,,30.0,2026-07-28T11:11:35+00:00,success,0
TK,PRG,HAN,PRG,CZ,HAN,VN,2026-10-23,2026-10-26,Summer,Business,0,Bus-1,BUSINESS FLY,Business — BUSINESS FLY,0.00 USD,4980.03,USD,Ubfly,BF,Priority Check-In,Included,Included,Included,Unknown,Included,Included,Included,Unknown,Unknown,Unknown,Unknown,Unknown,Included,Unknown,Unknown,Unknown,,,,2026-07-28T11:11:35+00:00,success,0
TK,PRG,HAN,PRG,CZ,HAN,VN,2026-10-23,2026-10-26,Summer,Business,1,Bus-2,BUSINESS PRIME,Business Premium,+176.47 USD,5156.5,USD,Ubfly,BL,Priority Check-In,Included,Included,Included,Unknown,Included,Included,Included,Unknown,Unknown,Unknown,Unknown,Paid,Included,Unknown,Unknown,Unknown,Yes,,30.0,2026-07-28T11:11:35+00:00,success,0
TK,PRG,HAN,PRG,CZ,HAN,VN,2026-12-20,2026-12-23,Winter,Business,0,Bus-1,BUSINESS FLY,Business — BUSINESS FLY,0.00 USD,4980.03,USD,Ubfly,BF,Priority Check-In,Included,Included,Included,Unknown,Included,Included,Included,Unknown,Unknown,Unknown,Unknown,Unknown,Included,Unknown,Unknown,Unknown,,,,2026-07-28T11:11:35+00:00,success,0
TK,PRG,HAN,PRG,CZ,HAN,VN,2026-12-20,2026-12-23,Winter,Business,1,Bus-2,BUSINESS PRIME,Business Premium,+176.47 USD,5156.5,USD,Ubfly,BL,Priority Check-In,Included,Included,Included,Unknown,Included,Included,Included,Unknown,Unknown,Unknown,Unknown,Paid,Included,Unknown,Unknown,Unknown,Yes,,30.0,2026-07-28T11:11:35+00:00,success,0
QR,WAW,BKK,WAW,PL,BKK,TH,2026-08-21,2026-08-24,Summer,Economy,0,Eco-1,ECONOMY CLASSIC,Economy Standard,0.00 USD,785.34,USD,Ubfly,ECLASSIC,,Included,Included,Unknown,Included,Unknown,Unknown,Unknown,Unknown,Unknown,Unknown,Unknown,Unknown,Unknown,Unknown,Unknown,Unknown,Yes,,50.0,2026-07-28T11:11:35+00:00,success,0
QR,WAW,BKK,WAW,PL,BKK,TH,2026-08-21,2026-08-24,Summer,Economy,1,Eco-2,ECONOMY CONVENIENCE,Economy — ECONOMY CONVENIENCE,+53.42 USD,838.76,USD,Ubfly,ECONVENIEN,,Included,Included,Included,Included,Unknown,Unknown,Unknown,Unknown,Unknown,Unknown,Unknown,Unknown,Unknown,Unknown,Unknown,Unknown,Yes,,75.0,2026-07-28T11:11:35+00:00,success,0
QR,WAW,BKK,WAW,PL,BKK,TH,2026-08-21,2026-08-24,Summer,Economy,2,Eco-3,ECONOMY COMFORT,Economy Comfort,+492.20 USD,1277.54,USD,Ubfly,ECOMFORT,Uninterrupted return (up to the last 12 hours); Change with Penalty,Included,Included,Included,Included,Unknown,Unknown,Unknown,Unknown,Unknown,Unknown,Unknown,Unknown,Unknown,Unknown,Unknown,Unknown,Yes,,100.0,2026-07-28T11:11:35+00:00,success,0
QR,WAW,BKK,WAW,PL,BKK,TH,2026-08-21,2026-08-24,Summer,Business,0,Bus-1,BUSINESS COMFORT,Business Comfort,0.00 USD,2163.7,USD,Ubfly,BCOMFORT,175 PCT QMILES ACCUMULATION(F),Included,Included,Included,Included,Included,Unknown,Unknown,Unknown,Unknown,Unknown,Unknown,Unknown,Unknown,Unknown,Unknown,Unknown,,,,2026-07-28T11:11:35+00:00,success,0
QR,WAW,BKK,WAW,PL,BKK,TH,2026-08-21,2026-08-24,Summer,Business,1,Bus-2,BUSINESS ELITE,Business Lite,"+1,171.26 USD",3334.96,USD,Ubfly,BELITE,200 PCT QMILES ACCUMULATION(F); Uninterrupted return (up to the last 12 hours); Change with Penalty,Included,Included,Included,Included,Included,Unknown,Unknown,Unknown,Unknown,Unknown,Unknown,Unknown,Unknown,Unknown,Unknown,Unknown,,,,2026-07-28T11:11:35+00:00,success,0
QR,WAW,BKK,WAW,PL,BKK,TH,2027-02-07,2027-02-10,Winter,Economy,0,Eco-1,ECONOMY CLASSIC,Economy Standard,0.00 USD,773.27,USD,Ubfly,ECLASSIC,,Included,Included,Unknown,Included,Unknown,Unknown,Unknown,Unknown,Unknown,Unknown,Unknown,Unknown,Unknown,Unknown,Unknown,Unknown,Yes,,50.0,2026-07-28T11:11:35+00:00,success,0
QR,WAW,BKK,WAW,PL,BKK,TH,2027-02-07,2027-02-10,Winter,Economy,1,Eco-2,ECONOMY CONVENIENCE,Economy — ECONOMY CONVENIENCE,+53.42 USD,826.69,USD,Ubfly,ECONVENIEN,,Included,Included,Included,Included,Unknown,Unknown,Unknown,Unknown,Unknown,Unknown,Unknown,Unknown,Unknown,Unknown,Unknown,Unknown,Yes,,75.0,2026-07-28T11:11:35+00:00,success,0
QR,WAW,BKK,WAW,PL,BKK,TH,2027-02-07,2027-02-10,Winter,Economy,2,Eco-3,ECONOMY COMFORT,Economy Comfort,+492.20 USD,1265.47,USD,Ubfly,ECOMFORT,Uninterrupted return (up to the last 12 hours); Change with Penalty,Included,Included,Included,Included,Unknown,Unknown,Unknown,Unknown,Unknown,Unknown,Unknown,Unknown,Unknown,Unknown,Unknown,Unknown,Yes,,100.0,2026-07-28T11:11:35+00:00,success,0
QR,WAW,BKK,WAW,PL,BKK,TH,2027-02-07,2027-02-10,Winter,Business,0,Bus-1,BUSINESS COMFORT,Business Comfort,0.00 USD,2839.6,USD,Ubfly,BCOMFORT,175 PCT QMILES ACCUMULATION(F),Included,Included,Included,Included,Included,Unknown,Unknown,Unknown,Unknown,Unknown,Unknown,Unknown,Unknown,Unknown,Unknown,Unknown,,,,2026-07-28T11:11:35+00:00,success,0
QR,WAW,BKK,WAW,PL,BKK,TH,2027-02-07,2027-02-10,Winter,Business,1,Bus-2,BUSINESS ELITE,Business Lite,+715.89 USD,3555.49,USD,Ubfly,BELITE,200 PCT QMILES ACCUMULATION(F); Uninterrupted return (up to the last 12 hours); Change with Penalty,Included,Included,Included,Included,Included,Unknown,Unknown,Unknown,Unknown,Unknown,Unknown,Unknown,Unknown,Unknown,Unknown,Unknown,,,,2026-07-28T11:11:35+00:00,success,0
EK,WAW,BKK,WAW,PL,BKK,TH,2026-08-21,2026-08-24,Summer,Economy,0,Eco-1,ECOFLEX,Economy Flex,0.00 USD,899.95,USD,Ubfly,ECOFLEX,Soft drink; In-flight entertainment,Included,Included,Unknown,Included,Unknown,Unknown,Unknown,Unknown,Unknown,Unknown,Unknown,Unknown,Unknown,Unknown,Unknown,Unknown,Yes,,70.0,2026-07-28T11:11:35+00:00,success,0
EK,WAW,BKK,WAW,PL,BKK,TH,2026-08-21,2026-08-24,Summer,Economy,1,Eco-2,ECOFLXPLUS,Economy Comfort,+516.39 USD,1416.34,USD,Ubfly,ECOFLXPLUS,Soft drink; In-flight entertainment; Uninterrupted return (up to the last 12 hours); Change with Penalty,Included,Included,Unknown,Included,Unknown,Unknown,Unknown,Unknown,Unknown,Unknown,Unknown,Unknown,Unknown,Unknown,Unknown,Unknown,Yes,,100.0,2026-07-28T11:11:35+00:00,success,0
EK,WAW,BKK,WAW,PL,BKK,TH,2026-08-21,2026-08-24,Summer,Economy,2,Eco-3,PYFLXPLUS,Economy Comfort,+561.40 USD,1461.35,USD,Ubfly,PYFLXPLUS,Soft drink; In-flight entertainment; Uninterrupted return (up to the last 12 hours); Change with Penalty,Included,Included,Included,Included,Unknown,Unknown,Unknown,Unknown,Unknown,Unknown,Unknown,Unknown,Unknown,Unknown,Unknown,Unknown,Yes,,,2026-07-28T11:11:35+00:00,success,0
EK,WAW,BKK,WAW,PL,BKK,TH,2026-08-21,2026-08-24,Summer,Business,0,Bus-1,BSFLEX,Business Flex,0.00 USD,2889.69,USD,Ubfly,BSFLEX,Soft drink; Premium check-in; In-flight entertainment; Chauffeur Drive; Internet Access,Included,Included,Included,Included,Included,Included,Included,Unknown,Unknown,Unknown,Unknown,Unknown,Unknown,Unknown,Unknown,Unknown,Yes,,175.0,2026-07-28T11:11:35+00:00,success,0
EK,WAW,BKK,WAW,PL,BKK,TH,2026-08-21,2026-08-24,Summer,Business,1,Bus-2,BSFLXPLUS,Business Comfort,+678.28 USD,3567.97,USD,Ubfly,BSFLXPLUS,Premium check-in; Soft drink; In-flight entertainment; Chauffeur Drive; Internet Access; Uninterrupted return (up to the last 12 hours); Change with Penalty,Included,Included,Included,Included,Included,Included,Included,Unknown,Unknown,Unknown,Unknown,Unknown,Unknown,Unknown,Unknown,Unknown,Yes,,190.0,2026-07-28T11:11:35+00:00,success,0
EK,WAW,BKK,WAW,PL,BKK,TH,2027-02-07,2027-02-10,Winter,Economy,0,Eco-1,ECOFLEX,Economy Flex,0.00 USD,923.89,USD,Ubfly,ECOFLEX,Soft drink; In-flight entertainment,Included,Included,Unknown,Included,Unknown,Unknown,Unknown,Unknown,Unknown,Unknown,Unknown,Unknown,Unknown,Unknown,Unknown,Unknown,Yes,,70.0,2026-07-28T11:11:35+00:00,success,0
EK,WAW,BKK,WAW,PL,BKK,TH,2027-02-07,2027-02-10,Winter,Economy,1,Eco-2,ECOFLXPLUS,Economy Comfort,+516.16 USD,1440.05,USD,Ubfly,ECOFLXPLUS,Soft drink; In-flight entertainment; Uninterrupted return (up to the last 12 hours); Change with Penalty,Included,Included,Unknown,Included,Unknown,Unknown,Unknown,Unknown,Unknown,Unknown,Unknown,Unknown,Unknown,Unknown,Unknown,Unknown,Yes,,100.0,2026-07-28T11:11:35+00:00,success,0
EK,WAW,BKK,WAW,PL,BKK,TH,2027-02-07,2027-02-10,Winter,Business,0,Bus-1,BSFLEX,Business Flex,0.00 USD,2889.69,USD,Ubfly,BSFLEX,Soft drink; Premium check-in; In-flight entertainment; Chauffeur Drive; Internet Access,Included,Included,Included,Included,Included,Included,Included,Unknown,Unknown,Unknown,Unknown,Unknown,Unknown,Unknown,Unknown,Unknown,Yes,,175.0,2026-07-28T11:11:35+00:00,success,0
EK,WAW,BKK,WAW,PL,BKK,TH,2027-02-07,2027-02-10,Winter,Business,1,Bus-2,BSFLXPLUS,Business Comfort,+678.28 USD,3567.97,USD,Ubfly,BSFLXPLUS,Premium check-in; Soft drink; In-flight entertainment; Chauffeur Drive; Internet Access; Uninterrupted return (up to the last 12 hours); Change with Penalty,Included,Included,Included,Included,Included,Included,Included,Unknown,Unknown,Unknown,Unknown,Unknown,Unknown,Unknown,Unknown,Unknown,Yes,,190.0,2026-07-28T11:11:35+00:00,success,0
EY,WAW,BKK,WAW,PL,BKK,TH,2026-08-21,2026-08-24,Summer,Economy,0,Eco-1,YVALUE,Economy Basic,0.00 USD,704.68,USD,Ubfly,YVALUE,,Included,Included,Unknown,Included,Unknown,Unknown,Unknown,Unknown,Unknown,Unknown,Unknown,Unknown,Unknown,Unknown,Unknown,Unknown,Yes,,35.0,2026-07-28T11:11:35+00:00,success,0
EY,WAW,BKK,WAW,PL,BKK,TH,2026-08-21,2026-08-24,Summer,Economy,1,Eco-2,YCOMFORT,Economy Comfort,+48.97 USD,753.65,USD,Ubfly,YCOMFORT,,Included,Included,Included,Included,Unknown,Unknown,Unknown,Unknown,Unknown,Unknown,Unknown,Unknown,Unknown,Unknown,Unknown,Unknown,Yes,,75.0,2026-07-28T11:11:35+00:00,success,0
EY,WAW,BKK,WAW,PL,BKK,TH,2026-08-21,2026-08-24,Summer,Economy,2,Eco-3,YDELUXE,Economy — YDELUXE,+119.77 USD,824.45,USD,Ubfly,YDELUXE,Change with Penalty; Uninterrupted return (up to the last 12 hours); Priority Access,Included,Included,Included,Included,Unknown,Unknown,Unknown,Unknown,Unknown,Unknown,Unknown,Unknown,Unknown,Unknown,Unknown,Unknown,Yes,,,2026-07-28T11:11:35+00:00,success,0
EY,WAW,BKK,WAW,PL,BKK,TH,2026-08-21,2026-08-24,Summer,Business,0,Bus-1,JVALUE,Business Basic,0.00 USD,1805.98,USD,Ubfly,JVALUE,Priority Access,Included,Included,Unknown,Included,Unknown,Unknown,Unknown,Unknown,Unknown,Unknown,Unknown,Unknown,Unknown,Unknown,Unknown,Unknown,Yes,,100.0,2026-07-28T11:11:35+00:00,success,0
EY,WAW,BKK,WAW,PL,BKK,TH,2026-08-21,2026-08-24,Summer,Business,1,Bus-2,JCOMFORT,Business Comfort,+171.36 USD,1977.34,USD,Ubfly,JCOMFORT,Priority Access; ETIHAD UAE CHAUFFEUR(F),Included,Included,Included,Included,Included,Unknown,Unknown,Unknown,Unknown,Unknown,Unknown,Unknown,Unknown,Unknown,Unknown,Unknown,Yes,,,2026-07-28T11:11:35+00:00,success,0
EY,WAW,BKK,WAW,PL,BKK,TH,2026-08-21,2026-08-24,Summer,Business,2,Bus-3,JDELUXE,Business — JDELUXE,+887.00 USD,2692.98,USD,Ubfly,JDELUXE,Change with Penalty; Uninterrupted return (up to the last 12 hours); Priority Access; ETIHAD UAE CHAUFFEUR(F); ETIHAD GLOBAL CHAUFFEUR(F),Included,Included,Included,Included,Included,Unknown,Unknown,Unknown,Unknown,Unknown,Unknown,Unknown,Unknown,Unknown,Unknown,Unknown,Yes,,,2026-07-28T11:11:35+00:00,success,0
EY,WAW,BKK,WAW,PL,BKK,TH,2027-02-07,2027-02-10,Winter,Economy,0,Eco-1,YVALUE,Economy Basic,0.00 USD,783.12,USD,Ubfly,YVALUE,,Included,Included,Unknown,Included,Unknown,Unknown,Unknown,Unknown,Unknown,Unknown,Unknown,Unknown,Unknown,Unknown,Unknown,Unknown,Yes,,35.0,2026-07-28T11:11:35+00:00,success,0
EY,WAW,BKK,WAW,PL,BKK,TH,2027-02-07,2027-02-10,Winter,Economy,1,Eco-2,YCOMFORT,Economy Comfort,+48.95 USD,832.07,USD,Ubfly,YCOMFORT,,Included,Included,Included,Included,Unknown,Unknown,Unknown,Unknown,Unknown,Unknown,Unknown,Unknown,Unknown,Unknown,Unknown,Unknown,Yes,,75.0,2026-07-28T11:11:35+00:00,success,0
EY,WAW,BKK,WAW,PL,BKK,TH,2027-02-07,2027-02-10,Winter,Economy,2,Eco-3,YDELUXE,Economy — YDELUXE,+119.75 USD,902.87,USD,Ubfly,YDELUXE,Change with Penalty; Uninterrupted return (up to the last 12 hours); Priority Access,Included,Included,Included,Included,Unknown,Unknown,Unknown,Unknown,Unknown,Unknown,Unknown,Unknown,Unknown,Unknown,Unknown,Unknown,Yes,,,2026-07-28T11:11:35+00:00,success,0
EY,WAW,BKK,WAW,PL,BKK,TH,2027-02-07,2027-02-10,Winter,Business,0,Bus-1,JVALUE,Business Basic,0.00 USD,2848.01,USD,Ubfly,JVALUE,Priority Access,Included,Included,Unknown,Included,Unknown,Unknown,Unknown,Unknown,Unknown,Unknown,Unknown,Unknown,Unknown,Unknown,Unknown,Unknown,Yes,,100.0,2026-07-28T11:11:35+00:00,success,0
EY,WAW,BKK,WAW,PL,BKK,TH,2027-02-07,2027-02-10,Winter,Business,1,Bus-2,JCOMFORT,Business Comfort,+225.82 USD,3073.83,USD,Ubfly,JCOMFORT,Priority Access; ETIHAD UAE CHAUFFEUR(F),Included,Included,Included,Included,Included,Unknown,Unknown,Unknown,Unknown,Unknown,Unknown,Unknown,Unknown,Unknown,Unknown,Unknown,Yes,,,2026-07-28T11:11:35+00:00,success,0
EY,WAW,BKK,WAW,PL,BKK,TH,2027-02-07,2027-02-10,Winter,Business,2,Bus-3,JDELUXE,Business — JDELUXE,+417.18 USD,3265.19,USD,Ubfly,JDELUXE,Uninterrupted return (up to the last 12 hours); Priority Access; ETIHAD UAE CHAUFFEUR(F); ETIHAD GLOBAL CHAUFFEUR(F); Change with Penalty,Included,Included,Included,Included,Included,Unknown,Unknown,Unknown,Unknown,Unknown,Unknown,Unknown,Unknown,Unknown,Unknown,Unknown,Yes,,,2026-07-28T11:11:35+00:00,success,0
CA,WAW,BKK,WAW,PL,BKK,TH,2026-08-21,2026-08-24,Summer,Economy,0,Eco-1,Basic,Economy Basic,0.00 USD,659.29,USD,Ubfly,FLEXECO,,Included,Included,Unknown,Unknown,Unknown,Unknown,Unknown,Unknown,Unknown,Unknown,Unknown,Unknown,Unknown,Unknown,Unknown,Unknown,,,,2026-07-28T11:11:35+00:00,partial,0
CA,WAW,BKK,WAW,PL,BKK,TH,2027-02-08,2027-02-11,Winter,Economy,0,Eco-1,Basic,Economy Basic,0.00 USD,751.43,USD,Ubfly,FLEXECO,,Included,Included,Unknown,Unknown,Unknown,Unknown,Unknown,Unknown,Unknown,Unknown,Unknown,Unknown,Unknown,Unknown,Unknown,Unknown,,,,2026-07-28T11:11:35+00:00,partial,0
EK,PRG,BKK,PRG,CZ,BKK,TH,2027-05-15,2027-05-18,Summer,Economy,0,Eco-1,Economy Flex,Economy Flex,0.00 USD,763.88,USD,Ubfly,YS,• Hot and cold refreshments; • ICE entertainment; • Mileage upgrade eligibility; Economy Cabin,Included,Included,Included,Included,Unknown,Unknown,Unknown,Unknown,Not Included,Unknown,Unknown,Unknown,Included,Unknown,Unknown,Unknown,Yes,4500.0,,2026-07-28T11:11:35+00:00,success,0
EK,PRG,BKK,PRG,CZ,BKK,TH,2027-05-15,2027-05-18,Summer,Economy,1,Eco-2,Economy Flex Plus,Economy Comfort,+837.78 USD,1601.66,USD,Ubfly,YF,• Hot and cold refreshments; • ICE entertainment; • Mileage upgrade eligibility; Economy Cabin,Included,Included,Included,Included,Unknown,Unknown,Unknown,Not Included,Not Included,Unknown,Unknown,Unknown,Included,Unknown,Unknown,Unknown,Yes,6000.0,,2026-07-28T11:11:35+00:00,success,0
EK,PRG,BKK,PRG,CZ,BKK,TH,2027-05-15,2027-05-18,Summer,Premium Economy,0,PEco-1,Premium Economy FlexPlus,Premium Economy Comfort,"+1,062.06 USD",1825.94,USD,Ubfly,WF,• Hot and cold refreshments; • ICE entertainment; • Mileage upgrade eligibility; • Exclusive Premium Economy Class dining; Premium Economy Cabin,Included,Included,Included,Unknown,Unknown,Unknown,Unknown,Not Included,Not Included,Unknown,Unknown,Unknown,Included,Unknown,Unknown,Unknown,Yes,6600.0,,2026-07-28T11:11:35+00:00,success,0
EK,PRG,BKK,PRG,CZ,BKK,TH,2027-05-15,2027-05-18,Summer,Business,0,Bus-1,BSFLEX,Business Flex,0.00 USD,3825.64,USD,Ubfly,BSFLEX,Soft drink; Premium check-in; In-flight entertainment; Chauffeur Drive; Internet Access,Included,Included,Included,Included,Included,Included,Included,Unknown,Unknown,Unknown,Unknown,Unknown,Unknown,Unknown,Unknown,Unknown,Yes,,175.0,2026-07-28T11:11:35+00:00,success,0
EK,PRG,BKK,PRG,CZ,BKK,TH,2027-05-15,2027-05-18,Summer,Business,1,Bus-2,BSFLXPLUS,Business Comfort,"+1,006.78 USD",4832.42,USD,Ubfly,BSFLXPLUS,Premium check-in; Soft drink; In-flight entertainment; Chauffeur Drive; Internet Access; Uninterrupted return (up to the last 12 hours); Change with Penalty,Included,Included,Included,Included,Included,Included,Included,Unknown,Unknown,Unknown,Unknown,Unknown,Unknown,Unknown,Unknown,Unknown,Yes,,190.0,2026-07-28T11:11:35+00:00,success,0
EK,PRG,BKK,PRG,CZ,BKK,TH,2026-11-23,2026-11-26,Winter,Economy,0,Eco-1,ECOFLEX,Economy Flex,0.00 USD,740.27,USD,Ubfly,ECOFLEX,Soft drink; In-flight entertainment,Included,Included,Unknown,Included,Unknown,Unknown,Unknown,Unknown,Unknown,Unknown,Unknown,Unknown,Unknown,Unknown,Unknown,Unknown,Yes,,70.0,2026-07-28T11:11:35+00:00,success,0
EK,PRG,BKK,PRG,CZ,BKK,TH,2026-11-23,2026-11-26,Winter,Economy,1,Eco-2,ECOFLXPLUS,Economy Comfort,+837.78 USD,1578.05,USD,Ubfly,ECOFLXPLUS,Soft drink; In-flight entertainment; Uninterrupted return (up to the last 12 hours); Change with Penalty,Included,Included,Unknown,Included,Unknown,Unknown,Unknown,Unknown,Unknown,Unknown,Unknown,Unknown,Unknown,Unknown,Unknown,Unknown,Yes,,100.0,2026-07-28T11:11:35+00:00,success,0
EK,PRG,BKK,PRG,CZ,BKK,TH,2026-11-23,2026-11-26,Winter,Economy,2,Eco-3,PYFLXPLUS,Economy Comfort,"+1,062.06 USD",1802.33,USD,Ubfly,PYFLXPLUS,Soft drink; In-flight entertainment; Uninterrupted return (up to the last 12 hours); Change with Penalty,Included,Included,Included,Included,Unknown,Unknown,Unknown,Unknown,Unknown,Unknown,Unknown,Unknown,Unknown,Unknown,Unknown,Unknown,Yes,,,2026-07-28T11:11:35+00:00,success,0
EK,PRG,BKK,PRG,CZ,BKK,TH,2026-11-23,2026-11-26,Winter,Business,0,Bus-1,BSFLEX,Business Flex,0.00 USD,3825.64,USD,Ubfly,BSFLEX,Soft drink; Premium check-in; In-flight entertainment; Chauffeur Drive; Internet Access,Included,Included,Included,Included,Included,Included,Included,Unknown,Unknown,Unknown,Unknown,Unknown,Unknown,Unknown,Unknown,Unknown,Yes,,175.0,2026-07-28T11:11:35+00:00,success,0
EK,PRG,BKK,PRG,CZ,BKK,TH,2026-11-23,2026-11-26,Winter,Business,1,Bus-2,BSFLXPLUS,Business Comfort,"+1,006.78 USD",4832.42,USD,Ubfly,BSFLXPLUS,Premium check-in; Soft drink; In-flight entertainment; Chauffeur Drive; Internet Access; Uninterrupted return (up to the last 12 hours); Change with Penalty,Included,Included,Included,Included,Included,Included,Included,Unknown,Unknown,Unknown,Unknown,Unknown,Unknown,Unknown,Unknown,Unknown,Yes,,190.0,2026-07-28T11:11:35+00:00,success,0
QR,PRG,BKK,PRG,CZ,BKK,TH,2027-05-15,2027-05-18,Summer,Economy,0,Eco-1,ECONOMY CLASSIC,Economy Standard,0.00 USD,348.51,USD,Ubfly,ECLASSIC,,Included,Included,Unknown,Included,Unknown,Unknown,Unknown,Unknown,Unknown,Unknown,Unknown,Unknown,Unknown,Unknown,Unknown,Unknown,Yes,,50.0,2026-07-28T11:11:35+00:00,success,0
QR,PRG,BKK,PRG,CZ,BKK,TH,2027-05-15,2027-05-18,Summer,Economy,1,Eco-2,ECONOMY CONVENIENCE,Economy — ECONOMY CONVENIENCE,+353.25 USD,701.76,USD,Ubfly,ECONVENIEN,,Included,Included,Included,Included,Unknown,Unknown,Unknown,Unknown,Unknown,Unknown,Unknown,Unknown,Unknown,Unknown,Unknown,Unknown,Yes,,75.0,2026-07-28T11:11:35+00:00,success,0
QR,PRG,BKK,PRG,CZ,BKK,TH,2027-05-15,2027-05-18,Summer,Economy,2,Eco-3,ECONOMY COMFORT,Economy Comfort,+793.17 USD,1141.68,USD,Ubfly,ECOMFORT,Uninterrupted return (up to the last 12 hours); Change with Penalty,Included,Included,Included,Included,Unknown,Unknown,Unknown,Unknown,Unknown,Unknown,Unknown,Unknown,Unknown,Unknown,Unknown,Unknown,Yes,,100.0,2026-07-28T11:11:35+00:00,success,0
QR,PRG,BKK,PRG,CZ,BKK,TH,2027-05-15,2027-05-18,Summer,Business,0,Bus-1,BUSINESS COMFORT,Business Comfort,0.00 USD,2890.28,USD,Ubfly,BCOMFORT,175 PCT QMILES ACCUMULATION(F),Included,Included,Included,Included,Included,Unknown,Unknown,Unknown,Unknown,Unknown,Unknown,Unknown,Unknown,Unknown,Unknown,Unknown,,,,2026-07-28T11:11:35+00:00,success,0
QR,PRG,BKK,PRG,CZ,BKK,TH,2027-05-15,2027-05-18,Summer,Business,1,Bus-2,BUSINESS ELITE,Business Lite,+717.20 USD,3607.48,USD,Ubfly,BELITE,200 PCT QMILES ACCUMULATION(F); Uninterrupted return (up to the last 12 hours); Change with Penalty,Included,Included,Included,Included,Included,Unknown,Unknown,Unknown,Unknown,Unknown,Unknown,Unknown,Unknown,Unknown,Unknown,Unknown,,,,2026-07-28T11:11:35+00:00,success,0
QR,PRG,BKK,PRG,CZ,BKK,TH,2026-11-23,2026-11-26,Winter,Economy,0,Eco-1,ECONOMY CLASSIC,Economy Standard,0.00 USD,495.61,USD,Ubfly,ECLASSIC,,Included,Included,Unknown,Included,Unknown,Unknown,Unknown,Unknown,Unknown,Unknown,Unknown,Unknown,Unknown,Unknown,Unknown,Unknown,Yes,,50.0,2026-07-28T11:11:35+00:00,success,0
QR,PRG,BKK,PRG,CZ,BKK,TH,2026-11-23,2026-11-26,Winter,Economy,1,Eco-2,ECONOMY CONVENIENCE,Economy — ECONOMY CONVENIENCE,+189.07 USD,684.68,USD,Ubfly,ECONVENIEN,,Included,Included,Included,Included,Unknown,Unknown,Unknown,Unknown,Unknown,Unknown,Unknown,Unknown,Unknown,Unknown,Unknown,Unknown,Yes,,75.0,2026-07-28T11:11:35+00:00,success,0
QR,PRG,BKK,PRG,CZ,BKK,TH,2026-11-23,2026-11-26,Winter,Economy,2,Eco-3,ECONOMY COMFORT,Economy Comfort,+628.94 USD,1124.55,USD,Ubfly,ECOMFORT,Uninterrupted return (up to the last 12 hours); Change with Penalty,Included,Included,Included,Included,Unknown,Unknown,Unknown,Unknown,Unknown,Unknown,Unknown,Unknown,Unknown,Unknown,Unknown,Unknown,Yes,,100.0,2026-07-28T11:11:35+00:00,success,0
QR,PRG,BKK,PRG,CZ,BKK,TH,2026-11-23,2026-11-26,Winter,Business,0,Bus-1,BUSINESS COMFORT,Business Comfort,0.00 USD,2389.06,USD,Ubfly,BCOMFORT,175 PCT QMILES ACCUMULATION(F),Included,Included,Included,Included,Included,Unknown,Unknown,Unknown,Unknown,Unknown,Unknown,Unknown,Unknown,Unknown,Unknown,Unknown,,,,2026-07-28T11:11:35+00:00,success,0
QR,PRG,BKK,PRG,CZ,BKK,TH,2026-11-23,2026-11-26,Winter,Business,1,Bus-2,BUSINESS ELITE,Business Lite,"+1,171.74 USD",3560.8,USD,Ubfly,BELITE,200 PCT QMILES ACCUMULATION(F); Uninterrupted return (up to the last 12 hours); Change with Penalty,Included,Included,Included,Included,Included,Unknown,Unknown,Unknown,Unknown,Unknown,Unknown,Unknown,Unknown,Unknown,Unknown,Unknown,,,,2026-07-28T11:11:35+00:00,success,0
EY,PRG,BKK,PRG,CZ,BKK,TH,2027-05-15,2027-05-18,Summer,Economy,0,Eco-1,YVALUE,Economy Basic,0.00 USD,667.87,USD,Ubfly,YVALUE,,Included,Included,Unknown,Included,Unknown,Unknown,Unknown,Unknown,Unknown,Unknown,Unknown,Unknown,Unknown,Unknown,Unknown,Unknown,Yes,,35.0,2026-07-28T11:11:35+00:00,success,0
EY,PRG,BKK,PRG,CZ,BKK,TH,2027-05-15,2027-05-18,Summer,Economy,1,Eco-2,YCOMFORT,Economy Comfort,+33.33 USD,701.2,USD,Ubfly,YCOMFORT,,Included,Included,Included,Included,Unknown,Unknown,Unknown,Unknown,Unknown,Unknown,Unknown,Unknown,Unknown,Unknown,Unknown,Unknown,Yes,,75.0,2026-07-28T11:11:35+00:00,success,0
EY,PRG,BKK,PRG,CZ,BKK,TH,2027-05-15,2027-05-18,Summer,Economy,2,Eco-3,YDELUXE,Economy — YDELUXE,+160.58 USD,828.45,USD,Ubfly,YDELUXE,Change with Penalty; Uninterrupted return (up to the last 12 hours); Priority Access,Included,Included,Included,Included,Unknown,Unknown,Unknown,Unknown,Unknown,Unknown,Unknown,Unknown,Unknown,Unknown,Unknown,Unknown,Yes,,,2026-07-28T11:11:35+00:00,success,0
EY,PRG,BKK,PRG,CZ,BKK,TH,2027-05-15,2027-05-18,Summer,Business,0,Bus-1,JVALUE,Business Basic,0.00 USD,2880.0,USD,Ubfly,JVALUE,Priority Access,Included,Included,Unknown,Included,Unknown,Unknown,Unknown,Unknown,Unknown,Unknown,Unknown,Unknown,Unknown,Unknown,Unknown,Unknown,Yes,,100.0,2026-07-28T11:11:35+00:00,success,0
EY,PRG,BKK,PRG,CZ,BKK,TH,2027-05-15,2027-05-18,Summer,Business,1,Bus-2,JCOMFORT,Business Comfort,+199.65 USD,3079.65,USD,Ubfly,JCOMFORT,Priority Access; ETIHAD UAE CHAUFFEUR(F),Included,Included,Included,Included,Included,Unknown,Unknown,Unknown,Unknown,Unknown,Unknown,Unknown,Unknown,Unknown,Unknown,Unknown,Yes,,,2026-07-28T11:11:35+00:00,success,0
EY,PRG,BKK,PRG,CZ,BKK,TH,2027-05-15,2027-05-18,Summer,Business,2,Bus-3,JDELUXE,Business — JDELUXE,+498.20 USD,3378.2,USD,Ubfly,JDELUXE,Uninterrupted return (up to the last 12 hours); Priority Access; ETIHAD UAE CHAUFFEUR(F); ETIHAD GLOBAL CHAUFFEUR(F); Change with Penalty,Included,Included,Included,Included,Included,Unknown,Unknown,Unknown,Unknown,Unknown,Unknown,Unknown,Unknown,Unknown,Unknown,Unknown,Yes,,,2026-07-28T11:11:35+00:00,success,0
EY,PRG,BKK,PRG,CZ,BKK,TH,2026-11-23,2026-11-26,Winter,Economy,0,Eco-1,YVALUE,Economy Basic,0.00 USD,582.47,USD,Ubfly,YVALUE,,Included,Included,Unknown,Included,Unknown,Unknown,Unknown,Unknown,Unknown,Unknown,Unknown,Unknown,Unknown,Unknown,Unknown,Unknown,Yes,,35.0,2026-07-28T11:11:35+00:00,success,0
EY,PRG,BKK,PRG,CZ,BKK,TH,2026-11-23,2026-11-26,Winter,Economy,1,Eco-2,YCOMFORT,Economy Comfort,+49.92 USD,632.39,USD,Ubfly,YCOMFORT,,Included,Included,Included,Included,Unknown,Unknown,Unknown,Unknown,Unknown,Unknown,Unknown,Unknown,Unknown,Unknown,Unknown,Unknown,Yes,,75.0,2026-07-28T11:11:35+00:00,success,0
EY,PRG,BKK,PRG,CZ,BKK,TH,2026-11-23,2026-11-26,Winter,Economy,2,Eco-3,YDELUXE,Economy — YDELUXE,+129.23 USD,711.7,USD,Ubfly,YDELUXE,Change with Penalty; Uninterrupted return (up to the last 12 hours); Priority Access,Included,Included,Included,Included,Unknown,Unknown,Unknown,Unknown,Unknown,Unknown,Unknown,Unknown,Unknown,Unknown,Unknown,Unknown,Yes,,,2026-07-28T11:11:35+00:00,success,0
EY,PRG,BKK,PRG,CZ,BKK,TH,2026-11-23,2026-11-26,Winter,Business,0,Bus-1,JVALUE,Business Basic,0.00 USD,1819.2,USD,Ubfly,JVALUE,Priority Access,Included,Included,Unknown,Included,Unknown,Unknown,Unknown,Unknown,Unknown,Unknown,Unknown,Unknown,Unknown,Unknown,Unknown,Unknown,Yes,,100.0,2026-07-28T11:11:35+00:00,success,0
EY,PRG,BKK,PRG,CZ,BKK,TH,2026-11-23,2026-11-26,Winter,Business,1,Bus-2,JCOMFORT,Business Comfort,+150.76 USD,1969.96,USD,Ubfly,JCOMFORT,Priority Access; ETIHAD UAE CHAUFFEUR(F),Included,Included,Included,Included,Included,Unknown,Unknown,Unknown,Unknown,Unknown,Unknown,Unknown,Unknown,Unknown,Unknown,Unknown,Yes,,,2026-07-28T11:11:35+00:00,success,0
EY,PRG,BKK,PRG,CZ,BKK,TH,2026-11-23,2026-11-26,Winter,Business,2,Bus-3,JDELUXE,Business — JDELUXE,+874.34 USD,2693.54,USD,Ubfly,JDELUXE,Change with Penalty; Uninterrupted return (up to the last 12 hours); Priority Access; ETIHAD UAE CHAUFFEUR(F); ETIHAD GLOBAL CHAUFFEUR(F),Included,Included,Included,Included,Included,Unknown,Unknown,Unknown,Unknown,Unknown,Unknown,Unknown,Unknown,Unknown,Unknown,Unknown,Yes,,,2026-07-28T11:11:35+00:00,success,0
TK,PRG,BKK,PRG,CZ,BKK,TH,2027-05-15,2027-05-18,Summer,Economy,0,Eco-1,ECOFLY,Economy Basic,0.00 USD,741.84,USD,Ubfly,CL,Online Message Verification,Included,Included,Unknown,Included,Unknown,Unknown,Unknown,Not Included,Unknown,Unknown,Unknown,Unknown,Unknown,Unknown,Unknown,Unknown,,,,2026-07-28T11:11:35+00:00,success,0
TK,PRG,BKK,PRG,CZ,BKK,TH,2027-05-15,2027-05-18,Summer,Economy,1,Eco-2,EXTRAFLY,Economy Standard,+48.66 USD,790.5,USD,Ubfly,LG,Online Message Verification,Included,Included,Unknown,Included,Unknown,Unknown,Unknown,Unknown,Unknown,Unknown,Unknown,Unknown,Unknown,Unknown,Unknown,Unknown,,,,2026-07-28T11:11:35+00:00,success,0
TK,PRG,BKK,PRG,CZ,BKK,TH,2027-05-15,2027-05-18,Summer,Economy,2,Eco-3,FLEXFLY,Economy Flex,+98.77 USD,840.61,USD,Ubfly,GN,Online Message Verification,Included,Included,Included,Included,Unknown,Unknown,Unknown,Unknown,Unknown,Unknown,Unknown,Unknown,Unknown,Unknown,Unknown,Unknown,Yes,,15.0,2026-07-28T11:11:35+00:00,success,0
TK,PRG,BKK,PRG,CZ,BKK,TH,2027-05-15,2027-05-18,Summer,Economy,3,Eco-4,Flexible,Economy Flex,+195.43 USD,937.27,USD,Ubfly,FL,Online Message Verification,Included,Included,Included,Included,Unknown,Unknown,Included,Unknown,Unknown,Unknown,Unknown,Paid,Unknown,Unknown,Unknown,Unknown,Yes,,30.0,2026-07-28T11:11:35+00:00,success,0
TK,PRG,BKK,PRG,CZ,BKK,TH,2027-05-15,2027-05-18,Summer,Business,0,Bus-1,BUSINESS FLY,Business — BUSINESS FLY,0.00 USD,3399.92,USD,Ubfly,BF,Priority Check-In,Included,Included,Included,Unknown,Included,Included,Included,Unknown,Unknown,Unknown,Unknown,Unknown,Included,Unknown,Unknown,Unknown,,,,2026-07-28T11:11:35+00:00,success,0
TK,PRG,BKK,PRG,CZ,BKK,TH,2027-05-15,2027-05-18,Summer,Business,1,Bus-2,BUSINESS PRIME,Business Premium,+176.47 USD,3576.39,USD,Ubfly,BL,Priority Check-In,Included,Included,Included,Unknown,Included,Included,Included,Unknown,Unknown,Unknown,Unknown,Paid,Included,Unknown,Unknown,Unknown,Yes,,30.0,2026-07-28T11:11:35+00:00,success,0
TK,PRG,BKK,PRG,CZ,BKK,TH,2026-11-24,2026-11-27,Winter,Economy,0,Eco-1,ECOFLY,Economy Basic,0.00 USD,1084.79,USD,Ubfly,CL,Online Message Verification,Included,Included,Unknown,Included,Unknown,Unknown,Unknown,Not Included,Unknown,Unknown,Unknown,Unknown,Unknown,Unknown,Unknown,Unknown,,,,2026-07-28T11:11:35+00:00,success,0
TK,PRG,BKK,PRG,CZ,BKK,TH,2026-11-24,2026-11-27,Winter,Economy,1,Eco-2,EXTRAFLY,Economy Standard,+48.64 USD,1133.43,USD,Ubfly,LG,Online Message Verification,Included,Included,Unknown,Included,Unknown,Unknown,Unknown,Unknown,Unknown,Unknown,Unknown,Unknown,Unknown,Unknown,Unknown,Unknown,,,,2026-07-28T11:11:35+00:00,success,0
TK,PRG,BKK,PRG,CZ,BKK,TH,2026-11-24,2026-11-27,Winter,Economy,2,Eco-3,FLEXFLY,Economy Flex,+98.75 USD,1183.54,USD,Ubfly,GN,Online Message Verification,Included,Included,Included,Included,Unknown,Unknown,Unknown,Unknown,Unknown,Unknown,Unknown,Unknown,Unknown,Unknown,Unknown,Unknown,Yes,,15.0,2026-07-28T11:11:35+00:00,success,0
TK,PRG,BKK,PRG,CZ,BKK,TH,2026-11-24,2026-11-27,Winter,Economy,3,Eco-4,Flexible,Economy Flex,+195.41 USD,1280.2,USD,Ubfly,FL,Online Message Verification,Included,Included,Included,Included,Unknown,Unknown,Included,Unknown,Unknown,Unknown,Unknown,Paid,Unknown,Unknown,Unknown,Unknown,Yes,,30.0,2026-07-28T11:11:35+00:00,success,0
TK,PRG,BKK,PRG,CZ,BKK,TH,2026-11-24,2026-11-27,Winter,Business,0,Bus-1,BUSINESS FLY,Business — BUSINESS FLY,0.00 USD,4768.97,USD,Ubfly,BF,Priority Check-In,Included,Included,Included,Unknown,Included,Included,Included,Unknown,Unknown,Unknown,Unknown,Unknown,Included,Unknown,Unknown,Unknown,,,,2026-07-28T11:11:35+00:00,success,0
TK,PRG,BKK,PRG,CZ,BKK,TH,2026-11-24,2026-11-27,Winter,Business,1,Bus-2,BUSINESS PRIME,Business Premium,+176.47 USD,4945.44,USD,Ubfly,BL,Priority Check-In,Included,Included,Included,Unknown,Included,Included,Included,Unknown,Unknown,Unknown,Unknown,Paid,Included,Unknown,Unknown,Unknown,Yes,,30.0,2026-07-28T11:11:35+00:00,success,0
SQ,SIN,FCO,SIN,SG,ROM,IT,2026-10-18,2026-10-21,Summer,Economy,0,Eco-1,Basic,Economy Basic,0.00 USD,1193.42,USD,Ubfly,YCLVALUE,,Included,Included,Unknown,Unknown,Unknown,Unknown,Unknown,Unknown,Unknown,Unknown,Unknown,Unknown,Unknown,Unknown,Unknown,Unknown,,,,2026-07-28T11:11:35+00:00,partial,0
SQ,SIN,FCO,SIN,SG,ROM,IT,2027-01-24,2027-01-27,Winter,Economy,0,Eco-1,Basic,Economy Basic,0.00 USD,1014.82,USD,Ubfly,YCLVALUE,,Included,Included,Unknown,Unknown,Unknown,Unknown,Unknown,Unknown,Unknown,Unknown,Unknown,Unknown,Unknown,Unknown,Unknown,Unknown,,,,2026-07-28T11:11:35+00:00,partial,0
QR,SIN,FCO,SIN,SG,ROM,IT,2026-10-17,2026-10-20,Summer,Economy,0,Eco-1,ECONOMY CLASSIC,Economy Standard,0.00 USD,470.48,USD,Ubfly,ECLASSIC,,Included,Included,Unknown,Included,Unknown,Unknown,Unknown,Unknown,Unknown,Unknown,Unknown,Unknown,Unknown,Unknown,Unknown,Unknown,Yes,,50.0,2026-07-28T11:11:35+00:00,success,0
QR,SIN,FCO,SIN,SG,ROM,IT,2026-10-17,2026-10-20,Summer,Economy,1,Eco-2,ECONOMY CONVENIENCE,Economy — ECONOMY CONVENIENCE,+258.09 USD,728.57,USD,Ubfly,ECONVENIEN,,Included,Included,Included,Included,Unknown,Unknown,Unknown,Unknown,Unknown,Unknown,Unknown,Unknown,Unknown,Unknown,Unknown,Unknown,Yes,,75.0,2026-07-28T11:11:35+00:00,success,0
QR,SIN,FCO,SIN,SG,ROM,IT,2026-10-17,2026-10-20,Summer,Economy,2,Eco-3,ECONOMY COMFORT,Economy Comfort,+737.72 USD,1208.2,USD,Ubfly,ECOMFORT,Uninterrupted return (up to the last 12 hours); Change with Penalty,Included,Included,Included,Included,Unknown,Unknown,Unknown,Unknown,Unknown,Unknown,Unknown,Unknown,Unknown,Unknown,Unknown,Unknown,Yes,,100.0,2026-07-28T11:11:35+00:00,success,0
QR,SIN,FCO,SIN,SG,ROM,IT,2026-10-17,2026-10-20,Summer,Business,0,Bus-1,BUSINESS COMFORT,Business Comfort,0.00 USD,3446.47,USD,Ubfly,BCOMFORT,175 PCT QMILES ACCUMULATION(F),Included,Included,Included,Included,Included,Unknown,Unknown,Unknown,Unknown,Unknown,Unknown,Unknown,Unknown,Unknown,Unknown,Unknown,,,,2026-07-28T11:11:35+00:00,success,0
QR,SIN,FCO,SIN,SG,ROM,IT,2026-10-17,2026-10-20,Summer,Business,1,Bus-2,BUSINESS ELITE,Business Lite,+678.09 USD,4124.56,USD,Ubfly,BELITE,200 PCT QMILES ACCUMULATION(F); Uninterrupted return (up to the last 12 hours); Change with Penalty,Included,Included,Included,Included,Included,Unknown,Unknown,Unknown,Unknown,Unknown,Unknown,Unknown,Unknown,Unknown,Unknown,Unknown,,,,2026-07-28T11:11:35+00:00,success,0
QR,SIN,FCO,SIN,SG,ROM,IT,2027-01-24,2027-01-27,Winter,Economy,0,Eco-1,ECONOMY CLASSIC,Economy Standard,0.00 USD,471.53,USD,Ubfly,ECLASSIC,,Included,Included,Unknown,Included,Unknown,Unknown,Unknown,Unknown,Unknown,Unknown,Unknown,Unknown,Unknown,Unknown,Unknown,Unknown,Yes,,50.0,2026-07-28T11:11:35+00:00,success,0
QR,SIN,FCO,SIN,SG,ROM,IT,2027-01-24,2027-01-27,Winter,Economy,1,Eco-2,ECONOMY CONVENIENCE,Economy — ECONOMY CONVENIENCE,+234.87 USD,706.4,USD,Ubfly,ECONVENIEN,,Included,Included,Included,Included,Unknown,Unknown,Unknown,Unknown,Unknown,Unknown,Unknown,Unknown,Unknown,Unknown,Unknown,Unknown,Yes,,75.0,2026-07-28T11:11:35+00:00,success,0
QR,SIN,FCO,SIN,SG,ROM,IT,2027-01-24,2027-01-27,Winter,Economy,2,Eco-3,ECONOMY COMFORT,Economy Comfort,+714.48 USD,1186.01,USD,Ubfly,ECOMFORT,Uninterrupted return (up to the last 12 hours); Change with Penalty,Included,Included,Included,Included,Unknown,Unknown,Unknown,Unknown,Unknown,Unknown,Unknown,Unknown,Unknown,Unknown,Unknown,Unknown,Yes,,100.0,2026-07-28T11:11:35+00:00,success,0
QR,SIN,FCO,SIN,SG,ROM,IT,2027-01-24,2027-01-27,Winter,Business,0,Bus-1,BCLASSIC,Business Standard,0.00 USD,2916.89,USD,Ubfly,BCLASSIC,125 PCT QMILES ACCUMULATION(F),Included,Included,Unknown,Included,Included,Unknown,Unknown,Unknown,Unknown,Unknown,Unknown,Unknown,Unknown,Unknown,Unknown,Unknown,,,,2026-07-28T11:11:35+00:00,success,0
QR,SIN,FCO,SIN,SG,ROM,IT,2027-01-24,2027-01-27,Winter,Business,1,Bus-2,BUSINESS COMFORT,Business Comfort,+510.90 USD,3427.79,USD,Ubfly,BCOMFORT,175 PCT QMILES ACCUMULATION(F),Included,Included,Included,Included,Included,Unknown,Unknown,Unknown,Unknown,Unknown,Unknown,Unknown,Unknown,Unknown,Unknown,Unknown,,,,2026-07-28T11:11:35+00:00,success,0
QR,SIN,FCO,SIN,SG,ROM,IT,2027-01-24,2027-01-27,Winter,Business,2,Bus-3,BUSINESS ELITE,Business Lite,"+1,621.73 USD",4538.62,USD,Ubfly,BELITE,200 PCT QMILES ACCUMULATION(F); Uninterrupted return (up to the last 12 hours); Change with Penalty,Included,Included,Included,Included,Included,Unknown,Unknown,Unknown,Unknown,Unknown,Unknown,Unknown,Unknown,Unknown,Unknown,Unknown,,,,2026-07-28T11:11:35+00:00,success,0
EK,SIN,FCO,SIN,SG,ROM,IT,2026-10-17,2026-10-20,Summer,Economy,0,Eco-1,ECOSAVER,Economy Basic,0.00 USD,542.31,USD,Ubfly,ECOSAVER,Soft drink; In-flight entertainment,Included,Included,Unknown,Included,Unknown,Unknown,Unknown,Unknown,Unknown,Unknown,Unknown,Unknown,Unknown,Unknown,Unknown,Unknown,Yes,,30.0,2026-07-28T11:11:35+00:00,success,0
EK,SIN,FCO,SIN,SG,ROM,IT,2026-10-17,2026-10-20,Summer,Economy,1,Eco-2,ECOFLEX,Economy Flex,+195.07 USD,737.38,USD,Ubfly,ECOFLEX,Soft drink; In-flight entertainment,Included,Included,Unknown,Included,Unknown,Unknown,Unknown,Unknown,Unknown,Unknown,Unknown,Unknown,Unknown,Unknown,Unknown,Unknown,Yes,,70.0,2026-07-28T11:11:35+00:00,success,0
EK,SIN,FCO,SIN,SG,ROM,IT,2026-10-17,2026-10-20,Summer,Economy,2,Eco-3,ECOFLXPLUS,Economy Comfort,+716.02 USD,1258.33,USD,Ubfly,ECOFLXPLUS,Soft drink; In-flight entertainment; Uninterrupted return (up to the last 12 hours); Change with Penalty,Included,Included,Unknown,Included,Unknown,Unknown,Unknown,Unknown,Unknown,Unknown,Unknown,Unknown,Unknown,Unknown,Unknown,Unknown,Yes,,100.0,2026-07-28T11:11:35+00:00,success,0
EK,SIN,FCO,SIN,SG,ROM,IT,2026-10-17,2026-10-20,Summer,Economy,3,Eco-4,PYFLXPLUS,Economy Comfort,+826.72 USD,1369.03,USD,Ubfly,PYFLXPLUS,Soft drink; In-flight entertainment; Uninterrupted return (up to the last 12 hours); Change with Penalty,Included,Included,Included,Included,Unknown,Unknown,Unknown,Unknown,Unknown,Unknown,Unknown,Unknown,Unknown,Unknown,Unknown,Unknown,Yes,,,2026-07-28T11:11:35+00:00,success,0
EK,SIN,FCO,SIN,SG,ROM,IT,2026-10-17,2026-10-20,Summer,Business,0,Bus-1,BSSAVER,Business Basic,0.00 USD,2638.03,USD,Ubfly,BSSAVER,Soft drink; Internet Access; Premium check-in; In-flight entertainment; Chauffeur Drive,Included,Included,Included,Included,Included,Included,Included,Unknown,Unknown,Unknown,Unknown,Unknown,Unknown,Unknown,Unknown,Unknown,Yes,,,2026-07-28T11:11:35+00:00,success,0
EK,SIN,FCO,SIN,SG,ROM,IT,2026-10-17,2026-10-20,Summer,Business,1,Bus-2,BSFLEX,Business Flex,+875.48 USD,3513.51,USD,Ubfly,BSFLEX,Premium check-in; Soft drink; In-flight entertainment; Chauffeur Drive; Internet Access,Included,Included,Included,Included,Included,Included,Included,Unknown,Unknown,Unknown,Unknown,Unknown,Unknown,Unknown,Unknown,Unknown,Yes,,175.0,2026-07-28T11:11:35+00:00,success,0
EK,SIN,FCO,SIN,SG,ROM,IT,2026-10-17,2026-10-20,Summer,Business,2,Bus-3,BSFLXPLUS,Business Comfort,"+2,188.34 USD",4826.37,USD,Ubfly,BSFLXPLUS,Premium check-in; Soft drink; In-flight entertainment; Chauffeur Drive; Internet Access; Uninterrupted return (up to the last 12 hours); Change with Penalty,Included,Included,Included,Included,Included,Included,Included,Unknown,Unknown,Unknown,Unknown,Unknown,Unknown,Unknown,Unknown,Unknown,Yes,,190.0,2026-07-28T11:11:35+00:00,success,0
EK,SIN,FCO,SIN,SG,ROM,IT,2027-01-24,2027-01-27,Winter,Economy,0,Eco-1,ECOSAVER,Economy Basic,0.00 USD,542.31,USD,Ubfly,ECOSAVER,Soft drink; In-flight entertainment,Included,Included,Unknown,Included,Unknown,Unknown,Unknown,Unknown,Unknown,Unknown,Unknown,Unknown,Unknown,Unknown,Unknown,Unknown,Yes,,30.0,2026-07-28T11:11:35+00:00,success,0
EK,SIN,FCO,SIN,SG,ROM,IT,2027-01-24,2027-01-27,Winter,Economy,1,Eco-2,ECOFLEX,Economy Flex,+195.07 USD,737.38,USD,Ubfly,ECOFLEX,Soft drink; In-flight entertainment,Included,Included,Unknown,Included,Unknown,Unknown,Unknown,Unknown,Unknown,Unknown,Unknown,Unknown,Unknown,Unknown,Unknown,Unknown,Yes,,70.0,2026-07-28T11:11:35+00:00,success,0
EK,SIN,FCO,SIN,SG,ROM,IT,2027-01-24,2027-01-27,Winter,Economy,2,Eco-3,ECOFLXPLUS,Economy Comfort,+716.02 USD,1258.33,USD,Ubfly,ECOFLXPLUS,Soft drink; In-flight entertainment; Uninterrupted return (up to the last 12 hours); Change with Penalty,Included,Included,Unknown,Included,Unknown,Unknown,Unknown,Unknown,Unknown,Unknown,Unknown,Unknown,Unknown,Unknown,Unknown,Unknown,Yes,,100.0,2026-07-28T11:11:35+00:00,success,0
EK,SIN,FCO,SIN,SG,ROM,IT,2027-01-24,2027-01-27,Winter,Economy,3,Eco-4,PYFLXPLUS,Economy Comfort,+826.72 USD,1369.03,USD,Ubfly,PYFLXPLUS,Soft drink; In-flight entertainment; Uninterrupted return (up to the last 12 hours); Change with Penalty,Included,Included,Included,Included,Unknown,Unknown,Unknown,Unknown,Unknown,Unknown,Unknown,Unknown,Unknown,Unknown,Unknown,Unknown,Yes,,,2026-07-28T11:11:35+00:00,success,0
EK,SIN,FCO,SIN,SG,ROM,IT,2027-01-24,2027-01-27,Winter,Business,0,Bus-1,BSSAVER,Business Basic,0.00 USD,2638.03,USD,Ubfly,BSSAVER,Soft drink; Premium check-in; In-flight entertainment; Chauffeur Drive; Internet Access,Included,Included,Included,Included,Included,Included,Included,Unknown,Unknown,Unknown,Unknown,Unknown,Unknown,Unknown,Unknown,Unknown,Yes,,,2026-07-28T11:11:35+00:00,success,0
EK,SIN,FCO,SIN,SG,ROM,IT,2027-01-24,2027-01-27,Winter,Business,1,Bus-2,BSFLEX,Business Flex,+875.48 USD,3513.51,USD,Ubfly,BSFLEX,Premium check-in; Soft drink; In-flight entertainment; Chauffeur Drive; Internet Access,Included,Included,Included,Included,Included,Included,Included,Unknown,Unknown,Unknown,Unknown,Unknown,Unknown,Unknown,Unknown,Unknown,Yes,,175.0,2026-07-28T11:11:35+00:00,success,0
EK,SIN,FCO,SIN,SG,ROM,IT,2027-01-24,2027-01-27,Winter,Business,2,Bus-3,BSFLXPLUS,Business Comfort,"+2,188.34 USD",4826.37,USD,Ubfly,BSFLXPLUS,Premium check-in; Soft drink; In-flight entertainment; Chauffeur Drive; Internet Access; Uninterrupted return (up to the last 12 hours); Change with Penalty,Included,Included,Included,Included,Included,Included,Included,Unknown,Unknown,Unknown,Unknown,Unknown,Unknown,Unknown,Unknown,Unknown,Yes,,190.0,2026-07-28T11:11:35+00:00,success,0
EY,SIN,FCO,SIN,SG,ROM,IT,2026-10-17,2026-10-20,Summer,Economy,0,Eco-1,YBASIC,Economy Basic,0.00 USD,412.73,USD,Ubfly,YBASIC,,Included,Not Included,Unknown,Included,Unknown,Unknown,Unknown,Unknown,Unknown,Unknown,Unknown,Unknown,Unknown,Unknown,Unknown,Unknown,Yes,,5.0,2026-07-28T11:11:35+00:00,success,0
EY,SIN,FCO,SIN,SG,ROM,IT,2026-10-17,2026-10-20,Summer,Economy,1,Eco-2,YVALUE,Economy Basic,+25.45 USD,438.18,USD,Ubfly,YVALUE,,Included,Included,Unknown,Included,Unknown,Unknown,Unknown,Unknown,Unknown,Unknown,Unknown,Unknown,Unknown,Unknown,Unknown,Unknown,Yes,,35.0,2026-07-28T11:11:35+00:00,success,0
EY,SIN,FCO,SIN,SG,ROM,IT,2026-10-17,2026-10-20,Summer,Economy,2,Eco-3,YCOMFORT,Economy Comfort,+86.60 USD,499.33,USD,Ubfly,YCOMFORT,,Included,Included,Included,Included,Unknown,Unknown,Unknown,Unknown,Unknown,Unknown,Unknown,Unknown,Unknown,Unknown,Unknown,Unknown,Yes,,75.0,2026-07-28T11:11:35+00:00,success,0
EY,SIN,FCO,SIN,SG,ROM,IT,2026-10-17,2026-10-20,Summer,Economy,3,Eco-4,YDELUXE,Economy — YDELUXE,+254.59 USD,667.32,USD,Ubfly,YDELUXE,Change with Penalty; Uninterrupted return (up to the last 12 hours); Priority Access,Included,Included,Included,Included,Unknown,Unknown,Unknown,Unknown,Unknown,Unknown,Unknown,Unknown,Unknown,Unknown,Unknown,Unknown,Yes,,,2026-07-28T11:11:35+00:00,success,0
EY,SIN,FCO,SIN,SG,ROM,IT,2027-01-24,2027-01-27,Winter,Economy,0,Eco-1,YBASIC,Economy Basic,0.00 USD,471.39,USD,Ubfly,YBASIC,,Included,Not Included,Unknown,Included,Unknown,Unknown,Unknown,Unknown,Unknown,Unknown,Unknown,Unknown,Unknown,Unknown,Unknown,Unknown,Yes,,5.0,2026-07-28T11:11:35+00:00,success,0
EY,SIN,FCO,SIN,SG,ROM,IT,2027-01-24,2027-01-27,Winter,Economy,1,Eco-2,YVALUE,Economy Basic,+25.45 USD,496.84,USD,Ubfly,YVALUE,,Included,Included,Unknown,Included,Unknown,Unknown,Unknown,Unknown,Unknown,Unknown,Unknown,Unknown,Unknown,Unknown,Unknown,Unknown,Yes,,35.0,2026-07-28T11:11:35+00:00,success,0
EY,SIN,FCO,SIN,SG,ROM,IT,2027-01-24,2027-01-27,Winter,Economy,2,Eco-3,YCOMFORT,Economy Comfort,+86.60 USD,557.99,USD,Ubfly,YCOMFORT,,Included,Included,Included,Included,Unknown,Unknown,Unknown,Unknown,Unknown,Unknown,Unknown,Unknown,Unknown,Unknown,Unknown,Unknown,Yes,,75.0,2026-07-28T11:11:35+00:00,success,0
EY,SIN,FCO,SIN,SG,ROM,IT,2027-01-24,2027-01-27,Winter,Economy,3,Eco-4,YDELUXE,Economy — YDELUXE,+254.59 USD,725.98,USD,Ubfly,YDELUXE,Change with Penalty; Uninterrupted return (up to the last 12 hours); Priority Access,Included,Included,Included,Included,Unknown,Unknown,Unknown,Unknown,Unknown,Unknown,Unknown,Unknown,Unknown,Unknown,Unknown,Unknown,Yes,,,2026-07-28T11:11:35+00:00,success,0
EY,SIN,FCO,SIN,SG,ROM,IT,2027-01-24,2027-01-27,Winter,Business,0,Bus-1,JVALUE,Business Basic,0.00 USD,2080.99,USD,Ubfly,JVALUE,Priority Access,Included,Included,Unknown,Included,Unknown,Unknown,Unknown,Unknown,Unknown,Unknown,Unknown,Unknown,Unknown,Unknown,Unknown,Unknown,Yes,,100.0,2026-07-28T11:11:35+00:00,success,0
EY,SIN,FCO,SIN,SG,ROM,IT,2027-01-24,2027-01-27,Winter,Business,1,Bus-2,JCOMFORT,Business Comfort,+196.63 USD,2277.62,USD,Ubfly,JCOMFORT,Priority Access; ETIHAD UAE CHAUFFEUR(F),Included,Included,Included,Included,Included,Unknown,Unknown,Unknown,Unknown,Unknown,Unknown,Unknown,Unknown,Unknown,Unknown,Unknown,Yes,,,2026-07-28T11:11:35+00:00,success,0
EY,SIN,FCO,SIN,SG,ROM,IT,2027-01-24,2027-01-27,Winter,Business,2,Bus-3,JDELUXE,Business — JDELUXE,+784.16 USD,2865.15,USD,Ubfly,JDELUXE,Change with Penalty; Uninterrupted return (up to the last 12 hours); Priority Access; ETIHAD UAE CHAUFFEUR(F); ETIHAD GLOBAL CHAUFFEUR(F),Included,Included,Included,Included,Included,Unknown,Unknown,Unknown,Unknown,Unknown,Unknown,Unknown,Unknown,Unknown,Unknown,Unknown,Yes,,,2026-07-28T11:11:35+00:00,success,0
QR,SIN,ATH,SIN,SG,ATH,GR,2026-09-10,2026-09-13,Summer,Economy,0,Eco-1,ECONOMY CLASSIC,Economy Standard,0.00 USD,465.34,USD,Ubfly,ECLASSIC,,Included,Included,Unknown,Included,Unknown,Unknown,Unknown,Unknown,Unknown,Unknown,Unknown,Unknown,Unknown,Unknown,Unknown,Unknown,Yes,,50.0,2026-07-28T11:11:35+00:00,success,0
QR,SIN,ATH,SIN,SG,ATH,GR,2026-09-10,2026-09-13,Summer,Economy,1,Eco-2,ECONOMY CONVENIENCE,Economy — ECONOMY CONVENIENCE,+256.53 USD,721.87,USD,Ubfly,ECONVENIEN,,Included,Included,Included,Included,Unknown,Unknown,Unknown,Unknown,Unknown,Unknown,Unknown,Unknown,Unknown,Unknown,Unknown,Unknown,Yes,,75.0,2026-07-28T11:11:35+00:00,success,0
QR,SIN,ATH,SIN,SG,ATH,GR,2026-09-10,2026-09-13,Summer,Economy,2,Eco-3,ECONOMY COMFORT,Economy Comfort,+739.24 USD,1204.58,USD,Ubfly,ECOMFORT,Uninterrupted return (up to the last 12 hours); Change with Penalty,Included,Included,Included,Included,Unknown,Unknown,Unknown,Unknown,Unknown,Unknown,Unknown,Unknown,Unknown,Unknown,Unknown,Unknown,Yes,,100.0,2026-07-28T11:11:35+00:00,success,0
QR,SIN,ATH,SIN,SG,ATH,GR,2027-02-11,2027-02-14,Winter,Economy,0,Eco-1,ECONOMY CLASSIC,Economy Standard,0.00 USD,465.34,USD,Ubfly,ECLASSIC,,Included,Included,Unknown,Included,Unknown,Unknown,Unknown,Unknown,Unknown,Unknown,Unknown,Unknown,Unknown,Unknown,Unknown,Unknown,Yes,,50.0,2026-07-28T11:11:35+00:00,success,0
QR,SIN,ATH,SIN,SG,ATH,GR,2027-02-11,2027-02-14,Winter,Economy,1,Eco-2,ECONOMY CONVENIENCE,Economy — ECONOMY CONVENIENCE,+256.53 USD,721.87,USD,Ubfly,ECONVENIEN,,Included,Included,Included,Included,Unknown,Unknown,Unknown,Unknown,Unknown,Unknown,Unknown,Unknown,Unknown,Unknown,Unknown,Unknown,Yes,,75.0,2026-07-28T11:11:35+00:00,success,0
QR,SIN,ATH,SIN,SG,ATH,GR,2027-02-11,2027-02-14,Winter,Economy,2,Eco-3,ECONOMY COMFORT,Economy Comfort,+739.24 USD,1204.58,USD,Ubfly,ECOMFORT,Uninterrupted return (up to the last 12 hours); Change with Penalty,Included,Included,Included,Included,Unknown,Unknown,Unknown,Unknown,Unknown,Unknown,Unknown,Unknown,Unknown,Unknown,Unknown,Unknown,Yes,,100.0,2026-07-28T11:11:35+00:00,success,0
QR,SIN,ATH,SIN,SG,ATH,GR,2027-02-11,2027-02-14,Winter,Business,0,Bus-1,BLITE,Business Lite,0.00 USD,1914.54,USD,Ubfly,BLITE,,Included,Included,Unknown,Included,Unknown,Unknown,Unknown,Unknown,Unknown,Unknown,Unknown,Unknown,Unknown,Unknown,Unknown,Unknown,Yes,,75.0,2026-07-28T11:11:35+00:00,success,0
QR,SIN,ATH,SIN,SG,ATH,GR,2027-02-11,2027-02-14,Winter,Business,1,Bus-2,BCLASSIC,Business Standard,+407.93 USD,2322.47,USD,Ubfly,BCLASSIC,125 PCT QMILES ACCUMULATION(F),Included,Included,Unknown,Included,Included,Unknown,Unknown,Unknown,Unknown,Unknown,Unknown,Unknown,Unknown,Unknown,Unknown,Unknown,,,,2026-07-28T11:11:35+00:00,success,0
QR,SIN,ATH,SIN,SG,ATH,GR,2027-02-11,2027-02-14,Winter,Business,2,Bus-3,BUSINESS COMFORT,Business Comfort,"+1,024.11 USD",2938.65,USD,Ubfly,BCOMFORT,175 PCT QMILES ACCUMULATION(F),Included,Included,Included,Included,Included,Unknown,Unknown,Unknown,Unknown,Unknown,Unknown,Unknown,Unknown,Unknown,Unknown,Unknown,,,,2026-07-28T11:11:35+00:00,success,0
QR,SIN,ATH,SIN,SG,ATH,GR,2027-02-11,2027-02-14,Winter,Business,3,Bus-4,BUSINESS ELITE,Business Lite,"+2,108.61 USD",4023.15,USD,Ubfly,BELITE,200 PCT QMILES ACCUMULATION(F); Uninterrupted return (up to the last 12 hours); Change with Penalty,Included,Included,Included,Included,Included,Unknown,Unknown,Unknown,Unknown,Unknown,Unknown,Unknown,Unknown,Unknown,Unknown,Unknown,,,,2026-07-28T11:11:35+00:00,success,0
TK,SIN,ATH,SIN,SG,ATH,GR,2026-09-10,2026-09-13,Summer,Economy,0,Eco-1,ECOFLY,Economy Basic,0.00 USD,1292.55,USD,Ubfly,CL,Online Message Verification,Included,Included,Unknown,Included,Unknown,Unknown,Unknown,Not Included,Unknown,Unknown,Unknown,Unknown,Unknown,Unknown,Unknown,Unknown,,,,2026-07-28T11:11:35+00:00,success,0
TK,SIN,ATH,SIN,SG,ATH,GR,2026-09-10,2026-09-13,Summer,Economy,1,Eco-2,EXTRAFLY,Economy Standard,+65.84 USD,1358.39,USD,Ubfly,LG,Online Message Verification,Included,Included,Unknown,Included,Unknown,Unknown,Unknown,Unknown,Unknown,Unknown,Unknown,Unknown,Unknown,Unknown,Unknown,Unknown,,,,2026-07-28T11:11:35+00:00,success,0
TK,SIN,ATH,SIN,SG,ATH,GR,2026-09-10,2026-09-13,Summer,Economy,2,Eco-3,FLEXFLY,Economy Flex,+198.17 USD,1490.72,USD,Ubfly,GN,Online Message Verification,Included,Included,Included,Included,Unknown,Unknown,Unknown,Unknown,Unknown,Unknown,Unknown,Unknown,Unknown,Unknown,Unknown,Unknown,Yes,,15.0,2026-07-28T11:11:35+00:00,success,0
TK,SIN,ATH,SIN,SG,ATH,GR,2026-09-10,2026-09-13,Summer,Economy,3,Eco-4,Flexible,Economy Flex,+394.23 USD,1686.78,USD,Ubfly,FL,Online Message Verification,Included,Included,Included,Included,Unknown,Unknown,Included,Unknown,Unknown,Unknown,Unknown,Paid,Unknown,Unknown,Unknown,Unknown,Yes,,30.0,2026-07-28T11:11:35+00:00,success,0
TK,SIN,ATH,SIN,SG,ATH,GR,2026-09-10,2026-09-13,Summer,Business,0,Bus-1,BUSINESS FLY,Business — BUSINESS FLY,0.00 USD,7558.06,USD,Ubfly,BF,Priority Check-In,Included,Included,Included,Unknown,Included,Included,Included,Unknown,Unknown,Unknown,Unknown,Unknown,Included,Unknown,Unknown,Unknown,,,,2026-07-28T11:11:35+00:00,success,0
TK,SIN,ATH,SIN,SG,ATH,GR,2026-09-10,2026-09-13,Summer,Business,1,Bus-2,BUSINESS PRIME,Business Premium,+387.03 USD,7945.09,USD,Ubfly,BL,Priority Check-In,Included,Included,Included,Unknown,Included,Included,Included,Unknown,Unknown,Unknown,Unknown,Paid,Included,Unknown,Unknown,Unknown,Yes,,30.0,2026-07-28T11:11:35+00:00,success,0
TK,SIN,ATH,SIN,SG,ATH,GR,2027-02-13,2027-02-16,Winter,Economy,0,Eco-1,ECOFLY,Economy Basic,0.00 USD,857.08,USD,Ubfly,CL,Online Message Verification,Included,Included,Unknown,Included,Unknown,Unknown,Unknown,Not Included,Unknown,Unknown,Unknown,Unknown,Unknown,Unknown,Unknown,Unknown,,,,2026-07-28T11:11:35+00:00,success,0
TK,SIN,ATH,SIN,SG,ATH,GR,2027-02-13,2027-02-16,Winter,Economy,1,Eco-2,EXTRAFLY,Economy Standard,+65.84 USD,922.92,USD,Ubfly,LG,Online Message Verification,Included,Included,Unknown,Included,Unknown,Unknown,Unknown,Unknown,Unknown,Unknown,Unknown,Unknown,Unknown,Unknown,Unknown,Unknown,,,,2026-07-28T11:11:35+00:00,success,0
TK,SIN,ATH,SIN,SG,ATH,GR,2027-02-13,2027-02-16,Winter,Economy,2,Eco-3,FLEXFLY,Economy Flex,+198.17 USD,1055.25,USD,Ubfly,GN,Online Message Verification,Included,Included,Included,Included,Unknown,Unknown,Unknown,Unknown,Unknown,Unknown,Unknown,Unknown,Unknown,Unknown,Unknown,Unknown,Yes,,15.0,2026-07-28T11:11:35+00:00,success,0
TK,SIN,ATH,SIN,SG,ATH,GR,2027-02-13,2027-02-16,Winter,Economy,3,Eco-4,Flexible,Economy Flex,+394.23 USD,1251.31,USD,Ubfly,FL,Online Message Verification,Included,Included,Included,Included,Unknown,Unknown,Included,Unknown,Unknown,Unknown,Unknown,Paid,Unknown,Unknown,Unknown,Unknown,Yes,,30.0,2026-07-28T11:11:35+00:00,success,0
TK,SIN,ATH,SIN,SG,ATH,GR,2027-02-13,2027-02-16,Winter,Business,0,Bus-1,BUSINESS FLY,Business — BUSINESS FLY,0.00 USD,7558.06,USD,Ubfly,BF,Priority Check-In,Included,Included,Included,Unknown,Included,Included,Included,Unknown,Unknown,Unknown,Unknown,Unknown,Included,Unknown,Unknown,Unknown,,,,2026-07-28T11:11:35+00:00,success,0
TK,SIN,ATH,SIN,SG,ATH,GR,2027-02-13,2027-02-16,Winter,Business,1,Bus-2,BUSINESS PRIME,Business Premium,+387.03 USD,7945.09,USD,Ubfly,BL,Priority Check-In,Included,Included,Included,Unknown,Included,Included,Included,Unknown,Unknown,Unknown,Unknown,Paid,Included,Unknown,Unknown,Unknown,Yes,,30.0,2026-07-28T11:11:35+00:00,success,0
EK,SIN,ATH,SIN,SG,ATH,GR,2026-09-10,2026-09-13,Summer,Economy,0,Eco-1,Economy Saver,Economy Basic,0.00 USD,463.84,USD,Ubfly,YP,• Hot and cold refreshments; • ICE entertainment; • Mileage upgrade eligibility at time of check-in; Economy Cabin,Included,Included,Paid,Included,Unknown,Unknown,Unknown,Included,Not Included,Unknown,Unknown,Unknown,Included,Unknown,Unknown,Unknown,Yes,1575.0,,2026-07-28T11:11:35+00:00,success,0
EK,SIN,ATH,SIN,SG,ATH,GR,2026-09-10,2026-09-13,Summer,Economy,1,Eco-2,Economy Flex,Economy Flex,+252.34 USD,716.18,USD,Ubfly,YS,• Hot and cold refreshments; • ICE entertainment; • Mileage upgrade eligibility; Economy Cabin,Included,Included,Included,Included,Unknown,Unknown,Unknown,Included,Not Included,Unknown,Unknown,Unknown,Included,Unknown,Unknown,Unknown,Yes,3938.0,,2026-07-28T11:11:35+00:00,success,0
EK,SIN,ATH,SIN,SG,ATH,GR,2026-09-10,2026-09-13,Summer,Economy,2,Eco-3,Economy Flex Plus,Economy Comfort,+757.82 USD,1221.66,USD,Ubfly,YF,• Hot and cold refreshments; • ICE entertainment; • Mileage upgrade eligibility; Economy Cabin,Included,Included,Included,Included,Unknown,Unknown,Unknown,Not Included,Not Included,Unknown,Unknown,Unknown,Included,Unknown,Unknown,Unknown,Yes,5250.0,,2026-07-28T11:11:35+00:00,success,0
EK,SIN,ATH,SIN,SG,ATH,GR,2026-09-10,2026-09-13,Summer,Premium Economy,0,PEco-1,Premium Economy FlexPlus,Premium Economy Comfort,+770.21 USD,1234.05,USD,Ubfly,WF,• Hot and cold refreshments; • ICE entertainment; • Mileage upgrade eligibility; • Exclusive Premium Economy Class dining; Premium Economy Cabin,Included,Included,Included,Unknown,Unknown,Unknown,Unknown,Not Included,Not Included,Unknown,Unknown,Unknown,Included,Unknown,Unknown,Unknown,Yes,5775.0,,2026-07-28T11:11:35+00:00,success,0
EK,SIN,ATH,SIN,SG,ATH,GR,2027-02-11,2027-02-14,Winter,Economy,0,Eco-1,Economy Saver,Economy Basic,0.00 USD,463.84,USD,Ubfly,YP,• Hot and cold refreshments; • ICE entertainment; • Mileage upgrade eligibility at time of check-in; Economy Cabin,Included,Included,Paid,Included,Unknown,Unknown,Unknown,Included,Not Included,Unknown,Unknown,Unknown,Included,Unknown,Unknown,Unknown,Yes,1575.0,,2026-07-28T11:11:35+00:00,success,0
EK,SIN,ATH,SIN,SG,ATH,GR,2027-02-11,2027-02-14,Winter,Economy,1,Eco-2,Economy Flex,Economy Flex,+252.34 USD,716.18,USD,Ubfly,YS,• Hot and cold refreshments; • ICE entertainment; • Mileage upgrade eligibility; Economy Cabin,Included,Included,Included,Included,Unknown,Unknown,Unknown,Included,Not Included,Unknown,Unknown,Unknown,Included,Unknown,Unknown,Unknown,Yes,3938.0,,2026-07-28T11:11:35+00:00,success,0
EK,SIN,ATH,SIN,SG,ATH,GR,2027-02-11,2027-02-14,Winter,Economy,2,Eco-3,Economy Flex Plus,Economy Comfort,+757.82 USD,1221.66,USD,Ubfly,YF,• Hot and cold refreshments; • ICE entertainment; • Mileage upgrade eligibility; Economy Cabin,Included,Included,Included,Included,Unknown,Unknown,Unknown,Not Included,Not Included,Unknown,Unknown,Unknown,Included,Unknown,Unknown,Unknown,Yes,5250.0,,2026-07-28T11:11:35+00:00,success,0
EK,SIN,ATH,SIN,SG,ATH,GR,2027-02-11,2027-02-14,Winter,Premium Economy,0,PEco-1,Premium Economy FlexPlus,Premium Economy Comfort,+770.21 USD,1234.05,USD,Ubfly,WF,• Hot and cold refreshments; • ICE entertainment; • Mileage upgrade eligibility; • Exclusive Premium Economy Class dining; Premium Economy Cabin,Included,Included,Included,Unknown,Unknown,Unknown,Unknown,Not Included,Not Included,Unknown,Unknown,Unknown,Included,Unknown,Unknown,Unknown,Yes,5775.0,,2026-07-28T11:11:35+00:00,success,0
EK,SIN,ATH,SIN,SG,ATH,GR,2027-02-11,2027-02-14,Winter,Business,0,Bus-1,BSSAVER,Business Basic,0.00 USD,3089.33,USD,Ubfly,BSSAVER,Soft drink; Premium check-in; In-flight entertainment; Chauffeur Drive; Internet Access,Included,Included,Included,Included,Included,Included,Included,Unknown,Unknown,Unknown,Unknown,Unknown,Unknown,Unknown,Unknown,Unknown,Yes,,,2026-07-28T11:11:35+00:00,success,0
EK,SIN,ATH,SIN,SG,ATH,GR,2027-02-11,2027-02-14,Winter,Business,1,Bus-2,BSFLEX,Business Flex,+873.94 USD,3963.27,USD,Ubfly,BSFLEX,Premium check-in; Soft drink; In-flight entertainment; Chauffeur Drive; Internet Access,Included,Included,Included,Included,Included,Included,Included,Unknown,Unknown,Unknown,Unknown,Unknown,Unknown,Unknown,Unknown,Unknown,Yes,,175.0,2026-07-28T11:11:35+00:00,success,0
EK,SIN,ATH,SIN,SG,ATH,GR,2027-02-11,2027-02-14,Winter,Business,2,Bus-3,BSFLXPLUS,Business Comfort,"+2,187.58 USD",5276.91,USD,Ubfly,BSFLXPLUS,Premium check-in; Soft drink; In-flight entertainment; Chauffeur Drive; Internet Access; Uninterrupted return (up to the last 12 hours); Change with Penalty,Included,Included,Included,Included,Included,Included,Included,Unknown,Unknown,Unknown,Unknown,Unknown,Unknown,Unknown,Unknown,Unknown,Yes,,190.0,2026-07-28T11:11:35+00:00,success,0
TK,KUL,SJJ,KUL,MY,SJJ,BA,2026-09-25,2026-09-28,Summer,Economy,0,Eco-1,ECOFLY,Economy Basic,0.00 USD,2009.77,USD,Ubfly,CL,Online Message Verification,Included,Included,Unknown,Included,Unknown,Unknown,Unknown,Not Included,Unknown,Unknown,Unknown,Unknown,Unknown,Unknown,Unknown,Unknown,,,,2026-07-28T11:11:35+00:00,success,0
TK,KUL,SJJ,KUL,MY,SJJ,BA,2026-09-25,2026-09-28,Summer,Economy,1,Eco-2,EXTRAFLY,Economy Standard,+64.59 USD,2074.36,USD,Ubfly,LG,Online Message Verification,Included,Included,Unknown,Included,Unknown,Unknown,Unknown,Unknown,Unknown,Unknown,Unknown,Unknown,Unknown,Unknown,Unknown,Unknown,,,,2026-07-28T11:11:35+00:00,success,0
TK,KUL,SJJ,KUL,MY,SJJ,BA,2026-09-25,2026-09-28,Summer,Economy,2,Eco-3,FLEXFLY,Economy Flex,+193.89 USD,2203.66,USD,Ubfly,GN,Online Message Verification,Included,Included,Included,Included,Unknown,Unknown,Unknown,Unknown,Unknown,Unknown,Unknown,Unknown,Unknown,Unknown,Unknown,Unknown,Yes,,15.0,2026-07-28T11:11:35+00:00,success,0
TK,KUL,SJJ,KUL,MY,SJJ,BA,2026-09-25,2026-09-28,Summer,Economy,3,Eco-4,Flexible,Economy Flex,+385.68 USD,2395.45,USD,Ubfly,FL,Online Message Verification,Included,Included,Included,Included,Unknown,Unknown,Included,Unknown,Unknown,Unknown,Unknown,Paid,Unknown,Unknown,Unknown,Unknown,Yes,,30.0,2026-07-28T11:11:35+00:00,success,0
TK,KUL,SJJ,KUL,MY,SJJ,BA,2026-09-25,2026-09-28,Summer,Business,0,Bus-1,BUSINESS FLY,Business — BUSINESS FLY,0.00 USD,5472.4,USD,Ubfly,BF,Priority Check-In,Included,Included,Included,Unknown,Included,Included,Included,Unknown,Unknown,Unknown,Unknown,Unknown,Included,Unknown,Unknown,Unknown,,,,2026-07-28T11:11:35+00:00,success,0
TK,KUL,SJJ,KUL,MY,SJJ,BA,2026-09-25,2026-09-28,Summer,Business,1,Bus-2,BUSINESS PRIME,Business Premium,+378.51 USD,5850.91,USD,Ubfly,BL,Priority Check-In,Included,Included,Included,Unknown,Included,Included,Included,Unknown,Unknown,Unknown,Unknown,Paid,Included,Unknown,Unknown,Unknown,Yes,,30.0,2026-07-28T11:11:35+00:00,success,0
TK,KUL,SJJ,KUL,MY,SJJ,BA,2027-03-24,2027-03-27,Winter,Economy,0,Eco-1,ECOFLY,Economy Basic,0.00 USD,818.73,USD,Ubfly,CL,Online Message Verification,Included,Included,Unknown,Included,Unknown,Unknown,Unknown,Not Included,Unknown,Unknown,Unknown,Unknown,Unknown,Unknown,Unknown,Unknown,,,,2026-07-28T11:11:35+00:00,success,0
TK,KUL,SJJ,KUL,MY,SJJ,BA,2027-03-24,2027-03-27,Winter,Economy,1,Eco-2,EXTRAFLY,Economy Standard,+64.59 USD,883.32,USD,Ubfly,LG,Online Message Verification,Included,Included,Unknown,Included,Unknown,Unknown,Unknown,Unknown,Unknown,Unknown,Unknown,Unknown,Unknown,Unknown,Unknown,Unknown,,,,2026-07-28T11:11:35+00:00,success,0
TK,KUL,SJJ,KUL,MY,SJJ,BA,2027-03-24,2027-03-27,Winter,Economy,2,Eco-3,FLEXFLY,Economy Flex,+193.91 USD,1012.64,USD,Ubfly,GN,Online Message Verification,Included,Included,Included,Included,Unknown,Unknown,Unknown,Unknown,Unknown,Unknown,Unknown,Unknown,Unknown,Unknown,Unknown,Unknown,Yes,,15.0,2026-07-28T11:11:35+00:00,success,0
TK,KUL,SJJ,KUL,MY,SJJ,BA,2027-03-24,2027-03-27,Winter,Economy,3,Eco-4,Flexible,Economy Flex,+385.68 USD,1204.41,USD,Ubfly,FL,Online Message Verification,Included,Included,Included,Included,Unknown,Unknown,Included,Unknown,Unknown,Unknown,Unknown,Paid,Unknown,Unknown,Unknown,Unknown,Yes,,30.0,2026-07-28T11:11:35+00:00,success,0
TK,KUL,SJJ,KUL,MY,SJJ,BA,2027-03-24,2027-03-27,Winter,Business,0,Bus-1,BUSINESS FLY,Business — BUSINESS FLY,0.00 USD,2976.88,USD,Ubfly,BF,Priority Check-In,Included,Included,Included,Unknown,Included,Included,Included,Unknown,Unknown,Unknown,Unknown,Unknown,Included,Unknown,Unknown,Unknown,,,,2026-07-28T11:11:35+00:00,success,0
TK,KUL,SJJ,KUL,MY,SJJ,BA,2027-03-24,2027-03-27,Winter,Business,1,Bus-2,BUSINESS PRIME,Business Premium,+378.51 USD,3355.39,USD,Ubfly,BL,Priority Check-In,Included,Included,Included,Unknown,Included,Included,Included,Unknown,Unknown,Unknown,Unknown,Paid,Included,Unknown,Unknown,Unknown,Yes,,30.0,2026-07-28T11:11:35+00:00,success,0
EK,KUL,SJJ,KUL,MY,SJJ,BA,2026-09-23,2026-09-26,Summer,Economy,0,Eco-1,ECOSAVER,Economy Basic,0.00 USD,470.85,USD,Ubfly,ECOSAVER,Soft drink; In-flight entertainment,Included,Included,Unknown,Included,Unknown,Unknown,Unknown,Unknown,Unknown,Unknown,Unknown,Unknown,Unknown,Unknown,Unknown,Unknown,Yes,,30.0,2026-07-28T11:11:35+00:00,success,0
EK,KUL,SJJ,KUL,MY,SJJ,BA,2026-09-23,2026-09-26,Summer,Economy,1,Eco-2,ECOFLEX,Economy Flex,+60.82 USD,531.67,USD,Ubfly,ECOFLEX,Soft drink; In-flight entertainment,Included,Included,Unknown,Included,Unknown,Unknown,Unknown,Unknown,Unknown,Unknown,Unknown,Unknown,Unknown,Unknown,Unknown,Unknown,Yes,,70.0,2026-07-28T11:11:35+00:00,success,0
EK,KUL,SJJ,KUL,MY,SJJ,BA,2026-09-23,2026-09-26,Summer,Economy,2,Eco-3,ECOFLXPLUS,Economy Comfort,"+1,080.09 USD",1550.94,USD,Ubfly,ECOFLXPLUS,Soft drink; In-flight entertainment; Uninterrupted return (up to the last 12 hours); Change with Penalty,Included,Included,Unknown,Included,Unknown,Unknown,Unknown,Unknown,Unknown,Unknown,Unknown,Unknown,Unknown,Unknown,Unknown,Unknown,Yes,,100.0,2026-07-28T11:11:35+00:00,success,0
EK,KUL,SJJ,KUL,MY,SJJ,BA,2026-09-23,2026-09-26,Summer,Business,0,Bus-1,BSSAVER,Business Basic,0.00 USD,2467.16,USD,Ubfly,BSSAVER,Premium check-in; Soft drink; In-flight entertainment; Chauffeur Drive; Internet Access,Included,Included,Included,Included,Included,Included,Included,Unknown,Unknown,Unknown,Unknown,Unknown,Unknown,Unknown,Unknown,Unknown,Yes,,,2026-07-28T11:11:35+00:00,success,0
EK,KUL,SJJ,KUL,MY,SJJ,BA,2026-09-23,2026-09-26,Summer,Business,1,Bus-2,BSFLEX,Business Flex,+333.82 USD,2800.98,USD,Ubfly,BSFLEX,Premium check-in; Soft drink; In-flight entertainment; Chauffeur Drive; Internet Access,Included,Included,Included,Included,Included,Included,Included,Unknown,Unknown,Unknown,Unknown,Unknown,Unknown,Unknown,Unknown,Unknown,Yes,,175.0,2026-07-28T11:11:35+00:00,success,0
EK,KUL,SJJ,KUL,MY,SJJ,BA,2026-09-23,2026-09-26,Summer,Business,2,Bus-3,BSFLXPLUS,Business Comfort,+825.13 USD,3292.29,USD,Ubfly,BSFLXPLUS,Premium check-in; Soft drink; In-flight entertainment; Chauffeur Drive; Internet Access; Uninterrupted return (up to the last 12 hours); Change with Penalty,Included,Included,Included,Included,Included,Included,Included,Unknown,Unknown,Unknown,Unknown,Unknown,Unknown,Unknown,Unknown,Unknown,Yes,,190.0,2026-07-28T11:11:35+00:00,success,0
EK,KUL,SJJ,KUL,MY,SJJ,BA,2027-03-24,2027-03-27,Winter,Economy,0,Eco-1,ECOSAVER,Economy Basic,0.00 USD,470.85,USD,Ubfly,ECOSAVER,Soft drink; In-flight entertainment,Included,Included,Unknown,Included,Unknown,Unknown,Unknown,Unknown,Unknown,Unknown,Unknown,Unknown,Unknown,Unknown,Unknown,Unknown,Yes,,30.0,2026-07-28T11:11:35+00:00,success,0
EK,KUL,SJJ,KUL,MY,SJJ,BA,2027-03-24,2027-03-27,Winter,Economy,1,Eco-2,ECOFLEX,Economy Flex,+60.82 USD,531.67,USD,Ubfly,ECOFLEX,Soft drink; In-flight entertainment,Included,Included,Unknown,Included,Unknown,Unknown,Unknown,Unknown,Unknown,Unknown,Unknown,Unknown,Unknown,Unknown,Unknown,Unknown,Yes,,70.0,2026-07-28T11:11:35+00:00,success,0
EK,KUL,SJJ,KUL,MY,SJJ,BA,2027-03-24,2027-03-27,Winter,Economy,2,Eco-3,ECOFLXPLUS,Economy Comfort,"+1,080.09 USD",1550.94,USD,Ubfly,ECOFLXPLUS,Soft drink; In-flight entertainment; Uninterrupted return (up to the last 12 hours); Change with Penalty,Included,Included,Unknown,Included,Unknown,Unknown,Unknown,Unknown,Unknown,Unknown,Unknown,Unknown,Unknown,Unknown,Unknown,Unknown,Yes,,100.0,2026-07-28T11:11:35+00:00,success,0
EK,KUL,SJJ,KUL,MY,SJJ,BA,2027-03-24,2027-03-27,Winter,Business,0,Bus-1,BSSAVER,Business Basic,0.00 USD,2467.16,USD,Ubfly,BSSAVER,Premium check-in; Soft drink; In-flight entertainment; Chauffeur Drive; Internet Access,Included,Included,Included,Included,Included,Included,Included,Unknown,Unknown,Unknown,Unknown,Unknown,Unknown,Unknown,Unknown,Unknown,Yes,,,2026-07-28T11:11:35+00:00,success,0
EK,KUL,SJJ,KUL,MY,SJJ,BA,2027-03-24,2027-03-27,Winter,Business,1,Bus-2,BSFLEX,Business Flex,+333.82 USD,2800.98,USD,Ubfly,BSFLEX,Premium check-in; Soft drink; In-flight entertainment; Chauffeur Drive; Internet Access,Included,Included,Included,Included,Included,Included,Included,Unknown,Unknown,Unknown,Unknown,Unknown,Unknown,Unknown,Unknown,Unknown,Yes,,175.0,2026-07-28T11:11:35+00:00,success,0
EK,KUL,SJJ,KUL,MY,SJJ,BA,2027-03-24,2027-03-27,Winter,Business,2,Bus-3,BSFLXPLUS,Business Comfort,+825.13 USD,3292.29,USD,Ubfly,BSFLXPLUS,Premium check-in; Soft drink; In-flight entertainment; Chauffeur Drive; Internet Access; Uninterrupted return (up to the last 12 hours); Change with Penalty,Included,Included,Included,Included,Included,Included,Included,Unknown,Unknown,Unknown,Unknown,Unknown,Unknown,Unknown,Unknown,Unknown,Yes,,190.0,2026-07-28T11:11:35+00:00,success,0
MH,KUL,SJJ,KUL,MY,SJJ,BA,2026-09-23,2026-09-26,Summer,Economy,0,Eco-1,Basic,Economy Basic,0.00 USD,3170.69,USD,Ubfly,ECOFLEX,,Included,Included,Unknown,Unknown,Unknown,Unknown,Unknown,Unknown,Unknown,Unknown,Unknown,Unknown,Unknown,Unknown,Unknown,Unknown,,,,2026-07-28T11:11:35+00:00,partial,0
MH,KUL,SJJ,KUL,MY,SJJ,BA,2027-03-24,2027-03-27,Winter,Economy,0,Eco-1,Basic,Economy Basic,0.00 USD,1490.5,USD,Ubfly,ECOCMFT,,Included,Included,Unknown,Unknown,Unknown,Unknown,Unknown,Unknown,Unknown,Unknown,Unknown,Unknown,Unknown,Unknown,Unknown,Unknown,,,,2026-07-28T11:11:35+00:00,partial,0
QR,KUL,SJJ,KUL,MY,SJJ,BA,2026-09-24,2026-09-27,Summer,Economy,0,Eco-1,Basic,Economy Basic,0.00 USD,948.01,USD,Ubfly,ECLASSIC,,Included,Included,Unknown,Unknown,Unknown,Unknown,Unknown,Unknown,Unknown,Unknown,Unknown,Unknown,Unknown,Unknown,Unknown,Unknown,,,,2026-07-28T11:11:35+00:00,partial,0
QR,KUL,SJJ,KUL,MY,SJJ,BA,2027-03-25,2027-03-28,Winter,Economy,0,Eco-1,ECONOMY CLASSIC,Economy Standard,0.00 USD,958.98,USD,Ubfly,ECLASSIC,,Included,Included,Unknown,Included,Unknown,Unknown,Unknown,Unknown,Unknown,Unknown,Unknown,Unknown,Unknown,Unknown,Unknown,Unknown,Yes,,50.0,2026-07-28T11:11:35+00:00,success,0
QR,KUL,SJJ,KUL,MY,SJJ,BA,2027-03-25,2027-03-28,Winter,Economy,1,Eco-2,ECONOMY CONVENIENCE,Economy — ECONOMY CONVENIENCE,+374.85 USD,1333.83,USD,Ubfly,ECONVENIEN,,Included,Included,Included,Included,Unknown,Unknown,Unknown,Unknown,Unknown,Unknown,Unknown,Unknown,Unknown,Unknown,Unknown,Unknown,Yes,,75.0,2026-07-28T11:11:35+00:00,success,0
QR,KUL,SJJ,KUL,MY,SJJ,BA,2027-03-25,2027-03-28,Winter,Economy,2,Eco-3,ECONOMY COMFORT,Economy Comfort,+808.56 USD,1767.54,USD,Ubfly,ECOMFORT,Uninterrupted return (up to the last 12 hours); Change with Penalty,Included,Included,Included,Included,Unknown,Unknown,Unknown,Unknown,Unknown,Unknown,Unknown,Unknown,Unknown,Unknown,Unknown,Unknown,Yes,,100.0,2026-07-28T11:11:35+00:00,success,0
QR,ATH,SIN,ATH,GR,SIN,SG,2027-04-08,2027-04-11,Summer,Economy,0,Eco-1,ECONOMY CLASSIC,Economy Standard,0.00 USD,718.68,USD,Ubfly,ECLASSIC,,Included,Included,Unknown,Included,Unknown,Unknown,Unknown,Unknown,Unknown,Unknown,Unknown,Unknown,Unknown,Unknown,Unknown,Unknown,Yes,,50.0,2026-07-28T11:11:35+00:00,success,0
QR,ATH,SIN,ATH,GR,SIN,SG,2027-04-08,2027-04-11,Summer,Economy,1,Eco-2,ECONOMY CONVENIENCE,Economy — ECONOMY CONVENIENCE,+54.52 USD,773.2,USD,Ubfly,ECONVENIEN,,Included,Included,Included,Included,Unknown,Unknown,Unknown,Unknown,Unknown,Unknown,Unknown,Unknown,Unknown,Unknown,Unknown,Unknown,Yes,,75.0,2026-07-28T11:11:35+00:00,success,0
QR,ATH,SIN,ATH,GR,SIN,SG,2027-04-08,2027-04-11,Summer,Economy,2,Eco-3,ECONOMY COMFORT,Economy Comfort,+493.93 USD,1212.61,USD,Ubfly,ECOMFORT,Uninterrupted return (up to the last 12 hours); Change with Penalty,Included,Included,Included,Included,Unknown,Unknown,Unknown,Unknown,Unknown,Unknown,Unknown,Unknown,Unknown,Unknown,Unknown,Unknown,Yes,,100.0,2026-07-28T11:11:35+00:00,success,0
QR,ATH,SIN,ATH,GR,SIN,SG,2027-04-08,2027-04-11,Summer,Business,0,Bus-1,BUSINESS COMFORT,Business Comfort,0.00 USD,2959.21,USD,Ubfly,BCOMFORT,175 PCT QMILES ACCUMULATION(F),Included,Included,Included,Included,Included,Unknown,Unknown,Unknown,Unknown,Unknown,Unknown,Unknown,Unknown,Unknown,Unknown,Unknown,,,,2026-07-28T11:11:35+00:00,success,0
QR,ATH,SIN,ATH,GR,SIN,SG,2027-04-08,2027-04-11,Summer,Business,1,Bus-2,BUSINESS ELITE,Business Lite,+700.59 USD,3659.8,USD,Ubfly,BELITE,200 PCT QMILES ACCUMULATION(F); Uninterrupted return (up to the last 12 hours); Change with Penalty,Included,Included,Included,Included,Included,Unknown,Unknown,Unknown,Unknown,Unknown,Unknown,Unknown,Unknown,Unknown,Unknown,Unknown,,,,2026-07-28T11:11:35+00:00,success,0
QR,ATH,SIN,ATH,GR,SIN,SG,2027-03-29,2027-04-01,Winter,Economy,0,Eco-1,ECONOMY CLASSIC,Economy Standard,0.00 USD,718.68,USD,Ubfly,ECLASSIC,,Included,Included,Unknown,Included,Unknown,Unknown,Unknown,Unknown,Unknown,Unknown,Unknown,Unknown,Unknown,Unknown,Unknown,Unknown,Yes,,50.0,2026-07-28T11:11:35+00:00,success,0
QR,ATH,SIN,ATH,GR,SIN,SG,2027-03-29,2027-04-01,Winter,Economy,1,Eco-2,ECONOMY CONVENIENCE,Economy — ECONOMY CONVENIENCE,+54.52 USD,773.2,USD,Ubfly,ECONVENIEN,,Included,Included,Included,Included,Unknown,Unknown,Unknown,Unknown,Unknown,Unknown,Unknown,Unknown,Unknown,Unknown,Unknown,Unknown,Yes,,75.0,2026-07-28T11:11:35+00:00,success,0
QR,ATH,SIN,ATH,GR,SIN,SG,2027-03-29,2027-04-01,Winter,Economy,2,Eco-3,ECONOMY COMFORT,Economy Comfort,+493.93 USD,1212.61,USD,Ubfly,ECOMFORT,Uninterrupted return (up to the last 12 hours); Change with Penalty,Included,Included,Included,Included,Unknown,Unknown,Unknown,Unknown,Unknown,Unknown,Unknown,Unknown,Unknown,Unknown,Unknown,Unknown,Yes,,100.0,2026-07-28T11:11:35+00:00,success,0
QR,ATH,SIN,ATH,GR,SIN,SG,2027-03-29,2027-04-01,Winter,Business,0,Bus-1,BUSINESS COMFORT,Business Comfort,0.00 USD,2959.21,USD,Ubfly,BCOMFORT,175 PCT QMILES ACCUMULATION(F),Included,Included,Included,Included,Included,Unknown,Unknown,Unknown,Unknown,Unknown,Unknown,Unknown,Unknown,Unknown,Unknown,Unknown,,,,2026-07-28T11:11:35+00:00,success,0
QR,ATH,SIN,ATH,GR,SIN,SG,2027-03-29,2027-04-01,Winter,Business,1,Bus-2,BUSINESS ELITE,Business Lite,+700.59 USD,3659.8,USD,Ubfly,BELITE,200 PCT QMILES ACCUMULATION(F); Uninterrupted return (up to the last 12 hours); Change with Penalty,Included,Included,Included,Included,Included,Unknown,Unknown,Unknown,Unknown,Unknown,Unknown,Unknown,Unknown,Unknown,Unknown,Unknown,,,,2026-07-28T11:11:35+00:00,success,0
TK,ATH,SIN,ATH,GR,SIN,SG,2027-04-08,2027-04-11,Summer,Economy,0,Eco-1,ECOFLY,Economy Basic,0.00 USD,784.16,USD,Ubfly,CL,Online Message Verification,Included,Included,Unknown,Included,Unknown,Unknown,Unknown,Not Included,Unknown,Unknown,Unknown,Unknown,Unknown,Unknown,Unknown,Unknown,,,,2026-07-28T11:11:35+00:00,success,0
TK,ATH,SIN,ATH,GR,SIN,SG,2027-04-08,2027-04-11,Summer,Economy,1,Eco-2,EXTRAFLY,Economy Standard,+47.01 USD,831.17,USD,Ubfly,LG,Online Message Verification,Included,Included,Unknown,Included,Unknown,Unknown,Unknown,Unknown,Unknown,Unknown,Unknown,Unknown,Unknown,Unknown,Unknown,Unknown,,,,2026-07-28T11:11:35+00:00,success,0
TK,ATH,SIN,ATH,GR,SIN,SG,2027-04-08,2027-04-11,Summer,Economy,2,Eco-3,FLEXFLY,Economy Flex,+84.12 USD,868.28,USD,Ubfly,GN,Online Message Verification,Included,Included,Included,Included,Unknown,Unknown,Unknown,Unknown,Unknown,Unknown,Unknown,Unknown,Unknown,Unknown,Unknown,Unknown,Yes,,15.0,2026-07-28T11:11:35+00:00,success,0
TK,ATH,SIN,ATH,GR,SIN,SG,2027-04-08,2027-04-11,Summer,Economy,3,Eco-4,Flexible,Economy Flex,+154.79 USD,938.95,USD,Ubfly,FL,Online Message Verification,Included,Included,Included,Included,Unknown,Unknown,Included,Unknown,Unknown,Unknown,Unknown,Paid,Unknown,Unknown,Unknown,Unknown,Yes,,30.0,2026-07-28T11:11:35+00:00,success,0
TK,ATH,SIN,ATH,GR,SIN,SG,2027-04-08,2027-04-11,Summer,Business,0,Bus-1,BUSINESS FLY,Business — BUSINESS FLY,0.00 USD,3672.11,USD,Ubfly,BF,Priority Check-In,Included,Included,Included,Unknown,Included,Included,Included,Unknown,Unknown,Unknown,Unknown,Unknown,Included,Unknown,Unknown,Unknown,,,,2026-07-28T11:11:35+00:00,success,0
TK,ATH,SIN,ATH,GR,SIN,SG,2027-04-08,2027-04-11,Summer,Business,1,Bus-2,BUSINESS PRIME,Business Premium,+170.33 USD,3842.44,USD,Ubfly,BL,Priority Check-In,Included,Included,Included,Unknown,Included,Included,Included,Unknown,Unknown,Unknown,Unknown,Paid,Included,Unknown,Unknown,Unknown,Yes,,30.0,2026-07-28T11:11:35+00:00,success,0
TK,ATH,SIN,ATH,GR,SIN,SG,2027-03-30,2027-04-02,Winter,Economy,0,Eco-1,ECOFLY,Economy Basic,0.00 USD,784.16,USD,Ubfly,CL,Online Message Verification,Included,Included,Unknown,Included,Unknown,Unknown,Unknown,Not Included,Unknown,Unknown,Unknown,Unknown,Unknown,Unknown,Unknown,Unknown,,,,2026-07-28T11:11:35+00:00,success,0
TK,ATH,SIN,ATH,GR,SIN,SG,2027-03-30,2027-04-02,Winter,Economy,1,Eco-2,EXTRAFLY,Economy Standard,+47.01 USD,831.17,USD,Ubfly,LG,Online Message Verification,Included,Included,Unknown,Included,Unknown,Unknown,Unknown,Unknown,Unknown,Unknown,Unknown,Unknown,Unknown,Unknown,Unknown,Unknown,,,,2026-07-28T11:11:35+00:00,success,0
TK,ATH,SIN,ATH,GR,SIN,SG,2027-03-30,2027-04-02,Winter,Economy,2,Eco-3,FLEXFLY,Economy Flex,+84.12 USD,868.28,USD,Ubfly,GN,Online Message Verification,Included,Included,Included,Included,Unknown,Unknown,Unknown,Unknown,Unknown,Unknown,Unknown,Unknown,Unknown,Unknown,Unknown,Unknown,Yes,,15.0,2026-07-28T11:11:35+00:00,success,0
TK,ATH,SIN,ATH,GR,SIN,SG,2027-03-30,2027-04-02,Winter,Economy,3,Eco-4,Flexible,Economy Flex,+154.79 USD,938.95,USD,Ubfly,FL,Online Message Verification,Included,Included,Included,Included,Unknown,Unknown,Included,Unknown,Unknown,Unknown,Unknown,Paid,Unknown,Unknown,Unknown,Unknown,Yes,,30.0,2026-07-28T11:11:35+00:00,success,0
TK,ATH,SIN,ATH,GR,SIN,SG,2027-03-30,2027-04-02,Winter,Business,0,Bus-1,BUSINESS FLY,Business — BUSINESS FLY,0.00 USD,3672.11,USD,Ubfly,BF,Priority Check-In,Included,Included,Included,Unknown,Included,Included,Included,Unknown,Unknown,Unknown,Unknown,Unknown,Included,Unknown,Unknown,Unknown,,,,2026-07-28T11:11:35+00:00,success,0
TK,ATH,SIN,ATH,GR,SIN,SG,2027-03-30,2027-04-02,Winter,Business,1,Bus-2,BUSINESS PRIME,Business Premium,+170.33 USD,3842.44,USD,Ubfly,BL,Priority Check-In,Included,Included,Included,Unknown,Included,Included,Included,Unknown,Unknown,Unknown,Unknown,Paid,Included,Unknown,Unknown,Unknown,Yes,,30.0,2026-07-28T11:11:35+00:00,success,0
EY,ATH,SIN,ATH,GR,SIN,SG,2027-04-08,2027-04-11,Summer,Economy,0,Eco-1,YBASIC,Economy Basic,0.00 USD,367.36,USD,Ubfly,YBASIC,,Included,Not Included,Unknown,Included,Unknown,Unknown,Unknown,Unknown,Unknown,Unknown,Unknown,Unknown,Unknown,Unknown,Unknown,Unknown,Yes,,5.0,2026-07-28T11:11:35+00:00,success,0
EY,ATH,SIN,ATH,GR,SIN,SG,2027-04-08,2027-04-11,Summer,Economy,1,Eco-2,YVALUE,Economy Basic,+24.98 USD,392.34,USD,Ubfly,YVALUE,,Included,Included,Unknown,Included,Unknown,Unknown,Unknown,Unknown,Unknown,Unknown,Unknown,Unknown,Unknown,Unknown,Unknown,Unknown,Yes,,35.0,2026-07-28T11:11:35+00:00,success,0
EY,ATH,SIN,ATH,GR,SIN,SG,2027-04-08,2027-04-11,Summer,Economy,2,Eco-3,YCOMFORT,Economy Comfort,+61.33 USD,428.69,USD,Ubfly,YCOMFORT,,Included,Included,Included,Included,Unknown,Unknown,Unknown,Unknown,Unknown,Unknown,Unknown,Unknown,Unknown,Unknown,Unknown,Unknown,Yes,,75.0,2026-07-28T11:11:35+00:00,success,0
EY,ATH,SIN,ATH,GR,SIN,SG,2027-04-08,2027-04-11,Summer,Economy,3,Eco-4,YDELUXE,Economy — YDELUXE,+128.31 USD,495.67,USD,Ubfly,YDELUXE,Change with Penalty; Uninterrupted return (up to the last 12 hours); Priority Access,Included,Included,Included,Included,Unknown,Unknown,Unknown,Unknown,Unknown,Unknown,Unknown,Unknown,Unknown,Unknown,Unknown,Unknown,Yes,,,2026-07-28T11:11:35+00:00,success,0
EY,ATH,SIN,ATH,GR,SIN,SG,2027-04-08,2027-04-11,Summer,Business,0,Bus-1,JVALUE,Business Basic,0.00 USD,2771.42,USD,Ubfly,JVALUE,Priority Access,Included,Included,Unknown,Included,Unknown,Unknown,Unknown,Unknown,Unknown,Unknown,Unknown,Unknown,Unknown,Unknown,Unknown,Unknown,Yes,,100.0,2026-07-28T11:11:35+00:00,success,0
EY,ATH,SIN,ATH,GR,SIN,SG,2027-04-08,2027-04-11,Summer,Business,1,Bus-2,JCOMFORT,Business Comfort,+148.76 USD,2920.18,USD,Ubfly,JCOMFORT,Priority Access; ETIHAD UAE CHAUFFEUR(F),Included,Included,Included,Included,Included,Unknown,Unknown,Unknown,Unknown,Unknown,Unknown,Unknown,Unknown,Unknown,Unknown,Unknown,Yes,,,2026-07-28T11:11:35+00:00,success,0
EY,ATH,SIN,ATH,GR,SIN,SG,2027-04-08,2027-04-11,Summer,Business,2,Bus-3,JDELUXE,Business — JDELUXE,+391.74 USD,3163.16,USD,Ubfly,JDELUXE,Change with Penalty; Uninterrupted return (up to the last 12 hours); Priority Access; ETIHAD UAE CHAUFFEUR(F); ETIHAD GLOBAL CHAUFFEUR(F),Included,Included,Included,Included,Included,Unknown,Unknown,Unknown,Unknown,Unknown,Unknown,Unknown,Unknown,Unknown,Unknown,Unknown,Yes,,,2026-07-28T11:11:35+00:00,success,0
EY,ATH,SIN,ATH,GR,SIN,SG,2027-03-29,2027-04-01,Winter,Economy,0,Eco-1,YBASIC,Economy Basic,0.00 USD,501.12,USD,Ubfly,YBASIC,,Included,Not Included,Unknown,Included,Unknown,Unknown,Unknown,Unknown,Unknown,Unknown,Unknown,Unknown,Unknown,Unknown,Unknown,Unknown,Yes,,5.0,2026-07-28T11:11:35+00:00,success,0
EY,ATH,SIN,ATH,GR,SIN,SG,2027-03-29,2027-04-01,Winter,Economy,1,Eco-2,YVALUE,Economy Basic,+31.80 USD,532.92,USD,Ubfly,YVALUE,,Included,Included,Unknown,Included,Unknown,Unknown,Unknown,Unknown,Unknown,Unknown,Unknown,Unknown,Unknown,Unknown,Unknown,Unknown,Yes,,35.0,2026-07-28T11:11:35+00:00,success,0
EY,ATH,SIN,ATH,GR,SIN,SG,2027-03-29,2027-04-01,Winter,Economy,2,Eco-3,YCOMFORT,Economy Comfort,+109.02 USD,610.14,USD,Ubfly,YCOMFORT,,Included,Included,Included,Included,Unknown,Unknown,Unknown,Unknown,Unknown,Unknown,Unknown,Unknown,Unknown,Unknown,Unknown,Unknown,Yes,,75.0,2026-07-28T11:11:35+00:00,success,0
EY,ATH,SIN,ATH,GR,SIN,SG,2027-03-29,2027-04-01,Winter,Economy,3,Eco-4,YDELUXE,Economy — YDELUXE,+189.63 USD,690.75,USD,Ubfly,YDELUXE,Change with Penalty; Uninterrupted return (up to the last 12 hours); Priority Access,Included,Included,Included,Included,Unknown,Unknown,Unknown,Unknown,Unknown,Unknown,Unknown,Unknown,Unknown,Unknown,Unknown,Unknown,Yes,,,2026-07-28T11:11:35+00:00,success,0
EY,ATH,SIN,ATH,GR,SIN,SG,2027-03-29,2027-04-01,Winter,Business,0,Bus-1,JVALUE,Business Basic,0.00 USD,2259.32,USD,Ubfly,JVALUE,Priority Access,Included,Included,Unknown,Included,Unknown,Unknown,Unknown,Unknown,Unknown,Unknown,Unknown,Unknown,Unknown,Unknown,Unknown,Unknown,Yes,,100.0,2026-07-28T11:11:35+00:00,success,0
EY,ATH,SIN,ATH,GR,SIN,SG,2027-03-29,2027-04-01,Winter,Business,1,Bus-2,JCOMFORT,Business Comfort,+148.76 USD,2408.08,USD,Ubfly,JCOMFORT,Priority Access; ETIHAD UAE CHAUFFEUR(F),Included,Included,Included,Included,Included,Unknown,Unknown,Unknown,Unknown,Unknown,Unknown,Unknown,Unknown,Unknown,Unknown,Unknown,Yes,,,2026-07-28T11:11:35+00:00,success,0
EY,ATH,SIN,ATH,GR,SIN,SG,2027-03-29,2027-04-01,Winter,Business,2,Bus-3,JDELUXE,Business — JDELUXE,+391.74 USD,2651.06,USD,Ubfly,JDELUXE,Change with Penalty; Uninterrupted return (up to the last 12 hours); Priority Access; ETIHAD UAE CHAUFFEUR(F); ETIHAD GLOBAL CHAUFFEUR(F),Included,Included,Included,Included,Included,Unknown,Unknown,Unknown,Unknown,Unknown,Unknown,Unknown,Unknown,Unknown,Unknown,Unknown,Yes,,,2026-07-28T11:11:35+00:00,success,0
SQ,FCO,SIN,ROM,IT,SIN,SG,2026-10-11,2026-10-14,Summer,Economy,0,Eco-1,Basic,Economy Basic,0.00 USD,1813.83,USD,Ubfly,YCLFLEXI,,Included,Included,Unknown,Unknown,Unknown,Unknown,Unknown,Unknown,Unknown,Unknown,Unknown,Unknown,Unknown,Unknown,Unknown,Unknown,,,,2026-07-28T11:11:35+00:00,partial,0
SQ,FCO,SIN,ROM,IT,SIN,SG,2026-11-29,2026-12-02,Winter,Economy,0,Eco-1,Basic,Economy Basic,0.00 USD,825.94,USD,Ubfly,YCLVALUE,,Included,Included,Unknown,Unknown,Unknown,Unknown,Unknown,Unknown,Unknown,Unknown,Unknown,Unknown,Unknown,Unknown,Unknown,Unknown,,,,2026-07-28T11:11:35+00:00,partial,0
EK,FCO,SIN,ROM,IT,SIN,SG,2026-10-11,2026-10-14,Summer,Economy,0,Eco-1,ECOFLEX,Economy Flex,0.00 USD,803.08,USD,Ubfly,ECOFLEX,Soft drink; In-flight entertainment,Included,Included,Unknown,Included,Unknown,Unknown,Unknown,Unknown,Unknown,Unknown,Unknown,Unknown,Unknown,Unknown,Unknown,Unknown,Yes,,70.0,2026-07-28T11:11:35+00:00,success,0
EK,FCO,SIN,ROM,IT,SIN,SG,2026-10-11,2026-10-14,Summer,Economy,1,Eco-2,ECOFLXPLUS,Economy Comfort,+364.49 USD,1167.57,USD,Ubfly,ECOFLXPLUS,Soft drink; In-flight entertainment; Uninterrupted return (up to the last 12 hours); Change with Penalty,Included,Included,Unknown,Included,Unknown,Unknown,Unknown,Unknown,Unknown,Unknown,Unknown,Unknown,Unknown,Unknown,Unknown,Unknown,Yes,,100.0,2026-07-28T11:11:35+00:00,success,0
EK,FCO,SIN,ROM,IT,SIN,SG,2026-10-11,2026-10-14,Summer,Economy,2,Eco-3,PYFLXPLUS,Economy Comfort,+932.24 USD,1735.32,USD,Ubfly,PYFLXPLUS,Soft drink; In-flight entertainment; Uninterrupted return (up to the last 12 hours); Change with Penalty,Included,Included,Included,Included,Unknown,Unknown,Unknown,Unknown,Unknown,Unknown,Unknown,Unknown,Unknown,Unknown,Unknown,Unknown,Yes,,,2026-07-28T11:11:35+00:00,success,0
EK,FCO,SIN,ROM,IT,SIN,SG,2026-10-11,2026-10-14,Summer,Business,0,Bus-1,BSFLEX,Business Flex,0.00 USD,4096.05,USD,Ubfly,BSFLEX,Soft drink; Internet Access; Premium check-in; In-flight entertainment; Chauffeur Drive,Included,Included,Included,Included,Included,Included,Included,Unknown,Unknown,Unknown,Unknown,Unknown,Unknown,Unknown,Unknown,Unknown,Yes,,175.0,2026-07-28T11:11:35+00:00,success,0
EK,FCO,SIN,ROM,IT,SIN,SG,2026-10-11,2026-10-14,Summer,Business,1,Bus-2,BSFLXPLUS,Business Comfort,+897.05 USD,4993.1,USD,Ubfly,BSFLXPLUS,Premium check-in; Soft drink; In-flight entertainment; Chauffeur Drive; Internet Access; Uninterrupted return (up to the last 12 hours); Change with Penalty,Included,Included,Included,Included,Included,Included,Included,Unknown,Unknown,Unknown,Unknown,Unknown,Unknown,Unknown,Unknown,Unknown,Yes,,190.0,2026-07-28T11:11:35+00:00,success,0
EK,FCO,SIN,ROM,IT,SIN,SG,2026-11-28,2026-12-01,Winter,Economy,0,Eco-1,ECOFLEX,Economy Flex,0.00 USD,741.76,USD,Ubfly,ECOFLEX,Soft drink; In-flight entertainment,Included,Included,Unknown,Included,Unknown,Unknown,Unknown,Unknown,Unknown,Unknown,Unknown,Unknown,Unknown,Unknown,Unknown,Unknown,Yes,,70.0,2026-07-28T11:11:35+00:00,success,0
EK,FCO,SIN,ROM,IT,SIN,SG,2026-11-28,2026-12-01,Winter,Economy,1,Eco-2,ECOFLXPLUS,Economy Comfort,+454.20 USD,1195.96,USD,Ubfly,ECOFLXPLUS,Soft drink; In-flight entertainment; Uninterrupted return (up to the last 12 hours); Change with Penalty,Included,Included,Unknown,Included,Unknown,Unknown,Unknown,Unknown,Unknown,Unknown,Unknown,Unknown,Unknown,Unknown,Unknown,Unknown,Yes,,100.0,2026-07-28T11:11:35+00:00,success,0
EK,FCO,SIN,ROM,IT,SIN,SG,2026-11-28,2026-12-01,Winter,Economy,2,Eco-3,PYFLXPLUS,Economy Comfort,"+1,021.95 USD",1763.71,USD,Ubfly,PYFLXPLUS,Soft drink; In-flight entertainment; Uninterrupted return (up to the last 12 hours); Change with Penalty,Included,Included,Included,Included,Unknown,Unknown,Unknown,Unknown,Unknown,Unknown,Unknown,Unknown,Unknown,Unknown,Unknown,Unknown,Yes,,,2026-07-28T11:11:35+00:00,success,0
EK,FCO,SIN,ROM,IT,SIN,SG,2026-11-28,2026-12-01,Winter,Business,0,Bus-1,BSFLEX,Business Flex,0.00 USD,4108.5,USD,Ubfly,BSFLEX,Soft drink; Premium check-in; In-flight entertainment; Chauffeur Drive; Internet Access,Included,Included,Included,Included,Included,Included,Included,Unknown,Unknown,Unknown,Unknown,Unknown,Unknown,Unknown,Unknown,Unknown,Yes,,175.0,2026-07-28T11:11:35+00:00,success,0
EK,FCO,SIN,ROM,IT,SIN,SG,2026-11-28,2026-12-01,Winter,Business,1,Bus-2,BSFLXPLUS,Business Comfort,+897.05 USD,5005.55,USD,Ubfly,BSFLXPLUS,Premium check-in; Soft drink; In-flight entertainment; Chauffeur Drive; Internet Access; Uninterrupted return (up to the last 12 hours); Change with Penalty,Included,Included,Included,Included,Included,Included,Included,Unknown,Unknown,Unknown,Unknown,Unknown,Unknown,Unknown,Unknown,Unknown,Yes,,190.0,2026-07-28T11:11:35+00:00,success,0
EY,FCO,SIN,ROM,IT,SIN,SG,2026-10-11,2026-10-14,Summer,Economy,0,Eco-1,YBASIC,Economy Basic,0.00 USD,585.82,USD,Ubfly,YBASIC,,Included,Not Included,Unknown,Included,Unknown,Unknown,Unknown,Unknown,Unknown,Unknown,Unknown,Unknown,Unknown,Unknown,Unknown,Unknown,Yes,,5.0,2026-07-28T11:11:35+00:00,success,0
EY,FCO,SIN,ROM,IT,SIN,SG,2026-10-11,2026-10-14,Summer,Economy,1,Eco-2,YVALUE,Economy Basic,+24.98 USD,610.8,USD,Ubfly,YVALUE,,Included,Included,Unknown,Included,Unknown,Unknown,Unknown,Unknown,Unknown,Unknown,Unknown,Unknown,Unknown,Unknown,Unknown,Unknown,Yes,,35.0,2026-07-28T11:11:35+00:00,success,0
EY,FCO,SIN,ROM,IT,SIN,SG,2026-10-11,2026-10-14,Summer,Economy,2,Eco-3,YCOMFORT,Economy Comfort,+64.73 USD,650.55,USD,Ubfly,YCOMFORT,,Included,Included,Included,Included,Unknown,Unknown,Unknown,Unknown,Unknown,Unknown,Unknown,Unknown,Unknown,Unknown,Unknown,Unknown,Yes,,75.0,2026-07-28T11:11:35+00:00,success,0
EY,FCO,SIN,ROM,IT,SIN,SG,2026-10-11,2026-10-14,Summer,Economy,3,Eco-4,YDELUXE,Economy — YDELUXE,+140.81 USD,726.63,USD,Ubfly,YDELUXE,Change with Penalty; Uninterrupted return (up to the last 12 hours); Priority Access,Included,Included,Included,Included,Unknown,Unknown,Unknown,Unknown,Unknown,Unknown,Unknown,Unknown,Unknown,Unknown,Unknown,Unknown,Yes,,,2026-07-28T11:11:35+00:00,success,0
EY,FCO,SIN,ROM,IT,SIN,SG,2026-10-11,2026-10-14,Summer,Business,0,Bus-1,JVALUE,Business Basic,0.00 USD,4043.04,USD,Ubfly,JVALUE,Priority Access,Included,Included,Unknown,Included,Unknown,Unknown,Unknown,Unknown,Unknown,Unknown,Unknown,Unknown,Unknown,Unknown,Unknown,Unknown,Yes,,100.0,2026-07-28T11:11:35+00:00,success,0
EY,FCO,SIN,ROM,IT,SIN,SG,2026-10-11,2026-10-14,Summer,Business,1,Bus-2,JCOMFORT,Business Comfort,+160.11 USD,4203.15,USD,Ubfly,JCOMFORT,Priority Access; ETIHAD UAE CHAUFFEUR(F),Included,Included,Included,Included,Included,Unknown,Unknown,Unknown,Unknown,Unknown,Unknown,Unknown,Unknown,Unknown,Unknown,Unknown,Yes,,,2026-07-28T11:11:35+00:00,success,0
EY,FCO,SIN,ROM,IT,SIN,SG,2026-10-11,2026-10-14,Summer,Business,2,Bus-3,JDELUXE,Business — JDELUXE,+441.71 USD,4484.75,USD,Ubfly,JDELUXE,Change with Penalty; Uninterrupted return (up to the last 12 hours); Priority Access; ETIHAD UAE CHAUFFEUR(F); ETIHAD GLOBAL CHAUFFEUR(F),Included,Included,Included,Included,Included,Unknown,Unknown,Unknown,Unknown,Unknown,Unknown,Unknown,Unknown,Unknown,Unknown,Unknown,Yes,,,2026-07-28T11:11:35+00:00,success,0
EY,FCO,SIN,ROM,IT,SIN,SG,2026-11-28,2026-12-01,Winter,Economy,0,Eco-1,YBASIC,Economy Basic,0.00 USD,563.11,USD,Ubfly,YBASIC,,Included,Not Included,Unknown,Included,Unknown,Unknown,Unknown,Unknown,Unknown,Unknown,Unknown,Unknown,Unknown,Unknown,Unknown,Unknown,Yes,,5.0,2026-07-28T11:11:35+00:00,success,0
EY,FCO,SIN,ROM,IT,SIN,SG,2026-11-28,2026-12-01,Winter,Economy,1,Eco-2,YVALUE,Economy Basic,+25.00 USD,588.11,USD,Ubfly,YVALUE,,Included,Included,Unknown,Included,Unknown,Unknown,Unknown,Unknown,Unknown,Unknown,Unknown,Unknown,Unknown,Unknown,Unknown,Unknown,Yes,,35.0,2026-07-28T11:11:35+00:00,success,0
EY,FCO,SIN,ROM,IT,SIN,SG,2026-11-28,2026-12-01,Winter,Economy,2,Eco-3,YCOMFORT,Economy Comfort,+64.73 USD,627.84,USD,Ubfly,YCOMFORT,,Included,Included,Included,Included,Unknown,Unknown,Unknown,Unknown,Unknown,Unknown,Unknown,Unknown,Unknown,Unknown,Unknown,Unknown,Yes,,75.0,2026-07-28T11:11:35+00:00,success,0
EY,FCO,SIN,ROM,IT,SIN,SG,2026-11-28,2026-12-01,Winter,Economy,3,Eco-4,YDELUXE,Economy — YDELUXE,+140.81 USD,703.92,USD,Ubfly,YDELUXE,Priority Access; Change with Penalty; Uninterrupted return (up to the last 12 hours),Included,Included,Included,Included,Unknown,Unknown,Unknown,Unknown,Unknown,Unknown,Unknown,Unknown,Unknown,Unknown,Unknown,Unknown,Yes,,,2026-07-28T11:11:35+00:00,success,0
EY,FCO,SIN,ROM,IT,SIN,SG,2026-11-28,2026-12-01,Winter,Business,0,Bus-1,JVALUE,Business Basic,0.00 USD,2082.25,USD,Ubfly,JVALUE,Priority Access,Included,Included,Unknown,Included,Unknown,Unknown,Unknown,Unknown,Unknown,Unknown,Unknown,Unknown,Unknown,Unknown,Unknown,Unknown,Yes,,100.0,2026-07-28T11:11:35+00:00,success,0
EY,FCO,SIN,ROM,IT,SIN,SG,2026-11-28,2026-12-01,Winter,Business,1,Bus-2,JCOMFORT,Business Comfort,+124.90 USD,2207.15,USD,Ubfly,JCOMFORT,Priority Access; ETIHAD UAE CHAUFFEUR(F),Included,Included,Included,Included,Included,Unknown,Unknown,Unknown,Unknown,Unknown,Unknown,Unknown,Unknown,Unknown,Unknown,Unknown,Yes,,,2026-07-28T11:11:35+00:00,success,0
EY,FCO,SIN,ROM,IT,SIN,SG,2026-11-28,2026-12-01,Winter,Business,2,Bus-3,JDELUXE,Business — JDELUXE,+405.38 USD,2487.63,USD,Ubfly,JDELUXE,Change with Penalty; Uninterrupted return (up to the last 12 hours); Priority Access; ETIHAD UAE CHAUFFEUR(F); ETIHAD GLOBAL CHAUFFEUR(F),Included,Included,Included,Included,Included,Unknown,Unknown,Unknown,Unknown,Unknown,Unknown,Unknown,Unknown,Unknown,Unknown,Unknown,Yes,,,2026-07-28T11:11:35+00:00,success,0
QR,FCO,SIN,ROM,IT,SIN,SG,2026-10-11,2026-10-14,Summer,Economy,0,Eco-1,ECONOMY CONVENIENCE,Economy — ECONOMY CONVENIENCE,0.00 USD,961.76,USD,Ubfly,ECONVENIEN,,Included,Included,Included,Included,Unknown,Unknown,Unknown,Unknown,Unknown,Unknown,Unknown,Unknown,Unknown,Unknown,Unknown,Unknown,Yes,,75.0,2026-07-28T11:11:35+00:00,success,0
QR,FCO,SIN,ROM,IT,SIN,SG,2026-10-11,2026-10-14,Summer,Economy,1,Eco-2,ECONOMY COMFORT,Economy Comfort,+312.25 USD,1274.01,USD,Ubfly,ECOMFORT,Uninterrupted return (up to the last 12 hours); Change with Penalty,Included,Included,Included,Included,Unknown,Unknown,Unknown,Unknown,Unknown,Unknown,Unknown,Unknown,Unknown,Unknown,Unknown,Unknown,Yes,,100.0,2026-07-28T11:11:35+00:00,success,0
QR,FCO,SIN,ROM,IT,SIN,SG,2026-10-11,2026-10-14,Summer,Business,0,Bus-1,BUSINESS COMFORT,Business Comfort,0.00 USD,3176.16,USD,Ubfly,BCOMFORT,175 PCT QMILES ACCUMULATION(F),Included,Included,Included,Included,Included,Unknown,Unknown,Unknown,Unknown,Unknown,Unknown,Unknown,Unknown,Unknown,Unknown,Unknown,,,,2026-07-28T11:11:35+00:00,success,0
QR,FCO,SIN,ROM,IT,SIN,SG,2026-10-11,2026-10-14,Summer,Business,1,Bus-2,BUSINESS ELITE,Business Lite,+708.55 USD,3884.71,USD,Ubfly,BELITE,200 PCT QMILES ACCUMULATION(F); Uninterrupted return (up to the last 12 hours); Change with Penalty,Included,Included,Included,Included,Included,Unknown,Unknown,Unknown,Unknown,Unknown,Unknown,Unknown,Unknown,Unknown,Unknown,Unknown,,,,2026-07-28T11:11:35+00:00,success,0
QR,FCO,SIN,ROM,IT,SIN,SG,2026-11-28,2026-12-01,Winter,Economy,0,Eco-1,ECONOMY CLASSIC,Economy Standard,0.00 USD,783.48,USD,Ubfly,ECLASSIC,,Included,Included,Unknown,Included,Unknown,Unknown,Unknown,Unknown,Unknown,Unknown,Unknown,Unknown,Unknown,Unknown,Unknown,Unknown,Yes,,50.0,2026-07-28T11:11:35+00:00,success,0
QR,FCO,SIN,ROM,IT,SIN,SG,2026-11-28,2026-12-01,Winter,Economy,1,Eco-2,ECONOMY CONVENIENCE,Economy — ECONOMY CONVENIENCE,+53.38 USD,836.86,USD,Ubfly,ECONVENIEN,,Included,Included,Included,Included,Unknown,Unknown,Unknown,Unknown,Unknown,Unknown,Unknown,Unknown,Unknown,Unknown,Unknown,Unknown,Yes,,75.0,2026-07-28T11:11:35+00:00,success,0
QR,FCO,SIN,ROM,IT,SIN,SG,2026-11-28,2026-12-01,Winter,Economy,2,Eco-3,ECONOMY COMFORT,Economy Comfort,+490.53 USD,1274.01,USD,Ubfly,ECOMFORT,Uninterrupted return (up to the last 12 hours); Change with Penalty,Included,Included,Included,Included,Unknown,Unknown,Unknown,Unknown,Unknown,Unknown,Unknown,Unknown,Unknown,Unknown,Unknown,Unknown,Yes,,100.0,2026-07-28T11:11:35+00:00,success,0
QR,FCO,SIN,ROM,IT,SIN,SG,2026-11-28,2026-12-01,Winter,Business,0,Bus-1,BUSINESS COMFORT,Business Comfort,0.00 USD,3176.16,USD,Ubfly,BCOMFORT,175 PCT QMILES ACCUMULATION(F),Included,Included,Included,Included,Included,Unknown,Unknown,Unknown,Unknown,Unknown,Unknown,Unknown,Unknown,Unknown,Unknown,Unknown,,,,2026-07-28T11:11:35+00:00,success,0
QR,FCO,SIN,ROM,IT,SIN,SG,2026-11-28,2026-12-01,Winter,Business,1,Bus-2,BUSINESS ELITE,Business Lite,+708.55 USD,3884.71,USD,Ubfly,BELITE,200 PCT QMILES ACCUMULATION(F); Uninterrupted return (up to the last 12 hours); Change with Penalty,Included,Included,Included,Included,Included,Unknown,Unknown,Unknown,Unknown,Unknown,Unknown,Unknown,Unknown,Unknown,Unknown,Unknown,,,,2026-07-28T11:11:35+00:00,success,0
TK,SJJ,KUL,SJJ,BA,KUL,MY,2026-09-08,2026-09-11,Summer,Economy,0,Eco-1,ECOFLY,Economy Basic,0.00 USD,1672.76,USD,Ubfly,CL,Online Message Verification,Included,Included,Unknown,Included,Unknown,Unknown,Unknown,Not Included,Unknown,Unknown,Unknown,Unknown,Unknown,Unknown,Unknown,Unknown,,,,2026-07-28T11:11:35+00:00,success,0
TK,SJJ,KUL,SJJ,BA,KUL,MY,2026-09-08,2026-09-11,Summer,Economy,1,Eco-2,EXTRAFLY,Economy Standard,+24.30 USD,1697.06,USD,Ubfly,LG,Online Message Verification,Included,Included,Unknown,Included,Unknown,Unknown,Unknown,Unknown,Unknown,Unknown,Unknown,Unknown,Unknown,Unknown,Unknown,Unknown,,,,2026-07-28T11:11:35+00:00,success,0
TK,SJJ,KUL,SJJ,BA,KUL,MY,2026-09-08,2026-09-11,Summer,Economy,2,Eco-3,FLEXFLY,Economy Flex,+61.43 USD,1734.19,USD,Ubfly,GN,Online Message Verification,Included,Included,Included,Included,Unknown,Unknown,Unknown,Unknown,Unknown,Unknown,Unknown,Unknown,Unknown,Unknown,Unknown,Unknown,Yes,,15.0,2026-07-28T11:11:35+00:00,success,0
TK,SJJ,KUL,SJJ,BA,KUL,MY,2026-09-08,2026-09-11,Summer,Economy,3,Eco-4,Flexible,Economy Flex,+120.72 USD,1793.48,USD,Ubfly,FL,Online Message Verification,Included,Included,Included,Included,Unknown,Unknown,Included,Unknown,Unknown,Unknown,Unknown,Paid,Unknown,Unknown,Unknown,Unknown,Yes,,30.0,2026-07-28T11:11:35+00:00,success,0
TK,SJJ,KUL,SJJ,BA,KUL,MY,2026-09-08,2026-09-11,Summer,Business,0,Bus-1,BUSINESS FLY,Business — BUSINESS FLY,0.00 USD,7991.37,USD,Ubfly,BF,Priority Check-In,Included,Included,Included,Unknown,Included,Included,Included,Unknown,Unknown,Unknown,Unknown,Unknown,Included,Unknown,Unknown,Unknown,,,,2026-07-28T11:11:35+00:00,success,0
TK,SJJ,KUL,SJJ,BA,KUL,MY,2026-09-08,2026-09-11,Summer,Business,1,Bus-2,BUSINESS PRIME,Business Premium,+113.55 USD,8104.92,USD,Ubfly,BL,Priority Check-In,Included,Included,Included,Unknown,Included,Included,Included,Unknown,Unknown,Unknown,Unknown,Paid,Included,Unknown,Unknown,Unknown,Yes,,30.0,2026-07-28T11:11:35+00:00,success,0
TK,SJJ,KUL,SJJ,BA,KUL,MY,2027-01-15,2027-01-18,Winter,Economy,0,Eco-1,ECOFLY,Economy Basic,0.00 USD,1115.37,USD,Ubfly,CL,Online Message Verification,Included,Included,Unknown,Included,Unknown,Unknown,Unknown,Not Included,Unknown,Unknown,Unknown,Unknown,Unknown,Unknown,Unknown,Unknown,,,,2026-07-28T11:11:35+00:00,success,0
TK,SJJ,KUL,SJJ,BA,KUL,MY,2027-01-15,2027-01-18,Winter,Economy,1,Eco-2,EXTRAFLY,Economy Standard,+24.30 USD,1139.67,USD,Ubfly,LG,Online Message Verification,Included,Included,Unknown,Included,Unknown,Unknown,Unknown,Unknown,Unknown,Unknown,Unknown,Unknown,Unknown,Unknown,Unknown,Unknown,,,,2026-07-28T11:11:35+00:00,success,0
TK,SJJ,KUL,SJJ,BA,KUL,MY,2027-01-15,2027-01-18,Winter,Economy,2,Eco-3,FLEXFLY,Economy Flex,+61.43 USD,1176.8,USD,Ubfly,GN,Online Message Verification,Included,Included,Included,Included,Unknown,Unknown,Unknown,Unknown,Unknown,Unknown,Unknown,Unknown,Unknown,Unknown,Unknown,Unknown,Yes,,15.0,2026-07-28T11:11:35+00:00,success,0
TK,SJJ,KUL,SJJ,BA,KUL,MY,2027-01-15,2027-01-18,Winter,Economy,3,Eco-4,Flexible,Economy Flex,+120.72 USD,1236.09,USD,Ubfly,FL,Online Message Verification,Included,Included,Included,Included,Unknown,Unknown,Included,Unknown,Unknown,Unknown,Unknown,Paid,Unknown,Unknown,Unknown,Unknown,Yes,,30.0,2026-07-28T11:11:35+00:00,success,0
TK,SJJ,KUL,SJJ,BA,KUL,MY,2027-01-15,2027-01-18,Winter,Business,0,Bus-1,BUSINESS FLY,Business — BUSINESS FLY,0.00 USD,4071.01,USD,Ubfly,BF,Priority Check-In,Included,Included,Included,Unknown,Included,Included,Included,Unknown,Unknown,Unknown,Unknown,Unknown,Included,Unknown,Unknown,Unknown,,,,2026-07-28T11:11:35+00:00,success,0
TK,SJJ,KUL,SJJ,BA,KUL,MY,2027-01-15,2027-01-18,Winter,Business,1,Bus-2,BUSINESS PRIME,Business Premium,+113.55 USD,4184.56,USD,Ubfly,BL,Priority Check-In,Included,Included,Included,Unknown,Included,Included,Included,Unknown,Unknown,Unknown,Unknown,Paid,Included,Unknown,Unknown,Unknown,Yes,,30.0,2026-07-28T11:11:35+00:00,success,0
