Carrier,Origin,Destination,Origin City Code,Origin Country Code,Dest City Code,Dest Country Code,Departure Date,Return Date,Season,Cabin,Brand Order,Tier Code,Raw Brand Name,Normalized Brand Name,Display Price,Calculated Absolute Price,Currency,Source,Fare Family Code,Brand Description,Cabin Baggage,Checked Baggage,Seat Selection,Meal,Lounge,Priority Boarding,Fast Track,Refund,Change,No-Show Refund,No-Show Change,Same Day Earlier Flight,WiFi,Extra Baggage,Sports Equipment,Pet,Mileage Available,Miles Earned,Bonus Percent,Scrape Timestamp,Status,Retry Count
UA,HKG,YYZ,HKG,HK,YTO,CA,2027-05-19,2027-05-22,Summer,Economy,0,Eco-1,Economy,Economy — Economy,0.00 USD,1602.79,USD,Ubfly,ECONOMY,1 personal item,Included,Included,Included,Unknown,Unknown,Unknown,Unknown,Unknown,Unknown,Unknown,Unknown,Unknown,Unknown,Included,Unknown,Unknown,Yes,,,2026-07-28T16:42:23+00:00,success,0
UA,HKG,YYZ,HKG,HK,YTO,CA,2027-05-19,2027-05-22,Summer,Economy,1,Eco-2,Economy Partially Refundable,Economy — Economy Partially Refundable,+60.25 USD,1663.04,USD,Ubfly,ECOPARTREF,1 personal item,Included,Included,Included,Unknown,Unknown,Unknown,Unknown,Unknown,Unknown,Unknown,Unknown,Unknown,Unknown,Included,Unknown,Unknown,Yes,,,2026-07-28T16:42:23+00:00,success,0
UA,HKG,YYZ,HKG,HK,YTO,CA,2027-05-19,2027-05-22,Summer,Economy,2,Eco-3,Premium Economy,Economy Premium,"+1,216.29 USD",2819.08,USD,Ubfly,PREMECO,1 personal item,Included,Included,Included,Unknown,Unknown,Included,Unknown,Unknown,Unknown,Unknown,Unknown,Unknown,Unknown,Included,Unknown,Unknown,Yes,,,2026-07-28T16:42:23+00:00,success,0
UA,HKG,YYZ,HKG,HK,YTO,CA,2027-05-19,2027-05-22,Summer,Economy,3,Eco-4,Premium Economy Part Refundable,Economy Premium,"+1,292.69 USD",2895.48,USD,Ubfly,PREMECOPRF,1 personal item,Included,Included,Included,Unknown,Unknown,Included,Unknown,Unknown,Unknown,Unknown,Unknown,Unknown,Unknown,Included,Unknown,Unknown,Yes,,,2026-07-28T16:42:23+00:00,success,0
UA,HKG,YYZ,HKG,HK,YTO,CA,2027-05-19,2027-05-22,Summer,Economy,4,Eco-5,Economy Fully Refundable,Economy Premium,"+1,366.55 USD",2969.34,USD,Ubfly,ECOREF,Uninterrupted return (up to the last 12 hours); Change with Penalty; 1 personal item,Included,Included,Included,Unknown,Unknown,Unknown,Unknown,Unknown,Unknown,Unknown,Unknown,Unknown,Unknown,Included,Unknown,Unknown,Yes,,,2026-07-28T16:42:23+00:00,success,0
UA,HKG,YYZ,HKG,HK,YTO,CA,2027-05-19,2027-05-22,Summer,Economy,5,Eco-6,Premium Economy Refundable,Economy Premium,"+2,280.67 USD",3883.46,USD,Ubfly,PREMECOREF,Uninterrupted return (up to the last 12 hours); Change with Penalty; 1 personal item,Included,Included,Included,Unknown,Unknown,Included,Unknown,Unknown,Unknown,Unknown,Unknown,Unknown,Unknown,Included,Unknown,Unknown,Yes,,,2026-07-28T16:42:23+00:00,success,0
UA,HKG,YYZ,HKG,HK,YTO,CA,2027-05-19,2027-05-22,Summer,Business,0,Bus-1,Business Part Refundable,Business — Business Part Refundable,0.00 USD,7506.46,USD,Ubfly,BUSPARTREF,1 personal item,Included,Included,Included,Unknown,Included,Included,Unknown,Unknown,Unknown,Unknown,Unknown,Unknown,Unknown,Included,Unknown,Unknown,Yes,,,2026-07-28T16:42:23+00:00,success,0
UA,HKG,YYZ,HKG,HK,YTO,CA,2027-05-19,2027-05-22,Summer,Business,1,Bus-2,Business Refundable,Business — Business Refundable,+76.39 USD,7582.85,USD,Ubfly,BUSREF,Uninterrupted return (up to the last 12 hours); Change with Penalty; 1 personal item,Included,Included,Included,Unknown,Included,Included,Unknown,Unknown,Unknown,Unknown,Unknown,Unknown,Unknown,Included,Unknown,Unknown,Yes,,,2026-07-28T16:42:23+00:00,success,0
UA,HKG,YYZ,HKG,HK,YTO,CA,2027-01-26,2027-01-29,Winter,Economy,0,Eco-1,Economy,Economy — Economy,0.00 USD,1283.22,USD,Ubfly,ECONOMY,1 personal item,Included,Included,Included,Unknown,Unknown,Unknown,Unknown,Unknown,Unknown,Unknown,Unknown,Unknown,Unknown,Included,Unknown,Unknown,Yes,,,2026-07-28T16:42:23+00:00,success,0
UA,HKG,YYZ,HKG,HK,YTO,CA,2027-01-26,2027-01-29,Winter,Economy,1,Eco-2,Economy Partially Refundable,Economy — Economy Partially Refundable,+60.25 USD,1343.47,USD,Ubfly,ECOPARTREF,1 personal item,Included,Included,Included,Unknown,Unknown,Unknown,Unknown,Unknown,Unknown,Unknown,Unknown,Unknown,Unknown,Included,Unknown,Unknown,Yes,,,2026-07-28T16:42:23+00:00,success,0
UA,HKG,YYZ,HKG,HK,YTO,CA,2027-01-26,2027-01-29,Winter,Economy,2,Eco-3,Premium Economy,Economy Premium,"+1,535.86 USD",2819.08,USD,Ubfly,PREMECO,1 personal item,Included,Included,Included,Unknown,Unknown,Included,Unknown,Unknown,Unknown,Unknown,Unknown,Unknown,Unknown,Included,Unknown,Unknown,Yes,,,2026-07-28T16:42:23+00:00,success,0
UA,HKG,YYZ,HKG,HK,YTO,CA,2027-01-26,2027-01-29,Winter,Economy,3,Eco-4,Economy Fully Refundable,Economy Premium,"+1,686.12 USD",2969.34,USD,Ubfly,ECOREF,Uninterrupted return (up to the last 12 hours); Change with Penalty; 1 personal item,Included,Included,Included,Unknown,Unknown,Unknown,Unknown,Unknown,Unknown,Unknown,Unknown,Unknown,Unknown,Included,Unknown,Unknown,Yes,,,2026-07-28T16:42:23+00:00,success,0
UA,HKG,YYZ,HKG,HK,YTO,CA,2027-01-26,2027-01-29,Winter,Business,0,Bus-1,Business Part Refundable,Business — Business Part Refundable,0.00 USD,7506.46,USD,Ubfly,BUSPARTREF,1 personal item,Included,Included,Included,Unknown,Included,Included,Unknown,Unknown,Unknown,Unknown,Unknown,Unknown,Unknown,Included,Unknown,Unknown,Yes,,,2026-07-28T16:42:23+00:00,success,0
UA,HKG,YYZ,HKG,HK,YTO,CA,2027-01-26,2027-01-29,Winter,Business,1,Bus-2,Business Refundable,Business — Business Refundable,+76.39 USD,7582.85,USD,Ubfly,BUSREF,Uninterrupted return (up to the last 12 hours); Change with Penalty; 1 personal item,Included,Included,Included,Unknown,Included,Included,Unknown,Unknown,Unknown,Unknown,Unknown,Unknown,Unknown,Included,Unknown,Unknown,Yes,,,2026-07-28T16:42:23+00:00,success,0
UA,YYZ,HKG,YTO,CA,HKG,HK,2027-05-10,2027-05-13,Summer,Economy,0,Eco-1,Economy,Economy — Economy,0.00 USD,848.48,USD,Ubfly,ECONOMY,Change with Penalty; 1 personal item,Included,Included,Included,Unknown,Unknown,Unknown,Unknown,Unknown,Unknown,Unknown,Unknown,Unknown,Unknown,Included,Unknown,Unknown,Yes,,,2026-07-28T16:42:23+00:00,success,0
UA,YYZ,HKG,YTO,CA,HKG,HK,2027-05-10,2027-05-13,Summer,Economy,1,Eco-2,Premium Economy,Economy Premium,+836.35 USD,1684.83,USD,Ubfly,PREMECO,Change with Penalty; 1 personal item,Included,Included,Included,Unknown,Unknown,Included,Unknown,Unknown,Unknown,Unknown,Unknown,Unknown,Unknown,Included,Unknown,Unknown,Yes,,,2026-07-28T16:42:23+00:00,success,0
UA,YYZ,HKG,YTO,CA,HKG,HK,2027-05-10,2027-05-13,Summer,Economy,2,Eco-3,Economy Fully Refundable,Economy Premium,"+4,734.65 USD",5583.13,USD,Ubfly,ECOREF,Uninterrupted return (up to the last 12 hours); Change with Penalty; 1 personal item,Included,Included,Included,Unknown,Unknown,Unknown,Unknown,Unknown,Unknown,Unknown,Unknown,Unknown,Unknown,Included,Unknown,Unknown,Yes,,,2026-07-28T16:42:23+00:00,success,0
UA,YYZ,HKG,YTO,CA,HKG,HK,2027-05-10,2027-05-13,Summer,Economy,3,Eco-4,Premium Economy Refundable,Economy Premium,"+5,872.74 USD",6721.22,USD,Ubfly,PREMECOREF,Uninterrupted return (up to the last 12 hours); Change with Penalty; 1 personal item,Included,Included,Included,Unknown,Unknown,Included,Unknown,Unknown,Unknown,Unknown,Unknown,Unknown,Unknown,Included,Unknown,Unknown,Yes,,,2026-07-28T16:42:23+00:00,success,0
UA,YYZ,HKG,YTO,CA,HKG,HK,2027-01-30,2027-02-02,Winter,Economy,0,Eco-1,Economy,Economy — Economy,0.00 USD,919.34,USD,Ubfly,ECONOMY,Change with Penalty; 1 personal item,Included,Included,Included,Unknown,Unknown,Unknown,Unknown,Unknown,Unknown,Unknown,Unknown,Unknown,Unknown,Included,Unknown,Unknown,Yes,,,2026-07-28T16:42:23+00:00,success,0
UA,YYZ,HKG,YTO,CA,HKG,HK,2027-01-30,2027-02-02,Winter,Economy,1,Eco-2,Premium Economy,Economy Premium,+815.09 USD,1734.43,USD,Ubfly,PREMECO,Change with Penalty; 1 personal item,Included,Included,Included,Unknown,Unknown,Included,Unknown,Unknown,Unknown,Unknown,Unknown,Unknown,Unknown,Included,Unknown,Unknown,Yes,,,2026-07-28T16:42:23+00:00,success,0
UA,YYZ,HKG,YTO,CA,HKG,HK,2027-01-30,2027-02-02,Winter,Economy,2,Eco-3,Economy Fully Refundable,Economy Premium,"+4,663.78 USD",5583.12,USD,Ubfly,ECOREF,Uninterrupted return (up to the last 12 hours); Change with Penalty; 1 personal item,Included,Included,Included,Unknown,Unknown,Unknown,Unknown,Unknown,Unknown,Unknown,Unknown,Unknown,Unknown,Included,Unknown,Unknown,Yes,,,2026-07-28T16:42:23+00:00,success,0
UA,YYZ,HKG,YTO,CA,HKG,HK,2027-01-30,2027-02-02,Winter,Economy,3,Eco-4,Premium Economy Refundable,Economy Premium,"+5,801.88 USD",6721.22,USD,Ubfly,PREMECOREF,Uninterrupted return (up to the last 12 hours); Change with Penalty; 1 personal item,Included,Included,Included,Unknown,Unknown,Included,Unknown,Unknown,Unknown,Unknown,Unknown,Unknown,Unknown,Included,Unknown,Unknown,Yes,,,2026-07-28T16:42:23+00:00,success,0
BR,BKK,AMS,BKK,TH,AMS,NL,2027-05-04,2027-05-07,Summer,Economy,0,Eco-1,Basic,Economy Basic,0.00 USD,4112.97,USD,Ubfly,FULLFLEX,,Included,Included,Unknown,Unknown,Unknown,Unknown,Unknown,Unknown,Unknown,Unknown,Unknown,Unknown,Unknown,Unknown,Unknown,Unknown,,,,2026-07-28T16:42:23+00:00,partial,0
LH,DEL,YVR,DEL,IN,YVR,CA,2027-05-23,2027-05-26,Summer,Economy,0,Eco-1,Economy Comfort,Economy Comfort,0.00 USD,1048.53,USD,Ubfly,ECOCMFT,In-flight entertainment; 1 personal item,Included,Included,Unknown,Included,Unknown,Unknown,Unknown,Unknown,Unknown,Unknown,Unknown,Unknown,Unknown,Unknown,Unknown,Unknown,Yes,,,2026-07-28T16:42:23+00:00,success,0
LH,DEL,YVR,DEL,IN,YVR,CA,2027-05-23,2027-05-26,Summer,Economy,1,Eco-2,Economy Comfort Plus,Economy Comfort,+54.81 USD,1103.34,USD,Ubfly,ECOCMFTPLS,1 personal item; In-flight entertainment,Included,Included,Unknown,Included,Unknown,Unknown,Unknown,Unknown,Unknown,Unknown,Unknown,Unknown,Unknown,Unknown,Unknown,Unknown,Yes,,,2026-07-28T16:42:23+00:00,success,0
LH,DEL,YVR,DEL,IN,YVR,CA,2027-05-23,2027-05-26,Summer,Economy,2,Eco-3,Economy Basic Plus,Economy Basic,+127.31 USD,1175.84,USD,Ubfly,ECOBASEPL,1 personal item; Change without penalty before flight; In-flight entertainment,Included,Included,Unknown,Included,Unknown,Unknown,Unknown,Unknown,Included,Unknown,Unknown,Unknown,Unknown,Unknown,Unknown,Unknown,Yes,,,2026-07-28T16:42:23+00:00,success,0
LH,DEL,YVR,DEL,IN,YVR,CA,2027-05-23,2027-05-26,Summer,Economy,3,Eco-4,Economy Flex,Economy Flex,+161.69 USD,1210.22,USD,Ubfly,ECOFLEX,1 personal item; Change without penalty before flight; In-flight entertainment,Included,Included,Included,Included,Unknown,Unknown,Unknown,Included,Included,Unknown,Unknown,Unknown,Unknown,Unknown,Unknown,Unknown,Yes,,,2026-07-28T16:42:23+00:00,success,0
LH,DEL,YVR,DEL,IN,YVR,CA,2027-05-23,2027-05-26,Summer,Premium Economy,0,PEco-1,Premium Economy Light,Premium Economy Lite,+707.37 USD,1755.9,USD,Ubfly,PRELIGHT,1 personal item; In-flight entertainment,Included,Included,Unknown,Included,Unknown,Unknown,Unknown,Unknown,Unknown,Unknown,Unknown,Unknown,Unknown,Unknown,Unknown,Unknown,Yes,,,2026-07-28T16:42:23+00:00,success,0
LH,DEL,YVR,DEL,IN,YVR,CA,2027-05-23,2027-05-26,Summer,Premium Economy,1,PEco-2,Premium Economy Comfort,Premium Economy Comfort,+828.63 USD,1877.16,USD,Ubfly,PRECMFT,1 personal item; In-flight entertainment,Included,Included,Unknown,Included,Unknown,Unknown,Unknown,Unknown,Unknown,Unknown,Unknown,Unknown,Unknown,Unknown,Unknown,Unknown,Yes,,,2026-07-28T16:42:23+00:00,success,0
LH,DEL,YVR,DEL,IN,YVR,CA,2027-05-23,2027-05-26,Summer,Premium Economy,2,PEco-3,Premium Economy Green,Premium Economy Premium,+922.36 USD,1970.89,USD,Ubfly,PREGREIC,1 personal item; Change without penalty before flight; Carbon offsetting; In-flight entertainment,Included,Included,Unknown,Included,Unknown,Unknown,Unknown,Unknown,Included,Unknown,Unknown,Unknown,Unknown,Unknown,Unknown,Unknown,Yes,,,2026-07-28T16:42:23+00:00,success,0
LH,DEL,YVR,DEL,IN,YVR,CA,2027-05-23,2027-05-26,Summer,Premium Economy,3,PEco-4,Premium Economy Comfort Plus,Premium Economy Comfort,+949.09 USD,1997.62,USD,Ubfly,PRECMFTPLS,1 personal item; In-flight entertainment,Included,Included,Unknown,Included,Unknown,Unknown,Unknown,Unknown,Unknown,Unknown,Unknown,Unknown,Unknown,Unknown,Unknown,Unknown,Yes,,,2026-07-28T16:42:23+00:00,success,0
LH,DEL,YVR,DEL,IN,YVR,CA,2027-05-23,2027-05-26,Summer,Premium Economy,4,PEco-5,Premium Economy Flex,Premium Economy Flex,"+1,069.54 USD",2118.07,USD,Ubfly,PREFLEX,1 personal item; Change without penalty before flight; In-flight entertainment,Included,Included,Included,Included,Unknown,Unknown,Unknown,Included,Included,Unknown,Unknown,Unknown,Unknown,Unknown,Unknown,Unknown,Yes,,,2026-07-28T16:42:23+00:00,success,0
LH,DEL,YVR,DEL,IN,YVR,CA,2027-05-23,2027-05-26,Summer,Business,0,Bus-1,Business Light,Business Lite,0.00 USD,4093.72,USD,Ubfly,BUSLIGHT,In-flight entertainment; Privileged check-in; Snack; 1 personal item; Journal & Newspaper,Included,Included,Unknown,Included,Included,Included,Included,Unknown,Unknown,Unknown,Unknown,Unknown,Unknown,Unknown,Unknown,Unknown,Yes,,,2026-07-28T16:42:23+00:00,success,0
LH,DEL,YVR,DEL,IN,YVR,CA,2027-05-23,2027-05-26,Summer,Business,1,Bus-2,Business Comfort,Business Comfort,+208.83 USD,4302.55,USD,Ubfly,BUSCMFT,1 personal item; Snack; Journal & Newspaper; Privileged check-in; In-flight entertainment,Included,Included,Included,Included,Included,Included,Included,Unknown,Unknown,Unknown,Unknown,Unknown,Unknown,Unknown,Unknown,Unknown,Yes,,,2026-07-28T16:42:23+00:00,success,0
LH,DEL,YVR,DEL,IN,YVR,CA,2027-05-23,2027-05-26,Summer,Business,2,Bus-3,Business Green,Business — Business Green,+365.19 USD,4458.91,USD,Ubfly,BUSGREIC,1 personal item; Change without penalty before flight; Snack; Journal & Newspaper; Privileged check-in; Carbon offsetting; In-flight entertainment,Included,Included,Included,Included,Included,Included,Included,Unknown,Included,Unknown,Unknown,Unknown,Unknown,Unknown,Unknown,Unknown,Yes,,,2026-07-28T16:42:23+00:00,success,0
LH,DEL,YVR,DEL,IN,YVR,CA,2027-05-23,2027-05-26,Summer,Business,3,Bus-4,Business Comfort Plus,Business Comfort,+400.08 USD,4493.8,USD,Ubfly,BUSCMFTPLS,1 personal item; Snack; Journal & Newspaper; Privileged check-in; In-flight entertainment,Included,Included,Included,Included,Included,Included,Included,Unknown,Unknown,Unknown,Unknown,Unknown,Unknown,Unknown,Unknown,Unknown,Yes,,,2026-07-28T16:42:23+00:00,success,0
LH,DEL,YVR,DEL,IN,YVR,CA,2027-05-23,2027-05-26,Summer,Business,4,Bus-5,Business Flexible,Business Flex,+630.61 USD,4724.33,USD,Ubfly,BUSFLEX,1 personal item; Business class seat with private partition; Change without penalty before flight; Snack; Journal & Newspaper; Privileged check-in; In-flight entertainment,Included,Included,Included,Included,Included,Included,Included,Included,Included,Unknown,Unknown,Unknown,Unknown,Unknown,Unknown,Unknown,Yes,,,2026-07-28T16:42:23+00:00,success,0
LH,DEL,YVR,DEL,IN,YVR,CA,2027-03-04,2027-03-07,Winter,Economy,0,Eco-1,Economy Comfort,Economy Comfort,0.00 USD,1165.65,USD,Ubfly,ECOCMFT,In-flight entertainment; 1 personal item,Included,Included,Unknown,Included,Unknown,Unknown,Unknown,Unknown,Unknown,Unknown,Unknown,Unknown,Unknown,Unknown,Unknown,Unknown,Yes,,,2026-07-28T16:42:23+00:00,success,0
LH,DEL,YVR,DEL,IN,YVR,CA,2027-03-04,2027-03-07,Winter,Economy,1,Eco-2,Economy Comfort Plus,Economy Comfort,+54.84 USD,1220.49,USD,Ubfly,ECOCMFTPLS,1 personal item; In-flight entertainment,Included,Included,Unknown,Included,Unknown,Unknown,Unknown,Unknown,Unknown,Unknown,Unknown,Unknown,Unknown,Unknown,Unknown,Unknown,Yes,,,2026-07-28T16:42:23+00:00,success,0
LH,DEL,YVR,DEL,IN,YVR,CA,2027-03-04,2027-03-07,Winter,Business,0,Bus-1,Business Light,Business Lite,0.00 USD,4100.89,USD,Ubfly,BUSLIGHT,In-flight entertainment; Privileged check-in; Snack; 1 personal item; Journal & Newspaper,Included,Included,Unknown,Included,Included,Included,Included,Unknown,Unknown,Unknown,Unknown,Unknown,Unknown,Unknown,Unknown,Unknown,Yes,,,2026-07-28T16:42:23+00:00,success,0
LH,DEL,YVR,DEL,IN,YVR,CA,2027-03-04,2027-03-07,Winter,Business,1,Bus-2,Business Comfort,Business Comfort,+208.83 USD,4309.72,USD,Ubfly,BUSCMFT,1 personal item; Snack; Journal & Newspaper; Privileged check-in; In-flight entertainment,Included,Included,Included,Included,Included,Included,Included,Unknown,Unknown,Unknown,Unknown,Unknown,Unknown,Unknown,Unknown,Unknown,Yes,,,2026-07-28T16:42:23+00:00,success,0
SQ,LHR,SIN,LON,GB,SIN,SG,2027-05-14,2027-05-17,Summer,Economy,0,Eco-1,Basic,Economy Basic,0.00 USD,951.96,USD,Ubfly,YCLVALUE,,Included,Included,Unknown,Unknown,Unknown,Unknown,Unknown,Unknown,Unknown,Unknown,Unknown,Unknown,Unknown,Unknown,Unknown,Unknown,,,,2026-07-28T16:42:23+00:00,partial,0
SQ,LHR,SIN,LON,GB,SIN,SG,2027-01-15,2027-01-18,Winter,Economy,0,Eco-1,Basic,Economy Basic,0.00 USD,1825.81,USD,Ubfly,YCLFLEXI,,Included,Included,Unknown,Unknown,Unknown,Unknown,Unknown,Unknown,Unknown,Unknown,Unknown,Unknown,Unknown,Unknown,Unknown,Unknown,,,,2026-07-28T16:42:23+00:00,partial,0
BA,LHR,SIN,LON,GB,SIN,SG,2027-05-14,2027-05-17,Summer,Economy,0,Eco-1,Basic,Economy Basic,0.00 USD,1046.49,USD,Ubfly,NOBAG,Personal Item: 40 x 30 x 15 cm,Included,Not Included,Unknown,Included,Unknown,Unknown,Unknown,Unknown,Unknown,Unknown,Unknown,Unknown,Unknown,Unknown,Unknown,Unknown,,,,2026-07-28T16:42:23+00:00,partial,0
BA,LHR,SIN,LON,GB,SIN,SG,2027-05-14,2027-05-17,Summer,Economy,1,Eco-2,Economy Basic,Economy Basic,+36.68 USD,1083.17,USD,Ubfly,BAG,Personal Item: 40 x 30 x 15 cm; 1 Piece Luggage (23 Kg),Included,Included,Unknown,Included,Unknown,Unknown,Unknown,Unknown,Unknown,Unknown,Unknown,Unknown,Unknown,Unknown,Unknown,Unknown,,,,2026-07-28T16:42:23+00:00,partial,0
BA,LHR,SIN,LON,GB,SIN,SG,2027-05-14,2027-05-17,Summer,Economy,2,Eco-3,Plus Select,Economy Comfort,+166.36 USD,1212.85,USD,Ubfly,ECONSEL,Personal Item: 40 x 30 x 15 cm; 1 Piece Luggage (23 Kg); Change without penalty before flight,Included,Included,Unknown,Included,Unknown,Unknown,Unknown,Unknown,Included,Unknown,Unknown,Unknown,Unknown,Unknown,Unknown,Unknown,,,,2026-07-28T16:42:23+00:00,partial,0
BA,LHR,SIN,LON,GB,SIN,SG,2027-05-14,2027-05-17,Summer,Economy,3,Eco-4,Economy Pro,Economy — Economy Pro,+232.92 USD,1279.41,USD,Ubfly,ECONPRO,Personal Item: 40 x 30 x 15 cm; 1 Piece Luggage (23 Kg); Change without penalty before flight,Included,Included,Included,Included,Unknown,Unknown,Unknown,Included,Included,Unknown,Unknown,Unknown,Unknown,Unknown,Unknown,Unknown,,,,2026-07-28T16:42:23+00:00,partial,0
BA,LHR,SIN,LON,GB,SIN,SG,2027-05-14,2027-05-17,Summer,Economy,4,Eco-5,Plus Flex,Economy Comfort,"+2,389.08 USD",3435.57,USD,Ubfly,ECONFLEX,Change without penalty before flight; Personal Item: 40 x 30 x 15 cm; 1 Piece Luggage (23 Kg),Included,Included,Included,Included,Unknown,Unknown,Unknown,Included,Included,Unknown,Unknown,Unknown,Unknown,Unknown,Unknown,Unknown,,,,2026-07-28T16:42:23+00:00,partial,0
BA,LHR,SIN,LON,GB,SIN,SG,2027-05-14,2027-05-17,Summer,Premium Economy,0,PEco-1,PREMECON,Premium Economy — PREMECON,"+1,688.72 USD",2735.21,USD,Ubfly,PREMECON,Personal Item: 40 x 30 x 15 cm,Included,Included,Unknown,Included,Unknown,Unknown,Unknown,Unknown,Unknown,Unknown,Unknown,Unknown,Unknown,Unknown,Unknown,Unknown,,,,2026-07-28T16:42:23+00:00,partial,0
BA,LHR,SIN,LON,GB,SIN,SG,2027-05-14,2027-05-17,Summer,Premium Economy,1,PEco-2,PESEL,Premium Economy — PESEL,"+1,821.81 USD",2868.3,USD,Ubfly,PESEL,Personal Item: 40 x 30 x 15 cm; Change without penalty before flight,Included,Included,Unknown,Included,Unknown,Unknown,Unknown,Unknown,Included,Unknown,Unknown,Unknown,Unknown,Unknown,Unknown,Unknown,,,,2026-07-28T16:42:23+00:00,partial,0
BA,LHR,SIN,LON,GB,SIN,SG,2027-05-14,2027-05-17,Summer,Premium Economy,2,PEco-3,PEPRO,Premium Economy — PEPRO,"+1,921.63 USD",2968.12,USD,Ubfly,PEPRO,Personal Item: 40 x 30 x 15 cm; Change without penalty before flight,Included,Included,Included,Included,Unknown,Unknown,Unknown,Included,Included,Unknown,Unknown,Unknown,Unknown,Unknown,Unknown,Unknown,,,,2026-07-28T16:42:23+00:00,partial,0
BA,LHR,SIN,LON,GB,SIN,SG,2027-05-14,2027-05-17,Summer,Premium Economy,3,PEco-4,PEFLEX,Premium Economy Flex,"+3,675.84 USD",4722.33,USD,Ubfly,PEFLEX,Personal Item: 40 x 30 x 15 cm; Change without penalty before flight,Included,Included,Included,Included,Unknown,Unknown,Unknown,Included,Included,Unknown,Unknown,Unknown,Unknown,Unknown,Unknown,Unknown,,,,2026-07-28T16:42:23+00:00,partial,0
BA,LHR,SIN,LON,GB,SIN,SG,2027-05-14,2027-05-17,Summer,Business,0,Bus-1,Business Promo,Business Basic,0.00 USD,4823.4,USD,Ubfly,BIZPROMO,Personal Item: 40 x 30 x 15 cm; Dedicated check-in area,Included,Included,Unknown,Included,Included,Unknown,Included,Unknown,Unknown,Unknown,Unknown,Unknown,Unknown,Unknown,Unknown,Unknown,,,,2026-07-28T16:42:23+00:00,partial,0
BA,LHR,SIN,LON,GB,SIN,SG,2027-05-14,2027-05-17,Summer,Business,1,Bus-2,Business Plus Select,Business Comfort,+605.58 USD,5428.98,USD,Ubfly,BIZSEL,Personal Item: 40 x 30 x 15 cm; Dedicated check-in area,Included,Included,Included,Included,Included,Unknown,Included,Unknown,Unknown,Unknown,Unknown,Unknown,Unknown,Unknown,Unknown,Unknown,,,,2026-07-28T16:42:23+00:00,partial,0
BA,LHR,SIN,LON,GB,SIN,SG,2027-05-14,2027-05-17,Summer,Business,2,Bus-3,Business Pro,Business — Business Pro,"+1,082.07 USD",5905.47,USD,Ubfly,BIZPRO,Personal Item: 40 x 30 x 15 cm; Dedicated check-in area; Change without penalty before flight,Included,Included,Included,Included,Included,Unknown,Included,Included,Included,Unknown,Unknown,Unknown,Unknown,Unknown,Unknown,Unknown,,,,2026-07-28T16:42:23+00:00,partial,0
BA,LHR,SIN,LON,GB,SIN,SG,2027-05-14,2027-05-17,Summer,Business,3,Bus-4,Business Flex,Business Flex,"+4,276.38 USD",9099.78,USD,Ubfly,BIZFLEX,Personal Item: 40 x 30 x 15 cm; Dedicated check-in area; Change without penalty before flight,Included,Included,Included,Included,Included,Unknown,Included,Included,Included,Unknown,Unknown,Unknown,Unknown,Unknown,Unknown,Unknown,,,,2026-07-28T16:42:23+00:00,partial,0
BA,LHR,SIN,LON,GB,SIN,SG,2027-01-14,2027-01-17,Winter,Economy,0,Eco-1,Basic,Economy Basic,0.00 USD,1041.88,USD,Ubfly,NOBAG,Personal Item: 40 x 30 x 15 cm,Included,Not Included,Unknown,Included,Unknown,Unknown,Unknown,Unknown,Unknown,Unknown,Unknown,Unknown,Unknown,Unknown,Unknown,Unknown,,,,2026-07-28T16:42:23+00:00,partial,0
BA,LHR,SIN,LON,GB,SIN,SG,2027-01-14,2027-01-17,Winter,Economy,1,Eco-2,Economy Basic,Economy Basic,+36.68 USD,1078.56,USD,Ubfly,BAG,Personal Item: 40 x 30 x 15 cm; 1 Piece Luggage (23 Kg),Included,Included,Unknown,Included,Unknown,Unknown,Unknown,Unknown,Unknown,Unknown,Unknown,Unknown,Unknown,Unknown,Unknown,Unknown,,,,2026-07-28T16:42:23+00:00,partial,0
BA,LHR,SIN,LON,GB,SIN,SG,2027-01-14,2027-01-17,Winter,Business,0,Bus-1,Business Promo,Business Basic,0.00 USD,6097.99,USD,Ubfly,BIZPROMO,Personal Item: 40 x 30 x 15 cm; Dedicated check-in area,Included,Included,Unknown,Included,Included,Unknown,Included,Unknown,Unknown,Unknown,Unknown,Unknown,Unknown,Unknown,Unknown,Unknown,,,,2026-07-28T16:42:23+00:00,partial,0
BA,LHR,SIN,LON,GB,SIN,SG,2027-01-14,2027-01-17,Winter,Business,1,Bus-2,Business Plus Select,Business Comfort,+465.83 USD,6563.82,USD,Ubfly,BIZSEL,Personal Item: 40 x 30 x 15 cm; Dedicated check-in area,Included,Included,Included,Included,Included,Unknown,Included,Unknown,Unknown,Unknown,Unknown,Unknown,Unknown,Unknown,Unknown,Unknown,,,,2026-07-28T16:42:23+00:00,partial,0
BA,LHR,SIN,LON,GB,SIN,SG,2027-01-14,2027-01-17,Winter,Business,2,Bus-3,Business Pro,Business — Business Pro,+732.04 USD,6830.03,USD,Ubfly,BIZPRO,Personal Item: 40 x 30 x 15 cm; Dedicated check-in area; Change without penalty before flight,Included,Included,Included,Included,Included,Unknown,Included,Included,Included,Unknown,Unknown,Unknown,Unknown,Unknown,Unknown,Unknown,,,,2026-07-28T16:42:23+00:00,partial,0
BA,LHR,SIN,LON,GB,SIN,SG,2027-01-14,2027-01-17,Winter,Business,3,Bus-4,Business Flex,Business Flex,"+5,472.93 USD",11570.92,USD,Ubfly,BIZFLEX,Personal Item: 40 x 30 x 15 cm; Dedicated check-in area; Change without penalty before flight,Included,Included,Included,Included,Included,Unknown,Included,Included,Included,Unknown,Unknown,Unknown,Unknown,Unknown,Unknown,Unknown,,,,2026-07-28T16:42:23+00:00,partial,0
QF,LHR,SIN,LON,GB,SIN,SG,2027-05-14,2027-05-17,Summer,Economy,0,Eco-1,Economy Saver,Economy Basic,0.00 USD,873.95,USD,Ubfly,ECSV,1. Changes:; · At any time; · Permitted with a change fee. Please refer to the fare rules for the applicable change fees.; · New fare must be of equal or higher value; 2. Name changes:; · Name change is not permitted; 4.Qantas Frequent Flyer benefits:; · Qantas Points and Status credits may be earned on this fare and will be calculated on each Segment; 5. Inclusions on Qantas operated flights:; · Complimentary in-flight entertainment where available; Classic Upgrade Rewards may be eligible on this fare on Qantas Operated flights,Included,Included,Included,Included,Paid,Unknown,Unknown,Included,Not Included,Unknown,Unknown,Unknown,Unknown,Unknown,Unknown,Unknown,,,,2026-07-28T16:42:23+00:00,partial,0
QF,LHR,SIN,LON,GB,SIN,SG,2027-05-14,2027-05-17,Summer,Economy,1,Eco-2,Economy Flex,Economy Flex,+582.69 USD,1456.64,USD,Ubfly,ECFL,1. Changes:; · At any time; · Change is permitted.; · New fare must be of equal or higher value; 2. Name changes:; · Name change is not permitted; 4.Qantas Frequent Flyer benefits:; · Qantas Points and Status credits may be earned on this fare and will be calculated on each Segment; 5. Inclusions on Qantas operated flights:; · Complimentary in-flight entertainment where available; Classic Upgrade Rewards may be eligible on this fare on Qantas Operated flights,Included,Included,Included,Included,Paid,Unknown,Unknown,Included,Not Included,Unknown,Unknown,Unknown,Unknown,Unknown,Unknown,Unknown,,,,2026-07-28T16:42:23+00:00,partial,0
QF,LHR,SIN,LON,GB,SIN,SG,2027-05-14,2027-05-17,Summer,Premium Economy,0,PEco-1,Premium Economy Sale,Premium Economy Premium,"+1,336.41 USD",2210.36,USD,Ubfly,PYSL,1. Changes:; · At any time; · Permitted with a change fee. Please refer to the fare rules for the applicable change fees.; · New fare must be of equal or higher value; 2. Name changes:; · Name change is not permitted; 4.Qantas Frequent Flyer benefits:; · Qantas Points and Status credits may be earned on this fare and will be calculated on each Segment; 5. Inclusions on Qantas operated flights:; · Complimentary in-flight entertainment where available; Classic Upgrade Rewards may be eligible on this fare on Qantas Operated flights,Included,Included,Included,Included,Paid,Unknown,Unknown,Included,Not Included,Unknown,Unknown,Unknown,Unknown,Unknown,Unknown,Unknown,,,,2026-07-28T16:42:23+00:00,partial,0
QF,LHR,SIN,LON,GB,SIN,SG,2027-05-14,2027-05-17,Summer,Premium Economy,1,PEco-2,Premium Economy Saver,Premium Economy Basic,"+1,717.07 USD",2591.02,USD,Ubfly,PYSV,1. Changes:; · At any time; · Permitted with a change fee. Please refer to the fare rules for the applicable change fees.; · New fare must be of equal or higher value; 2. Name changes:; · Name change is not permitted; 4.Qantas Frequent Flyer benefits:; · Qantas Points and Status credits may be earned on this fare and will be calculated on each Segment; 5. Inclusions on Qantas operated flights:; · Complimentary in-flight entertainment where available; Classic Upgrade Rewards may be eligible on this fare on Qantas Operated flights,Included,Included,Included,Included,Paid,Unknown,Unknown,Included,Not Included,Unknown,Unknown,Unknown,Unknown,Unknown,Unknown,Unknown,,,,2026-07-28T16:42:23+00:00,partial,0
QF,LHR,SIN,LON,GB,SIN,SG,2027-05-14,2027-05-17,Summer,Premium Economy,2,PEco-3,Premium Economy Flex,Premium Economy Flex,"+2,478.37 USD",3352.32,USD,Ubfly,PYFL,1. Changes:; · At any time; · Change is permitted.; · New fare must be of equal or higher value; 2. Name changes:; · Name change is not permitted; 4.Qantas Frequent Flyer benefits:; · Qantas Points and Status credits may be earned on this fare and will be calculated on each Segment; 5. Inclusions on Qantas operated flights:; · Complimentary in-flight entertainment where available; Classic Upgrade Rewards may be eligible on this fare on Qantas Operated flights,Included,Included,Included,Included,Paid,Unknown,Unknown,Included,Not Included,Unknown,Unknown,Unknown,Unknown,Unknown,Unknown,Unknown,,,,2026-07-28T16:42:23+00:00,partial,0
QF,LHR,SIN,LON,GB,SIN,SG,2027-01-14,2027-01-17,Winter,Economy,0,Eco-1,Economy Saver,Economy Basic,0.00 USD,1328.79,USD,Ubfly,ECSV,1. Changes:; · At any time; · Permitted with a change fee. Please refer to the fare rules for the applicable change fees.; · New fare must be of equal or higher value; 2. Name changes:; · Name change is not permitted; 4.Qantas Frequent Flyer benefits:; · Qantas Points and Status credits may be earned on this fare and will be calculated on each Segment; 5. Inclusions on Qantas operated flights:; · Complimentary in-flight entertainment where available; Classic Upgrade Rewards may be eligible on this fare on Qantas Operated flights,Included,Included,Included,Included,Paid,Unknown,Unknown,Included,Not Included,Unknown,Unknown,Unknown,Unknown,Unknown,Unknown,Unknown,,,,2026-07-28T16:42:23+00:00,partial,0
QF,LHR,SIN,LON,GB,SIN,SG,2027-01-14,2027-01-17,Winter,Economy,1,Eco-2,Economy Flex,Economy Flex,+193.25 USD,1522.04,USD,Ubfly,ECFL,1. Changes:; · At any time; · Change is permitted.; · New fare must be of equal or higher value; 2. Name changes:; · Name change is not permitted; 4.Qantas Frequent Flyer benefits:; · Qantas Points and Status credits may be earned on this fare and will be calculated on each Segment; 5. Inclusions on Qantas operated flights:; · Complimentary in-flight entertainment where available; Classic Upgrade Rewards may be eligible on this fare on Qantas Operated flights,Included,Included,Included,Included,Paid,Unknown,Unknown,Included,Not Included,Unknown,Unknown,Unknown,Unknown,Unknown,Unknown,Unknown,,,,2026-07-28T16:42:23+00:00,partial,0
QF,LHR,SIN,LON,GB,SIN,SG,2027-01-14,2027-01-17,Winter,Premium Economy,0,PEco-1,Premium Economy Saver,Premium Economy Basic,"+1,441.57 USD",2770.36,USD,Ubfly,PYSV,1. Changes:; · At any time; · Permitted with a change fee. Please refer to the fare rules for the applicable change fees.; · New fare must be of equal or higher value; 2. Name changes:; · Name change is not permitted; 4.Qantas Frequent Flyer benefits:; · Qantas Points and Status credits may be earned on this fare and will be calculated on each Segment; 5. Inclusions on Qantas operated flights:; · Complimentary in-flight entertainment where available; Classic Upgrade Rewards may be eligible on this fare on Qantas Operated flights,Included,Included,Included,Included,Paid,Unknown,Unknown,Included,Not Included,Unknown,Unknown,Unknown,Unknown,Unknown,Unknown,Unknown,,,,2026-07-28T16:42:23+00:00,partial,0
QF,LHR,SIN,LON,GB,SIN,SG,2027-01-14,2027-01-17,Winter,Premium Economy,1,PEco-2,Premium Economy Flex,Premium Economy Flex,"+2,202.89 USD",3531.68,USD,Ubfly,PYFL,1. Changes:; · At any time; · Change is permitted.; · New fare must be of equal or higher value; 2. Name changes:; · Name change is not permitted; 4.Qantas Frequent Flyer benefits:; · Qantas Points and Status credits may be earned on this fare and will be calculated on each Segment; 5. Inclusions on Qantas operated flights:; · Complimentary in-flight entertainment where available; Classic Upgrade Rewards may be eligible on this fare on Qantas Operated flights,Included,Included,Included,Included,Paid,Unknown,Unknown,Included,Not Included,Unknown,Unknown,Unknown,Unknown,Unknown,Unknown,Unknown,,,,2026-07-28T16:42:23+00:00,partial,0
QR,LHR,SIN,LON,GB,SIN,SG,2027-05-14,2027-05-17,Summer,Economy,0,Eco-1,Economy Classic,Economy Standard,0.00 USD,743.84,USD,Ubfly,ECLASSIC,,Included,Included,Unknown,Included,Unknown,Unknown,Unknown,Unknown,Unknown,Unknown,Unknown,Unknown,Unknown,Unknown,Unknown,Unknown,Yes,,50.0,2026-07-28T16:42:23+00:00,success,0
QR,LHR,SIN,LON,GB,SIN,SG,2027-05-14,2027-05-17,Summer,Economy,1,Eco-2,Economy Convenience,Economy — Economy Convenience,+168.44 USD,912.28,USD,Ubfly,ECONVENIEN,,Included,Included,Included,Included,Unknown,Unknown,Unknown,Unknown,Unknown,Unknown,Unknown,Unknown,Unknown,Unknown,Unknown,Unknown,Yes,,75.0,2026-07-28T16:42:23+00:00,success,0
QR,LHR,SIN,LON,GB,SIN,SG,2027-05-14,2027-05-17,Summer,Economy,2,Eco-3,Economy Comfort,Economy Comfort,+582.97 USD,1326.81,USD,Ubfly,ECOMFORT,Uninterrupted return (up to the last 12 hours); Change with Penalty,Included,Included,Included,Included,Unknown,Unknown,Unknown,Unknown,Unknown,Unknown,Unknown,Unknown,Unknown,Unknown,Unknown,Unknown,Yes,,100.0,2026-07-28T16:42:23+00:00,success,0
QR,LHR,SIN,LON,GB,SIN,SG,2027-05-14,2027-05-17,Summer,Business,0,Bus-1,Business Comfort,Business Comfort,0.00 USD,5150.98,USD,Ubfly,BCOMFORT,175 PCT QMILES ACCUMULATION(F),Included,Included,Included,Included,Included,Unknown,Unknown,Unknown,Unknown,Unknown,Unknown,Unknown,Unknown,Unknown,Unknown,Unknown,,,,2026-07-28T16:42:23+00:00,success,0
QR,LHR,SIN,LON,GB,SIN,SG,2027-05-14,2027-05-17,Summer,Business,1,Bus-2,Business Elite,Business Lite,+696.11 USD,5847.09,USD,Ubfly,BELITE,200 PCT QMILES ACCUMULATION(F); Uninterrupted return (up to the last 12 hours); Change with Penalty,Included,Included,Included,Included,Included,Unknown,Unknown,Unknown,Unknown,Unknown,Unknown,Unknown,Unknown,Unknown,Unknown,Unknown,,,,2026-07-28T16:42:23+00:00,success,0
QR,LHR,SIN,LON,GB,SIN,SG,2027-01-14,2027-01-17,Winter,Economy,0,Eco-1,Economy Classic,Economy Standard,0.00 USD,702.04,USD,Ubfly,ECLASSIC,,Included,Included,Unknown,Included,Unknown,Unknown,Unknown,Unknown,Unknown,Unknown,Unknown,Unknown,Unknown,Unknown,Unknown,Unknown,Yes,,50.0,2026-07-28T16:42:23+00:00,success,0
QR,LHR,SIN,LON,GB,SIN,SG,2027-01-14,2027-01-17,Winter,Economy,1,Eco-2,Economy Convenience,Economy — Economy Convenience,+168.44 USD,870.48,USD,Ubfly,ECONVENIEN,,Included,Included,Included,Included,Unknown,Unknown,Unknown,Unknown,Unknown,Unknown,Unknown,Unknown,Unknown,Unknown,Unknown,Unknown,Yes,,75.0,2026-07-28T16:42:23+00:00,success,0
QR,LHR,SIN,LON,GB,SIN,SG,2027-01-14,2027-01-17,Winter,Business,0,Bus-1,Business Comfort,Business Comfort,0.00 USD,5041.52,USD,Ubfly,BCOMFORT,175 PCT QMILES ACCUMULATION(F),Included,Included,Included,Included,Included,Unknown,Unknown,Unknown,Unknown,Unknown,Unknown,Unknown,Unknown,Unknown,Unknown,Unknown,,,,2026-07-28T16:42:23+00:00,success,0
QR,LHR,SIN,LON,GB,SIN,SG,2027-01-14,2027-01-17,Winter,Business,1,Bus-2,Business Elite,Business Lite,+696.09 USD,5737.61,USD,Ubfly,BELITE,200 PCT QMILES ACCUMULATION(F); Uninterrupted return (up to the last 12 hours); Change with Penalty,Included,Included,Included,Included,Included,Unknown,Unknown,Unknown,Unknown,Unknown,Unknown,Unknown,Unknown,Unknown,Unknown,Unknown,,,,2026-07-28T16:42:23+00:00,success,0
MH,LHR,KUL,LON,GB,KUL,MY,2027-04-05,2027-04-08,Summer,Economy,0,Eco-1,Basic,Economy Basic,0.00 USD,959.82,USD,Ubfly,BASIC,,Included,Included,Unknown,Unknown,Unknown,Unknown,Unknown,Unknown,Unknown,Unknown,Unknown,Unknown,Unknown,Unknown,Unknown,Unknown,,,,2026-07-28T16:42:23+00:00,partial,0
MH,LHR,KUL,LON,GB,KUL,MY,2027-01-03,2027-01-06,Winter,Economy,0,Eco-1,Basic,Economy Basic,0.00 USD,822.12,USD,Ubfly,BASIC,,Included,Included,Unknown,Unknown,Unknown,Unknown,Unknown,Unknown,Unknown,Unknown,Unknown,Unknown,Unknown,Unknown,Unknown,Unknown,,,,2026-07-28T16:42:23+00:00,partial,0
BA,LHR,KUL,LON,GB,KUL,MY,2027-04-05,2027-04-08,Summer,Economy,0,Eco-1,Basic,Economy Basic,0.00 USD,1129.0,USD,Ubfly,NOBAG,Personal Item: 40 x 30 x 15 cm,Included,Not Included,Unknown,Included,Unknown,Unknown,Unknown,Unknown,Unknown,Unknown,Unknown,Unknown,Unknown,Unknown,Unknown,Unknown,,,,2026-07-28T16:42:23+00:00,partial,0
BA,LHR,KUL,LON,GB,KUL,MY,2027-04-05,2027-04-08,Summer,Economy,1,Eco-2,Economy Basic,Economy Basic,+36.68 USD,1165.68,USD,Ubfly,BAG,Personal Item: 40 x 30 x 15 cm; 1 Piece Luggage (23 Kg),Included,Included,Unknown,Included,Unknown,Unknown,Unknown,Unknown,Unknown,Unknown,Unknown,Unknown,Unknown,Unknown,Unknown,Unknown,,,,2026-07-28T16:42:23+00:00,partial,0
BA,LHR,KUL,LON,GB,KUL,MY,2027-04-05,2027-04-08,Summer,Economy,2,Eco-3,Plus Select,Economy Comfort,+166.36 USD,1295.36,USD,Ubfly,ECONSEL,Personal Item: 40 x 30 x 15 cm; 1 Piece Luggage (23 Kg); Change without penalty before flight,Included,Included,Unknown,Included,Unknown,Unknown,Unknown,Unknown,Included,Unknown,Unknown,Unknown,Unknown,Unknown,Unknown,Unknown,,,,2026-07-28T16:42:23+00:00,partial,0
BA,LHR,KUL,LON,GB,KUL,MY,2027-04-05,2027-04-08,Summer,Economy,3,Eco-4,Economy Pro,Economy — Economy Pro,+232.92 USD,1361.92,USD,Ubfly,ECONPRO,Personal Item: 40 x 30 x 15 cm; 1 Piece Luggage (23 Kg); Change without penalty before flight,Included,Included,Included,Included,Unknown,Unknown,Unknown,Included,Included,Unknown,Unknown,Unknown,Unknown,Unknown,Unknown,Unknown,,,,2026-07-28T16:42:23+00:00,partial,0
BA,LHR,KUL,LON,GB,KUL,MY,2027-04-05,2027-04-08,Summer,Economy,4,Eco-5,Plus Flex,Economy Comfort,"+1,762.21 USD",2891.21,USD,Ubfly,ECONFLEX,Personal Item: 40 x 30 x 15 cm; 1 Piece Luggage (23 Kg); Change without penalty before flight,Included,Included,Included,Included,Unknown,Unknown,Unknown,Included,Included,Unknown,Unknown,Unknown,Unknown,Unknown,Unknown,Unknown,,,,2026-07-28T16:42:23+00:00,partial,0
BA,LHR,KUL,LON,GB,KUL,MY,2027-04-05,2027-04-08,Summer,Premium Economy,0,PEco-1,PREMECON,Premium Economy — PREMECON,"+1,234.85 USD",2363.85,USD,Ubfly,PREMECON,Personal Item: 40 x 30 x 15 cm,Included,Included,Unknown,Included,Unknown,Unknown,Unknown,Unknown,Unknown,Unknown,Unknown,Unknown,Unknown,Unknown,Unknown,Unknown,,,,2026-07-28T16:42:23+00:00,partial,0
BA,LHR,KUL,LON,GB,KUL,MY,2027-04-05,2027-04-08,Summer,Premium Economy,1,PEco-2,PESEL,Premium Economy — PESEL,"+1,367.94 USD",2496.94,USD,Ubfly,PESEL,Personal Item: 40 x 30 x 15 cm; Change without penalty before flight,Included,Included,Unknown,Included,Unknown,Unknown,Unknown,Unknown,Included,Unknown,Unknown,Unknown,Unknown,Unknown,Unknown,Unknown,,,,2026-07-28T16:42:23+00:00,partial,0
BA,LHR,KUL,LON,GB,KUL,MY,2027-04-05,2027-04-08,Summer,Premium Economy,2,PEco-3,PEPRO,Premium Economy — PEPRO,"+1,467.77 USD",2596.77,USD,Ubfly,PEPRO,Personal Item: 40 x 30 x 15 cm; Change without penalty before flight,Included,Included,Included,Included,Unknown,Unknown,Unknown,Included,Included,Unknown,Unknown,Unknown,Unknown,Unknown,Unknown,Unknown,,,,2026-07-28T16:42:23+00:00,partial,0
BA,LHR,KUL,LON,GB,KUL,MY,2027-04-05,2027-04-08,Summer,Premium Economy,3,PEco-4,PEFLEX,Premium Economy Flex,"+2,862.63 USD",3991.63,USD,Ubfly,PEFLEX,Personal Item: 40 x 30 x 15 cm; Change without penalty before flight,Included,Included,Included,Included,Unknown,Unknown,Unknown,Included,Included,Unknown,Unknown,Unknown,Unknown,Unknown,Unknown,Unknown,,,,2026-07-28T16:42:23+00:00,partial,0
BA,LHR,KUL,LON,GB,KUL,MY,2027-04-05,2027-04-08,Summer,Business,0,Bus-1,Business Promo,Business Basic,0.00 USD,4201.78,USD,Ubfly,BIZPROMO,Personal Item: 40 x 30 x 15 cm; Dedicated check-in area,Included,Included,Unknown,Included,Included,Unknown,Included,Unknown,Unknown,Unknown,Unknown,Unknown,Unknown,Unknown,Unknown,Unknown,,,,2026-07-28T16:42:23+00:00,partial,0
BA,LHR,KUL,LON,GB,KUL,MY,2027-04-05,2027-04-08,Summer,Business,1,Bus-2,Business Plus Select,Business Comfort,+465.83 USD,4667.61,USD,Ubfly,BIZSEL,Personal Item: 40 x 30 x 15 cm; Dedicated check-in area,Included,Included,Included,Included,Included,Unknown,Included,Unknown,Unknown,Unknown,Unknown,Unknown,Unknown,Unknown,Unknown,Unknown,,,,2026-07-28T16:42:23+00:00,partial,0
BA,LHR,KUL,LON,GB,KUL,MY,2027-04-05,2027-04-08,Summer,Business,2,Bus-3,Business Pro,Business — Business Pro,+732.04 USD,4933.82,USD,Ubfly,BIZPRO,Personal Item: 40 x 30 x 15 cm; Dedicated check-in area; Change without penalty before flight,Included,Included,Included,Included,Included,Unknown,Included,Included,Included,Unknown,Unknown,Unknown,Unknown,Unknown,Unknown,Unknown,,,,2026-07-28T16:42:23+00:00,partial,0
BA,LHR,KUL,LON,GB,KUL,MY,2027-01-03,2027-01-06,Winter,Economy,0,Eco-1,Basic,Economy Basic,0.00 USD,944.72,USD,Ubfly,NOBAG,Personal Item: 40 x 30 x 15 cm,Included,Not Included,Unknown,Included,Unknown,Unknown,Unknown,Unknown,Unknown,Unknown,Unknown,Unknown,Unknown,Unknown,Unknown,Unknown,,,,2026-07-28T16:42:23+00:00,partial,0
BA,LHR,KUL,LON,GB,KUL,MY,2027-01-03,2027-01-06,Winter,Economy,1,Eco-2,Economy Basic,Economy Basic,+36.68 USD,981.4,USD,Ubfly,BAG,Personal Item: 40 x 30 x 15 cm; 1 Piece Luggage (23 Kg),Included,Included,Unknown,Included,Unknown,Unknown,Unknown,Unknown,Unknown,Unknown,Unknown,Unknown,Unknown,Unknown,Unknown,Unknown,,,,2026-07-28T16:42:23+00:00,partial,0
BA,LHR,KUL,LON,GB,KUL,MY,2027-01-03,2027-01-06,Winter,Economy,2,Eco-3,Plus Select,Economy Comfort,+166.36 USD,1111.08,USD,Ubfly,ECONSEL,Change without penalty before flight; Personal Item: 40 x 30 x 15 cm; 1 Piece Luggage (23 Kg),Included,Included,Unknown,Included,Unknown,Unknown,Unknown,Unknown,Included,Unknown,Unknown,Unknown,Unknown,Unknown,Unknown,Unknown,,,,2026-07-28T16:42:23+00:00,partial,0
BA,LHR,KUL,LON,GB,KUL,MY,2027-01-03,2027-01-06,Winter,Economy,3,Eco-4,Economy Pro,Economy — Economy Pro,+232.92 USD,1177.64,USD,Ubfly,ECONPRO,Change without penalty before flight; Personal Item: 40 x 30 x 15 cm; 1 Piece Luggage (23 Kg),Included,Included,Included,Included,Unknown,Unknown,Unknown,Included,Included,Unknown,Unknown,Unknown,Unknown,Unknown,Unknown,Unknown,,,,2026-07-28T16:42:23+00:00,partial,0
BA,LHR,KUL,LON,GB,KUL,MY,2027-01-03,2027-01-06,Winter,Economy,4,Eco-5,Plus Flex,Economy Comfort,"+1,941.89 USD",2886.61,USD,Ubfly,ECONFLEX,Change without penalty before flight; Personal Item: 40 x 30 x 15 cm; 1 Piece Luggage (23 Kg),Included,Included,Included,Included,Unknown,Unknown,Unknown,Included,Included,Unknown,Unknown,Unknown,Unknown,Unknown,Unknown,Unknown,,,,2026-07-28T16:42:23+00:00,partial,0
BA,LHR,KUL,LON,GB,KUL,MY,2027-01-03,2027-01-06,Winter,Premium Economy,0,PEco-1,PREMECON,Premium Economy — PREMECON,+960.96 USD,1905.68,USD,Ubfly,PREMECON,Personal Item: 40 x 30 x 15 cm,Included,Included,Unknown,Included,Unknown,Unknown,Unknown,Unknown,Unknown,Unknown,Unknown,Unknown,Unknown,Unknown,Unknown,Unknown,,,,2026-07-28T16:42:23+00:00,partial,0
BA,LHR,KUL,LON,GB,KUL,MY,2027-01-03,2027-01-06,Winter,Premium Economy,1,PEco-2,PESEL,Premium Economy — PESEL,"+1,094.05 USD",2038.77,USD,Ubfly,PESEL,Personal Item: 40 x 30 x 15 cm; Change without penalty before flight,Included,Included,Unknown,Included,Unknown,Unknown,Unknown,Unknown,Included,Unknown,Unknown,Unknown,Unknown,Unknown,Unknown,Unknown,,,,2026-07-28T16:42:23+00:00,partial,0
BA,LHR,KUL,LON,GB,KUL,MY,2027-01-03,2027-01-06,Winter,Premium Economy,2,PEco-3,PEPRO,Premium Economy — PEPRO,"+1,193.88 USD",2138.6,USD,Ubfly,PEPRO,Personal Item: 40 x 30 x 15 cm; Change without penalty before flight,Included,Included,Included,Included,Unknown,Unknown,Unknown,Included,Included,Unknown,Unknown,Unknown,Unknown,Unknown,Unknown,Unknown,,,,2026-07-28T16:42:23+00:00,partial,0
BA,LHR,KUL,LON,GB,KUL,MY,2027-01-03,2027-01-06,Winter,Premium Economy,3,PEco-4,PEFLEX,Premium Economy Flex,"+3,035.94 USD",3980.66,USD,Ubfly,PEFLEX,Change without penalty before flight; Personal Item: 40 x 30 x 15 cm,Included,Included,Included,Included,Unknown,Unknown,Unknown,Included,Included,Unknown,Unknown,Unknown,Unknown,Unknown,Unknown,Unknown,,,,2026-07-28T16:42:23+00:00,partial,0
BA,LHR,KUL,LON,GB,KUL,MY,2027-01-03,2027-01-06,Winter,Business,0,Bus-1,Business Promo,Business Basic,0.00 USD,4916.73,USD,Ubfly,BIZPROMO,Personal Item: 40 x 30 x 15 cm; Dedicated check-in area,Included,Included,Unknown,Included,Included,Unknown,Included,Unknown,Unknown,Unknown,Unknown,Unknown,Unknown,Unknown,Unknown,Unknown,,,,2026-07-28T16:42:23+00:00,partial,0
BA,LHR,KUL,LON,GB,KUL,MY,2027-01-03,2027-01-06,Winter,Business,1,Bus-2,Business Plus Select,Business Comfort,+605.58 USD,5522.31,USD,Ubfly,BIZSEL,Dedicated check-in area; Personal Item: 40 x 30 x 15 cm,Included,Included,Included,Included,Included,Unknown,Included,Unknown,Unknown,Unknown,Unknown,Unknown,Unknown,Unknown,Unknown,Unknown,,,,2026-07-28T16:42:23+00:00,partial,0
BA,LHR,KUL,LON,GB,KUL,MY,2027-01-03,2027-01-06,Winter,Business,2,Bus-3,Business Pro,Business — Business Pro,"+1,082.07 USD",5998.8,USD,Ubfly,BIZPRO,Dedicated check-in area; Change without penalty before flight; Personal Item: 40 x 30 x 15 cm,Included,Included,Included,Included,Included,Unknown,Included,Included,Included,Unknown,Unknown,Unknown,Unknown,Unknown,Unknown,Unknown,,,,2026-07-28T16:42:23+00:00,partial,0
BA,LHR,KUL,LON,GB,KUL,MY,2027-01-03,2027-01-06,Winter,Business,3,Bus-4,Business Flex,Business Flex,"+3,153.04 USD",8069.77,USD,Ubfly,BIZFLEX,Personal Item: 40 x 30 x 15 cm; Dedicated check-in area; Change without penalty before flight,Included,Included,Included,Included,Included,Unknown,Included,Included,Included,Unknown,Unknown,Unknown,Unknown,Unknown,Unknown,Unknown,,,,2026-07-28T16:42:23+00:00,partial,0
EY,LHR,KUL,LON,GB,KUL,MY,2027-04-05,2027-04-08,Summer,Economy,0,Eco-1,Economy Basic,Economy Basic,0.00 USD,1042.34,USD,Ubfly,YBASIC,,Included,Not Included,Unknown,Included,Unknown,Unknown,Unknown,Unknown,Unknown,Unknown,Unknown,Unknown,Unknown,Unknown,Unknown,Unknown,Yes,,5.0,2026-07-28T16:42:23+00:00,success,0
EY,LHR,KUL,LON,GB,KUL,MY,2027-04-05,2027-04-08,Summer,Economy,1,Eco-2,Economy Value,Economy Basic,+29.84 USD,1072.18,USD,Ubfly,YVALUE,,Included,Included,Unknown,Included,Unknown,Unknown,Unknown,Unknown,Unknown,Unknown,Unknown,Unknown,Unknown,Unknown,Unknown,Unknown,Yes,,35.0,2026-07-28T16:42:23+00:00,success,0
EY,LHR,KUL,LON,GB,KUL,MY,2027-04-05,2027-04-08,Summer,Economy,2,Eco-3,Economy Comfort,Economy Comfort,+103.04 USD,1145.38,USD,Ubfly,YCOMFORT,,Included,Included,Included,Included,Unknown,Unknown,Unknown,Unknown,Unknown,Unknown,Unknown,Unknown,Unknown,Unknown,Unknown,Unknown,Yes,,75.0,2026-07-28T16:42:23+00:00,success,0
EY,LHR,KUL,LON,GB,KUL,MY,2027-04-05,2027-04-08,Summer,Economy,3,Eco-4,Economy Deluxe,Economy — Economy Deluxe,+234.81 USD,1277.15,USD,Ubfly,YDELUXE,Uninterrupted return (up to the last 12 hours); Priority Access; Change with Penalty,Included,Included,Included,Included,Unknown,Unknown,Unknown,Unknown,Unknown,Unknown,Unknown,Unknown,Unknown,Unknown,Unknown,Unknown,Yes,,,2026-07-28T16:42:23+00:00,success,0
EY,LHR,KUL,LON,GB,KUL,MY,2027-04-05,2027-04-08,Summer,Business,0,Bus-1,Business Value,Business Basic,0.00 USD,4273.99,USD,Ubfly,JVALUE,Priority Access,Included,Included,Unknown,Included,Unknown,Unknown,Unknown,Unknown,Unknown,Unknown,Unknown,Unknown,Unknown,Unknown,Unknown,Unknown,Yes,,100.0,2026-07-28T16:42:23+00:00,success,0
EY,LHR,KUL,LON,GB,KUL,MY,2027-04-05,2027-04-08,Summer,Business,1,Bus-2,Business Comfort,Business Comfort,+276.82 USD,4550.81,USD,Ubfly,JCOMFORT,Priority Access; ETIHAD UAE CHAUFFEUR(F),Included,Included,Included,Included,Included,Unknown,Unknown,Unknown,Unknown,Unknown,Unknown,Unknown,Unknown,Unknown,Unknown,Unknown,Yes,,,2026-07-28T16:42:23+00:00,success,0
EY,LHR,KUL,LON,GB,KUL,MY,2027-04-05,2027-04-08,Summer,Business,2,Bus-3,Business Deluxe,Business — Business Deluxe,+763.96 USD,5037.95,USD,Ubfly,JDELUXE,Priority Access; ETIHAD UAE CHAUFFEUR(F); ETIHAD GLOBAL CHAUFFEUR(F); Change with Penalty; Uninterrupted return (up to the last 12 hours),Included,Included,Included,Included,Included,Unknown,Unknown,Unknown,Unknown,Unknown,Unknown,Unknown,Unknown,Unknown,Unknown,Unknown,Yes,,,2026-07-28T16:42:23+00:00,success,0
EY,LHR,KUL,LON,GB,KUL,MY,2027-01-03,2027-01-06,Winter,Economy,0,Eco-1,Economy Basic,Economy Basic,0.00 USD,597.19,USD,Ubfly,YBASIC,,Included,Not Included,Unknown,Included,Unknown,Unknown,Unknown,Unknown,Unknown,Unknown,Unknown,Unknown,Unknown,Unknown,Unknown,Unknown,Yes,,5.0,2026-07-28T16:42:23+00:00,success,0
EY,LHR,KUL,LON,GB,KUL,MY,2027-01-03,2027-01-06,Winter,Economy,1,Eco-2,Economy Value,Economy Basic,+24.50 USD,621.69,USD,Ubfly,YVALUE,,Included,Included,Unknown,Included,Unknown,Unknown,Unknown,Unknown,Unknown,Unknown,Unknown,Unknown,Unknown,Unknown,Unknown,Unknown,Yes,,35.0,2026-07-28T16:42:23+00:00,success,0
EY,LHR,KUL,LON,GB,KUL,MY,2027-01-03,2027-01-06,Winter,Economy,2,Eco-3,Economy Comfort,Economy Comfort,+73.74 USD,670.93,USD,Ubfly,YCOMFORT,,Included,Included,Included,Included,Unknown,Unknown,Unknown,Unknown,Unknown,Unknown,Unknown,Unknown,Unknown,Unknown,Unknown,Unknown,Yes,,75.0,2026-07-28T16:42:23+00:00,success,0
EY,LHR,KUL,LON,GB,KUL,MY,2027-01-03,2027-01-06,Winter,Economy,3,Eco-4,Economy Deluxe,Economy — Economy Deluxe,+164.26 USD,761.45,USD,Ubfly,YDELUXE,Change with Penalty; Uninterrupted return (up to the last 12 hours); Priority Access,Included,Included,Included,Included,Unknown,Unknown,Unknown,Unknown,Unknown,Unknown,Unknown,Unknown,Unknown,Unknown,Unknown,Unknown,Yes,,,2026-07-28T16:42:23+00:00,success,0
EY,LHR,KUL,LON,GB,KUL,MY,2027-01-03,2027-01-06,Winter,Business,0,Bus-1,Business Value,Business Basic,0.00 USD,6113.16,USD,Ubfly,JVALUE,Priority Access,Included,Included,Unknown,Included,Unknown,Unknown,Unknown,Unknown,Unknown,Unknown,Unknown,Unknown,Unknown,Unknown,Unknown,Unknown,Yes,,100.0,2026-07-28T16:42:23+00:00,success,0
EY,LHR,KUL,LON,GB,KUL,MY,2027-01-03,2027-01-06,Winter,Business,1,Bus-2,Business Comfort,Business Comfort,+276.85 USD,6390.01,USD,Ubfly,JCOMFORT,Priority Access; ETIHAD UAE CHAUFFEUR(F),Included,Included,Included,Included,Included,Unknown,Unknown,Unknown,Unknown,Unknown,Unknown,Unknown,Unknown,Unknown,Unknown,Unknown,Yes,,,2026-07-28T16:42:23+00:00,success,0
EY,LHR,KUL,LON,GB,KUL,MY,2027-01-03,2027-01-06,Winter,Business,2,Bus-3,Business Deluxe,Business — Business Deluxe,+763.98 USD,6877.14,USD,Ubfly,JDELUXE,Change with Penalty; Uninterrupted return (up to the last 12 hours); Priority Access; ETIHAD UAE CHAUFFEUR(F); ETIHAD GLOBAL CHAUFFEUR(F),Included,Included,Included,Included,Included,Unknown,Unknown,Unknown,Unknown,Unknown,Unknown,Unknown,Unknown,Unknown,Unknown,Unknown,Yes,,,2026-07-28T16:42:23+00:00,success,0
EK,LHR,KUL,LON,GB,KUL,MY,2027-04-05,2027-04-08,Summer,Economy,0,Eco-1,Economy Saver,Economy Basic,0.00 USD,793.21,USD,Ubfly,ECOSAVER,Soft drink; In-flight entertainment,Included,Included,Unknown,Included,Unknown,Unknown,Unknown,Unknown,Unknown,Unknown,Unknown,Unknown,Unknown,Unknown,Unknown,Unknown,Yes,,30.0,2026-07-28T16:42:23+00:00,success,0
EK,LHR,KUL,LON,GB,KUL,MY,2027-04-05,2027-04-08,Summer,Economy,1,Eco-2,Economy Flex,Economy Flex,+115.80 USD,909.01,USD,Ubfly,ECOFLEX,Soft drink; In-flight entertainment,Included,Included,Unknown,Included,Unknown,Unknown,Unknown,Unknown,Unknown,Unknown,Unknown,Unknown,Unknown,Unknown,Unknown,Unknown,Yes,,70.0,2026-07-28T16:42:23+00:00,success,0
EK,LHR,KUL,LON,GB,KUL,MY,2027-04-05,2027-04-08,Summer,Economy,2,Eco-3,Economy Flex Plus,Economy Comfort,+616.24 USD,1409.45,USD,Ubfly,ECOFLXPLUS,Soft drink; In-flight entertainment; Uninterrupted return (up to the last 12 hours); Change with Penalty,Included,Included,Unknown,Included,Unknown,Unknown,Unknown,Unknown,Unknown,Unknown,Unknown,Unknown,Unknown,Unknown,Unknown,Unknown,Yes,,100.0,2026-07-28T16:42:23+00:00,success,0
EK,LHR,KUL,LON,GB,KUL,MY,2027-04-05,2027-04-08,Summer,Premium Economy,0,PEco-1,Premium Economy Flex Plus,Premium Economy Comfort,"+1,024.56 USD",1817.77,USD,Ubfly,PYFLXPLUS,Soft drink; In-flight entertainment; Uninterrupted return (up to the last 12 hours); Change with Penalty,Included,Included,Included,Included,Unknown,Unknown,Unknown,Unknown,Unknown,Unknown,Unknown,Unknown,Unknown,Unknown,Unknown,Unknown,Yes,,,2026-07-28T16:42:23+00:00,success,0
EK,LHR,KUL,LON,GB,KUL,MY,2027-04-05,2027-04-08,Summer,Business,0,Bus-1,Business Saver,Business Basic,0.00 USD,3919.37,USD,Ubfly,BSSAVER,Soft drink; Internet Access; Premium check-in; In-flight entertainment; Chauffeur Drive,Included,Included,Included,Included,Included,Included,Included,Unknown,Unknown,Unknown,Unknown,Unknown,Unknown,Unknown,Unknown,Unknown,Yes,,,2026-07-28T16:42:23+00:00,success,0
EK,LHR,KUL,LON,GB,KUL,MY,2027-04-05,2027-04-08,Summer,Business,1,Bus-2,Business Flex,Business Flex,"+1,091.38 USD",5010.75,USD,Ubfly,BSFLEX,Premium check-in; Soft drink; In-flight entertainment; Chauffeur Drive; Internet Access,Included,Included,Included,Included,Included,Included,Included,Unknown,Unknown,Unknown,Unknown,Unknown,Unknown,Unknown,Unknown,Unknown,Yes,,175.0,2026-07-28T16:42:23+00:00,success,0
EK,LHR,KUL,LON,GB,KUL,MY,2027-04-05,2027-04-08,Summer,Business,2,Bus-3,Business Flex Plus,Business Comfort,"+2,182.78 USD",6102.15,USD,Ubfly,BSFLXPLUS,Premium check-in; Soft drink; In-flight entertainment; Chauffeur Drive; Internet Access; Uninterrupted return (up to the last 12 hours); Change with Penalty,Included,Included,Included,Included,Included,Included,Included,Unknown,Unknown,Unknown,Unknown,Unknown,Unknown,Unknown,Unknown,Unknown,Yes,,190.0,2026-07-28T16:42:23+00:00,success,0
EK,LHR,KUL,LON,GB,KUL,MY,2027-01-03,2027-01-06,Winter,Economy,0,Eco-1,Economy Saver,Economy Basic,0.00 USD,796.83,USD,Ubfly,YP,• Hot and cold refreshments; • ICE entertainment; • Mileage upgrade eligibility at time of check-in; Economy Cabin,Included,Included,Paid,Included,Unknown,Unknown,Unknown,Included,Not Included,Unknown,Unknown,Unknown,Included,Unknown,Unknown,Unknown,Yes,1800.0,,2026-07-28T16:42:23+00:00,success,0
EK,LHR,KUL,LON,GB,KUL,MY,2027-01-03,2027-01-06,Winter,Economy,1,Eco-2,Economy Flex,Economy Flex,+115.80 USD,912.63,USD,Ubfly,YS,• Hot and cold refreshments; • ICE entertainment; • Mileage upgrade eligibility; Economy Cabin,Included,Included,Included,Included,Unknown,Unknown,Unknown,Included,Not Included,Unknown,Unknown,Unknown,Included,Unknown,Unknown,Unknown,Yes,4500.0,,2026-07-28T16:42:23+00:00,success,0
EK,LHR,KUL,LON,GB,KUL,MY,2027-01-03,2027-01-06,Winter,Economy,2,Eco-3,Economy Flex Plus,Economy Comfort,+616.24 USD,1413.07,USD,Ubfly,YF,• Hot and cold refreshments; • ICE entertainment; • Mileage upgrade eligibility; Economy Cabin,Included,Included,Included,Included,Unknown,Unknown,Unknown,Not Included,Not Included,Unknown,Unknown,Unknown,Included,Unknown,Unknown,Unknown,Yes,6000.0,,2026-07-28T16:42:23+00:00,success,0
EK,LHR,KUL,LON,GB,KUL,MY,2027-01-03,2027-01-06,Winter,Premium Economy,0,PEco-1,Premium Economy FlexPlus,Premium Economy Comfort,"+1,839.39 USD",2636.22,USD,Ubfly,WF,• Hot and cold refreshments; • ICE entertainment; • Mileage upgrade eligibility; • Exclusive Premium Economy Class dining; Premium Economy Cabin,Included,Included,Included,Unknown,Unknown,Unknown,Unknown,Not Included,Not Included,Unknown,Unknown,Unknown,Included,Unknown,Unknown,Unknown,Yes,6600.0,,2026-07-28T16:42:23+00:00,success,0
EK,LHR,KUL,LON,GB,KUL,MY,2027-01-03,2027-01-06,Winter,Business,0,Bus-1,Business Saver,Business Basic,0.00 USD,3908.39,USD,Ubfly,BSSAVER,Premium check-in; Soft drink; In-flight entertainment; Chauffeur Drive; Internet Access,Included,Included,Included,Included,Included,Included,Included,Unknown,Unknown,Unknown,Unknown,Unknown,Unknown,Unknown,Unknown,Unknown,Yes,,,2026-07-28T16:42:23+00:00,success,0
EK,LHR,KUL,LON,GB,KUL,MY,2027-01-03,2027-01-06,Winter,Business,1,Bus-2,Business Flex,Business Flex,"+1,091.38 USD",4999.77,USD,Ubfly,BSFLEX,Premium check-in; Soft drink; In-flight entertainment; Chauffeur Drive; Internet Access,Included,Included,Included,Included,Included,Included,Included,Unknown,Unknown,Unknown,Unknown,Unknown,Unknown,Unknown,Unknown,Unknown,Yes,,175.0,2026-07-28T16:42:23+00:00,success,0
EK,LHR,KUL,LON,GB,KUL,MY,2027-01-03,2027-01-06,Winter,Business,2,Bus-3,Business Flex Plus,Business Comfort,"+2,182.78 USD",6091.17,USD,Ubfly,BSFLXPLUS,Premium check-in; Soft drink; In-flight entertainment; Chauffeur Drive; Internet Access; Uninterrupted return (up to the last 12 hours); Change with Penalty,Included,Included,Included,Included,Included,Included,Included,Unknown,Unknown,Unknown,Unknown,Unknown,Unknown,Unknown,Unknown,Unknown,Yes,,190.0,2026-07-28T16:42:23+00:00,success,0
KL,AMS,BKK,AMS,NL,BKK,TH,2026-10-01,2026-10-04,Summer,Economy,0,Eco-1,Light,Economy Lite,0.00 USD,1514.8,USD,Ubfly,LIGHT,Snack; Soft drink,Included,Not Included,Unknown,Included,Unknown,Unknown,Unknown,Unknown,Unknown,Unknown,Unknown,Unknown,Unknown,Unknown,Unknown,Unknown,Yes,,,2026-07-28T16:42:23+00:00,success,0
KL,AMS,BKK,AMS,NL,BKK,TH,2026-10-01,2026-10-04,Summer,Economy,1,Eco-2,Standard,Economy Standard,+79.49 USD,1594.29,USD,Ubfly,STANDARD,Snack; Soft drink,Included,Included,Unknown,Included,Unknown,Unknown,Unknown,Unknown,Unknown,Unknown,Unknown,Unknown,Unknown,Unknown,Unknown,Unknown,Yes,,,2026-07-28T16:42:23+00:00,success,0
KL,AMS,BKK,AMS,NL,BKK,TH,2026-10-01,2026-10-04,Summer,Economy,2,Eco-3,Flex,Economy Flex,+181.70 USD,1696.5,USD,Ubfly,FLEX,Snack; Soft drink; Change with Penalty; Uninterrupted return (up to the last 12 hours),Included,Included,Included,Included,Unknown,Unknown,Unknown,Unknown,Unknown,Unknown,Unknown,Unknown,Unknown,Unknown,Unknown,Unknown,Yes,,,2026-07-28T16:42:23+00:00,success,0
KL,AMS,BKK,AMS,NL,BKK,TH,2026-10-01,2026-10-04,Summer,Economy,3,Eco-4,Premium Light,Economy Lite,+714.23 USD,2229.03,USD,Ubfly,PREMLIGHT,Snack; Soft drink; Privileged check-in,Included,Included,Unknown,Included,Unknown,Included,Included,Unknown,Unknown,Unknown,Unknown,Unknown,Unknown,Unknown,Unknown,Unknown,Yes,,,2026-07-28T16:42:23+00:00,success,0
KL,AMS,BKK,AMS,NL,BKK,TH,2026-10-01,2026-10-04,Summer,Economy,4,Eco-5,Premium Standard,Economy Standard,+799.41 USD,2314.21,USD,Ubfly,PREMSTAND,Snack; Soft drink; Privileged check-in,Included,Included,Unknown,Included,Unknown,Included,Included,Unknown,Unknown,Unknown,Unknown,Unknown,Unknown,Unknown,Unknown,Unknown,Yes,,,2026-07-28T16:42:23+00:00,success,0
KL,AMS,BKK,AMS,NL,BKK,TH,2026-10-01,2026-10-04,Summer,Economy,5,Eco-6,Premium Flex,Economy Flex,+949.28 USD,2464.08,USD,Ubfly,PREMFLEX,Snack; Soft drink; Change with Penalty; Uninterrupted return (up to the last 12 hours); Privileged check-in,Included,Included,Included,Included,Unknown,Included,Included,Unknown,Unknown,Unknown,Unknown,Unknown,Unknown,Unknown,Unknown,Unknown,Yes,,,2026-07-28T16:42:23+00:00,success,0
KL,AMS,BKK,AMS,NL,BKK,TH,2026-10-01,2026-10-04,Summer,Economy,6,Eco-7,Economy Full Flex,Economy Flex,"+1,597.66 USD",3112.46,USD,Ubfly,FULLFLEX,Snack; Soft drink; Change with Penalty; Uninterrupted return (up to the last 12 hours),Included,Included,Included,Included,Unknown,Unknown,Unknown,Unknown,Unknown,Unknown,Unknown,Unknown,Unknown,Unknown,Unknown,Unknown,Yes,,,2026-07-28T16:42:23+00:00,success,0
KL,AMS,BKK,AMS,NL,BKK,TH,2026-10-01,2026-10-04,Summer,Economy,7,Eco-8,Premium,Economy Premium,"+2,717.25 USD",4232.05,USD,Ubfly,PREMIUM,Snack; Soft drink; Change with Penalty; Privileged check-in,Included,Included,Included,Included,Unknown,Included,Included,Unknown,Unknown,Unknown,Unknown,Unknown,Unknown,Unknown,Unknown,Unknown,Yes,,,2026-07-28T16:42:23+00:00,success,0
KL,AMS,BKK,AMS,NL,BKK,TH,2026-10-01,2026-10-04,Summer,Business,0,Bus-1,Business Light,Business Lite,0.00 USD,3380.86,USD,Ubfly,BIZLIGHT,Snack; Soft drink; Privileged check-in,Included,Included,Unknown,Included,Unknown,Included,Included,Unknown,Unknown,Unknown,Unknown,Unknown,Unknown,Unknown,Unknown,Unknown,Yes,,,2026-07-28T16:42:23+00:00,success,0
KL,AMS,BKK,AMS,NL,BKK,TH,2026-10-01,2026-10-04,Summer,Business,1,Bus-2,Business Standart,Business — Business Standart,+113.57 USD,3494.43,USD,Ubfly,BIZSTAND,Snack; Soft drink; Privileged check-in,Included,Included,Unknown,Included,Included,Included,Included,Unknown,Unknown,Unknown,Unknown,Unknown,Unknown,Unknown,Unknown,Unknown,Yes,,,2026-07-28T16:42:23+00:00,success,0
KL,AMS,BKK,AMS,NL,BKK,TH,2026-10-01,2026-10-04,Summer,Business,2,Bus-3,Business Flex,Business Flex,+312.27 USD,3693.13,USD,Ubfly,BIZFLEX,Snack; Soft drink; Change with Penalty; Uninterrupted return (up to the last 12 hours); Privileged check-in,Included,Included,Included,Included,Included,Included,Included,Unknown,Unknown,Unknown,Unknown,Unknown,Unknown,Unknown,Unknown,Unknown,Yes,,,2026-07-28T16:42:23+00:00,success,0
KL,AMS,BKK,AMS,NL,BKK,TH,2026-10-01,2026-10-04,Summer,Business,3,Bus-4,Business,Business — Business,"+4,493.17 USD",7874.03,USD,Ubfly,BUSINESS,Snack; Soft drink; Change with Penalty; Privileged check-in,Included,Included,Included,Included,Included,Included,Included,Unknown,Unknown,Unknown,Unknown,Unknown,Unknown,Unknown,Unknown,Unknown,Yes,,,2026-07-28T16:42:23+00:00,success,0
KL,AMS,BKK,AMS,NL,BKK,TH,2026-12-29,2027-01-01,Winter,Economy,0,Eco-1,Light,Economy Lite,0.00 USD,1545.04,USD,Ubfly,LIGHT,Snack; Soft drink,Included,Not Included,Unknown,Included,Unknown,Unknown,Unknown,Unknown,Unknown,Unknown,Unknown,Unknown,Unknown,Unknown,Unknown,Unknown,Yes,,,2026-07-28T16:42:23+00:00,success,0
KL,AMS,BKK,AMS,NL,BKK,TH,2026-12-29,2027-01-01,Winter,Economy,1,Eco-2,Standard,Economy Standard,+79.49 USD,1624.53,USD,Ubfly,STANDARD,Snack; Soft drink,Included,Included,Unknown,Included,Unknown,Unknown,Unknown,Unknown,Unknown,Unknown,Unknown,Unknown,Unknown,Unknown,Unknown,Unknown,Yes,,,2026-07-28T16:42:23+00:00,success,0
KL,AMS,BKK,AMS,NL,BKK,TH,2026-12-29,2027-01-01,Winter,Economy,2,Eco-3,Flex,Economy Flex,+181.70 USD,1726.74,USD,Ubfly,FLEX,Snack; Soft drink; Change with Penalty; Uninterrupted return (up to the last 12 hours),Included,Included,Included,Included,Unknown,Unknown,Unknown,Unknown,Unknown,Unknown,Unknown,Unknown,Unknown,Unknown,Unknown,Unknown,Yes,,,2026-07-28T16:42:23+00:00,success,0
KL,AMS,BKK,AMS,NL,BKK,TH,2026-12-29,2027-01-01,Winter,Economy,3,Eco-4,Premium Light,Economy Lite,+714.23 USD,2259.27,USD,Ubfly,PREMLIGHT,Snack; Soft drink; Privileged check-in,Included,Included,Unknown,Included,Unknown,Included,Included,Unknown,Unknown,Unknown,Unknown,Unknown,Unknown,Unknown,Unknown,Unknown,Yes,,,2026-07-28T16:42:23+00:00,success,0
KL,AMS,BKK,AMS,NL,BKK,TH,2026-12-29,2027-01-01,Winter,Economy,4,Eco-5,Premium Standard,Economy Standard,+799.41 USD,2344.45,USD,Ubfly,PREMSTAND,Snack; Soft drink; Privileged check-in,Included,Included,Unknown,Included,Unknown,Included,Included,Unknown,Unknown,Unknown,Unknown,Unknown,Unknown,Unknown,Unknown,Unknown,Yes,,,2026-07-28T16:42:23+00:00,success,0
KL,AMS,BKK,AMS,NL,BKK,TH,2026-12-29,2027-01-01,Winter,Economy,5,Eco-6,Premium Flex,Economy Flex,+949.28 USD,2494.32,USD,Ubfly,PREMFLEX,Snack; Soft drink; Change with Penalty; Uninterrupted return (up to the last 12 hours); Privileged check-in,Included,Included,Included,Included,Unknown,Included,Included,Unknown,Unknown,Unknown,Unknown,Unknown,Unknown,Unknown,Unknown,Unknown,Yes,,,2026-07-28T16:42:23+00:00,success,0
KL,AMS,BKK,AMS,NL,BKK,TH,2026-12-29,2027-01-01,Winter,Economy,6,Eco-7,Economy Full Flex,Economy Flex,"+1,597.66 USD",3142.7,USD,Ubfly,FULLFLEX,Snack; Soft drink; Change with Penalty; Uninterrupted return (up to the last 12 hours),Included,Included,Included,Included,Unknown,Unknown,Unknown,Unknown,Unknown,Unknown,Unknown,Unknown,Unknown,Unknown,Unknown,Unknown,Yes,,,2026-07-28T16:42:23+00:00,success,0
KL,AMS,BKK,AMS,NL,BKK,TH,2026-12-29,2027-01-01,Winter,Economy,7,Eco-8,Premium,Economy Premium,"+2,717.25 USD",4262.29,USD,Ubfly,PREMIUM,Snack; Soft drink; Change with Penalty; Privileged check-in,Included,Included,Included,Included,Unknown,Included,Included,Unknown,Unknown,Unknown,Unknown,Unknown,Unknown,Unknown,Unknown,Unknown,Yes,,,2026-07-28T16:42:23+00:00,success,0
KL,AMS,BKK,AMS,NL,BKK,TH,2026-12-29,2027-01-01,Winter,Business,0,Bus-1,Business Standart,Business — Business Standart,0.00 USD,5633.14,USD,Ubfly,BIZSTAND,Snack; Soft drink; Privileged check-in,Included,Included,Unknown,Included,Included,Included,Included,Unknown,Unknown,Unknown,Unknown,Unknown,Unknown,Unknown,Unknown,Unknown,Yes,,,2026-07-28T16:42:23+00:00,success,0
KL,AMS,BKK,AMS,NL,BKK,TH,2026-12-29,2027-01-01,Winter,Business,1,Bus-2,Business Flex,Business Flex,+340.66 USD,5973.8,USD,Ubfly,BIZFLEX,Snack; Soft drink; Change with Penalty; Uninterrupted return (up to the last 12 hours); Privileged check-in,Included,Included,Included,Included,Included,Included,Included,Unknown,Unknown,Unknown,Unknown,Unknown,Unknown,Unknown,Unknown,Unknown,Yes,,,2026-07-28T16:42:23+00:00,success,0
KL,AMS,BKK,AMS,NL,BKK,TH,2026-12-29,2027-01-01,Winter,Business,2,Bus-3,Business,Business — Business,"+2,315.29 USD",7948.43,USD,Ubfly,BUSINESS,Snack; Soft drink; Change with Penalty; Privileged check-in,Included,Included,Included,Included,Included,Included,Included,Unknown,Unknown,Unknown,Unknown,Unknown,Unknown,Unknown,Unknown,Unknown,Yes,,,2026-07-28T16:42:23+00:00,success,0
EK,AMS,BKK,AMS,NL,BKK,TH,2026-10-01,2026-10-04,Summer,Economy,0,Eco-1,Economy Flex,Economy Flex,0.00 USD,893.72,USD,Ubfly,ECOFLEX,Soft drink; In-flight entertainment,Included,Included,Unknown,Included,Unknown,Unknown,Unknown,Unknown,Unknown,Unknown,Unknown,Unknown,Unknown,Unknown,Unknown,Unknown,Yes,,70.0,2026-07-28T16:42:23+00:00,success,0
EK,AMS,BKK,AMS,NL,BKK,TH,2026-10-01,2026-10-04,Summer,Economy,1,Eco-2,Economy Flex Plus,Economy Comfort,"+1,046.93 USD",1940.65,USD,Ubfly,ECOFLXPLUS,Soft drink; In-flight entertainment; Uninterrupted return (up to the last 12 hours); Change with Penalty,Included,Included,Unknown,Included,Unknown,Unknown,Unknown,Unknown,Unknown,Unknown,Unknown,Unknown,Unknown,Unknown,Unknown,Unknown,Yes,,100.0,2026-07-28T16:42:23+00:00,success,0
EK,AMS,BKK,AMS,NL,BKK,TH,2026-10-01,2026-10-04,Summer,Premium Economy,0,PEco-1,Premium Economy Flex Plus,Premium Economy Comfort,"+1,204.76 USD",2098.48,USD,Ubfly,PYFLXPLUS,Soft drink; In-flight entertainment; Uninterrupted return (up to the last 12 hours); Change with Penalty,Included,Included,Included,Included,Unknown,Unknown,Unknown,Unknown,Unknown,Unknown,Unknown,Unknown,Unknown,Unknown,Unknown,Unknown,Yes,,,2026-07-28T16:42:23+00:00,success,0
EK,AMS,BKK,AMS,NL,BKK,TH,2026-10-01,2026-10-04,Summer,Business,0,Bus-1,Business Flex,Business Flex,0.00 USD,2888.8,USD,Ubfly,BSFLEX,Soft drink; Premium check-in; In-flight entertainment; Chauffeur Drive; Internet Access,Included,Included,Included,Included,Included,Included,Included,Unknown,Unknown,Unknown,Unknown,Unknown,Unknown,Unknown,Unknown,Unknown,Yes,,175.0,2026-07-28T16:42:23+00:00,success,0
EK,AMS,BKK,AMS,NL,BKK,TH,2026-10-01,2026-10-04,Summer,Business,1,Bus-2,Business Flex Plus,Business Comfort,+842.53 USD,3731.33,USD,Ubfly,BSFLXPLUS,Premium check-in; Soft drink; In-flight entertainment; Chauffeur Drive; Internet Access; Uninterrupted return (up to the last 12 hours); Change with Penalty,Included,Included,Included,Included,Included,Included,Included,Unknown,Unknown,Unknown,Unknown,Unknown,Unknown,Unknown,Unknown,Unknown,Yes,,190.0,2026-07-28T16:42:23+00:00,success,0
EK,AMS,BKK,AMS,NL,BKK,TH,2026-12-29,2027-01-01,Winter,Economy,0,Eco-1,Economy Flex,Economy Flex,0.00 USD,1110.62,USD,Ubfly,ECOFLEX,Soft drink; In-flight entertainment,Included,Included,Unknown,Included,Unknown,Unknown,Unknown,Unknown,Unknown,Unknown,Unknown,Unknown,Unknown,Unknown,Unknown,Unknown,Yes,,70.0,2026-07-28T16:42:23+00:00,success,0
EK,AMS,BKK,AMS,NL,BKK,TH,2026-12-29,2027-01-01,Winter,Economy,1,Eco-2,Economy Flex Plus,Economy Comfort,+886.81 USD,1997.43,USD,Ubfly,ECOFLXPLUS,Soft drink; In-flight entertainment; Uninterrupted return (up to the last 12 hours); Change with Penalty,Included,Included,Unknown,Included,Unknown,Unknown,Unknown,Unknown,Unknown,Unknown,Unknown,Unknown,Unknown,Unknown,Unknown,Unknown,Yes,,100.0,2026-07-28T16:42:23+00:00,success,0
EK,AMS,BKK,AMS,NL,BKK,TH,2026-12-29,2027-01-01,Winter,Premium Economy,0,PEco-1,Premium Economy Flex Plus,Premium Economy Comfort,"+2,088.17 USD",3198.79,USD,Ubfly,PYFLXPLUS,Soft drink; In-flight entertainment; Uninterrupted return (up to the last 12 hours); Change with Penalty,Included,Included,Included,Included,Unknown,Unknown,Unknown,Unknown,Unknown,Unknown,Unknown,Unknown,Unknown,Unknown,Unknown,Unknown,Yes,,,2026-07-28T16:42:23+00:00,success,0
EK,AMS,BKK,AMS,NL,BKK,TH,2026-12-29,2027-01-01,Winter,Business,0,Bus-1,Business Flex,Business Flex,0.00 USD,2888.8,USD,Ubfly,BSFLEX,Soft drink; Premium check-in; In-flight entertainment; Chauffeur Drive; Internet Access,Included,Included,Included,Included,Included,Included,Included,Unknown,Unknown,Unknown,Unknown,Unknown,Unknown,Unknown,Unknown,Unknown,Yes,,175.0,2026-07-28T16:42:23+00:00,success,0
EK,AMS,BKK,AMS,NL,BKK,TH,2026-12-29,2027-01-01,Winter,Business,1,Bus-2,Business Flex Plus,Business Comfort,+842.53 USD,3731.33,USD,Ubfly,BSFLXPLUS,Premium check-in; Soft drink; In-flight entertainment; Chauffeur Drive; Internet Access; Uninterrupted return (up to the last 12 hours); Change with Penalty,Included,Included,Included,Included,Included,Included,Included,Unknown,Unknown,Unknown,Unknown,Unknown,Unknown,Unknown,Unknown,Unknown,Yes,,190.0,2026-07-28T16:42:23+00:00,success,0
QR,AMS,BKK,AMS,NL,BKK,TH,2026-10-01,2026-10-04,Summer,Economy,0,Eco-1,Economy Classic,Economy Standard,0.00 USD,776.56,USD,Ubfly,ECLASSIC,,Included,Included,Unknown,Included,Unknown,Unknown,Unknown,Unknown,Unknown,Unknown,Unknown,Unknown,Unknown,Unknown,Unknown,Unknown,Yes,,50.0,2026-07-28T16:42:23+00:00,success,0
QR,AMS,BKK,AMS,NL,BKK,TH,2026-10-01,2026-10-04,Summer,Economy,1,Eco-2,Economy Convenience,Economy — Economy Convenience,+54.52 USD,831.08,USD,Ubfly,ECONVENIEN,,Included,Included,Included,Included,Unknown,Unknown,Unknown,Unknown,Unknown,Unknown,Unknown,Unknown,Unknown,Unknown,Unknown,Unknown,Yes,,75.0,2026-07-28T16:42:23+00:00,success,0
QR,AMS,BKK,AMS,NL,BKK,TH,2026-10-01,2026-10-04,Summer,Economy,2,Eco-3,Economy Comfort,Economy Comfort,+493.95 USD,1270.51,USD,Ubfly,ECOMFORT,Uninterrupted return (up to the last 12 hours); Change with Penalty,Included,Included,Included,Included,Unknown,Unknown,Unknown,Unknown,Unknown,Unknown,Unknown,Unknown,Unknown,Unknown,Unknown,Unknown,Yes,,100.0,2026-07-28T16:42:23+00:00,success,0
QR,AMS,BKK,AMS,NL,BKK,TH,2026-10-01,2026-10-04,Summer,Business,0,Bus-1,Business Comfort,Business Comfort,0.00 USD,2864.48,USD,Ubfly,BCOMFORT,175 PCT QMILES ACCUMULATION(F),Included,Included,Included,Included,Included,Unknown,Unknown,Unknown,Unknown,Unknown,Unknown,Unknown,Unknown,Unknown,Unknown,Unknown,,,,2026-07-28T16:42:23+00:00,success,0
QR,AMS,BKK,AMS,NL,BKK,TH,2026-10-01,2026-10-04,Summer,Business,1,Bus-2,Business Elite,Business Lite,+674.50 USD,3538.98,USD,Ubfly,BELITE,200 PCT QMILES ACCUMULATION(F); Uninterrupted return (up to the last 12 hours); Change with Penalty,Included,Included,Included,Included,Included,Unknown,Unknown,Unknown,Unknown,Unknown,Unknown,Unknown,Unknown,Unknown,Unknown,Unknown,,,,2026-07-28T16:42:23+00:00,success,0
QR,AMS,BKK,AMS,NL,BKK,TH,2026-12-29,2027-01-01,Winter,Economy,0,Eco-1,Economy Convenience,Economy — Economy Convenience,0.00 USD,927.58,USD,Ubfly,ECONVENIEN,,Included,Included,Included,Included,Unknown,Unknown,Unknown,Unknown,Unknown,Unknown,Unknown,Unknown,Unknown,Unknown,Unknown,Unknown,Yes,,75.0,2026-07-28T16:42:23+00:00,success,0
QR,AMS,BKK,AMS,NL,BKK,TH,2026-12-29,2027-01-01,Winter,Economy,1,Eco-2,Economy Comfort,Economy Comfort,+528.01 USD,1455.59,USD,Ubfly,ECOMFORT,Uninterrupted return (up to the last 12 hours); Change with Penalty,Included,Included,Included,Included,Unknown,Unknown,Unknown,Unknown,Unknown,Unknown,Unknown,Unknown,Unknown,Unknown,Unknown,Unknown,Yes,,100.0,2026-07-28T16:42:23+00:00,success,0
QR,AMS,BKK,AMS,NL,BKK,TH,2026-12-29,2027-01-01,Winter,Business,0,Bus-1,Business Comfort,Business Comfort,0.00 USD,2427.0,USD,Ubfly,BCOMFORT,175 PCT QMILES ACCUMULATION(F),Included,Included,Included,Included,Included,Unknown,Unknown,Unknown,Unknown,Unknown,Unknown,Unknown,Unknown,Unknown,Unknown,Unknown,,,,2026-07-28T16:42:23+00:00,success,0
QR,AMS,BKK,AMS,NL,BKK,TH,2026-12-29,2027-01-01,Winter,Business,1,Bus-2,Business Elite,Business Lite,"+1,109.39 USD",3536.39,USD,Ubfly,BELITE,200 PCT QMILES ACCUMULATION(F); Uninterrupted return (up to the last 12 hours); Change with Penalty,Included,Included,Included,Included,Included,Unknown,Unknown,Unknown,Unknown,Unknown,Unknown,Unknown,Unknown,Unknown,Unknown,Unknown,,,,2026-07-28T16:42:23+00:00,success,0
SQ,SIN,LHR,SIN,SG,LON,GB,2026-10-01,2026-10-04,Summer,Economy,0,Eco-1,Basic,Economy Basic,0.00 USD,514.21,USD,Ubfly,ECOCMFT,,Included,Included,Unknown,Unknown,Unknown,Unknown,Unknown,Unknown,Unknown,Unknown,Unknown,Unknown,Unknown,Unknown,Unknown,Unknown,,,,2026-07-28T16:42:23+00:00,partial,0
SQ,SIN,LHR,SIN,SG,LON,GB,2026-11-06,2026-11-09,Winter,Economy,0,Eco-1,Basic,Economy Basic,0.00 USD,1014.82,USD,Ubfly,YCLVALUE,,Included,Included,Unknown,Unknown,Unknown,Unknown,Unknown,Unknown,Unknown,Unknown,Unknown,Unknown,Unknown,Unknown,Unknown,Unknown,,,,2026-07-28T16:42:23+00:00,partial,0
BA,SIN,LHR,SIN,SG,LON,GB,2026-10-01,2026-10-04,Summer,Economy,0,Eco-1,Basic,Economy Basic,0.00 USD,869.74,USD,Ubfly,NOBAG,Personal Item: 40 x 30 x 15 cm,Included,Not Included,Unknown,Included,Unknown,Unknown,Unknown,Unknown,Unknown,Unknown,Unknown,Unknown,Unknown,Unknown,Unknown,Unknown,,,,2026-07-28T16:42:23+00:00,partial,0
BA,SIN,LHR,SIN,SG,LON,GB,2026-10-01,2026-10-04,Summer,Economy,1,Eco-2,Economy Basic,Economy Basic,+36.68 USD,906.42,USD,Ubfly,BAG,Personal Item: 40 x 30 x 15 cm; 1 Piece Luggage (23 Kg),Included,Included,Unknown,Included,Unknown,Unknown,Unknown,Unknown,Unknown,Unknown,Unknown,Unknown,Unknown,Unknown,Unknown,Unknown,,,,2026-07-28T16:42:23+00:00,partial,0
BA,SIN,LHR,SIN,SG,LON,GB,2026-10-01,2026-10-04,Summer,Economy,2,Eco-3,Plus Select,Economy Comfort,+164.88 USD,1034.62,USD,Ubfly,ECONSEL,Personal Item: 40 x 30 x 15 cm; 1 Piece Luggage (23 Kg); Change without penalty before flight,Included,Included,Unknown,Included,Unknown,Unknown,Unknown,Unknown,Included,Unknown,Unknown,Unknown,Unknown,Unknown,Unknown,Unknown,,,,2026-07-28T16:42:23+00:00,partial,0
BA,SIN,LHR,SIN,SG,LON,GB,2026-10-01,2026-10-04,Summer,Economy,3,Eco-4,Economy Pro,Economy — Economy Pro,+230.68 USD,1100.42,USD,Ubfly,ECONPRO,Personal Item: 40 x 30 x 15 cm; 1 Piece Luggage (23 Kg); Change without penalty before flight,Included,Included,Included,Included,Unknown,Unknown,Unknown,Included,Included,Unknown,Unknown,Unknown,Unknown,Unknown,Unknown,Unknown,,,,2026-07-28T16:42:23+00:00,partial,0
BA,SIN,LHR,SIN,SG,LON,GB,2026-10-01,2026-10-04,Summer,Economy,4,Eco-5,Plus Flex,Economy Comfort,"+1,749.44 USD",2619.18,USD,Ubfly,ECONFLEX,Personal Item: 40 x 30 x 15 cm; 1 Piece Luggage (23 Kg); Change without penalty before flight,Included,Included,Included,Included,Unknown,Unknown,Unknown,Included,Included,Unknown,Unknown,Unknown,Unknown,Unknown,Unknown,Unknown,,,,2026-07-28T16:42:23+00:00,partial,0
BA,SIN,LHR,SIN,SG,LON,GB,2026-10-01,2026-10-04,Summer,Premium Economy,0,PEco-1,PREMECON,Premium Economy — PREMECON,"+1,467.31 USD",2337.05,USD,Ubfly,PREMECON,Personal Item: 40 x 30 x 15 cm,Included,Included,Unknown,Included,Unknown,Unknown,Unknown,Unknown,Unknown,Unknown,Unknown,Unknown,Unknown,Unknown,Unknown,Unknown,,,,2026-07-28T16:42:23+00:00,partial,0
BA,SIN,LHR,SIN,SG,LON,GB,2026-10-01,2026-10-04,Summer,Premium Economy,1,PEco-2,PESEL,Premium Economy — PESEL,"+1,598.91 USD",2468.65,USD,Ubfly,PESEL,Personal Item: 40 x 30 x 15 cm; Change without penalty before flight,Included,Included,Unknown,Included,Unknown,Unknown,Unknown,Unknown,Included,Unknown,Unknown,Unknown,Unknown,Unknown,Unknown,Unknown,,,,2026-07-28T16:42:23+00:00,partial,0
BA,SIN,LHR,SIN,SG,LON,GB,2026-10-01,2026-10-04,Summer,Premium Economy,2,PEco-3,PEPRO,Premium Economy — PEPRO,"+1,699.53 USD",2569.27,USD,Ubfly,PEPRO,Personal Item: 40 x 30 x 15 cm; Change without penalty before flight,Included,Included,Included,Included,Unknown,Unknown,Unknown,Included,Included,Unknown,Unknown,Unknown,Unknown,Unknown,Unknown,Unknown,,,,2026-07-28T16:42:23+00:00,partial,0
BA,SIN,LHR,SIN,SG,LON,GB,2026-10-01,2026-10-04,Summer,Premium Economy,3,PEco-4,PEFLEX,Premium Economy Flex,"+3,219.07 USD",4088.81,USD,Ubfly,PEFLEX,Personal Item: 40 x 30 x 15 cm; Change without penalty before flight,Included,Included,Included,Included,Unknown,Unknown,Unknown,Included,Included,Unknown,Unknown,Unknown,Unknown,Unknown,Unknown,Unknown,,,,2026-07-28T16:42:23+00:00,partial,0
BA,SIN,LHR,SIN,SG,LON,GB,2026-10-01,2026-10-04,Summer,Business,0,Bus-1,Business,Business — Business,0.00 USD,6328.78,USD,Ubfly,BUSINESS,Personal Item: 40 x 30 x 15 cm; Dedicated check-in area,Included,Included,Unknown,Included,Included,Unknown,Included,Unknown,Unknown,Unknown,Unknown,Unknown,Unknown,Unknown,Unknown,Unknown,,,,2026-07-28T16:42:23+00:00,partial,0
BA,SIN,LHR,SIN,SG,LON,GB,2026-10-01,2026-10-04,Summer,Business,1,Bus-2,Business Plus Select,Business Comfort,+464.46 USD,6793.24,USD,Ubfly,BIZSEL,Personal Item: 40 x 30 x 15 cm; Dedicated check-in area; Change without penalty before flight,Included,Included,Included,Included,Included,Unknown,Included,Unknown,Included,Unknown,Unknown,Unknown,Unknown,Unknown,Unknown,Unknown,,,,2026-07-28T16:42:23+00:00,partial,0
BA,SIN,LHR,SIN,SG,LON,GB,2026-10-01,2026-10-04,Summer,Business,2,Bus-3,Business Pro,Business — Business Pro,+727.65 USD,7056.43,USD,Ubfly,BIZPRO,Personal Item: 40 x 30 x 15 cm; Dedicated check-in area; Change without penalty before flight,Included,Included,Included,Included,Included,Unknown,Included,Included,Included,Unknown,Unknown,Unknown,Unknown,Unknown,Unknown,Unknown,,,,2026-07-28T16:42:23+00:00,partial,0
BA,SIN,LHR,SIN,SG,LON,GB,2026-10-01,2026-10-04,Summer,Business,3,Bus-4,Business Flex,Business Flex,"+3,940.11 USD",10268.89,USD,Ubfly,BIZFLEX,Personal Item: 40 x 30 x 15 cm; Dedicated check-in area; Change without penalty before flight,Included,Included,Included,Included,Included,Unknown,Included,Included,Included,Unknown,Unknown,Unknown,Unknown,Unknown,Unknown,Unknown,,,,2026-07-28T16:42:23+00:00,partial,0
BA,SIN,LHR,SIN,SG,LON,GB,2026-11-06,2026-11-09,Winter,Economy,0,Eco-1,Basic,Economy Basic,0.00 USD,869.74,USD,Ubfly,NOBAG,Personal Item: 40 x 30 x 15 cm,Included,Not Included,Unknown,Included,Unknown,Unknown,Unknown,Unknown,Unknown,Unknown,Unknown,Unknown,Unknown,Unknown,Unknown,Unknown,,,,2026-07-28T16:42:23+00:00,partial,0
BA,SIN,LHR,SIN,SG,LON,GB,2026-11-06,2026-11-09,Winter,Economy,1,Eco-2,Economy Basic,Economy Basic,+36.68 USD,906.42,USD,Ubfly,BAG,Personal Item: 40 x 30 x 15 cm; 1 Piece Luggage (23 Kg),Included,Included,Unknown,Included,Unknown,Unknown,Unknown,Unknown,Unknown,Unknown,Unknown,Unknown,Unknown,Unknown,Unknown,Unknown,,,,2026-07-28T16:42:23+00:00,partial,0
BA,SIN,LHR,SIN,SG,LON,GB,2026-11-06,2026-11-09,Winter,Economy,2,Eco-3,Plus Select,Economy Comfort,+164.88 USD,1034.62,USD,Ubfly,ECONSEL,Personal Item: 40 x 30 x 15 cm; 1 Piece Luggage (23 Kg); Change without penalty before flight,Included,Included,Unknown,Included,Unknown,Unknown,Unknown,Unknown,Included,Unknown,Unknown,Unknown,Unknown,Unknown,Unknown,Unknown,,,,2026-07-28T16:42:23+00:00,partial,0
BA,SIN,LHR,SIN,SG,LON,GB,2026-11-06,2026-11-09,Winter,Economy,3,Eco-4,Economy Pro,Economy — Economy Pro,+230.68 USD,1100.42,USD,Ubfly,ECONPRO,Personal Item: 40 x 30 x 15 cm; 1 Piece Luggage (23 Kg); Change without penalty before flight,Included,Included,Included,Included,Unknown,Unknown,Unknown,Included,Included,Unknown,Unknown,Unknown,Unknown,Unknown,Unknown,Unknown,,,,2026-07-28T16:42:23+00:00,partial,0
BA,SIN,LHR,SIN,SG,LON,GB,2026-11-06,2026-11-09,Winter,Economy,4,Eco-5,Plus Flex,Economy Comfort,"+1,749.44 USD",2619.18,USD,Ubfly,ECONFLEX,Personal Item: 40 x 30 x 15 cm; 1 Piece Luggage (23 Kg); Change without penalty before flight,Included,Included,Included,Included,Unknown,Unknown,Unknown,Included,Included,Unknown,Unknown,Unknown,Unknown,Unknown,Unknown,Unknown,,,,2026-07-28T16:42:23+00:00,partial,0
BA,SIN,LHR,SIN,SG,LON,GB,2026-11-06,2026-11-09,Winter,Premium Economy,0,PEco-1,PREMECON,Premium Economy — PREMECON,"+1,467.31 USD",2337.05,USD,Ubfly,PREMECON,Personal Item: 40 x 30 x 15 cm,Included,Included,Unknown,Included,Unknown,Unknown,Unknown,Unknown,Unknown,Unknown,Unknown,Unknown,Unknown,Unknown,Unknown,Unknown,,,,2026-07-28T16:42:23+00:00,partial,0
BA,SIN,LHR,SIN,SG,LON,GB,2026-11-06,2026-11-09,Winter,Premium Economy,1,PEco-2,PESEL,Premium Economy — PESEL,"+1,598.91 USD",2468.65,USD,Ubfly,PESEL,Personal Item: 40 x 30 x 15 cm; Change without penalty before flight,Included,Included,Unknown,Included,Unknown,Unknown,Unknown,Unknown,Included,Unknown,Unknown,Unknown,Unknown,Unknown,Unknown,Unknown,,,,2026-07-28T16:42:23+00:00,partial,0
BA,SIN,LHR,SIN,SG,LON,GB,2026-11-06,2026-11-09,Winter,Premium Economy,2,PEco-3,PEPRO,Premium Economy — PEPRO,"+1,699.53 USD",2569.27,USD,Ubfly,PEPRO,Personal Item: 40 x 30 x 15 cm; Change without penalty before flight,Included,Included,Included,Included,Unknown,Unknown,Unknown,Included,Included,Unknown,Unknown,Unknown,Unknown,Unknown,Unknown,Unknown,,,,2026-07-28T16:42:23+00:00,partial,0
BA,SIN,LHR,SIN,SG,LON,GB,2026-11-06,2026-11-09,Winter,Premium Economy,3,PEco-4,PEFLEX,Premium Economy Flex,"+3,219.07 USD",4088.81,USD,Ubfly,PEFLEX,Personal Item: 40 x 30 x 15 cm; Change without penalty before flight,Included,Included,Included,Included,Unknown,Unknown,Unknown,Included,Included,Unknown,Unknown,Unknown,Unknown,Unknown,Unknown,Unknown,,,,2026-07-28T16:42:23+00:00,partial,0
BA,SIN,LHR,SIN,SG,LON,GB,2026-11-06,2026-11-09,Winter,Business,0,Bus-1,Business,Business — Business,0.00 USD,4896.5,USD,Ubfly,BUSINESS,Personal Item: 40 x 30 x 15 cm; Dedicated check-in area,Included,Included,Unknown,Included,Included,Unknown,Included,Unknown,Unknown,Unknown,Unknown,Unknown,Unknown,Unknown,Unknown,Unknown,,,,2026-07-28T16:42:23+00:00,partial,0
BA,SIN,LHR,SIN,SG,LON,GB,2026-11-06,2026-11-09,Winter,Business,1,Bus-2,Business Plus Select,Business Comfort,+464.46 USD,5360.96,USD,Ubfly,BIZSEL,Personal Item: 40 x 30 x 15 cm; Dedicated check-in area; Change without penalty before flight,Included,Included,Included,Included,Included,Unknown,Included,Unknown,Included,Unknown,Unknown,Unknown,Unknown,Unknown,Unknown,Unknown,,,,2026-07-28T16:42:23+00:00,partial,0
BA,SIN,LHR,SIN,SG,LON,GB,2026-11-06,2026-11-09,Winter,Business,2,Bus-3,Business Pro,Business — Business Pro,+727.65 USD,5624.15,USD,Ubfly,BIZPRO,Personal Item: 40 x 30 x 15 cm; Dedicated check-in area; Change without penalty before flight,Included,Included,Included,Included,Included,Unknown,Included,Included,Included,Unknown,Unknown,Unknown,Unknown,Unknown,Unknown,Unknown,,,,2026-07-28T16:42:23+00:00,partial,0
BA,SIN,LHR,SIN,SG,LON,GB,2026-11-06,2026-11-09,Winter,Business,3,Bus-4,Business Flex,Business Flex,"+5,344.31 USD",10240.81,USD,Ubfly,BIZFLEX,Personal Item: 40 x 30 x 15 cm; Dedicated check-in area; Change without penalty before flight,Included,Included,Included,Included,Included,Unknown,Included,Included,Included,Unknown,Unknown,Unknown,Unknown,Unknown,Unknown,Unknown,,,,2026-07-28T16:42:23+00:00,partial,0
QF,SIN,LHR,SIN,SG,LON,GB,2026-10-01,2026-10-04,Summer,Economy,0,Eco-1,Economy Saver,Economy Basic,0.00 USD,855.11,USD,Ubfly,ECSV,1. Changes:; · At any time; · Permitted with a change fee. Please refer to the fare rules for the applicable change fees.; · New fare must be of equal or higher value; 2. Name changes:; · Name change is not permitted; 4.Qantas Frequent Flyer benefits:; · Qantas Points and Status credits may be earned on this fare and will be calculated on each Segment; 5. Inclusions on Qantas operated flights:; · Complimentary in-flight entertainment where available; Classic Upgrade Rewards may be eligible on this fare on Qantas Operated flights,Included,Included,Included,Included,Paid,Unknown,Unknown,Included,Not Included,Unknown,Unknown,Unknown,Unknown,Unknown,Unknown,Unknown,,,,2026-07-28T16:42:23+00:00,partial,0
QF,SIN,LHR,SIN,SG,LON,GB,2026-10-01,2026-10-04,Summer,Economy,1,Eco-2,Economy Flex,Economy Flex,+808.08 USD,1663.19,USD,Ubfly,ECFL,1. Changes:; · At any time; · Change is permitted.; · New fare must be of equal or higher value; 2. Name changes:; · Name change is not permitted; 4.Qantas Frequent Flyer benefits:; · Qantas Points and Status credits may be earned on this fare and will be calculated on each Segment; 5. Inclusions on Qantas operated flights:; · Complimentary in-flight entertainment where available; Classic Upgrade Rewards may be eligible on this fare on Qantas Operated flights,Included,Included,Included,Included,Paid,Unknown,Unknown,Included,Not Included,Unknown,Unknown,Unknown,Unknown,Unknown,Unknown,Unknown,,,,2026-07-28T16:42:23+00:00,partial,0
QF,SIN,LHR,SIN,SG,LON,GB,2026-10-01,2026-10-04,Summer,Premium Economy,0,PEco-1,Premium Economy Saver,Premium Economy Basic,"+1,831.57 USD",2686.68,USD,Ubfly,PYSV,1. Changes:; · At any time; · Permitted with a change fee. Please refer to the fare rules for the applicable change fees.; · New fare must be of equal or higher value; 2. Name changes:; · Name change is not permitted; 4.Qantas Frequent Flyer benefits:; · Qantas Points and Status credits may be earned on this fare and will be calculated on each Segment; 5. Inclusions on Qantas operated flights:; · Complimentary in-flight entertainment where available; Classic Upgrade Rewards may be eligible on this fare on Qantas Operated flights,Included,Included,Included,Included,Paid,Unknown,Unknown,Included,Not Included,Unknown,Unknown,Unknown,Unknown,Unknown,Unknown,Unknown,,,,2026-07-28T16:42:23+00:00,partial,0
QF,SIN,LHR,SIN,SG,LON,GB,2026-10-01,2026-10-04,Summer,Premium Economy,1,PEco-2,Premium Economy Flex,Premium Economy Flex,"+2,385.05 USD",3240.16,USD,Ubfly,PYFL,1. Changes:; · At any time; · Change is permitted.; · New fare must be of equal or higher value; 2. Name changes:; · Name change is not permitted; 4.Qantas Frequent Flyer benefits:; · Qantas Points and Status credits may be earned on this fare and will be calculated on each Segment; 5. Inclusions on Qantas operated flights:; · Complimentary in-flight entertainment where available; Classic Upgrade Rewards may be eligible on this fare on Qantas Operated flights,Included,Included,Included,Included,Paid,Unknown,Unknown,Included,Not Included,Unknown,Unknown,Unknown,Unknown,Unknown,Unknown,Unknown,,,,2026-07-28T16:42:23+00:00,partial,0
QF,SIN,LHR,SIN,SG,LON,GB,2026-11-06,2026-11-09,Winter,Economy,0,Eco-1,Economy Saver,Economy Basic,0.00 USD,855.11,USD,Ubfly,ECSV,1. Changes:; · At any time; · Permitted with a change fee. Please refer to the fare rules for the applicable change fees.; · New fare must be of equal or higher value; 2. Name changes:; · Name change is not permitted; 4.Qantas Frequent Flyer benefits:; · Qantas Points and Status credits may be earned on this fare and will be calculated on each Segment; 5. Inclusions on Qantas operated flights:; · Complimentary in-flight entertainment where available; Classic Upgrade Rewards may be eligible on this fare on Qantas Operated flights,Included,Included,Included,Included,Paid,Unknown,Unknown,Included,Not Included,Unknown,Unknown,Unknown,Unknown,Unknown,Unknown,Unknown,,,,2026-07-28T16:42:23+00:00,partial,0
QF,SIN,LHR,SIN,SG,LON,GB,2026-11-06,2026-11-09,Winter,Economy,1,Eco-2,Economy Flex,Economy Flex,+808.08 USD,1663.19,USD,Ubfly,ECFL,1. Changes:; · At any time; · Change is permitted.; · New fare must be of equal or higher value; 2. Name changes:; · Name change is not permitted; 4.Qantas Frequent Flyer benefits:; · Qantas Points and Status credits may be earned on this fare and will be calculated on each Segment; 5. Inclusions on Qantas operated flights:; · Complimentary in-flight entertainment where available; Classic Upgrade Rewards may be eligible on this fare on Qantas Operated flights,Included,Included,Included,Included,Paid,Unknown,Unknown,Included,Not Included,Unknown,Unknown,Unknown,Unknown,Unknown,Unknown,Unknown,,,,2026-07-28T16:42:23+00:00,partial,0
QF,SIN,LHR,SIN,SG,LON,GB,2026-11-06,2026-11-09,Winter,Premium Economy,0,PEco-1,Premium Economy Saver,Premium Economy Basic,"+1,831.57 USD",2686.68,USD,Ubfly,PYSV,1. Changes:; · At any time; · Permitted with a change fee. Please refer to the fare rules for the applicable change fees.; · New fare must be of equal or higher value; 2. Name changes:; · Name change is not permitted; 4.Qantas Frequent Flyer benefits:; · Qantas Points and Status credits may be earned on this fare and will be calculated on each Segment; 5. Inclusions on Qantas operated flights:; · Complimentary in-flight entertainment where available; Classic Upgrade Rewards may be eligible on this fare on Qantas Operated flights,Included,Included,Included,Included,Paid,Unknown,Unknown,Included,Not Included,Unknown,Unknown,Unknown,Unknown,Unknown,Unknown,Unknown,,,,2026-07-28T16:42:23+00:00,partial,0
QF,SIN,LHR,SIN,SG,LON,GB,2026-11-06,2026-11-09,Winter,Premium Economy,1,PEco-2,Premium Economy Flex,Premium Economy Flex,"+2,385.05 USD",3240.16,USD,Ubfly,PYFL,1. Changes:; · At any time; · Change is permitted.; · New fare must be of equal or higher value; 2. Name changes:; · Name change is not permitted; 4.Qantas Frequent Flyer benefits:; · Qantas Points and Status credits may be earned on this fare and will be calculated on each Segment; 5. Inclusions on Qantas operated flights:; · Complimentary in-flight entertainment where available; Classic Upgrade Rewards may be eligible on this fare on Qantas Operated flights,Included,Included,Included,Included,Paid,Unknown,Unknown,Included,Not Included,Unknown,Unknown,Unknown,Unknown,Unknown,Unknown,Unknown,,,,2026-07-28T16:42:23+00:00,partial,0
QR,SIN,LHR,SIN,SG,LON,GB,2026-10-01,2026-10-04,Summer,Economy,0,Eco-1,Economy Classic,Economy Standard,0.00 USD,484.43,USD,Ubfly,ECLASSIC,,Included,Included,Unknown,Included,Unknown,Unknown,Unknown,Unknown,Unknown,Unknown,Unknown,Unknown,Unknown,Unknown,Unknown,Unknown,Yes,,50.0,2026-07-28T16:42:23+00:00,success,0
QR,SIN,LHR,SIN,SG,LON,GB,2026-10-01,2026-10-04,Summer,Economy,1,Eco-2,Economy Convenience,Economy — Economy Convenience,+169.05 USD,653.48,USD,Ubfly,ECONVENIEN,,Included,Included,Included,Included,Unknown,Unknown,Unknown,Unknown,Unknown,Unknown,Unknown,Unknown,Unknown,Unknown,Unknown,Unknown,Yes,,75.0,2026-07-28T16:42:23+00:00,success,0
QR,SIN,LHR,SIN,SG,LON,GB,2026-10-01,2026-10-04,Summer,Economy,2,Eco-3,Economy Comfort,Economy Comfort,+656.41 USD,1140.84,USD,Ubfly,ECOMFORT,Uninterrupted return (up to the last 12 hours); Change with Penalty,Included,Included,Included,Included,Unknown,Unknown,Unknown,Unknown,Unknown,Unknown,Unknown,Unknown,Unknown,Unknown,Unknown,Unknown,Yes,,100.0,2026-07-28T16:42:23+00:00,success,0
QR,SIN,LHR,SIN,SG,LON,GB,2026-10-01,2026-10-04,Summer,Business,0,Bus-1,Business Comfort,Business Comfort,0.00 USD,3670.94,USD,Ubfly,BCOMFORT,175 PCT QMILES ACCUMULATION(F),Included,Included,Included,Included,Included,Unknown,Unknown,Unknown,Unknown,Unknown,Unknown,Unknown,Unknown,Unknown,Unknown,Unknown,,,,2026-07-28T16:42:23+00:00,success,0
QR,SIN,LHR,SIN,SG,LON,GB,2026-10-01,2026-10-04,Summer,Business,1,Bus-2,Business Elite,Business Lite,+660.29 USD,4331.23,USD,Ubfly,BELITE,200 PCT QMILES ACCUMULATION(F); Uninterrupted return (up to the last 12 hours); Change with Penalty,Included,Included,Included,Included,Included,Unknown,Unknown,Unknown,Unknown,Unknown,Unknown,Unknown,Unknown,Unknown,Unknown,Unknown,,,,2026-07-28T16:42:23+00:00,success,0
QR,SIN,LHR,SIN,SG,LON,GB,2026-11-06,2026-11-09,Winter,Economy,0,Eco-1,Economy Classic,Economy Standard,0.00 USD,617.05,USD,Ubfly,ECLASSIC,,Included,Included,Unknown,Included,Unknown,Unknown,Unknown,Unknown,Unknown,Unknown,Unknown,Unknown,Unknown,Unknown,Unknown,Unknown,Yes,,50.0,2026-07-28T16:42:23+00:00,success,0
QR,SIN,LHR,SIN,SG,LON,GB,2026-11-06,2026-11-09,Winter,Economy,1,Eco-2,Economy Convenience,Economy — Economy Convenience,+63.80 USD,680.85,USD,Ubfly,ECONVENIEN,,Included,Included,Included,Included,Unknown,Unknown,Unknown,Unknown,Unknown,Unknown,Unknown,Unknown,Unknown,Unknown,Unknown,Unknown,Yes,,75.0,2026-07-28T16:42:23+00:00,success,0
QR,SIN,LHR,SIN,SG,LON,GB,2026-11-06,2026-11-09,Winter,Economy,2,Eco-3,Economy Comfort,Economy Comfort,+551.16 USD,1168.21,USD,Ubfly,ECOMFORT,Uninterrupted return (up to the last 12 hours); Change with Penalty,Included,Included,Included,Included,Unknown,Unknown,Unknown,Unknown,Unknown,Unknown,Unknown,Unknown,Unknown,Unknown,Unknown,Unknown,Yes,,100.0,2026-07-28T16:42:23+00:00,success,0
QR,SIN,LHR,SIN,SG,LON,GB,2026-11-06,2026-11-09,Winter,Business,0,Bus-1,Business Classic,Business Standard,0.00 USD,2691.22,USD,Ubfly,BCLASSIC,125 PCT QMILES ACCUMULATION(F),Included,Included,Unknown,Included,Included,Unknown,Unknown,Unknown,Unknown,Unknown,Unknown,Unknown,Unknown,Unknown,Unknown,Unknown,,,,2026-07-28T16:42:23+00:00,success,0
QR,SIN,LHR,SIN,SG,LON,GB,2026-11-06,2026-11-09,Winter,Business,1,Bus-2,Business Comfort,Business Comfort,+707.51 USD,3398.73,USD,Ubfly,BCOMFORT,175 PCT QMILES ACCUMULATION(F),Included,Included,Included,Included,Included,Unknown,Unknown,Unknown,Unknown,Unknown,Unknown,Unknown,Unknown,Unknown,Unknown,Unknown,,,,2026-07-28T16:42:23+00:00,success,0
QR,SIN,LHR,SIN,SG,LON,GB,2026-11-06,2026-11-09,Winter,Business,2,Bus-3,Business Elite,Business Lite,"+1,792.79 USD",4484.01,USD,Ubfly,BELITE,200 PCT QMILES ACCUMULATION(F); Uninterrupted return (up to the last 12 hours); Change with Penalty,Included,Included,Included,Included,Included,Unknown,Unknown,Unknown,Unknown,Unknown,Unknown,Unknown,Unknown,Unknown,Unknown,Unknown,,,,2026-07-28T16:42:23+00:00,success,0
MH,KUL,LHR,KUL,MY,LON,GB,2027-05-18,2027-05-21,Summer,Economy,0,Eco-1,Basic,Economy Basic,0.00 USD,648.91,USD,Ubfly,BASIC,,Included,Included,Unknown,Unknown,Unknown,Unknown,Unknown,Unknown,Unknown,Unknown,Unknown,Unknown,Unknown,Unknown,Unknown,Unknown,,,,2026-07-28T16:42:23+00:00,partial,0
MH,KUL,LHR,KUL,MY,LON,GB,2026-11-06,2026-11-09,Winter,Economy,0,Eco-1,Basic,Economy Basic,0.00 USD,631.51,USD,Ubfly,EC,,Included,Included,Unknown,Unknown,Unknown,Unknown,Unknown,Unknown,Unknown,Unknown,Unknown,Unknown,Unknown,Unknown,Unknown,Unknown,,,,2026-07-28T16:42:23+00:00,partial,0
BA,KUL,LHR,KUL,MY,LON,GB,2027-05-18,2027-05-21,Summer,Economy,0,Eco-1,Basic,Economy Basic,0.00 USD,679.22,USD,Ubfly,NOBAG,Personal Item: 40 x 30 x 15 cm,Included,Not Included,Unknown,Included,Unknown,Unknown,Unknown,Unknown,Unknown,Unknown,Unknown,Unknown,Unknown,Unknown,Unknown,Unknown,,,,2026-07-28T16:42:23+00:00,partial,0
BA,KUL,LHR,KUL,MY,LON,GB,2027-05-18,2027-05-21,Summer,Economy,1,Eco-2,Economy Basic,Economy Basic,+40.04 USD,719.26,USD,Ubfly,BAG,Personal Item: 40 x 30 x 15 cm; 1 Piece Luggage (23 Kg),Included,Included,Unknown,Included,Unknown,Unknown,Unknown,Unknown,Unknown,Unknown,Unknown,Unknown,Unknown,Unknown,Unknown,Unknown,,,,2026-07-28T16:42:23+00:00,partial,0
BA,KUL,LHR,KUL,MY,LON,GB,2027-05-18,2027-05-21,Summer,Economy,2,Eco-3,Plus Select,Economy Comfort,+164.84 USD,844.06,USD,Ubfly,ECONSEL,Personal Item: 40 x 30 x 15 cm; 1 Piece Luggage (23 Kg); Change without penalty before flight,Included,Included,Unknown,Included,Unknown,Unknown,Unknown,Unknown,Included,Unknown,Unknown,Unknown,Unknown,Unknown,Unknown,Unknown,,,,2026-07-28T16:42:23+00:00,partial,0
BA,KUL,LHR,KUL,MY,LON,GB,2027-05-18,2027-05-21,Summer,Economy,3,Eco-4,Economy Pro,Economy — Economy Pro,+229.54 USD,908.76,USD,Ubfly,ECONPRO,Personal Item: 40 x 30 x 15 cm; 1 Piece Luggage (23 Kg); Change without penalty before flight,Included,Included,Included,Included,Unknown,Unknown,Unknown,Included,Included,Unknown,Unknown,Unknown,Unknown,Unknown,Unknown,Unknown,,,,2026-07-28T16:42:23+00:00,partial,0
BA,KUL,LHR,KUL,MY,LON,GB,2027-05-18,2027-05-21,Summer,Economy,4,Eco-5,Plus Flex,Economy Comfort,"+1,860.07 USD",2539.29,USD,Ubfly,ECONFLEX,Personal Item: 40 x 30 x 15 cm; 1 Piece Luggage (23 Kg); Change without penalty before flight,Included,Included,Included,Included,Unknown,Unknown,Unknown,Included,Included,Unknown,Unknown,Unknown,Unknown,Unknown,Unknown,Unknown,,,,2026-07-28T16:42:23+00:00,partial,0
BA,KUL,LHR,KUL,MY,LON,GB,2027-05-18,2027-05-21,Summer,Premium Economy,0,PEco-1,PREMECON,Premium Economy — PREMECON,+735.23 USD,1414.45,USD,Ubfly,PREMECON,Personal Item: 40 x 30 x 15 cm,Included,Included,Unknown,Included,Unknown,Unknown,Unknown,Unknown,Unknown,Unknown,Unknown,Unknown,Unknown,Unknown,Unknown,Unknown,,,,2026-07-28T16:42:23+00:00,partial,0
BA,KUL,LHR,KUL,MY,LON,GB,2027-05-18,2027-05-21,Summer,Premium Economy,1,PEco-2,PESEL,Premium Economy — PESEL,+863.42 USD,1542.64,USD,Ubfly,PESEL,Personal Item: 40 x 30 x 15 cm; Change without penalty before flight,Included,Included,Unknown,Included,Unknown,Unknown,Unknown,Unknown,Included,Unknown,Unknown,Unknown,Unknown,Unknown,Unknown,Unknown,,,,2026-07-28T16:42:23+00:00,partial,0
BA,KUL,LHR,KUL,MY,LON,GB,2027-05-18,2027-05-21,Summer,Premium Economy,2,PEco-3,PEPRO,Premium Economy — PEPRO,+961.12 USD,1640.34,USD,Ubfly,PEPRO,Personal Item: 40 x 30 x 15 cm; Change without penalty before flight,Included,Included,Included,Included,Unknown,Unknown,Unknown,Included,Included,Unknown,Unknown,Unknown,Unknown,Unknown,Unknown,Unknown,,,,2026-07-28T16:42:23+00:00,partial,0
BA,KUL,LHR,KUL,MY,LON,GB,2027-05-18,2027-05-21,Summer,Premium Economy,3,PEco-4,PEFLEX,Premium Economy Flex,"+2,333.99 USD",3013.21,USD,Ubfly,PEFLEX,Personal Item: 40 x 30 x 15 cm; Change without penalty before flight,Included,Included,Included,Included,Unknown,Unknown,Unknown,Included,Included,Unknown,Unknown,Unknown,Unknown,Unknown,Unknown,Unknown,,,,2026-07-28T16:42:23+00:00,partial,0
BA,KUL,LHR,KUL,MY,LON,GB,2027-05-18,2027-05-21,Summer,Business,0,Bus-1,Business,Business — Business,0.00 USD,2996.71,USD,Ubfly,BUSINESS,Personal Item: 40 x 30 x 15 cm; Dedicated check-in area,Included,Included,Unknown,Included,Included,Unknown,Included,Unknown,Unknown,Unknown,Unknown,Unknown,Unknown,Unknown,Unknown,Unknown,,,,2026-07-28T16:42:23+00:00,partial,0
BA,KUL,LHR,KUL,MY,LON,GB,2027-05-18,2027-05-21,Summer,Business,1,Bus-2,Business Plus Select,Business Comfort,+450.55 USD,3447.26,USD,Ubfly,BIZSEL,Personal Item: 40 x 30 x 15 cm; Dedicated check-in area; Change without penalty before flight,Included,Included,Included,Included,Included,Unknown,Included,Unknown,Included,Unknown,Unknown,Unknown,Unknown,Unknown,Unknown,Unknown,,,,2026-07-28T16:42:23+00:00,partial,0
BA,KUL,LHR,KUL,MY,LON,GB,2027-05-18,2027-05-21,Summer,Business,2,Bus-3,Business Pro,Business — Business Pro,+708.17 USD,3704.88,USD,Ubfly,BIZPRO,Personal Item: 40 x 30 x 15 cm; Dedicated check-in area; Change without penalty before flight,Included,Included,Included,Included,Included,Unknown,Included,Included,Included,Unknown,Unknown,Unknown,Unknown,Unknown,Unknown,Unknown,,,,2026-07-28T16:42:23+00:00,partial,0
BA,KUL,LHR,KUL,MY,LON,GB,2027-05-18,2027-05-21,Summer,Business,3,Bus-4,Business Flex,Business Flex,"+4,587.76 USD",7584.47,USD,Ubfly,BIZFLEX,Personal Item: 40 x 30 x 15 cm; Dedicated check-in area; Change without penalty before flight,Included,Included,Included,Included,Included,Unknown,Included,Included,Included,Unknown,Unknown,Unknown,Unknown,Unknown,Unknown,Unknown,,,,2026-07-28T16:42:23+00:00,partial,0
BA,KUL,LHR,KUL,MY,LON,GB,2026-11-06,2026-11-09,Winter,Economy,0,Eco-1,Basic,Economy Basic,0.00 USD,679.22,USD,Ubfly,NOBAG,Personal Item: 40 x 30 x 15 cm,Included,Not Included,Unknown,Included,Unknown,Unknown,Unknown,Unknown,Unknown,Unknown,Unknown,Unknown,Unknown,Unknown,Unknown,Unknown,,,,2026-07-28T16:42:23+00:00,partial,0
BA,KUL,LHR,KUL,MY,LON,GB,2026-11-06,2026-11-09,Winter,Economy,1,Eco-2,Economy Basic,Economy Basic,+40.04 USD,719.26,USD,Ubfly,BAG,Personal Item: 40 x 30 x 15 cm; 1 Piece Luggage (23 Kg),Included,Included,Unknown,Included,Unknown,Unknown,Unknown,Unknown,Unknown,Unknown,Unknown,Unknown,Unknown,Unknown,Unknown,Unknown,,,,2026-07-28T16:42:23+00:00,partial,0
BA,KUL,LHR,KUL,MY,LON,GB,2026-11-06,2026-11-09,Winter,Economy,2,Eco-3,Plus Select,Economy Comfort,+164.84 USD,844.06,USD,Ubfly,ECONSEL,Personal Item: 40 x 30 x 15 cm; 1 Piece Luggage (23 Kg); Change without penalty before flight,Included,Included,Unknown,Included,Unknown,Unknown,Unknown,Unknown,Included,Unknown,Unknown,Unknown,Unknown,Unknown,Unknown,Unknown,,,,2026-07-28T16:42:23+00:00,partial,0
BA,KUL,LHR,KUL,MY,LON,GB,2026-11-06,2026-11-09,Winter,Economy,3,Eco-4,Economy Pro,Economy — Economy Pro,+229.54 USD,908.76,USD,Ubfly,ECONPRO,Personal Item: 40 x 30 x 15 cm; 1 Piece Luggage (23 Kg); Change without penalty before flight,Included,Included,Included,Included,Unknown,Unknown,Unknown,Included,Included,Unknown,Unknown,Unknown,Unknown,Unknown,Unknown,Unknown,,,,2026-07-28T16:42:23+00:00,partial,0
BA,KUL,LHR,KUL,MY,LON,GB,2026-11-06,2026-11-09,Winter,Economy,4,Eco-5,Plus Flex,Economy Comfort,"+1,860.07 USD",2539.29,USD,Ubfly,ECONFLEX,Personal Item: 40 x 30 x 15 cm; 1 Piece Luggage (23 Kg); Change without penalty before flight,Included,Included,Included,Included,Unknown,Unknown,Unknown,Included,Included,Unknown,Unknown,Unknown,Unknown,Unknown,Unknown,Unknown,,,,2026-07-28T16:42:23+00:00,partial,0
BA,KUL,LHR,KUL,MY,LON,GB,2026-11-06,2026-11-09,Winter,Premium Economy,0,PEco-1,PREMECON,Premium Economy — PREMECON,+735.23 USD,1414.45,USD,Ubfly,PREMECON,Personal Item: 40 x 30 x 15 cm,Included,Included,Unknown,Included,Unknown,Unknown,Unknown,Unknown,Unknown,Unknown,Unknown,Unknown,Unknown,Unknown,Unknown,Unknown,,,,2026-07-28T16:42:23+00:00,partial,0
BA,KUL,LHR,KUL,MY,LON,GB,2026-11-06,2026-11-09,Winter,Premium Economy,1,PEco-2,PESEL,Premium Economy — PESEL,+863.42 USD,1542.64,USD,Ubfly,PESEL,Personal Item: 40 x 30 x 15 cm; Change without penalty before flight,Included,Included,Unknown,Included,Unknown,Unknown,Unknown,Unknown,Included,Unknown,Unknown,Unknown,Unknown,Unknown,Unknown,Unknown,,,,2026-07-28T16:42:23+00:00,partial,0
BA,KUL,LHR,KUL,MY,LON,GB,2026-11-06,2026-11-09,Winter,Premium Economy,2,PEco-3,PEPRO,Premium Economy — PEPRO,+961.12 USD,1640.34,USD,Ubfly,PEPRO,Personal Item: 40 x 30 x 15 cm; Change without penalty before flight,Included,Included,Included,Included,Unknown,Unknown,Unknown,Included,Included,Unknown,Unknown,Unknown,Unknown,Unknown,Unknown,Unknown,,,,2026-07-28T16:42:23+00:00,partial,0
BA,KUL,LHR,KUL,MY,LON,GB,2026-11-06,2026-11-09,Winter,Premium Economy,3,PEco-4,PEFLEX,Premium Economy Flex,"+2,333.99 USD",3013.21,USD,Ubfly,PEFLEX,Personal Item: 40 x 30 x 15 cm; Change without penalty before flight,Included,Included,Included,Included,Unknown,Unknown,Unknown,Included,Included,Unknown,Unknown,Unknown,Unknown,Unknown,Unknown,Unknown,,,,2026-07-28T16:42:23+00:00,partial,0
BA,KUL,LHR,KUL,MY,LON,GB,2026-11-06,2026-11-09,Winter,Business,0,Bus-1,Business,Business — Business,0.00 USD,4554.37,USD,Ubfly,BUSINESS,Personal Item: 40 x 30 x 15 cm; Dedicated check-in area,Included,Included,Unknown,Included,Included,Unknown,Included,Unknown,Unknown,Unknown,Unknown,Unknown,Unknown,Unknown,Unknown,Unknown,,,,2026-07-28T16:42:23+00:00,partial,0
BA,KUL,LHR,KUL,MY,LON,GB,2026-11-06,2026-11-09,Winter,Business,1,Bus-2,Business Plus Select,Business Comfort,+450.55 USD,5004.92,USD,Ubfly,BIZSEL,Personal Item: 40 x 30 x 15 cm; Dedicated check-in area; Change without penalty before flight,Included,Included,Included,Included,Included,Unknown,Included,Unknown,Included,Unknown,Unknown,Unknown,Unknown,Unknown,Unknown,Unknown,,,,2026-07-28T16:42:23+00:00,partial,0
BA,KUL,LHR,KUL,MY,LON,GB,2026-11-06,2026-11-09,Winter,Business,2,Bus-3,Business Pro,Business — Business Pro,+708.17 USD,5262.54,USD,Ubfly,BIZPRO,Personal Item: 40 x 30 x 15 cm; Dedicated check-in area; Change without penalty before flight,Included,Included,Included,Included,Included,Unknown,Included,Included,Included,Unknown,Unknown,Unknown,Unknown,Unknown,Unknown,Unknown,,,,2026-07-28T16:42:23+00:00,partial,0
BA,KUL,LHR,KUL,MY,LON,GB,2026-11-06,2026-11-09,Winter,Business,3,Bus-4,Business Flex,Business Flex,"+3,119.39 USD",7673.76,USD,Ubfly,BIZFLEX,Personal Item: 40 x 30 x 15 cm; Dedicated check-in area; Change without penalty before flight,Included,Included,Included,Included,Included,Unknown,Included,Included,Included,Unknown,Unknown,Unknown,Unknown,Unknown,Unknown,Unknown,,,,2026-07-28T16:42:23+00:00,partial,0
EK,KUL,LHR,KUL,MY,LON,GB,2027-05-18,2027-05-21,Summer,Economy,0,Eco-1,Economy Saver,Economy Basic,0.00 USD,369.92,USD,Ubfly,YP,• Hot and cold refreshments; • ICE entertainment; • Mileage upgrade eligibility at time of check-in; Economy Cabin,Included,Included,Paid,Included,Unknown,Unknown,Unknown,Included,Not Included,Unknown,Unknown,Unknown,Included,Unknown,Unknown,Unknown,Yes,1800.0,,2026-07-28T16:42:23+00:00,success,0
EK,KUL,LHR,KUL,MY,LON,GB,2027-05-18,2027-05-21,Summer,Economy,1,Eco-2,Economy Flex,Economy Flex,+146.77 USD,516.69,USD,Ubfly,YS,• Hot and cold refreshments; • ICE entertainment; • Mileage upgrade eligibility; Economy Cabin,Included,Included,Included,Included,Unknown,Unknown,Unknown,Included,Not Included,Unknown,Unknown,Unknown,Included,Unknown,Unknown,Unknown,Yes,4500.0,,2026-07-28T16:42:23+00:00,success,0
EK,KUL,LHR,KUL,MY,LON,GB,2027-05-18,2027-05-21,Summer,Economy,2,Eco-3,Economy Flex Plus,Economy Comfort,+408.54 USD,778.46,USD,Ubfly,YF,• Hot and cold refreshments; • ICE entertainment; • Mileage upgrade eligibility; Economy Cabin,Included,Included,Included,Included,Unknown,Unknown,Unknown,Not Included,Not Included,Unknown,Unknown,Unknown,Included,Unknown,Unknown,Unknown,Yes,6000.0,,2026-07-28T16:42:23+00:00,success,0
EK,KUL,LHR,KUL,MY,LON,GB,2027-05-18,2027-05-21,Summer,Premium Economy,0,PEco-1,Premium Economy FlexPlus,Premium Economy Comfort,+591.20 USD,961.12,USD,Ubfly,WF,• Hot and cold refreshments; • ICE entertainment; • Mileage upgrade eligibility; • Exclusive Premium Economy Class dining; Premium Economy Cabin,Included,Included,Included,Unknown,Unknown,Unknown,Unknown,Not Included,Not Included,Unknown,Unknown,Unknown,Included,Unknown,Unknown,Unknown,Yes,6600.0,,2026-07-28T16:42:23+00:00,success,0
EK,KUL,LHR,KUL,MY,LON,GB,2027-05-18,2027-05-21,Summer,Business,0,Bus-1,Business Saver,Business Basic,0.00 USD,2125.95,USD,Ubfly,BSSAVER,Soft drink; Internet Access; Premium check-in; In-flight entertainment; Chauffeur Drive,Included,Included,Included,Included,Included,Included,Included,Unknown,Unknown,Unknown,Unknown,Unknown,Unknown,Unknown,Unknown,Unknown,Yes,,,2026-07-28T16:42:23+00:00,success,0
EK,KUL,LHR,KUL,MY,LON,GB,2027-05-18,2027-05-21,Summer,Business,1,Bus-2,Business Flex,Business Flex,+324.05 USD,2450.0,USD,Ubfly,BSFLEX,Premium check-in; Soft drink; In-flight entertainment; Chauffeur Drive; Internet Access,Included,Included,Included,Included,Included,Included,Included,Unknown,Unknown,Unknown,Unknown,Unknown,Unknown,Unknown,Unknown,Unknown,Yes,,175.0,2026-07-28T16:42:23+00:00,success,0
EK,KUL,LHR,KUL,MY,LON,GB,2027-05-18,2027-05-21,Summer,Business,2,Bus-3,Business Flex Plus,Business Comfort,+800.73 USD,2926.68,USD,Ubfly,BSFLXPLUS,Premium check-in; Soft drink; In-flight entertainment; Chauffeur Drive; Internet Access; Uninterrupted return (up to the last 12 hours); Change with Penalty,Included,Included,Included,Included,Included,Included,Included,Unknown,Unknown,Unknown,Unknown,Unknown,Unknown,Unknown,Unknown,Unknown,Yes,,190.0,2026-07-28T16:42:23+00:00,success,0
EK,KUL,LHR,KUL,MY,LON,GB,2026-11-06,2026-11-09,Winter,Economy,0,Eco-1,Economy Saver,Economy Basic,0.00 USD,343.78,USD,Ubfly,YP,• Hot and cold refreshments; • ICE entertainment; • Mileage upgrade eligibility at time of check-in; Economy Cabin,Included,Included,Paid,Included,Unknown,Unknown,Unknown,Included,Not Included,Unknown,Unknown,Unknown,Included,Unknown,Unknown,Unknown,Yes,1800.0,,2026-07-28T16:42:23+00:00,success,0
EK,KUL,LHR,KUL,MY,LON,GB,2026-11-06,2026-11-09,Winter,Economy,1,Eco-2,Economy Flex,Economy Flex,+136.28 USD,480.06,USD,Ubfly,YS,• Hot and cold refreshments; • ICE entertainment; • Mileage upgrade eligibility; Economy Cabin,Included,Included,Included,Included,Unknown,Unknown,Unknown,Included,Not Included,Unknown,Unknown,Unknown,Included,Unknown,Unknown,Unknown,Yes,4500.0,,2026-07-28T16:42:23+00:00,success,0
EK,KUL,LHR,KUL,MY,LON,GB,2026-11-06,2026-11-09,Winter,Economy,2,Eco-3,Economy Flex Plus,Economy Comfort,+379.50 USD,723.28,USD,Ubfly,YF,• Hot and cold refreshments; • ICE entertainment; • Mileage upgrade eligibility; Economy Cabin,Included,Included,Included,Included,Unknown,Unknown,Unknown,Not Included,Not Included,Unknown,Unknown,Unknown,Included,Unknown,Unknown,Unknown,Yes,6000.0,,2026-07-28T16:42:23+00:00,success,0
EK,KUL,LHR,KUL,MY,LON,GB,2026-11-06,2026-11-09,Winter,Premium Economy,0,PEco-1,Premium Economy FlexPlus,Premium Economy Comfort,+550.92 USD,894.7,USD,Ubfly,WF,• Hot and cold refreshments; • ICE entertainment; • Mileage upgrade eligibility; • Exclusive Premium Economy Class dining; Premium Economy Cabin,Included,Included,Included,Unknown,Unknown,Unknown,Unknown,Not Included,Not Included,Unknown,Unknown,Unknown,Included,Unknown,Unknown,Unknown,Yes,6600.0,,2026-07-28T16:42:23+00:00,success,0
EK,KUL,LHR,KUL,MY,LON,GB,2026-11-06,2026-11-09,Winter,Business,0,Bus-1,Business Flex,Business Flex,0.00 USD,2450.0,USD,Ubfly,BSFLEX,Internet Access; Premium check-in; Soft drink; In-flight entertainment; Chauffeur Drive,Included,Included,Included,Included,Included,Included,Included,Unknown,Unknown,Unknown,Unknown,Unknown,Unknown,Unknown,Unknown,Unknown,Yes,,175.0,2026-07-28T16:42:23+00:00,success,0
EK,KUL,LHR,KUL,MY,LON,GB,2026-11-06,2026-11-09,Winter,Business,1,Bus-2,Business Flex Plus,Business Comfort,+476.69 USD,2926.69,USD,Ubfly,BSFLXPLUS,Premium check-in; Soft drink; In-flight entertainment; Chauffeur Drive; Internet Access; Uninterrupted return (up to the last 12 hours); Change with Penalty,Included,Included,Included,Included,Included,Included,Included,Unknown,Unknown,Unknown,Unknown,Unknown,Unknown,Unknown,Unknown,Unknown,Yes,,190.0,2026-07-28T16:42:23+00:00,success,0
QR,KUL,LHR,KUL,MY,LON,GB,2027-05-18,2027-05-21,Summer,Economy,0,Eco-1,Economy Classic,Economy Standard,0.00 USD,567.68,USD,Ubfly,ECLASSIC,,Included,Included,Unknown,Included,Unknown,Unknown,Unknown,Unknown,Unknown,Unknown,Unknown,Unknown,Unknown,Unknown,Unknown,Unknown,Yes,,50.0,2026-07-28T16:42:23+00:00,success,0
QR,KUL,LHR,KUL,MY,LON,GB,2027-05-18,2027-05-21,Summer,Economy,1,Eco-2,Economy Convenience,Economy — Economy Convenience,+201.20 USD,768.88,USD,Ubfly,ECONVENIEN,,Included,Included,Included,Included,Unknown,Unknown,Unknown,Unknown,Unknown,Unknown,Unknown,Unknown,Unknown,Unknown,Unknown,Unknown,Yes,,75.0,2026-07-28T16:42:23+00:00,success,0
QR,KUL,LHR,KUL,MY,LON,GB,2027-05-18,2027-05-21,Summer,Economy,2,Eco-3,Economy Comfort,Economy Comfort,+716.00 USD,1283.68,USD,Ubfly,ECOMFORT,Uninterrupted return (up to the last 12 hours); Change with Penalty,Included,Included,Included,Included,Unknown,Unknown,Unknown,Unknown,Unknown,Unknown,Unknown,Unknown,Unknown,Unknown,Unknown,Unknown,Yes,,100.0,2026-07-28T16:42:23+00:00,success,0
QR,KUL,LHR,KUL,MY,LON,GB,2027-05-18,2027-05-21,Summer,Business,0,Bus-1,Business Classic,Business Standard,0.00 USD,2653.0,USD,Ubfly,BCLASSIC,125 PCT QMILES ACCUMULATION(F),Included,Included,Unknown,Included,Included,Unknown,Unknown,Unknown,Unknown,Unknown,Unknown,Unknown,Unknown,Unknown,Unknown,Unknown,,,,2026-07-28T16:42:23+00:00,success,0
QR,KUL,LHR,KUL,MY,LON,GB,2027-05-18,2027-05-21,Summer,Business,1,Bus-2,Business Comfort,Business Comfort,+590.97 USD,3243.97,USD,Ubfly,BCOMFORT,175 PCT QMILES ACCUMULATION(F),Included,Included,Included,Included,Included,Unknown,Unknown,Unknown,Unknown,Unknown,Unknown,Unknown,Unknown,Unknown,Unknown,Unknown,,,,2026-07-28T16:42:23+00:00,success,0
QR,KUL,LHR,KUL,MY,LON,GB,2027-05-18,2027-05-21,Summer,Business,2,Bus-3,Business Elite,Business Lite,"+1,328.46 USD",3981.46,USD,Ubfly,BELITE,200 PCT QMILES ACCUMULATION(F); Uninterrupted return (up to the last 12 hours); Change with Penalty,Included,Included,Included,Included,Included,Unknown,Unknown,Unknown,Unknown,Unknown,Unknown,Unknown,Unknown,Unknown,Unknown,Unknown,,,,2026-07-28T16:42:23+00:00,success,0
QR,KUL,LHR,KUL,MY,LON,GB,2026-11-06,2026-11-09,Winter,Economy,0,Eco-1,Economy Classic,Economy Standard,0.00 USD,474.92,USD,Ubfly,ECLASSIC,,Included,Included,Unknown,Included,Unknown,Unknown,Unknown,Unknown,Unknown,Unknown,Unknown,Unknown,Unknown,Unknown,Unknown,Unknown,Yes,,50.0,2026-07-28T16:42:23+00:00,success,0
QR,KUL,LHR,KUL,MY,LON,GB,2026-11-06,2026-11-09,Winter,Economy,1,Eco-2,Economy Convenience,Economy — Economy Convenience,+64.46 USD,539.38,USD,Ubfly,ECONVENIEN,,Included,Included,Included,Included,Unknown,Unknown,Unknown,Unknown,Unknown,Unknown,Unknown,Unknown,Unknown,Unknown,Unknown,Unknown,Yes,,75.0,2026-07-28T16:42:23+00:00,success,0
QR,KUL,LHR,KUL,MY,LON,GB,2026-11-06,2026-11-09,Winter,Economy,2,Eco-3,Economy Comfort,Economy Comfort,+529.90 USD,1004.82,USD,Ubfly,ECOMFORT,Uninterrupted return (up to the last 12 hours); Change with Penalty,Included,Included,Included,Included,Unknown,Unknown,Unknown,Unknown,Unknown,Unknown,Unknown,Unknown,Unknown,Unknown,Unknown,Unknown,Yes,,100.0,2026-07-28T16:42:23+00:00,success,0
QR,KUL,LHR,KUL,MY,LON,GB,2026-11-06,2026-11-09,Winter,Business,0,Bus-1,Business Classic,Business Standard,0.00 USD,2071.82,USD,Ubfly,BCLASSIC,125 PCT QMILES ACCUMULATION(F),Included,Included,Unknown,Included,Included,Unknown,Unknown,Unknown,Unknown,Unknown,Unknown,Unknown,Unknown,Unknown,Unknown,Unknown,,,,2026-07-28T16:42:23+00:00,success,0
QR,KUL,LHR,KUL,MY,LON,GB,2026-11-06,2026-11-09,Winter,Business,1,Bus-2,Business Comfort,Business Comfort,+590.97 USD,2662.79,USD,Ubfly,BCOMFORT,175 PCT QMILES ACCUMULATION(F),Included,Included,Included,Included,Included,Unknown,Unknown,Unknown,Unknown,Unknown,Unknown,Unknown,Unknown,Unknown,Unknown,Unknown,,,,2026-07-28T16:42:23+00:00,success,0
QR,KUL,LHR,KUL,MY,LON,GB,2026-11-06,2026-11-09,Winter,Business,2,Bus-3,Business Elite,Business Lite,"+1,328.44 USD",3400.26,USD,Ubfly,BELITE,200 PCT QMILES ACCUMULATION(F); Uninterrupted return (up to the last 12 hours); Change with Penalty,Included,Included,Included,Included,Included,Unknown,Unknown,Unknown,Unknown,Unknown,Unknown,Unknown,Unknown,Unknown,Unknown,Unknown,,,,2026-07-28T16:42:23+00:00,success,0
KL,BKK,AMS,BKK,TH,AMS,NL,2027-05-02,2027-05-05,Summer,Economy,0,Eco-1,Light,Economy Lite,0.00 USD,1165.67,USD,Ubfly,LIGHT,Snack; Soft drink,Included,Not Included,Unknown,Included,Unknown,Unknown,Unknown,Unknown,Unknown,Unknown,Unknown,Unknown,Unknown,Unknown,Unknown,Unknown,Yes,,,2026-07-28T16:42:23+00:00,success,0
KL,BKK,AMS,BKK,TH,AMS,NL,2027-05-02,2027-05-05,Summer,Economy,1,Eco-2,Standard,Economy Standard,+78.82 USD,1244.49,USD,Ubfly,STANDARD,Snack; Soft drink,Included,Included,Unknown,Included,Unknown,Unknown,Unknown,Unknown,Unknown,Unknown,Unknown,Unknown,Unknown,Unknown,Unknown,Unknown,Yes,,,2026-07-28T16:42:23+00:00,success,0
KL,BKK,AMS,BKK,TH,AMS,NL,2027-05-02,2027-05-05,Summer,Economy,2,Eco-3,Flex,Economy Flex,+178.49 USD,1344.16,USD,Ubfly,FLEX,Snack; Soft drink; Change with Penalty; Uninterrupted return (up to the last 12 hours),Included,Included,Included,Included,Unknown,Unknown,Unknown,Unknown,Unknown,Unknown,Unknown,Unknown,Unknown,Unknown,Unknown,Unknown,Yes,,,2026-07-28T16:42:23+00:00,success,0
KL,BKK,AMS,BKK,TH,AMS,NL,2027-05-02,2027-05-05,Summer,Economy,3,Eco-4,Premium Light,Economy Lite,+513.09 USD,1678.76,USD,Ubfly,PREMLIGHT,Snack; Soft drink; Privileged check-in,Included,Included,Unknown,Included,Unknown,Included,Included,Unknown,Unknown,Unknown,Unknown,Unknown,Unknown,Unknown,Unknown,Unknown,Yes,,,2026-07-28T16:42:23+00:00,success,0
KL,BKK,AMS,BKK,TH,AMS,NL,2027-05-02,2027-05-05,Summer,Economy,4,Eco-5,Premium Standard,Economy Standard,+598.37 USD,1764.04,USD,Ubfly,PREMSTAND,Snack; Soft drink; Privileged check-in,Included,Included,Unknown,Included,Unknown,Included,Included,Unknown,Unknown,Unknown,Unknown,Unknown,Unknown,Unknown,Unknown,Unknown,Yes,,,2026-07-28T16:42:23+00:00,success,0
KL,BKK,AMS,BKK,TH,AMS,NL,2027-05-02,2027-05-05,Summer,Economy,5,Eco-6,Premium Flex,Economy Flex,+743.46 USD,1909.13,USD,Ubfly,PREMFLEX,Snack; Soft drink; Change with Penalty; Uninterrupted return (up to the last 12 hours); Privileged check-in,Included,Included,Included,Included,Unknown,Included,Included,Unknown,Unknown,Unknown,Unknown,Unknown,Unknown,Unknown,Unknown,Unknown,Yes,,,2026-07-28T16:42:23+00:00,success,0
KL,BKK,AMS,BKK,TH,AMS,NL,2027-05-02,2027-05-05,Summer,Economy,6,Eco-7,Economy Full Flex,Economy Flex,"+2,571.06 USD",3736.73,USD,Ubfly,FULLFLEX,Snack; Soft drink; Change with Penalty; Uninterrupted return (up to the last 12 hours),Included,Included,Included,Included,Unknown,Unknown,Unknown,Unknown,Unknown,Unknown,Unknown,Unknown,Unknown,Unknown,Unknown,Unknown,Yes,,,2026-07-28T16:42:23+00:00,success,0
KL,BKK,AMS,BKK,TH,AMS,NL,2027-05-02,2027-05-05,Summer,Economy,7,Eco-8,Premium,Economy Premium,"+3,848.52 USD",5014.19,USD,Ubfly,PREMIUM,Snack; Soft drink; Change with Penalty; Privileged check-in,Included,Included,Included,Included,Unknown,Included,Included,Unknown,Unknown,Unknown,Unknown,Unknown,Unknown,Unknown,Unknown,Unknown,Yes,,,2026-07-28T16:42:23+00:00,success,0
KL,BKK,AMS,BKK,TH,AMS,NL,2027-05-02,2027-05-05,Summer,Business,0,Bus-1,Business Standart,Business — Business Standart,0.00 USD,4253.12,USD,Ubfly,BIZSTAND,Snack; Soft drink; Privileged check-in,Included,Included,Unknown,Included,Included,Included,Included,Unknown,Unknown,Unknown,Unknown,Unknown,Unknown,Unknown,Unknown,Unknown,Yes,,,2026-07-28T16:42:23+00:00,success,0
KL,BKK,AMS,BKK,TH,AMS,NL,2027-05-02,2027-05-05,Summer,Business,1,Bus-2,Business Flex,Business Flex,+250.99 USD,4504.11,USD,Ubfly,BIZFLEX,Snack; Soft drink; Change with Penalty; Uninterrupted return (up to the last 12 hours); Privileged check-in,Included,Included,Included,Included,Included,Included,Included,Unknown,Unknown,Unknown,Unknown,Unknown,Unknown,Unknown,Unknown,Unknown,Yes,,,2026-07-28T16:42:23+00:00,success,0
KL,BKK,AMS,BKK,TH,AMS,NL,2027-05-02,2027-05-05,Summer,Business,2,Bus-3,Business,Business — Business,"+4,562.30 USD",8815.42,USD,Ubfly,BUSINESS,Snack; Soft drink; Change with Penalty; Privileged check-in,Included,Included,Included,Included,Included,Included,Included,Unknown,Unknown,Unknown,Unknown,Unknown,Unknown,Unknown,Unknown,Unknown,Yes,,,2026-07-28T16:42:23+00:00,success,0
KL,BKK,AMS,BKK,TH,AMS,NL,2026-12-16,2026-12-19,Winter,Economy,0,Eco-1,Light,Economy Lite,0.00 USD,886.36,USD,Ubfly,LIGHT,Snack; Soft drink,Included,Not Included,Unknown,Included,Unknown,Unknown,Unknown,Unknown,Unknown,Unknown,Unknown,Unknown,Unknown,Unknown,Unknown,Unknown,Yes,,,2026-07-28T16:42:23+00:00,success,0
KL,BKK,AMS,BKK,TH,AMS,NL,2026-12-16,2026-12-19,Winter,Economy,1,Eco-2,Standard,Economy Standard,+73.18 USD,959.54,USD,Ubfly,STANDARD,Snack; Soft drink,Included,Included,Unknown,Included,Unknown,Unknown,Unknown,Unknown,Unknown,Unknown,Unknown,Unknown,Unknown,Unknown,Unknown,Unknown,Yes,,,2026-07-28T16:42:23+00:00,success,0
KL,BKK,AMS,BKK,TH,AMS,NL,2026-12-16,2026-12-19,Winter,Economy,2,Eco-3,Flex,Economy Flex,+161.88 USD,1048.24,USD,Ubfly,FLEX,Snack; Soft drink; Change with Penalty; Uninterrupted return (up to the last 12 hours),Included,Included,Included,Included,Unknown,Unknown,Unknown,Unknown,Unknown,Unknown,Unknown,Unknown,Unknown,Unknown,Unknown,Unknown,Yes,,,2026-07-28T16:42:23+00:00,success,0
KL,BKK,AMS,BKK,TH,AMS,NL,2026-12-16,2026-12-19,Winter,Economy,3,Eco-4,Premium Light,Economy Lite,+550.33 USD,1436.69,USD,Ubfly,PREMLIGHT,Snack; Soft drink; Privileged check-in,Included,Included,Unknown,Included,Unknown,Included,Included,Unknown,Unknown,Unknown,Unknown,Unknown,Unknown,Unknown,Unknown,Unknown,Yes,,,2026-07-28T16:42:23+00:00,success,0
KL,BKK,AMS,BKK,TH,AMS,NL,2026-12-16,2026-12-19,Winter,Economy,4,Eco-5,Premium Standard,Economy Standard,+635.61 USD,1521.97,USD,Ubfly,PREMSTAND,Snack; Soft drink; Privileged check-in,Included,Included,Unknown,Included,Unknown,Included,Included,Unknown,Unknown,Unknown,Unknown,Unknown,Unknown,Unknown,Unknown,Unknown,Yes,,,2026-07-28T16:42:23+00:00,success,0
KL,BKK,AMS,BKK,TH,AMS,NL,2026-12-16,2026-12-19,Winter,Economy,5,Eco-6,Premium Flex,Economy Flex,+752.49 USD,1638.85,USD,Ubfly,PREMFLEX,Snack; Soft drink; Change with Penalty; Uninterrupted return (up to the last 12 hours); Privileged check-in,Included,Included,Included,Included,Unknown,Included,Included,Unknown,Unknown,Unknown,Unknown,Unknown,Unknown,Unknown,Unknown,Unknown,Yes,,,2026-07-28T16:42:23+00:00,success,0
KL,BKK,AMS,BKK,TH,AMS,NL,2026-12-16,2026-12-19,Winter,Economy,6,Eco-7,Economy Full Flex,Economy Flex,"+2,818.34 USD",3704.7,USD,Ubfly,FULLFLEX,Snack; Soft drink; Change with Penalty; Uninterrupted return (up to the last 12 hours),Included,Included,Included,Included,Unknown,Unknown,Unknown,Unknown,Unknown,Unknown,Unknown,Unknown,Unknown,Unknown,Unknown,Unknown,Yes,,,2026-07-28T16:42:23+00:00,success,0
KL,BKK,AMS,BKK,TH,AMS,NL,2026-12-16,2026-12-19,Winter,Economy,7,Eco-8,Premium,Economy Premium,"+4,127.83 USD",5014.19,USD,Ubfly,PREMIUM,Snack; Soft drink; Change with Penalty; Privileged check-in,Included,Included,Included,Included,Unknown,Included,Included,Unknown,Unknown,Unknown,Unknown,Unknown,Unknown,Unknown,Unknown,Unknown,Yes,,,2026-07-28T16:42:23+00:00,success,0
KL,BKK,AMS,BKK,TH,AMS,NL,2026-12-16,2026-12-19,Winter,Business,0,Bus-1,Business Light,Business Lite,0.00 USD,3079.63,USD,Ubfly,BIZLIGHT,Snack; Soft drink; Privileged check-in,Included,Included,Unknown,Included,Unknown,Included,Included,Unknown,Unknown,Unknown,Unknown,Unknown,Unknown,Unknown,Unknown,Unknown,Yes,,,2026-07-28T16:42:23+00:00,success,0
KL,BKK,AMS,BKK,TH,AMS,NL,2026-12-16,2026-12-19,Winter,Business,1,Bus-2,Business Standart,Business — Business Standart,+111.24 USD,3190.87,USD,Ubfly,BIZSTAND,Snack; Soft drink; Privileged check-in,Included,Included,Unknown,Included,Included,Included,Included,Unknown,Unknown,Unknown,Unknown,Unknown,Unknown,Unknown,Unknown,Unknown,Yes,,,2026-07-28T16:42:23+00:00,success,0
KL,BKK,AMS,BKK,TH,AMS,NL,2026-12-16,2026-12-19,Winter,Business,2,Bus-3,Business Flex,Business Flex,+280.65 USD,3360.28,USD,Ubfly,BIZFLEX,Snack; Soft drink; Change with Penalty; Uninterrupted return (up to the last 12 hours); Privileged check-in,Included,Included,Included,Included,Included,Included,Included,Unknown,Unknown,Unknown,Unknown,Unknown,Unknown,Unknown,Unknown,Unknown,Yes,,,2026-07-28T16:42:23+00:00,success,0
KL,BKK,AMS,BKK,TH,AMS,NL,2026-12-16,2026-12-19,Winter,Business,3,Bus-4,Business,Business — Business,"+5,652.40 USD",8732.03,USD,Ubfly,BUSINESS,Snack; Soft drink; Change with Penalty; Privileged check-in,Included,Included,Included,Included,Included,Included,Included,Unknown,Unknown,Unknown,Unknown,Unknown,Unknown,Unknown,Unknown,Unknown,Yes,,,2026-07-28T16:42:23+00:00,success,0
QR,BKK,AMS,BKK,TH,AMS,NL,2027-05-02,2027-05-05,Summer,Economy,0,Eco-1,Economy Classic,Economy Standard,0.00 USD,616.15,USD,Ubfly,ECLASSIC,,Included,Included,Unknown,Included,Unknown,Unknown,Unknown,Unknown,Unknown,Unknown,Unknown,Unknown,Unknown,Unknown,Unknown,Unknown,Yes,,50.0,2026-07-28T16:42:23+00:00,success,0
QR,BKK,AMS,BKK,TH,AMS,NL,2027-05-02,2027-05-05,Summer,Economy,1,Eco-2,Economy Convenience,Economy — Economy Convenience,+57.11 USD,673.26,USD,Ubfly,ECONVENIEN,,Included,Included,Included,Included,Unknown,Unknown,Unknown,Unknown,Unknown,Unknown,Unknown,Unknown,Unknown,Unknown,Unknown,Unknown,Yes,,75.0,2026-07-28T16:42:23+00:00,success,0
QR,BKK,AMS,BKK,TH,AMS,NL,2027-05-02,2027-05-05,Summer,Economy,2,Eco-3,Economy Comfort,Economy Comfort,+458.05 USD,1074.2,USD,Ubfly,ECOMFORT,Uninterrupted return (up to the last 12 hours); Change with Penalty,Included,Included,Included,Included,Unknown,Unknown,Unknown,Unknown,Unknown,Unknown,Unknown,Unknown,Unknown,Unknown,Unknown,Unknown,Yes,,100.0,2026-07-28T16:42:23+00:00,success,0
QR,BKK,AMS,BKK,TH,AMS,NL,2027-05-02,2027-05-05,Summer,Business,0,Bus-1,Business Comfort,Business Comfort,0.00 USD,2797.07,USD,Ubfly,BCOMFORT,175 PCT QMILES ACCUMULATION(F),Included,Included,Included,Included,Included,Unknown,Unknown,Unknown,Unknown,Unknown,Unknown,Unknown,Unknown,Unknown,Unknown,Unknown,,,,2026-07-28T16:42:23+00:00,success,0
QR,BKK,AMS,BKK,TH,AMS,NL,2027-05-02,2027-05-05,Summer,Business,1,Bus-2,Business Elite,Business Lite,+229.33 USD,3026.4,USD,Ubfly,BELITE,200 PCT QMILES ACCUMULATION(F); Uninterrupted return (up to the last 12 hours); Change with Penalty,Included,Included,Included,Included,Included,Unknown,Unknown,Unknown,Unknown,Unknown,Unknown,Unknown,Unknown,Unknown,Unknown,Unknown,,,,2026-07-28T16:42:23+00:00,success,0
QR,BKK,AMS,BKK,TH,AMS,NL,2026-12-16,2026-12-19,Winter,Economy,0,Eco-1,Economy Classic,Economy Standard,0.00 USD,611.25,USD,Ubfly,ECLASSIC,,Included,Included,Unknown,Included,Unknown,Unknown,Unknown,Unknown,Unknown,Unknown,Unknown,Unknown,Unknown,Unknown,Unknown,Unknown,Yes,,50.0,2026-07-28T16:42:23+00:00,success,0
QR,BKK,AMS,BKK,TH,AMS,NL,2026-12-16,2026-12-19,Winter,Economy,1,Eco-2,Economy Convenience,Economy — Economy Convenience,+57.11 USD,668.36,USD,Ubfly,ECONVENIEN,,Included,Included,Included,Included,Unknown,Unknown,Unknown,Unknown,Unknown,Unknown,Unknown,Unknown,Unknown,Unknown,Unknown,Unknown,Yes,,75.0,2026-07-28T16:42:23+00:00,success,0
QR,BKK,AMS,BKK,TH,AMS,NL,2026-12-16,2026-12-19,Winter,Economy,2,Eco-3,Economy Comfort,Economy Comfort,+458.07 USD,1069.32,USD,Ubfly,ECOMFORT,Uninterrupted return (up to the last 12 hours); Change with Penalty,Included,Included,Included,Included,Unknown,Unknown,Unknown,Unknown,Unknown,Unknown,Unknown,Unknown,Unknown,Unknown,Unknown,Unknown,Yes,,100.0,2026-07-28T16:42:23+00:00,success,0
QR,BKK,AMS,BKK,TH,AMS,NL,2026-12-16,2026-12-19,Winter,Business,0,Bus-1,Business Lite,Business Lite,0.00 USD,1152.39,USD,Ubfly,BLITE,,Included,Included,Unknown,Included,Unknown,Unknown,Unknown,Unknown,Unknown,Unknown,Unknown,Unknown,Unknown,Unknown,Unknown,Unknown,Yes,,75.0,2026-07-28T16:42:23+00:00,success,0
QR,BKK,AMS,BKK,TH,AMS,NL,2026-12-16,2026-12-19,Winter,Business,1,Bus-2,Business Classic,Business Standard,+244.32 USD,1396.71,USD,Ubfly,BCLASSIC,125 PCT QMILES ACCUMULATION(F),Included,Included,Unknown,Included,Included,Unknown,Unknown,Unknown,Unknown,Unknown,Unknown,Unknown,Unknown,Unknown,Unknown,Unknown,,,,2026-07-28T16:42:23+00:00,success,0
QR,BKK,AMS,BKK,TH,AMS,NL,2026-12-16,2026-12-19,Winter,Business,2,Bus-3,Business Comfort,Business Comfort,"+1,144.53 USD",2296.92,USD,Ubfly,BCOMFORT,175 PCT QMILES ACCUMULATION(F),Included,Included,Included,Included,Included,Unknown,Unknown,Unknown,Unknown,Unknown,Unknown,Unknown,Unknown,Unknown,Unknown,Unknown,,,,2026-07-28T16:42:23+00:00,success,0
QR,BKK,AMS,BKK,TH,AMS,NL,2026-12-16,2026-12-19,Winter,Business,3,Bus-4,Business Elite,Business Lite,"+1,518.95 USD",2671.34,USD,Ubfly,BELITE,200 PCT QMILES ACCUMULATION(F); Uninterrupted return (up to the last 12 hours); Change with Penalty,Included,Included,Included,Included,Included,Unknown,Unknown,Unknown,Unknown,Unknown,Unknown,Unknown,Unknown,Unknown,Unknown,Unknown,,,,2026-07-28T16:42:23+00:00,success,0
EY,BKK,AMS,BKK,TH,AMS,NL,2027-05-02,2027-05-05,Summer,Economy,0,Eco-1,Economy Basic,Economy Basic,0.00 USD,1137.31,USD,Ubfly,YBASIC,,Included,Not Included,Unknown,Included,Unknown,Unknown,Unknown,Unknown,Unknown,Unknown,Unknown,Unknown,Unknown,Unknown,Unknown,Unknown,Yes,,5.0,2026-07-28T16:42:23+00:00,success,0
EY,BKK,AMS,BKK,TH,AMS,NL,2027-05-02,2027-05-05,Summer,Economy,1,Eco-2,Economy Value,Economy Basic,+29.77 USD,1167.08,USD,Ubfly,YVALUE,,Included,Included,Unknown,Included,Unknown,Unknown,Unknown,Unknown,Unknown,Unknown,Unknown,Unknown,Unknown,Unknown,Unknown,Unknown,Yes,,35.0,2026-07-28T16:42:23+00:00,success,0
EY,BKK,AMS,BKK,TH,AMS,NL,2027-05-02,2027-05-05,Summer,Economy,2,Eco-3,Economy Comfort,Economy Comfort,+77.84 USD,1215.15,USD,Ubfly,YCOMFORT,,Included,Included,Included,Included,Unknown,Unknown,Unknown,Unknown,Unknown,Unknown,Unknown,Unknown,Unknown,Unknown,Unknown,Unknown,Yes,,75.0,2026-07-28T16:42:23+00:00,success,0
EY,BKK,AMS,BKK,TH,AMS,NL,2027-05-02,2027-05-05,Summer,Economy,3,Eco-4,Economy Deluxe,Economy — Economy Deluxe,+254.50 USD,1391.81,USD,Ubfly,YDELUXE,Change with Penalty; Uninterrupted return (up to the last 12 hours); Priority Access,Included,Included,Included,Included,Unknown,Unknown,Unknown,Unknown,Unknown,Unknown,Unknown,Unknown,Unknown,Unknown,Unknown,Unknown,Yes,,,2026-07-28T16:42:23+00:00,success,0
EY,BKK,AMS,BKK,TH,AMS,NL,2027-05-02,2027-05-05,Summer,Business,0,Bus-1,Business Value,Business Basic,0.00 USD,2839.43,USD,Ubfly,JVALUE,Priority Access,Included,Included,Unknown,Included,Unknown,Unknown,Unknown,Unknown,Unknown,Unknown,Unknown,Unknown,Unknown,Unknown,Unknown,Unknown,Yes,,100.0,2026-07-28T16:42:23+00:00,success,0
EY,BKK,AMS,BKK,TH,AMS,NL,2027-05-02,2027-05-05,Summer,Business,1,Bus-2,Business Comfort,Business Comfort,+147.00 USD,2986.43,USD,Ubfly,JCOMFORT,Priority Access; ETIHAD UAE CHAUFFEUR(F),Included,Included,Included,Included,Included,Unknown,Unknown,Unknown,Unknown,Unknown,Unknown,Unknown,Unknown,Unknown,Unknown,Unknown,Yes,,,2026-07-28T16:42:23+00:00,success,0
EY,BKK,AMS,BKK,TH,AMS,NL,2027-05-02,2027-05-05,Summer,Business,2,Bus-3,Business Deluxe,Business — Business Deluxe,+464.89 USD,3304.32,USD,Ubfly,JDELUXE,Priority Access; ETIHAD UAE CHAUFFEUR(F); ETIHAD GLOBAL CHAUFFEUR(F); Change with Penalty; Uninterrupted return (up to the last 12 hours),Included,Included,Included,Included,Included,Unknown,Unknown,Unknown,Unknown,Unknown,Unknown,Unknown,Unknown,Unknown,Unknown,Unknown,Yes,,,2026-07-28T16:42:23+00:00,success,0
EY,BKK,AMS,BKK,TH,AMS,NL,2026-12-16,2026-12-19,Winter,Economy,0,Eco-1,Economy Basic,Economy Basic,0.00 USD,607.33,USD,Ubfly,YBASIC,,Included,Not Included,Unknown,Included,Unknown,Unknown,Unknown,Unknown,Unknown,Unknown,Unknown,Unknown,Unknown,Unknown,Unknown,Unknown,Yes,,5.0,2026-07-28T16:42:23+00:00,success,0
EY,BKK,AMS,BKK,TH,AMS,NL,2026-12-16,2026-12-19,Winter,Economy,1,Eco-2,Economy Value,Economy Basic,+24.88 USD,632.21,USD,Ubfly,YVALUE,,Included,Included,Unknown,Included,Unknown,Unknown,Unknown,Unknown,Unknown,Unknown,Unknown,Unknown,Unknown,Unknown,Unknown,Unknown,Yes,,35.0,2026-07-28T16:42:23+00:00,success,0
EY,BKK,AMS,BKK,TH,AMS,NL,2026-12-16,2026-12-19,Winter,Economy,2,Eco-3,Economy Comfort,Economy Comfort,+55.72 USD,663.05,USD,Ubfly,YCOMFORT,,Included,Included,Included,Included,Unknown,Unknown,Unknown,Unknown,Unknown,Unknown,Unknown,Unknown,Unknown,Unknown,Unknown,Unknown,Yes,,75.0,2026-07-28T16:42:23+00:00,success,0
EY,BKK,AMS,BKK,TH,AMS,NL,2026-12-16,2026-12-19,Winter,Economy,3,Eco-4,Economy Deluxe,Economy — Economy Deluxe,+170.09 USD,777.42,USD,Ubfly,YDELUXE,Change with Penalty; Uninterrupted return (up to the last 12 hours); Priority Access,Included,Included,Included,Included,Unknown,Unknown,Unknown,Unknown,Unknown,Unknown,Unknown,Unknown,Unknown,Unknown,Unknown,Unknown,Yes,,,2026-07-28T16:42:23+00:00,success,0
EY,BKK,AMS,BKK,TH,AMS,NL,2026-12-16,2026-12-19,Winter,Business,0,Bus-1,Business Value,Business Basic,0.00 USD,1960.7,USD,Ubfly,JVALUE,Priority Access,Included,Included,Unknown,Included,Unknown,Unknown,Unknown,Unknown,Unknown,Unknown,Unknown,Unknown,Unknown,Unknown,Unknown,Unknown,Yes,,100.0,2026-07-28T16:42:23+00:00,success,0
EY,BKK,AMS,BKK,TH,AMS,NL,2026-12-16,2026-12-19,Winter,Business,1,Bus-2,Business Comfort,Business Comfort,+114.37 USD,2075.07,USD,Ubfly,JCOMFORT,Priority Access; ETIHAD UAE CHAUFFEUR(F),Included,Included,Included,Included,Included,Unknown,Unknown,Unknown,Unknown,Unknown,Unknown,Unknown,Unknown,Unknown,Unknown,Unknown,Yes,,,2026-07-28T16:42:23+00:00,success,0
EY,BKK,AMS,BKK,TH,AMS,NL,2026-12-16,2026-12-19,Winter,Business,2,Bus-3,Business Deluxe,Business — Business Deluxe,+432.25 USD,2392.95,USD,Ubfly,JDELUXE,Change with Penalty; Uninterrupted return (up to the last 12 hours); Priority Access; ETIHAD UAE CHAUFFEUR(F); ETIHAD GLOBAL CHAUFFEUR(F),Included,Included,Included,Included,Included,Unknown,Unknown,Unknown,Unknown,Unknown,Unknown,Unknown,Unknown,Unknown,Unknown,Unknown,Yes,,,2026-07-28T16:42:23+00:00,success,0
AC,YYZ,DEL,YTO,CA,DEL,IN,2026-09-03,2026-09-06,Summer,Economy,0,Eco-1,Standard,Economy Standard,0.00 USD,1438.95,USD,Ubfly,TG,POINT ACCRUAL(F),Included,Included,Unknown,Included,Unknown,Unknown,Unknown,Unknown,Unknown,Unknown,Unknown,Unknown,Unknown,Unknown,Unknown,Unknown,,,,2026-07-28T16:42:23+00:00,partial,0
AC,YYZ,DEL,YTO,CA,DEL,IN,2026-09-03,2026-09-06,Summer,Economy,1,Eco-2,Flexible,Economy Flex,+145.14 USD,1584.09,USD,Ubfly,FL,POINT ACCRUAL(F),Included,Included,Included,Included,Unknown,Unknown,Unknown,Unknown,Unknown,Unknown,Unknown,Unknown,Unknown,Unknown,Unknown,Unknown,,,,2026-07-28T16:42:23+00:00,partial,0
AC,YYZ,DEL,YTO,CA,DEL,IN,2026-09-03,2026-09-06,Summer,Economy,2,Eco-3,Comfort,Economy Comfort,+230.30 USD,1669.25,USD,Ubfly,CO,Change with Penalty; Uninterrupted return (up to the last 12 hours); Privileged check-in; POINT ACCRUAL(F),Included,Included,Included,Included,Unknown,Unknown,Unknown,Unknown,Unknown,Unknown,Unknown,Included,Unknown,Unknown,Unknown,Unknown,,,,2026-07-28T16:42:23+00:00,partial,0
AC,YYZ,DEL,YTO,CA,DEL,IN,2026-09-03,2026-09-06,Summer,Economy,3,Eco-4,Latitude,Economy — Latitude,"+1,473.98 USD",2912.93,USD,Ubfly,LT,Change with Penalty; Uninterrupted return (up to the last 12 hours); Privileged check-in; POINT ACCRUAL(F),Included,Included,Included,Included,Unknown,Unknown,Unknown,Unknown,Unknown,Unknown,Unknown,Included,Unknown,Unknown,Unknown,Unknown,,,,2026-07-28T16:42:23+00:00,partial,0
AC,YYZ,DEL,YTO,CA,DEL,IN,2026-09-03,2026-09-06,Summer,Premium Economy,0,PEco-1,Premium Economy Basic,Premium Economy Basic,+565.50 USD,2004.45,USD,Ubfly,PB,Privileged check-in; POINT ACCRUAL(F),Included,Included,Unknown,Included,Unknown,Unknown,Unknown,Unknown,Unknown,Unknown,Unknown,Unknown,Unknown,Unknown,Unknown,Unknown,,,,2026-07-28T16:42:23+00:00,partial,0
AC,YYZ,DEL,YTO,CA,DEL,IN,2026-09-03,2026-09-06,Summer,Premium Economy,1,PEco-2,Premium Economy Lowest,Premium Economy Premium,+657.62 USD,2096.57,USD,Ubfly,PL,Privileged check-in; POINT ACCRUAL(F),Included,Included,Included,Included,Unknown,Unknown,Unknown,Unknown,Unknown,Unknown,Unknown,Unknown,Unknown,Unknown,Unknown,Unknown,,,,2026-07-28T16:42:23+00:00,partial,0
AC,YYZ,DEL,YTO,CA,DEL,IN,2026-09-03,2026-09-06,Summer,Premium Economy,2,PEco-3,Premium Economy Flexible,Premium Economy Flex,+841.86 USD,2280.81,USD,Ubfly,PF,Change with Penalty; Uninterrupted return (up to the last 12 hours); Privileged check-in; POINT ACCRUAL(F),Included,Included,Included,Included,Unknown,Unknown,Unknown,Unknown,Unknown,Unknown,Unknown,Included,Unknown,Unknown,Unknown,Unknown,,,,2026-07-28T16:42:23+00:00,partial,0
AC,YYZ,DEL,YTO,CA,DEL,IN,2026-09-03,2026-09-06,Summer,Business,0,Bus-1,Business Lowest,Business — Business Lowest,0.00 USD,6039.72,USD,Ubfly,EL,Privileged check-in; POINT ACCRUAL(F),Included,Included,Included,Included,Paid,Unknown,Unknown,Unknown,Unknown,Unknown,Unknown,Unknown,Unknown,Unknown,Unknown,Unknown,,,,2026-07-28T16:42:23+00:00,partial,0
AC,YYZ,DEL,YTO,CA,DEL,IN,2026-09-03,2026-09-06,Summer,Business,1,Bus-2,Business Flexible,Business Flex,+212.59 USD,6252.31,USD,Ubfly,EF,Change with Penalty; Uninterrupted return (up to the last 12 hours); Privileged check-in; POINT ACCRUAL(F),Included,Included,Included,Included,Paid,Unknown,Unknown,Unknown,Unknown,Unknown,Unknown,Included,Unknown,Unknown,Unknown,Unknown,,,,2026-07-28T16:42:23+00:00,partial,0
AC,YYZ,DEL,YTO,CA,DEL,IN,2027-02-07,2027-02-10,Winter,Economy,0,Eco-1,Standard,Economy Standard,0.00 USD,1415.82,USD,Ubfly,TG,POINT ACCRUAL(F),Included,Included,Unknown,Included,Unknown,Unknown,Unknown,Unknown,Unknown,Unknown,Unknown,Unknown,Unknown,Unknown,Unknown,Unknown,,,,2026-07-28T16:42:23+00:00,partial,0
AC,YYZ,DEL,YTO,CA,DEL,IN,2027-02-07,2027-02-10,Winter,Economy,1,Eco-2,Flexible,Economy Flex,+145.14 USD,1560.96,USD,Ubfly,FL,POINT ACCRUAL(F),Included,Included,Included,Included,Unknown,Unknown,Unknown,Unknown,Unknown,Unknown,Unknown,Unknown,Unknown,Unknown,Unknown,Unknown,,,,2026-07-28T16:42:23+00:00,partial,0
AC,YYZ,DEL,YTO,CA,DEL,IN,2027-02-07,2027-02-10,Winter,Economy,2,Eco-3,Comfort,Economy Comfort,+230.30 USD,1646.12,USD,Ubfly,CO,Change with Penalty; Uninterrupted return (up to the last 12 hours); Privileged check-in; POINT ACCRUAL(F),Included,Included,Included,Included,Unknown,Unknown,Unknown,Unknown,Unknown,Unknown,Unknown,Included,Unknown,Unknown,Unknown,Unknown,,,,2026-07-28T16:42:23+00:00,partial,0
AC,YYZ,DEL,YTO,CA,DEL,IN,2027-02-07,2027-02-10,Winter,Economy,3,Eco-4,Latitude,Economy — Latitude,"+1,473.98 USD",2889.8,USD,Ubfly,LT,Change with Penalty; Uninterrupted return (up to the last 12 hours); Privileged check-in; POINT ACCRUAL(F),Included,Included,Included,Included,Unknown,Unknown,Unknown,Unknown,Unknown,Unknown,Unknown,Included,Unknown,Unknown,Unknown,Unknown,,,,2026-07-28T16:42:23+00:00,partial,0
AC,YYZ,DEL,YTO,CA,DEL,IN,2027-02-07,2027-02-10,Winter,Premium Economy,0,PEco-1,Premium Economy Basic,Premium Economy Basic,+565.50 USD,1981.32,USD,Ubfly,PB,Privileged check-in; POINT ACCRUAL(F),Included,Included,Unknown,Included,Unknown,Unknown,Unknown,Unknown,Unknown,Unknown,Unknown,Unknown,Unknown,Unknown,Unknown,Unknown,,,,2026-07-28T16:42:23+00:00,partial,0
AC,YYZ,DEL,YTO,CA,DEL,IN,2027-02-07,2027-02-10,Winter,Premium Economy,1,PEco-2,Premium Economy Lowest,Premium Economy Premium,+657.62 USD,2073.44,USD,Ubfly,PL,Privileged check-in; POINT ACCRUAL(F),Included,Included,Included,Included,Unknown,Unknown,Unknown,Unknown,Unknown,Unknown,Unknown,Unknown,Unknown,Unknown,Unknown,Unknown,,,,2026-07-28T16:42:23+00:00,partial,0
AC,YYZ,DEL,YTO,CA,DEL,IN,2027-02-07,2027-02-10,Winter,Premium Economy,2,PEco-3,Premium Economy Flexible,Premium Economy Flex,+841.86 USD,2257.68,USD,Ubfly,PF,Change with Penalty; Uninterrupted return (up to the last 12 hours); Privileged check-in; POINT ACCRUAL(F),Included,Included,Included,Included,Unknown,Unknown,Unknown,Unknown,Unknown,Unknown,Unknown,Included,Unknown,Unknown,Unknown,Unknown,,,,2026-07-28T16:42:23+00:00,partial,0
AC,YYZ,DEL,YTO,CA,DEL,IN,2027-02-07,2027-02-10,Winter,Business,0,Bus-1,Business Basic,Business Basic,0.00 USD,2328.05,USD,Ubfly,EB,Privileged check-in; POINT ACCRUAL(F),Included,Included,Unknown,Included,Paid,Unknown,Unknown,Unknown,Unknown,Unknown,Unknown,Unknown,Unknown,Unknown,Unknown,Unknown,,,,2026-07-28T16:42:23+00:00,partial,0
AC,YYZ,DEL,YTO,CA,DEL,IN,2027-02-07,2027-02-10,Winter,Business,1,Bus-2,Business Lowest,Business — Business Lowest,+141.73 USD,2469.78,USD,Ubfly,EL,Privileged check-in; POINT ACCRUAL(F),Included,Included,Included,Included,Paid,Unknown,Unknown,Unknown,Unknown,Unknown,Unknown,Unknown,Unknown,Unknown,Unknown,Unknown,,,,2026-07-28T16:42:23+00:00,partial,0
AC,YYZ,DEL,YTO,CA,DEL,IN,2027-02-07,2027-02-10,Winter,Business,2,Bus-3,Business Flexible,Business Flex,"+2,761.64 USD",5089.69,USD,Ubfly,EF,Change with Penalty; Uninterrupted return (up to the last 12 hours); Privileged check-in; POINT ACCRUAL(F),Included,Included,Included,Included,Paid,Unknown,Unknown,Unknown,Unknown,Unknown,Unknown,Included,Unknown,Unknown,Unknown,Unknown,,,,2026-07-28T16:42:23+00:00,partial,0
AI,YYZ,DEL,YTO,CA,DEL,IN,2026-09-03,2026-09-06,Summer,Economy,0,Eco-1,Economy Value,Economy Basic,0.00 USD,743.52,USD,Ubfly,ECOVALU,,Included,Included,Included,Paid,Unknown,Unknown,Unknown,Unknown,Unknown,Unknown,Unknown,Unknown,Unknown,Unknown,Unknown,Unknown,,,,2026-07-28T16:42:23+00:00,partial,0
AI,YYZ,DEL,YTO,CA,DEL,IN,2026-09-03,2026-09-06,Summer,Economy,1,Eco-2,Economy Classic,Economy Standard,+44.81 USD,788.33,USD,Ubfly,ECOCLAS,,Included,Included,Included,Paid,Unknown,Unknown,Unknown,Unknown,Unknown,Unknown,Unknown,Unknown,Unknown,Unknown,Unknown,Unknown,,,,2026-07-28T16:42:23+00:00,partial,0
AI,YYZ,DEL,YTO,CA,DEL,IN,2026-09-03,2026-09-06,Summer,Economy,2,Eco-3,Economy Flex,Economy Flex,+172.35 USD,915.87,USD,Ubfly,ECOFLX,Change with Penalty,Included,Included,Included,Paid,Unknown,Unknown,Unknown,Unknown,Unknown,Unknown,Unknown,Unknown,Unknown,Unknown,Unknown,Unknown,,,,2026-07-28T16:42:23+00:00,partial,0
AI,YYZ,DEL,YTO,CA,DEL,IN,2026-09-03,2026-09-06,Summer,Premium Economy,0,PEco-1,Premium Economy Value,Premium Economy Basic,+870.24 USD,1613.76,USD,Ubfly,PEYVALU,,Included,Included,Included,Paid,Unknown,Unknown,Unknown,Unknown,Unknown,Unknown,Unknown,Unknown,Unknown,Unknown,Unknown,Unknown,,,,2026-07-28T16:42:23+00:00,partial,0
AI,YYZ,DEL,YTO,CA,DEL,IN,2026-09-03,2026-09-06,Summer,Premium Economy,1,PEco-2,Premium Economy Flex,Premium Economy Flex,+948.18 USD,1691.7,USD,Ubfly,PEYFLX,Change with Penalty,Included,Included,Included,Paid,Unknown,Unknown,Unknown,Unknown,Unknown,Unknown,Unknown,Unknown,Unknown,Unknown,Unknown,Unknown,,,,2026-07-28T16:42:23+00:00,partial,0
AI,YYZ,DEL,YTO,CA,DEL,IN,2026-09-03,2026-09-06,Summer,Business,0,Bus-1,Business Value,Business Basic,0.00 USD,2986.56,USD,Ubfly,BUSVALU,,Included,Included,Included,Paid,Unknown,Unknown,Unknown,Unknown,Unknown,Unknown,Unknown,Unknown,Unknown,Unknown,Unknown,Unknown,,,,2026-07-28T16:42:23+00:00,partial,0
AI,YYZ,DEL,YTO,CA,DEL,IN,2026-09-03,2026-09-06,Summer,Business,1,Bus-2,Business Flex,Business Flex,+170.08 USD,3156.64,USD,Ubfly,BUSFLX,Change with Penalty,Included,Included,Included,Paid,Unknown,Unknown,Unknown,Unknown,Unknown,Unknown,Unknown,Unknown,Unknown,Unknown,Unknown,Unknown,,,,2026-07-28T16:42:23+00:00,partial,0
AI,YYZ,DEL,YTO,CA,DEL,IN,2027-02-07,2027-02-10,Winter,Economy,0,Eco-1,Economy Value,Economy Basic,0.00 USD,1345.17,USD,Ubfly,ECOVALU,,Included,Included,Included,Paid,Unknown,Unknown,Unknown,Unknown,Unknown,Unknown,Unknown,Unknown,Unknown,Unknown,Unknown,Unknown,,,,2026-07-28T16:42:23+00:00,partial,0
AI,YYZ,DEL,YTO,CA,DEL,IN,2027-02-07,2027-02-10,Winter,Economy,1,Eco-2,Economy Classic,Economy Standard,+44.79 USD,1389.96,USD,Ubfly,ECOCLAS,,Included,Included,Included,Paid,Unknown,Unknown,Unknown,Unknown,Unknown,Unknown,Unknown,Unknown,Unknown,Unknown,Unknown,Unknown,,,,2026-07-28T16:42:23+00:00,partial,0
AI,YYZ,DEL,YTO,CA,DEL,IN,2027-02-07,2027-02-10,Winter,Economy,2,Eco-3,Economy Flex,Economy Flex,+172.35 USD,1517.52,USD,Ubfly,ECOFLX,Change with Penalty,Included,Included,Included,Paid,Unknown,Unknown,Unknown,Unknown,Unknown,Unknown,Unknown,Unknown,Unknown,Unknown,Unknown,Unknown,,,,2026-07-28T16:42:23+00:00,partial,0
AI,YYZ,DEL,YTO,CA,DEL,IN,2027-02-07,2027-02-10,Winter,Premium Economy,0,PEco-1,Premium Economy Value,Premium Economy Basic,+268.59 USD,1613.76,USD,Ubfly,PEYVALU,,Included,Included,Included,Paid,Unknown,Unknown,Unknown,Unknown,Unknown,Unknown,Unknown,Unknown,Unknown,Unknown,Unknown,Unknown,,,,2026-07-28T16:42:23+00:00,partial,0
AI,YYZ,DEL,YTO,CA,DEL,IN,2027-02-07,2027-02-10,Winter,Premium Economy,1,PEco-2,Premium Economy Flex,Premium Economy Flex,+346.53 USD,1691.7,USD,Ubfly,PEYFLX,Change with Penalty,Included,Included,Included,Paid,Unknown,Unknown,Unknown,Unknown,Unknown,Unknown,Unknown,Unknown,Unknown,Unknown,Unknown,Unknown,,,,2026-07-28T16:42:23+00:00,partial,0
AI,YYZ,DEL,YTO,CA,DEL,IN,2027-02-07,2027-02-10,Winter,Business,0,Bus-1,Business Value,Business Basic,0.00 USD,3046.8,USD,Ubfly,BUSVALU,,Included,Included,Included,Paid,Unknown,Unknown,Unknown,Unknown,Unknown,Unknown,Unknown,Unknown,Unknown,Unknown,Unknown,Unknown,,,,2026-07-28T16:42:23+00:00,partial,0
AI,YYZ,DEL,YTO,CA,DEL,IN,2027-02-07,2027-02-10,Winter,Business,1,Bus-2,Business Flex,Business Flex,+170.08 USD,3216.88,USD,Ubfly,BUSFLX,Change with Penalty,Included,Included,Included,Paid,Unknown,Unknown,Unknown,Unknown,Unknown,Unknown,Unknown,Unknown,Unknown,Unknown,Unknown,Unknown,,,,2026-07-28T16:42:23+00:00,partial,0
EY,YYZ,DEL,YTO,CA,DEL,IN,2026-09-03,2026-09-06,Summer,Economy,0,Eco-1,Economy Value,Economy Basic,0.00 USD,740.32,USD,Ubfly,YVALUE,,Included,Included,Unknown,Included,Unknown,Unknown,Unknown,Unknown,Unknown,Unknown,Unknown,Unknown,Unknown,Unknown,Unknown,Unknown,Yes,,35.0,2026-07-28T16:42:23+00:00,success,0
EY,YYZ,DEL,YTO,CA,DEL,IN,2026-09-03,2026-09-06,Summer,Economy,1,Eco-2,Economy Comfort,Economy Comfort,+125.43 USD,865.75,USD,Ubfly,YCOMFORT,,Included,Included,Included,Included,Unknown,Unknown,Unknown,Unknown,Unknown,Unknown,Unknown,Unknown,Unknown,Unknown,Unknown,Unknown,Yes,,75.0,2026-07-28T16:42:23+00:00,success,0
EY,YYZ,DEL,YTO,CA,DEL,IN,2026-09-03,2026-09-06,Summer,Economy,2,Eco-3,Economy Deluxe,Economy — Economy Deluxe,+257.95 USD,998.27,USD,Ubfly,YDELUXE,Change with Penalty; Uninterrupted return (up to the last 12 hours); Priority Access,Included,Included,Included,Included,Unknown,Unknown,Unknown,Unknown,Unknown,Unknown,Unknown,Unknown,Unknown,Unknown,Unknown,Unknown,Yes,,,2026-07-28T16:42:23+00:00,success,0
EY,YYZ,DEL,YTO,CA,DEL,IN,2026-09-03,2026-09-06,Summer,Business,0,Bus-1,Business Value,Business Basic,0.00 USD,2249.14,USD,Ubfly,JVALUE,Priority Access,Included,Included,Unknown,Included,Unknown,Unknown,Unknown,Unknown,Unknown,Unknown,Unknown,Unknown,Unknown,Unknown,Unknown,Unknown,Yes,,100.0,2026-07-28T16:42:23+00:00,success,0
EY,YYZ,DEL,YTO,CA,DEL,IN,2026-09-03,2026-09-06,Summer,Business,1,Bus-2,Business Comfort,Business Comfort,+148.82 USD,2397.96,USD,Ubfly,JCOMFORT,Priority Access; ETIHAD UAE CHAUFFEUR(F),Included,Included,Included,Included,Included,Unknown,Unknown,Unknown,Unknown,Unknown,Unknown,Unknown,Unknown,Unknown,Unknown,Unknown,Yes,,,2026-07-28T16:42:23+00:00,success,0
EY,YYZ,DEL,YTO,CA,DEL,IN,2026-09-03,2026-09-06,Summer,Business,2,Bus-3,Business Deluxe,Business — Business Deluxe,"+1,555.51 USD",3804.65,USD,Ubfly,JDELUXE,Change with Penalty; Uninterrupted return (up to the last 12 hours); Priority Access; ETIHAD UAE CHAUFFEUR(F); ETIHAD GLOBAL CHAUFFEUR(F),Included,Included,Included,Included,Included,Unknown,Unknown,Unknown,Unknown,Unknown,Unknown,Unknown,Unknown,Unknown,Unknown,Unknown,Yes,,,2026-07-28T16:42:23+00:00,success,0
EY,YYZ,DEL,YTO,CA,DEL,IN,2027-02-07,2027-02-10,Winter,Economy,0,Eco-1,Economy Value,Economy Basic,0.00 USD,884.18,USD,Ubfly,YVALUE,,Included,Included,Unknown,Included,Unknown,Unknown,Unknown,Unknown,Unknown,Unknown,Unknown,Unknown,Unknown,Unknown,Unknown,Unknown,Yes,,35.0,2026-07-28T16:42:23+00:00,success,0
EY,YYZ,DEL,YTO,CA,DEL,IN,2027-02-07,2027-02-10,Winter,Economy,1,Eco-2,Economy Comfort,Economy Comfort,+52.43 USD,936.61,USD,Ubfly,YCOMFORT,,Included,Included,Included,Included,Unknown,Unknown,Unknown,Unknown,Unknown,Unknown,Unknown,Unknown,Unknown,Unknown,Unknown,Unknown,Yes,,75.0,2026-07-28T16:42:23+00:00,success,0
EY,YYZ,DEL,YTO,CA,DEL,IN,2027-02-07,2027-02-10,Winter,Economy,2,Eco-3,Economy Deluxe,Economy — Economy Deluxe,+184.96 USD,1069.14,USD,Ubfly,YDELUXE,Change with Penalty; Uninterrupted return (up to the last 12 hours); Priority Access,Included,Included,Included,Included,Unknown,Unknown,Unknown,Unknown,Unknown,Unknown,Unknown,Unknown,Unknown,Unknown,Unknown,Unknown,Yes,,,2026-07-28T16:42:23+00:00,success,0
EY,YYZ,DEL,YTO,CA,DEL,IN,2027-02-07,2027-02-10,Winter,Business,0,Bus-1,Business Value,Business Basic,0.00 USD,3354.51,USD,Ubfly,JVALUE,Priority Access,Included,Included,Unknown,Included,Unknown,Unknown,Unknown,Unknown,Unknown,Unknown,Unknown,Unknown,Unknown,Unknown,Unknown,Unknown,Yes,,100.0,2026-07-28T16:42:23+00:00,success,0
EY,YYZ,DEL,YTO,CA,DEL,IN,2027-02-07,2027-02-10,Winter,Business,1,Bus-2,Business Comfort,Business Comfort,+148.82 USD,3503.33,USD,Ubfly,JCOMFORT,Priority Access; ETIHAD UAE CHAUFFEUR(F),Included,Included,Included,Included,Included,Unknown,Unknown,Unknown,Unknown,Unknown,Unknown,Unknown,Unknown,Unknown,Unknown,Unknown,Yes,,,2026-07-28T16:42:23+00:00,success,0
EY,YYZ,DEL,YTO,CA,DEL,IN,2027-02-07,2027-02-10,Winter,Business,2,Bus-3,Business Deluxe,Business — Business Deluxe,+515.91 USD,3870.42,USD,Ubfly,JDELUXE,Change with Penalty; Uninterrupted return (up to the last 12 hours); Priority Access; ETIHAD UAE CHAUFFEUR(F); ETIHAD GLOBAL CHAUFFEUR(F),Included,Included,Included,Included,Included,Unknown,Unknown,Unknown,Unknown,Unknown,Unknown,Unknown,Unknown,Unknown,Unknown,Unknown,Yes,,,2026-07-28T16:42:23+00:00,success,0
AF,YYZ,DEL,YTO,CA,DEL,IN,2026-09-03,2026-09-06,Summer,Economy,0,Eco-1,Light,Economy Lite,0.00 USD,790.18,USD,Ubfly,LIGHTBAG,Snack; Soft drink,Included,Included,Unknown,Included,Unknown,Unknown,Unknown,Unknown,Unknown,Unknown,Unknown,Unknown,Unknown,Unknown,Unknown,Unknown,Yes,,,2026-07-28T16:42:23+00:00,success,0
AF,YYZ,DEL,YTO,CA,DEL,IN,2026-09-03,2026-09-06,Summer,Economy,1,Eco-2,Standard,Economy Standard,+67.32 USD,857.5,USD,Ubfly,STANDARD3,Snack; Soft drink; Change with Penalty,Included,Included,Included,Included,Unknown,Unknown,Unknown,Unknown,Unknown,Unknown,Unknown,Unknown,Unknown,Unknown,Unknown,Unknown,Yes,,,2026-07-28T16:42:23+00:00,success,0
AF,YYZ,DEL,YTO,CA,DEL,IN,2026-09-03,2026-09-06,Summer,Economy,2,Eco-3,Flex,Economy Flex,+175.04 USD,965.22,USD,Ubfly,FLEX1,Snack; Soft drink; Change with Penalty; Uninterrupted return (up to the last 12 hours),Included,Included,Included,Included,Unknown,Unknown,Unknown,Unknown,Unknown,Unknown,Unknown,Unknown,Unknown,Unknown,Unknown,Unknown,Yes,,,2026-07-28T16:42:23+00:00,success,0
AF,YYZ,DEL,YTO,CA,DEL,IN,2026-09-03,2026-09-06,Summer,Economy,3,Eco-4,Premium Standard,Economy Standard,+882.98 USD,1673.16,USD,Ubfly,PREMSTAND,Snack; Soft drink; Change with Penalty; Privileged check-in,Included,Included,Included,Included,Unknown,Included,Included,Unknown,Unknown,Unknown,Unknown,Unknown,Unknown,Unknown,Unknown,Unknown,Yes,,,2026-07-28T16:42:23+00:00,success,0
AF,YYZ,DEL,YTO,CA,DEL,IN,2026-09-03,2026-09-06,Summer,Economy,4,Eco-5,Premium Flex,Economy Flex,"+1,047.40 USD",1837.58,USD,Ubfly,PREMFLEX,Snack; Soft drink; Change with Penalty; Uninterrupted return (up to the last 12 hours); Privileged check-in,Included,Included,Included,Included,Unknown,Included,Included,Unknown,Unknown,Unknown,Unknown,Unknown,Unknown,Unknown,Unknown,Unknown,Yes,,,2026-07-28T16:42:23+00:00,success,0
AF,YYZ,DEL,YTO,CA,DEL,IN,2026-09-03,2026-09-06,Summer,Business,0,Bus-1,Business Standart,Business — Business Standart,0.00 USD,5487.88,USD,Ubfly,BIZSTAND,Change with Penalty; Privileged check-in; Snack; Soft drink,Included,Included,Included,Included,Included,Included,Included,Unknown,Unknown,Unknown,Unknown,Unknown,Unknown,Unknown,Unknown,Unknown,Yes,,,2026-07-28T16:42:23+00:00,success,0
AF,YYZ,DEL,YTO,CA,DEL,IN,2026-09-03,2026-09-06,Summer,Business,1,Bus-2,Business Flex,Business Flex,+221.81 USD,5709.69,USD,Ubfly,BIZFLEX,Snack; Soft drink; Change with Penalty; Uninterrupted return (up to the last 12 hours); Privileged check-in,Included,Included,Included,Included,Included,Included,Included,Unknown,Unknown,Unknown,Unknown,Unknown,Unknown,Unknown,Unknown,Unknown,Yes,,,2026-07-28T16:42:23+00:00,success,0
AF,YYZ,DEL,YTO,CA,DEL,IN,2027-02-07,2027-02-10,Winter,Economy,0,Eco-1,Light,Economy Lite,0.00 USD,806.61,USD,Ubfly,LIGHTBAG,Snack; Soft drink,Included,Included,Unknown,Included,Unknown,Unknown,Unknown,Unknown,Unknown,Unknown,Unknown,Unknown,Unknown,Unknown,Unknown,Unknown,Yes,,,2026-07-28T16:42:23+00:00,success,0
AF,YYZ,DEL,YTO,CA,DEL,IN,2027-02-07,2027-02-10,Winter,Economy,1,Eco-2,Standard,Economy Standard,+67.32 USD,873.93,USD,Ubfly,STANDARD3,Snack; Soft drink; Change with Penalty,Included,Included,Included,Included,Unknown,Unknown,Unknown,Unknown,Unknown,Unknown,Unknown,Unknown,Unknown,Unknown,Unknown,Unknown,Yes,,,2026-07-28T16:42:23+00:00,success,0
AF,YYZ,DEL,YTO,CA,DEL,IN,2027-02-07,2027-02-10,Winter,Economy,2,Eco-3,Flex,Economy Flex,+175.04 USD,981.65,USD,Ubfly,FLEX1,Snack; Soft drink; Change with Penalty; Uninterrupted return (up to the last 12 hours),Included,Included,Included,Included,Unknown,Unknown,Unknown,Unknown,Unknown,Unknown,Unknown,Unknown,Unknown,Unknown,Unknown,Unknown,Yes,,,2026-07-28T16:42:23+00:00,success,0
AF,YYZ,DEL,YTO,CA,DEL,IN,2027-02-07,2027-02-10,Winter,Economy,3,Eco-4,Premium Standard,Economy Standard,+486.13 USD,1292.74,USD,Ubfly,PREMSTAND,Snack; Soft drink; Change with Penalty; Privileged check-in,Included,Included,Included,Included,Unknown,Included,Included,Unknown,Unknown,Unknown,Unknown,Unknown,Unknown,Unknown,Unknown,Unknown,Yes,,,2026-07-28T16:42:23+00:00,success,0
AF,YYZ,DEL,YTO,CA,DEL,IN,2027-02-07,2027-02-10,Winter,Economy,4,Eco-5,Premium Flex,Economy Flex,+626.45 USD,1433.06,USD,Ubfly,PREMFLEX,Snack; Soft drink; Change with Penalty; Uninterrupted return (up to the last 12 hours); Privileged check-in,Included,Included,Included,Included,Unknown,Included,Included,Unknown,Unknown,Unknown,Unknown,Unknown,Unknown,Unknown,Unknown,Unknown,Yes,,,2026-07-28T16:42:23+00:00,success,0
AF,YYZ,DEL,YTO,CA,DEL,IN,2027-02-07,2027-02-10,Winter,Business,0,Bus-1,Business Standart,Business — Business Standart,0.00 USD,5487.88,USD,Ubfly,BIZSTAND,Change with Penalty; Privileged check-in; Snack; Soft drink,Included,Included,Included,Included,Included,Included,Included,Unknown,Unknown,Unknown,Unknown,Unknown,Unknown,Unknown,Unknown,Unknown,Yes,,,2026-07-28T16:42:23+00:00,success,0
AF,YYZ,DEL,YTO,CA,DEL,IN,2027-02-07,2027-02-10,Winter,Business,1,Bus-2,Business Flex,Business Flex,+221.81 USD,5709.69,USD,Ubfly,BIZFLEX,Snack; Soft drink; Change with Penalty; Uninterrupted return (up to the last 12 hours); Privileged check-in,Included,Included,Included,Included,Included,Included,Included,Unknown,Unknown,Unknown,Unknown,Unknown,Unknown,Unknown,Unknown,Unknown,Yes,,,2026-07-28T16:42:23+00:00,success,0
AI,YVR,DEL,YVR,CA,DEL,IN,2027-04-24,2027-04-27,Summer,Economy,0,Eco-1,Economy Value,Economy Basic,0.00 USD,971.03,USD,Ubfly,ECOVALU,,Included,Included,Included,Paid,Unknown,Unknown,Unknown,Unknown,Unknown,Unknown,Unknown,Unknown,Unknown,Unknown,Unknown,Unknown,,,,2026-07-28T16:42:23+00:00,partial,0
AI,YVR,DEL,YVR,CA,DEL,IN,2027-04-24,2027-04-27,Summer,Economy,1,Eco-2,Economy Classic,Economy Standard,+44.81 USD,1015.84,USD,Ubfly,ECOCLAS,,Included,Included,Included,Paid,Unknown,Unknown,Unknown,Unknown,Unknown,Unknown,Unknown,Unknown,Unknown,Unknown,Unknown,Unknown,,,,2026-07-28T16:42:23+00:00,partial,0
AI,YVR,DEL,YVR,CA,DEL,IN,2027-04-24,2027-04-27,Summer,Economy,2,Eco-3,Economy Flex,Economy Flex,+172.35 USD,1143.38,USD,Ubfly,ECOFLX,Change with Penalty,Included,Included,Included,Paid,Unknown,Unknown,Unknown,Unknown,Unknown,Unknown,Unknown,Unknown,Unknown,Unknown,Unknown,Unknown,,,,2026-07-28T16:42:23+00:00,partial,0
AI,YVR,DEL,YVR,CA,DEL,IN,2027-04-24,2027-04-27,Summer,Business,0,Bus-1,Business Value,Business Basic,0.00 USD,3152.43,USD,Ubfly,BUSVALU,,Included,Included,Included,Paid,Unknown,Unknown,Unknown,Unknown,Unknown,Unknown,Unknown,Unknown,Unknown,Unknown,Unknown,Unknown,,,,2026-07-28T16:42:23+00:00,partial,0
AI,YVR,DEL,YVR,CA,DEL,IN,2027-04-24,2027-04-27,Summer,Business,1,Bus-2,Business Flex,Business Flex,+170.08 USD,3322.51,USD,Ubfly,BUSFLX,Change with Penalty,Included,Included,Included,Paid,Unknown,Unknown,Unknown,Unknown,Unknown,Unknown,Unknown,Unknown,Unknown,Unknown,Unknown,Unknown,,,,2026-07-28T16:42:23+00:00,partial,0
AI,YVR,DEL,YVR,CA,DEL,IN,2027-03-07,2027-03-10,Winter,Economy,0,Eco-1,Economy Value,Economy Basic,0.00 USD,971.03,USD,Ubfly,ECOVALU,,Included,Included,Included,Paid,Unknown,Unknown,Unknown,Unknown,Unknown,Unknown,Unknown,Unknown,Unknown,Unknown,Unknown,Unknown,,,,2026-07-28T16:42:23+00:00,partial,0
AI,YVR,DEL,YVR,CA,DEL,IN,2027-03-07,2027-03-10,Winter,Economy,1,Eco-2,Economy Classic,Economy Standard,+44.81 USD,1015.84,USD,Ubfly,ECOCLAS,,Included,Included,Included,Paid,Unknown,Unknown,Unknown,Unknown,Unknown,Unknown,Unknown,Unknown,Unknown,Unknown,Unknown,Unknown,,,,2026-07-28T16:42:23+00:00,partial,0
AI,YVR,DEL,YVR,CA,DEL,IN,2027-03-07,2027-03-10,Winter,Economy,2,Eco-3,Economy Flex,Economy Flex,+172.35 USD,1143.38,USD,Ubfly,ECOFLX,Change with Penalty,Included,Included,Included,Paid,Unknown,Unknown,Unknown,Unknown,Unknown,Unknown,Unknown,Unknown,Unknown,Unknown,Unknown,Unknown,,,,2026-07-28T16:42:23+00:00,partial,0
AI,YVR,DEL,YVR,CA,DEL,IN,2027-03-07,2027-03-10,Winter,Business,0,Bus-1,Business Value,Business Basic,0.00 USD,3152.43,USD,Ubfly,BUSVALU,,Included,Included,Included,Paid,Unknown,Unknown,Unknown,Unknown,Unknown,Unknown,Unknown,Unknown,Unknown,Unknown,Unknown,Unknown,,,,2026-07-28T16:42:23+00:00,partial,0
AI,YVR,DEL,YVR,CA,DEL,IN,2027-03-07,2027-03-10,Winter,Business,1,Bus-2,Business Flex,Business Flex,+170.08 USD,3322.51,USD,Ubfly,BUSFLX,Change with Penalty,Included,Included,Included,Paid,Unknown,Unknown,Unknown,Unknown,Unknown,Unknown,Unknown,Unknown,Unknown,Unknown,Unknown,Unknown,,,,2026-07-28T16:42:23+00:00,partial,0
CX,YVR,DEL,YVR,CA,DEL,IN,2027-04-24,2027-04-27,Summer,Economy,0,Eco-1,Basic,Economy Basic,0.00 USD,748.9,USD,Ubfly,ECONLIGHT,,Included,Included,Unknown,Unknown,Unknown,Unknown,Unknown,Unknown,Unknown,Unknown,Unknown,Unknown,Unknown,Unknown,Unknown,Unknown,,,,2026-07-28T16:42:23+00:00,partial,0
CX,YVR,DEL,YVR,CA,DEL,IN,2027-03-07,2027-03-10,Winter,Economy,0,Eco-1,Basic,Economy Basic,0.00 USD,748.9,USD,Ubfly,ECONLIGHT,,Included,Included,Unknown,Unknown,Unknown,Unknown,Unknown,Unknown,Unknown,Unknown,Unknown,Unknown,Unknown,Unknown,Unknown,Unknown,,,,2026-07-28T16:42:23+00:00,partial,0
AC,YVR,DEL,YVR,CA,DEL,IN,2027-04-24,2027-04-27,Summer,Economy,0,Eco-1,Standard,Economy Standard,0.00 USD,1416.4,USD,Ubfly,TG,POINT ACCRUAL(F),Included,Included,Unknown,Included,Unknown,Unknown,Unknown,Unknown,Unknown,Unknown,Unknown,Unknown,Unknown,Unknown,Unknown,Unknown,,,,2026-07-28T16:42:23+00:00,partial,0
AC,YVR,DEL,YVR,CA,DEL,IN,2027-04-24,2027-04-27,Summer,Economy,1,Eco-2,Flexible,Economy Flex,+145.16 USD,1561.56,USD,Ubfly,FL,POINT ACCRUAL(F),Included,Included,Included,Included,Unknown,Unknown,Unknown,Unknown,Unknown,Unknown,Unknown,Unknown,Unknown,Unknown,Unknown,Unknown,,,,2026-07-28T16:42:23+00:00,partial,0
AC,YVR,DEL,YVR,CA,DEL,IN,2027-04-24,2027-04-27,Summer,Economy,2,Eco-3,Comfort,Economy Comfort,+230.32 USD,1646.72,USD,Ubfly,CO,Change with Penalty; Uninterrupted return (up to the last 12 hours); Privileged check-in; POINT ACCRUAL(F),Included,Included,Included,Included,Unknown,Unknown,Unknown,Unknown,Unknown,Unknown,Unknown,Included,Unknown,Unknown,Unknown,Unknown,,,,2026-07-28T16:42:23+00:00,partial,0
AC,YVR,DEL,YVR,CA,DEL,IN,2027-04-24,2027-04-27,Summer,Economy,3,Eco-4,Latitude,Economy — Latitude,"+1,415.89 USD",2832.29,USD,Ubfly,LT,Change with Penalty; Uninterrupted return (up to the last 12 hours); Privileged check-in; POINT ACCRUAL(F),Included,Included,Included,Included,Unknown,Unknown,Unknown,Unknown,Unknown,Unknown,Unknown,Included,Unknown,Unknown,Unknown,Unknown,,,,2026-07-28T16:42:23+00:00,partial,0
AC,YVR,DEL,YVR,CA,DEL,IN,2027-04-24,2027-04-27,Summer,Premium Economy,0,PEco-1,Premium Economy Basic,Premium Economy Basic,+664.01 USD,2080.41,USD,Ubfly,PB,Privileged check-in; POINT ACCRUAL(F),Included,Included,Unknown,Included,Unknown,Unknown,Unknown,Unknown,Unknown,Unknown,Unknown,Unknown,Unknown,Unknown,Unknown,Unknown,,,,2026-07-28T16:42:23+00:00,partial,0
AC,YVR,DEL,YVR,CA,DEL,IN,2027-04-24,2027-04-27,Summer,Premium Economy,1,PEco-2,Premium Economy Lowest,Premium Economy Premium,+756.15 USD,2172.55,USD,Ubfly,PL,Privileged check-in; POINT ACCRUAL(F),Included,Included,Included,Included,Unknown,Unknown,Unknown,Unknown,Unknown,Unknown,Unknown,Unknown,Unknown,Unknown,Unknown,Unknown,,,,2026-07-28T16:42:23+00:00,partial,0
AC,YVR,DEL,YVR,CA,DEL,IN,2027-04-24,2027-04-27,Summer,Premium Economy,2,PEco-3,Premium Economy Flexible,Premium Economy Flex,+940.39 USD,2356.79,USD,Ubfly,PF,Change with Penalty; Uninterrupted return (up to the last 12 hours); Privileged check-in; POINT ACCRUAL(F),Included,Included,Included,Included,Unknown,Unknown,Unknown,Unknown,Unknown,Unknown,Unknown,Included,Unknown,Unknown,Unknown,Unknown,,,,2026-07-28T16:42:23+00:00,partial,0
AC,YVR,DEL,YVR,CA,DEL,IN,2027-04-24,2027-04-27,Summer,Business,0,Bus-1,Business Basic,Business Basic,0.00 USD,2524.15,USD,Ubfly,EB,Privileged check-in; POINT ACCRUAL(F),Included,Included,Unknown,Included,Paid,Unknown,Unknown,Unknown,Unknown,Unknown,Unknown,Unknown,Unknown,Unknown,Unknown,Unknown,,,,2026-07-28T16:42:23+00:00,partial,0
AC,YVR,DEL,YVR,CA,DEL,IN,2027-04-24,2027-04-27,Summer,Business,1,Bus-2,Business Lowest,Business — Business Lowest,+141.73 USD,2665.88,USD,Ubfly,EL,Privileged check-in; POINT ACCRUAL(F),Included,Included,Included,Included,Paid,Unknown,Unknown,Unknown,Unknown,Unknown,Unknown,Unknown,Unknown,Unknown,Unknown,Unknown,,,,2026-07-28T16:42:23+00:00,partial,0
AC,YVR,DEL,YVR,CA,DEL,IN,2027-04-24,2027-04-27,Summer,Business,2,Bus-3,Business Flexible,Business Flex,"+4,554.51 USD",7078.66,USD,Ubfly,EF,Change with Penalty; Uninterrupted return (up to the last 12 hours); Privileged check-in; POINT ACCRUAL(F),Included,Included,Included,Included,Paid,Unknown,Unknown,Unknown,Unknown,Unknown,Unknown,Included,Unknown,Unknown,Unknown,Unknown,,,,2026-07-28T16:42:23+00:00,partial,0
AC,YVR,DEL,YVR,CA,DEL,IN,2027-03-07,2027-03-10,Winter,Economy,0,Eco-1,Standard,Economy Standard,0.00 USD,1402.39,USD,Ubfly,TG,POINT ACCRUAL(F),Included,Included,Unknown,Included,Unknown,Unknown,Unknown,Unknown,Unknown,Unknown,Unknown,Unknown,Unknown,Unknown,Unknown,Unknown,,,,2026-07-28T16:42:23+00:00,partial,0
AC,YVR,DEL,YVR,CA,DEL,IN,2027-03-07,2027-03-10,Winter,Economy,1,Eco-2,Flexible,Economy Flex,+145.14 USD,1547.53,USD,Ubfly,FL,POINT ACCRUAL(F),Included,Included,Included,Included,Unknown,Unknown,Unknown,Unknown,Unknown,Unknown,Unknown,Unknown,Unknown,Unknown,Unknown,Unknown,,,,2026-07-28T16:42:23+00:00,partial,0
AC,YVR,DEL,YVR,CA,DEL,IN,2027-03-07,2027-03-10,Winter,Economy,2,Eco-3,Comfort,Economy Comfort,+230.30 USD,1632.69,USD,Ubfly,CO,Change with Penalty; Uninterrupted return (up to the last 12 hours); Privileged check-in; POINT ACCRUAL(F),Included,Included,Included,Included,Unknown,Unknown,Unknown,Unknown,Unknown,Unknown,Unknown,Included,Unknown,Unknown,Unknown,Unknown,,,,2026-07-28T16:42:23+00:00,partial,0
AC,YVR,DEL,YVR,CA,DEL,IN,2027-03-07,2027-03-10,Winter,Economy,3,Eco-4,Latitude,Economy — Latitude,"+1,473.98 USD",2876.37,USD,Ubfly,LT,Change with Penalty; Uninterrupted return (up to the last 12 hours); Privileged check-in; POINT ACCRUAL(F),Included,Included,Included,Included,Unknown,Unknown,Unknown,Unknown,Unknown,Unknown,Unknown,Included,Unknown,Unknown,Unknown,Unknown,,,,2026-07-28T16:42:23+00:00,partial,0
AC,YVR,DEL,YVR,CA,DEL,IN,2027-03-07,2027-03-10,Winter,Premium Economy,0,PEco-1,Premium Economy Basic,Premium Economy Basic,+657.62 USD,2060.01,USD,Ubfly,PB,Privileged check-in; POINT ACCRUAL(F),Included,Included,Unknown,Included,Unknown,Unknown,Unknown,Unknown,Unknown,Unknown,Unknown,Unknown,Unknown,Unknown,Unknown,Unknown,,,,2026-07-28T16:42:23+00:00,partial,0
AC,YVR,DEL,YVR,CA,DEL,IN,2027-03-07,2027-03-10,Winter,Premium Economy,1,PEco-2,Premium Economy Lowest,Premium Economy Premium,+749.74 USD,2152.13,USD,Ubfly,PL,Privileged check-in; POINT ACCRUAL(F),Included,Included,Included,Included,Unknown,Unknown,Unknown,Unknown,Unknown,Unknown,Unknown,Unknown,Unknown,Unknown,Unknown,Unknown,,,,2026-07-28T16:42:23+00:00,partial,0
AC,YVR,DEL,YVR,CA,DEL,IN,2027-03-07,2027-03-10,Winter,Premium Economy,2,PEco-3,Premium Economy Flexible,Premium Economy Flex,+934.01 USD,2336.4,USD,Ubfly,PF,Change with Penalty; Uninterrupted return (up to the last 12 hours); Privileged check-in; POINT ACCRUAL(F),Included,Included,Included,Included,Unknown,Unknown,Unknown,Unknown,Unknown,Unknown,Unknown,Included,Unknown,Unknown,Unknown,Unknown,,,,2026-07-28T16:42:23+00:00,partial,0
AC,YVR,DEL,YVR,CA,DEL,IN,2027-03-07,2027-03-10,Winter,Business,0,Bus-1,Business Basic,Business Basic,0.00 USD,2520.14,USD,Ubfly,EB,Privileged check-in; POINT ACCRUAL(F),Included,Included,Unknown,Included,Paid,Unknown,Unknown,Unknown,Unknown,Unknown,Unknown,Unknown,Unknown,Unknown,Unknown,Unknown,,,,2026-07-28T16:42:23+00:00,partial,0
AC,YVR,DEL,YVR,CA,DEL,IN,2027-03-07,2027-03-10,Winter,Business,1,Bus-2,Business Lowest,Business — Business Lowest,+141.73 USD,2661.87,USD,Ubfly,EL,Privileged check-in; POINT ACCRUAL(F),Included,Included,Included,Included,Paid,Unknown,Unknown,Unknown,Unknown,Unknown,Unknown,Unknown,Unknown,Unknown,Unknown,Unknown,,,,2026-07-28T16:42:23+00:00,partial,0
AC,YVR,DEL,YVR,CA,DEL,IN,2027-03-07,2027-03-10,Winter,Business,2,Bus-3,Business Flexible,Business Flex,"+4,554.51 USD",7074.65,USD,Ubfly,EF,Change with Penalty; Uninterrupted return (up to the last 12 hours); Privileged check-in; POINT ACCRUAL(F),Included,Included,Included,Included,Paid,Unknown,Unknown,Unknown,Unknown,Unknown,Unknown,Included,Unknown,Unknown,Unknown,Unknown,,,,2026-07-28T16:42:23+00:00,partial,0
AF,YVR,DEL,YVR,CA,DEL,IN,2027-04-24,2027-04-27,Summer,Economy,0,Eco-1,Light,Economy Lite,0.00 USD,939.17,USD,Ubfly,LIGHTBAG,Snack; Soft drink,Included,Included,Unknown,Included,Unknown,Unknown,Unknown,Unknown,Unknown,Unknown,Unknown,Unknown,Unknown,Unknown,Unknown,Unknown,Yes,,,2026-07-28T16:42:23+00:00,success,0
AF,YVR,DEL,YVR,CA,DEL,IN,2027-04-24,2027-04-27,Summer,Economy,1,Eco-2,Standard,Economy Standard,+67.32 USD,1006.49,USD,Ubfly,STANDARD3,Snack; Soft drink; Change with Penalty,Included,Included,Included,Included,Unknown,Unknown,Unknown,Unknown,Unknown,Unknown,Unknown,Unknown,Unknown,Unknown,Unknown,Unknown,Yes,,,2026-07-28T16:42:23+00:00,success,0
AF,YVR,DEL,YVR,CA,DEL,IN,2027-04-24,2027-04-27,Summer,Economy,2,Eco-3,Flex,Economy Flex,+175.04 USD,1114.21,USD,Ubfly,FLEX1,Snack; Soft drink; Change with Penalty; Uninterrupted return (up to the last 12 hours),Included,Included,Included,Included,Unknown,Unknown,Unknown,Unknown,Unknown,Unknown,Unknown,Unknown,Unknown,Unknown,Unknown,Unknown,Yes,,,2026-07-28T16:42:23+00:00,success,0
AF,YVR,DEL,YVR,CA,DEL,IN,2027-04-24,2027-04-27,Summer,Economy,3,Eco-4,Premium Standard,Economy Standard,+486.13 USD,1425.3,USD,Ubfly,PREMSTAND,Snack; Soft drink; Change with Penalty; Privileged check-in,Included,Included,Included,Included,Unknown,Included,Included,Unknown,Unknown,Unknown,Unknown,Unknown,Unknown,Unknown,Unknown,Unknown,Yes,,,2026-07-28T16:42:23+00:00,success,0
AF,YVR,DEL,YVR,CA,DEL,IN,2027-04-24,2027-04-27,Summer,Economy,4,Eco-5,Premium Flex,Economy Flex,+626.45 USD,1565.62,USD,Ubfly,PREMFLEX,Snack; Soft drink; Change with Penalty; Uninterrupted return (up to the last 12 hours); Privileged check-in,Included,Included,Included,Included,Unknown,Included,Included,Unknown,Unknown,Unknown,Unknown,Unknown,Unknown,Unknown,Unknown,Unknown,Yes,,,2026-07-28T16:42:23+00:00,success,0
AF,YVR,DEL,YVR,CA,DEL,IN,2027-04-24,2027-04-27,Summer,Business,0,Bus-1,Business Standart,Business — Business Standart,0.00 USD,3356.3,USD,Ubfly,BIZSTAND,Change with Penalty; Privileged check-in; Snack; Soft drink,Included,Included,Included,Included,Included,Included,Included,Unknown,Unknown,Unknown,Unknown,Unknown,Unknown,Unknown,Unknown,Unknown,Yes,,,2026-07-28T16:42:23+00:00,success,0
AF,YVR,DEL,YVR,CA,DEL,IN,2027-04-24,2027-04-27,Summer,Business,1,Bus-2,Business Flex,Business Flex,+198.43 USD,3554.73,USD,Ubfly,BIZFLEX,Snack; Soft drink; Change with Penalty; Uninterrupted return (up to the last 12 hours); Privileged check-in,Included,Included,Included,Included,Included,Included,Included,Unknown,Unknown,Unknown,Unknown,Unknown,Unknown,Unknown,Unknown,Unknown,Yes,,,2026-07-28T16:42:23+00:00,success,0
AF,YVR,DEL,YVR,CA,DEL,IN,2027-03-07,2027-03-10,Winter,Economy,0,Eco-1,Light,Economy Lite,0.00 USD,880.23,USD,Ubfly,LIGHTBAG,Snack; Soft drink,Included,Included,Unknown,Included,Unknown,Unknown,Unknown,Unknown,Unknown,Unknown,Unknown,Unknown,Unknown,Unknown,Unknown,Unknown,Yes,,,2026-07-28T16:42:23+00:00,success,0
AF,YVR,DEL,YVR,CA,DEL,IN,2027-03-07,2027-03-10,Winter,Economy,1,Eco-2,Standard,Economy Standard,+67.32 USD,947.55,USD,Ubfly,STANDARD3,Snack; Soft drink; Change with Penalty,Included,Included,Included,Included,Unknown,Unknown,Unknown,Unknown,Unknown,Unknown,Unknown,Unknown,Unknown,Unknown,Unknown,Unknown,Yes,,,2026-07-28T16:42:23+00:00,success,0
AF,YVR,DEL,YVR,CA,DEL,IN,2027-03-07,2027-03-10,Winter,Economy,2,Eco-3,Flex,Economy Flex,+175.04 USD,1055.27,USD,Ubfly,FLEX1,Snack; Soft drink; Change with Penalty; Uninterrupted return (up to the last 12 hours),Included,Included,Included,Included,Unknown,Unknown,Unknown,Unknown,Unknown,Unknown,Unknown,Unknown,Unknown,Unknown,Unknown,Unknown,Yes,,,2026-07-28T16:42:23+00:00,success,0
AF,YVR,DEL,YVR,CA,DEL,IN,2027-03-07,2027-03-10,Winter,Economy,3,Eco-4,Premium Standard,Economy Standard,+486.13 USD,1366.36,USD,Ubfly,PREMSTAND,Snack; Soft drink; Change with Penalty; Privileged check-in,Included,Included,Included,Included,Unknown,Included,Included,Unknown,Unknown,Unknown,Unknown,Unknown,Unknown,Unknown,Unknown,Unknown,Yes,,,2026-07-28T16:42:23+00:00,success,0
AF,YVR,DEL,YVR,CA,DEL,IN,2027-03-07,2027-03-10,Winter,Economy,4,Eco-5,Premium Flex,Economy Flex,+626.45 USD,1506.68,USD,Ubfly,PREMFLEX,Snack; Soft drink; Change with Penalty; Uninterrupted return (up to the last 12 hours); Privileged check-in,Included,Included,Included,Included,Unknown,Included,Included,Unknown,Unknown,Unknown,Unknown,Unknown,Unknown,Unknown,Unknown,Unknown,Yes,,,2026-07-28T16:42:23+00:00,success,0
AF,YVR,DEL,YVR,CA,DEL,IN,2027-03-07,2027-03-10,Winter,Business,0,Bus-1,Business Standart,Business — Business Standart,0.00 USD,3356.3,USD,Ubfly,BIZSTAND,Change with Penalty; Privileged check-in; Snack; Soft drink,Included,Included,Included,Included,Included,Included,Included,Unknown,Unknown,Unknown,Unknown,Unknown,Unknown,Unknown,Unknown,Unknown,Yes,,,2026-07-28T16:42:23+00:00,success,0
AF,YVR,DEL,YVR,CA,DEL,IN,2027-03-07,2027-03-10,Winter,Business,1,Bus-2,Business Flex,Business Flex,+198.43 USD,3554.73,USD,Ubfly,BIZFLEX,Snack; Soft drink; Change with Penalty; Uninterrupted return (up to the last 12 hours); Privileged check-in,Included,Included,Included,Included,Included,Included,Included,Unknown,Unknown,Unknown,Unknown,Unknown,Unknown,Unknown,Unknown,Unknown,Yes,,,2026-07-28T16:42:23+00:00,success,0
AI,JFK,DEL,NYC,US,DEL,IN,2026-09-30,2026-10-03,Summer,Economy,0,Eco-1,Economy Value,Economy Basic,0.00 USD,493.24,USD,Ubfly,ECOVALU,,Included,Included,Included,Paid,Unknown,Unknown,Unknown,Unknown,Unknown,Unknown,Unknown,Unknown,Unknown,Unknown,Unknown,Unknown,,,,2026-07-28T16:42:23+00:00,partial,0
AI,JFK,DEL,NYC,US,DEL,IN,2026-09-30,2026-10-03,Summer,Economy,1,Eco-2,Economy Classic,Economy Standard,+47.17 USD,540.41,USD,Ubfly,ECOCLAS,,Included,Included,Included,Paid,Unknown,Unknown,Unknown,Unknown,Unknown,Unknown,Unknown,Unknown,Unknown,Unknown,Unknown,Unknown,,,,2026-07-28T16:42:23+00:00,partial,0
AI,JFK,DEL,NYC,US,DEL,IN,2026-09-30,2026-10-03,Summer,Economy,2,Eco-3,Economy Flex,Economy Flex,+211.74 USD,704.98,USD,Ubfly,ECOFLX,Change with Penalty,Included,Included,Included,Paid,Unknown,Unknown,Unknown,Unknown,Unknown,Unknown,Unknown,Unknown,Unknown,Unknown,Unknown,Unknown,,,,2026-07-28T16:42:23+00:00,partial,0
AI,JFK,DEL,NYC,US,DEL,IN,2026-09-30,2026-10-03,Summer,Premium Economy,0,PEco-1,Premium Economy Value,Premium Economy Basic,"+1,608.81 USD",2102.05,USD,Ubfly,PEYVALU,,Included,Included,Included,Paid,Unknown,Unknown,Unknown,Unknown,Unknown,Unknown,Unknown,Unknown,Unknown,Unknown,Unknown,Unknown,,,,2026-07-28T16:42:23+00:00,partial,0
AI,JFK,DEL,NYC,US,DEL,IN,2026-09-30,2026-10-03,Summer,Premium Economy,1,PEco-2,Premium Economy Flex,Premium Economy Flex,"+1,683.62 USD",2176.86,USD,Ubfly,PEYFLX,Change with Penalty,Included,Included,Included,Paid,Unknown,Unknown,Unknown,Unknown,Unknown,Unknown,Unknown,Unknown,Unknown,Unknown,Unknown,Unknown,,,,2026-07-28T16:42:23+00:00,partial,0
AI,JFK,DEL,NYC,US,DEL,IN,2026-09-30,2026-10-03,Summer,Business,0,Bus-1,Business Value,Business Basic,0.00 USD,5463.02,USD,Ubfly,BUSVALU,,Included,Included,Included,Paid,Unknown,Unknown,Unknown,Unknown,Unknown,Unknown,Unknown,Unknown,Unknown,Unknown,Unknown,Unknown,,,,2026-07-28T16:42:23+00:00,partial,0
AI,JFK,DEL,NYC,US,DEL,IN,2026-09-30,2026-10-03,Summer,Business,1,Bus-2,Business Flex,Business Flex,+199.48 USD,5662.5,USD,Ubfly,BUSFLX,Change with Penalty,Included,Included,Included,Paid,Unknown,Unknown,Unknown,Unknown,Unknown,Unknown,Unknown,Unknown,Unknown,Unknown,Unknown,Unknown,,,,2026-07-28T16:42:23+00:00,partial,0
AI,JFK,DEL,NYC,US,DEL,IN,2027-03-05,2027-03-08,Winter,Economy,0,Eco-1,Economy Value,Economy Basic,0.00 USD,592.99,USD,Ubfly,ECOVALU,,Included,Included,Included,Paid,Unknown,Unknown,Unknown,Unknown,Unknown,Unknown,Unknown,Unknown,Unknown,Unknown,Unknown,Unknown,,,,2026-07-28T16:42:23+00:00,partial,0
AI,JFK,DEL,NYC,US,DEL,IN,2027-03-05,2027-03-08,Winter,Economy,1,Eco-2,Economy Classic,Economy Standard,+47.17 USD,640.16,USD,Ubfly,ECOCLAS,,Included,Included,Included,Paid,Unknown,Unknown,Unknown,Unknown,Unknown,Unknown,Unknown,Unknown,Unknown,Unknown,Unknown,Unknown,,,,2026-07-28T16:42:23+00:00,partial,0
AI,JFK,DEL,NYC,US,DEL,IN,2027-03-05,2027-03-08,Winter,Economy,2,Eco-3,Economy Flex,Economy Flex,+211.74 USD,804.73,USD,Ubfly,ECOFLX,Change with Penalty,Included,Included,Included,Paid,Unknown,Unknown,Unknown,Unknown,Unknown,Unknown,Unknown,Unknown,Unknown,Unknown,Unknown,Unknown,,,,2026-07-28T16:42:23+00:00,partial,0
AI,JFK,DEL,NYC,US,DEL,IN,2027-03-05,2027-03-08,Winter,Premium Economy,0,PEco-1,Premium Economy Value,Premium Economy Basic,"+1,587.87 USD",2180.86,USD,Ubfly,PEYVALU,,Included,Included,Included,Paid,Unknown,Unknown,Unknown,Unknown,Unknown,Unknown,Unknown,Unknown,Unknown,Unknown,Unknown,Unknown,,,,2026-07-28T16:42:23+00:00,partial,0
AI,JFK,DEL,NYC,US,DEL,IN,2027-03-05,2027-03-08,Winter,Premium Economy,1,PEco-2,Premium Economy Flex,Premium Economy Flex,"+1,662.68 USD",2255.67,USD,Ubfly,PEYFLX,Change with Penalty,Included,Included,Included,Paid,Unknown,Unknown,Unknown,Unknown,Unknown,Unknown,Unknown,Unknown,Unknown,Unknown,Unknown,Unknown,,,,2026-07-28T16:42:23+00:00,partial,0
AI,JFK,DEL,NYC,US,DEL,IN,2027-03-05,2027-03-08,Winter,Business,0,Bus-1,Business Value,Business Basic,0.00 USD,5658.89,USD,Ubfly,BUSVALU,,Included,Included,Included,Paid,Unknown,Unknown,Unknown,Unknown,Unknown,Unknown,Unknown,Unknown,Unknown,Unknown,Unknown,Unknown,,,,2026-07-28T16:42:23+00:00,partial,0
AI,JFK,DEL,NYC,US,DEL,IN,2027-03-05,2027-03-08,Winter,Business,1,Bus-2,Business Flex,Business Flex,+199.46 USD,5858.35,USD,Ubfly,BUSFLX,Change with Penalty,Included,Included,Included,Paid,Unknown,Unknown,Unknown,Unknown,Unknown,Unknown,Unknown,Unknown,Unknown,Unknown,Unknown,Unknown,,,,2026-07-28T16:42:23+00:00,partial,0
AA,JFK,DEL,NYC,US,DEL,IN,2026-09-30,2026-10-03,Summer,Economy,0,Eco-1,Main Cabin,Economy Standard,0.00 USD,751.16,USD,Ubfly,AAAT-MAIN,"Choose a Main Cabin seat; Pay for an extra legroom seat; Board in general group (6-8); Changes allowed; If you're an AAdvantage® status member or AAdvantage® credit cardholder, your bag benefit and boarding group applies if higher based on status. Benefits may not apply on partner airlines.; If you're an AAdvantage® credit cardholder, your bag benefit applies only on domestic American Airlines marketed and operated trips.",Included,Included,Unknown,Unknown,Unknown,Unknown,Unknown,Not Included,Not Included,Unknown,Unknown,Unknown,Unknown,Unknown,Unknown,Unknown,,,,2026-07-28T16:42:23+00:00,partial,0
AA,JFK,DEL,NYC,US,DEL,IN,2026-09-30,2026-10-03,Summer,Economy,1,Eco-2,Main Plus,Economy Standard,+129.67 USD,880.83,USD,Ubfly,AAAT-MAINPL,"Check 2 bags free; Choose a Main Cabin seat; Choose an extra legroom seat; Board earlier with Group 5; Changes allowed; If you're an AAdvantage® status member or AAdvantage® credit cardholder, your bag benefit and boarding group applies if higher based on status. Benefits may not apply on partner airlines.; If you're an AAdvantage® credit cardholder, your bag benefit applies only on domestic American Airlines marketed and operated trips.",Included,Included,Unknown,Unknown,Unknown,Unknown,Unknown,Not Included,Not Included,Unknown,Unknown,Unknown,Unknown,Unknown,Unknown,Unknown,,,,2026-07-28T16:42:23+00:00,partial,0
AA,JFK,DEL,NYC,US,DEL,IN,2026-09-30,2026-10-03,Summer,Economy,2,Eco-3,Main Cabin Flexible,Economy Standard,+162.58 USD,913.74,USD,Ubfly,AAAT-MAINFL,"Choose a Main Cabin seat; Pay for an extra legroom seat; Board in general group (6-8); Changes allowed; *Flexible fares may be subject to additional restrictions once travel begins. Please refer to the Penalties section in the fare rules for details; If you're an AAdvantage® status member or AAdvantage® credit cardholder, your bag benefit and boarding group applies if higher based on status. Benefits may not apply on partner airlines.; If you're an AAdvantage® credit cardholder, your bag benefit applies only on domestic American Airlines marketed and operated trips.",Included,Included,Unknown,Unknown,Unknown,Unknown,Unknown,Included,Not Included,Unknown,Unknown,Unknown,Unknown,Unknown,Unknown,Unknown,,,,2026-07-28T16:42:23+00:00,partial,0
AA,JFK,DEL,NYC,US,DEL,IN,2026-09-30,2026-10-03,Summer,Premium Economy,0,PEco-1,Premium Economy,Premium Economy Premium,+848.78 USD,1599.94,USD,Ubfly,AAAT-PEC,"Check 2 bags free; Extra Legroom Seat; Priority check-in and boarding access (Group 4); Changes allowed; If you're an AAdvantage® status member or AAdvantage® credit cardholder, your bag benefit and boarding group applies if higher based on status. Benefits may not apply on partner airlines.; If you're an AAdvantage® credit cardholder, your bag benefit applies only on domestic American Airlines marketed and operated trips.",Included,Included,Unknown,Unknown,Unknown,Unknown,Unknown,Not Included,Not Included,Unknown,Unknown,Unknown,Unknown,Unknown,Unknown,Unknown,,,,2026-07-28T16:42:23+00:00,partial,0
AA,JFK,DEL,NYC,US,DEL,IN,2026-09-30,2026-10-03,Summer,Premium Economy,1,PEco-2,Premium Economy Flexible,Premium Economy Flex,"+1,237.78 USD",1988.94,USD,Ubfly,AAAT-PECFL,"Check 2 bags free; Extra Legroom Seat; Priority check-in and boarding access (Group 4); Changes allowed; *Flexible fares may be subject to additional restrictions once travel begins. Please refer to the Penalties section in the fare rules for details; If you're an AAdvantage® status member or AAdvantage® credit cardholder, your bag benefit and boarding group applies if higher based on status. Benefits may not apply on partner airlines.; If you're an AAdvantage® credit cardholder, your bag benefit applies only on domestic American Airlines marketed and operated trips.",Included,Included,Unknown,Unknown,Unknown,Unknown,Unknown,Included,Not Included,Unknown,Unknown,Unknown,Unknown,Unknown,Unknown,Unknown,,,,2026-07-28T16:42:23+00:00,partial,0
AA,JFK,DEL,NYC,US,DEL,IN,2027-03-05,2027-03-08,Winter,Economy,0,Eco-1,Main Cabin,Economy Standard,0.00 USD,791.05,USD,Ubfly,AAAT-MAIN,"Choose a Main Cabin seat; Pay for an extra legroom seat; Board in general group (6-8); Changes allowed; If you're an AAdvantage® status member or AAdvantage® credit cardholder, your bag benefit and boarding group applies if higher based on status. Benefits may not apply on partner airlines.; If you're an AAdvantage® credit cardholder, your bag benefit applies only on domestic American Airlines marketed and operated trips.",Included,Included,Unknown,Unknown,Unknown,Unknown,Unknown,Not Included,Not Included,Unknown,Unknown,Unknown,Unknown,Unknown,Unknown,Unknown,,,,2026-07-28T16:42:23+00:00,partial,0
AA,JFK,DEL,NYC,US,DEL,IN,2027-03-05,2027-03-08,Winter,Economy,1,Eco-2,Main Plus,Economy Standard,+129.67 USD,920.72,USD,Ubfly,AAAT-MAINPL,"Check 2 bags free; Choose a Main Cabin seat; Choose an extra legroom seat; Board earlier with Group 5; Changes allowed; If you're an AAdvantage® status member or AAdvantage® credit cardholder, your bag benefit and boarding group applies if higher based on status. Benefits may not apply on partner airlines.; If you're an AAdvantage® credit cardholder, your bag benefit applies only on domestic American Airlines marketed and operated trips.",Included,Included,Unknown,Unknown,Unknown,Unknown,Unknown,Not Included,Not Included,Unknown,Unknown,Unknown,Unknown,Unknown,Unknown,Unknown,,,,2026-07-28T16:42:23+00:00,partial,0
AA,JFK,DEL,NYC,US,DEL,IN,2027-03-05,2027-03-08,Winter,Economy,2,Eco-3,Main Cabin Flexible,Economy Standard,+162.58 USD,953.63,USD,Ubfly,AAAT-MAINFL,"Choose a Main Cabin seat; Pay for an extra legroom seat; Board in general group (6-8); Changes allowed; *Flexible fares may be subject to additional restrictions once travel begins. Please refer to the Penalties section in the fare rules for details; If you're an AAdvantage® status member or AAdvantage® credit cardholder, your bag benefit and boarding group applies if higher based on status. Benefits may not apply on partner airlines.; If you're an AAdvantage® credit cardholder, your bag benefit applies only on domestic American Airlines marketed and operated trips.",Included,Included,Unknown,Unknown,Unknown,Unknown,Unknown,Included,Not Included,Unknown,Unknown,Unknown,Unknown,Unknown,Unknown,Unknown,,,,2026-07-28T16:42:23+00:00,partial,0
AA,JFK,DEL,NYC,US,DEL,IN,2027-03-05,2027-03-08,Winter,Premium Economy,0,PEco-1,Premium Economy,Premium Economy Premium,+860.75 USD,1651.8,USD,Ubfly,AAAT-PEC,"Check 2 bags free; Extra Legroom Seat; Priority check-in and boarding access (Group 4); Changes allowed; If you're an AAdvantage® status member or AAdvantage® credit cardholder, your bag benefit and boarding group applies if higher based on status. Benefits may not apply on partner airlines.; If you're an AAdvantage® credit cardholder, your bag benefit applies only on domestic American Airlines marketed and operated trips.",Included,Included,Unknown,Unknown,Unknown,Unknown,Unknown,Not Included,Not Included,Unknown,Unknown,Unknown,Unknown,Unknown,Unknown,Unknown,,,,2026-07-28T16:42:23+00:00,partial,0
AA,JFK,DEL,NYC,US,DEL,IN,2027-03-05,2027-03-08,Winter,Premium Economy,1,PEco-2,Premium Economy Flexible,Premium Economy Flex,"+1,249.74 USD",2040.79,USD,Ubfly,AAAT-PECFL,"Check 2 bags free; Extra Legroom Seat; Priority check-in and boarding access (Group 4); Changes allowed; *Flexible fares may be subject to additional restrictions once travel begins. Please refer to the Penalties section in the fare rules for details; If you're an AAdvantage® status member or AAdvantage® credit cardholder, your bag benefit and boarding group applies if higher based on status. Benefits may not apply on partner airlines.; If you're an AAdvantage® credit cardholder, your bag benefit applies only on domestic American Airlines marketed and operated trips.",Included,Included,Unknown,Unknown,Unknown,Unknown,Unknown,Included,Not Included,Unknown,Unknown,Unknown,Unknown,Unknown,Unknown,Unknown,,,,2026-07-28T16:42:23+00:00,partial,0
EY,JFK,DEL,NYC,US,DEL,IN,2026-09-30,2026-10-03,Summer,Economy,0,Eco-1,Economy Basic,Economy Basic,0.00 USD,592.33,USD,Ubfly,YBASIC,,Included,Not Included,Unknown,Included,Unknown,Unknown,Unknown,Unknown,Unknown,Unknown,Unknown,Unknown,Unknown,Unknown,Unknown,Unknown,Yes,,5.0,2026-07-28T16:42:23+00:00,success,0
EY,JFK,DEL,NYC,US,DEL,IN,2026-09-30,2026-10-03,Summer,Economy,1,Eco-2,Economy Value,Economy Basic,+29.48 USD,621.81,USD,Ubfly,YVALUE,,Included,Included,Unknown,Included,Unknown,Unknown,Unknown,Unknown,Unknown,Unknown,Unknown,Unknown,Unknown,Unknown,Unknown,Unknown,Yes,,35.0,2026-07-28T16:42:23+00:00,success,0
EY,JFK,DEL,NYC,US,DEL,IN,2026-09-30,2026-10-03,Summer,Economy,2,Eco-3,Economy Comfort,Economy Comfort,+102.28 USD,694.61,USD,Ubfly,YCOMFORT,,Included,Included,Included,Included,Unknown,Unknown,Unknown,Unknown,Unknown,Unknown,Unknown,Unknown,Unknown,Unknown,Unknown,Unknown,Yes,,75.0,2026-07-28T16:42:23+00:00,success,0
EY,JFK,DEL,NYC,US,DEL,IN,2026-09-30,2026-10-03,Summer,Economy,3,Eco-4,Economy Deluxe,Economy — Economy Deluxe,+292.79 USD,885.12,USD,Ubfly,YDELUXE,Change with Penalty; Uninterrupted return (up to the last 12 hours); Priority Access,Included,Included,Included,Included,Unknown,Unknown,Unknown,Unknown,Unknown,Unknown,Unknown,Unknown,Unknown,Unknown,Unknown,Unknown,Yes,,,2026-07-28T16:42:23+00:00,success,0
EY,JFK,DEL,NYC,US,DEL,IN,2026-09-30,2026-10-03,Summer,Business,0,Bus-1,Business Value,Business Basic,0.00 USD,3514.66,USD,Ubfly,JVALUE,Priority Access,Included,Included,Unknown,Included,Unknown,Unknown,Unknown,Unknown,Unknown,Unknown,Unknown,Unknown,Unknown,Unknown,Unknown,Unknown,Yes,,100.0,2026-07-28T16:42:23+00:00,success,0
EY,JFK,DEL,NYC,US,DEL,IN,2026-09-30,2026-10-03,Summer,Business,1,Bus-2,Business Comfort,Business Comfort,+170.54 USD,3685.2,USD,Ubfly,JCOMFORT,Priority Access; ETIHAD UAE CHAUFFEUR(F),Included,Included,Included,Included,Included,Unknown,Unknown,Unknown,Unknown,Unknown,Unknown,Unknown,Unknown,Unknown,Unknown,Unknown,Yes,,,2026-07-28T16:42:23+00:00,success,0
EY,JFK,DEL,NYC,US,DEL,IN,2026-09-30,2026-10-03,Summer,Business,2,Bus-3,Business Deluxe,Business — Business Deluxe,"+1,895.05 USD",5409.71,USD,Ubfly,JDELUXE,Change with Penalty; Uninterrupted return (up to the last 12 hours); Priority Access; ETIHAD UAE CHAUFFEUR(F); ETIHAD GLOBAL CHAUFFEUR(F),Included,Included,Included,Included,Included,Unknown,Unknown,Unknown,Unknown,Unknown,Unknown,Unknown,Unknown,Unknown,Unknown,Unknown,Yes,,,2026-07-28T16:42:23+00:00,success,0
EY,JFK,DEL,NYC,US,DEL,IN,2027-03-05,2027-03-08,Winter,Economy,0,Eco-1,Economy Basic,Economy Basic,0.00 USD,657.16,USD,Ubfly,YBASIC,,Included,Not Included,Unknown,Included,Unknown,Unknown,Unknown,Unknown,Unknown,Unknown,Unknown,Unknown,Unknown,Unknown,Unknown,Unknown,Yes,,5.0,2026-07-28T16:42:23+00:00,success,0
EY,JFK,DEL,NYC,US,DEL,IN,2027-03-05,2027-03-08,Winter,Economy,1,Eco-2,Economy Value,Economy Basic,+29.48 USD,686.64,USD,Ubfly,YVALUE,,Included,Included,Unknown,Included,Unknown,Unknown,Unknown,Unknown,Unknown,Unknown,Unknown,Unknown,Unknown,Unknown,Unknown,Unknown,Yes,,35.0,2026-07-28T16:42:23+00:00,success,0
EY,JFK,DEL,NYC,US,DEL,IN,2027-03-05,2027-03-08,Winter,Economy,2,Eco-3,Economy Comfort,Economy Comfort,+102.30 USD,759.46,USD,Ubfly,YCOMFORT,,Included,Included,Included,Included,Unknown,Unknown,Unknown,Unknown,Unknown,Unknown,Unknown,Unknown,Unknown,Unknown,Unknown,Unknown,Yes,,75.0,2026-07-28T16:42:23+00:00,success,0
EY,JFK,DEL,NYC,US,DEL,IN,2027-03-05,2027-03-08,Winter,Economy,3,Eco-4,Economy Deluxe,Economy — Economy Deluxe,+292.79 USD,949.95,USD,Ubfly,YDELUXE,Change with Penalty; Uninterrupted return (up to the last 12 hours); Priority Access,Included,Included,Included,Included,Unknown,Unknown,Unknown,Unknown,Unknown,Unknown,Unknown,Unknown,Unknown,Unknown,Unknown,Unknown,Yes,,,2026-07-28T16:42:23+00:00,success,0
EY,JFK,DEL,NYC,US,DEL,IN,2027-03-05,2027-03-08,Winter,Business,0,Bus-1,Business Value,Business Basic,0.00 USD,6915.63,USD,Ubfly,JVALUE,Priority Access,Included,Included,Unknown,Included,Unknown,Unknown,Unknown,Unknown,Unknown,Unknown,Unknown,Unknown,Unknown,Unknown,Unknown,Unknown,Yes,,100.0,2026-07-28T16:42:23+00:00,success,0
EY,JFK,DEL,NYC,US,DEL,IN,2027-03-05,2027-03-08,Winter,Business,1,Bus-2,Business Comfort,Business Comfort,+230.41 USD,7146.04,USD,Ubfly,JCOMFORT,Priority Access; ETIHAD UAE CHAUFFEUR(F),Included,Included,Included,Included,Included,Unknown,Unknown,Unknown,Unknown,Unknown,Unknown,Unknown,Unknown,Unknown,Unknown,Unknown,Yes,,,2026-07-28T16:42:23+00:00,success,0
EY,JFK,DEL,NYC,US,DEL,IN,2027-03-05,2027-03-08,Winter,Business,2,Bus-3,Business Deluxe,Business — Business Deluxe,+629.37 USD,7545.0,USD,Ubfly,JDELUXE,Change with Penalty; Uninterrupted return (up to the last 12 hours); Priority Access; ETIHAD UAE CHAUFFEUR(F); ETIHAD GLOBAL CHAUFFEUR(F),Included,Included,Included,Included,Included,Unknown,Unknown,Unknown,Unknown,Unknown,Unknown,Unknown,Unknown,Unknown,Unknown,Unknown,Yes,,,2026-07-28T16:42:23+00:00,success,0
AC,DEL,YYZ,DEL,IN,YTO,CA,2027-04-26,2027-04-29,Summer,Economy,0,Eco-1,Standard,Economy Standard,0.00 USD,916.88,USD,Ubfly,TG,POINT ACCRUAL(F),Included,Included,Unknown,Included,Unknown,Unknown,Unknown,Unknown,Unknown,Unknown,Unknown,Unknown,Unknown,Unknown,Unknown,Unknown,,,,2026-07-28T16:42:23+00:00,partial,0
AC,DEL,YYZ,DEL,IN,YTO,CA,2027-04-26,2027-04-29,Summer,Economy,1,Eco-2,Flexible,Economy Flex,+56.92 USD,973.8,USD,Ubfly,FL,POINT ACCRUAL(F),Included,Included,Included,Included,Unknown,Unknown,Unknown,Unknown,Unknown,Unknown,Unknown,Unknown,Unknown,Unknown,Unknown,Unknown,,,,2026-07-28T16:42:23+00:00,partial,0
AC,DEL,YYZ,DEL,IN,YTO,CA,2027-04-26,2027-04-29,Summer,Economy,2,Eco-3,Comfort,Economy Comfort,+179.09 USD,1095.97,USD,Ubfly,CO,Change with Penalty; Uninterrupted return (up to the last 12 hours); Privileged check-in; POINT ACCRUAL(F),Included,Included,Included,Included,Unknown,Unknown,Unknown,Unknown,Unknown,Unknown,Unknown,Included,Unknown,Unknown,Unknown,Unknown,,,,2026-07-28T16:42:23+00:00,partial,0
AC,DEL,YYZ,DEL,IN,YTO,CA,2027-04-26,2027-04-29,Summer,Economy,3,Eco-4,Latitude,Economy — Latitude,"+3,077.90 USD",3994.78,USD,Ubfly,LT,Change with Penalty; Uninterrupted return (up to the last 12 hours); Privileged check-in; POINT ACCRUAL(F),Included,Included,Included,Included,Unknown,Unknown,Unknown,Unknown,Unknown,Unknown,Unknown,Included,Unknown,Unknown,Unknown,Unknown,,,,2026-07-28T16:42:23+00:00,partial,0
AC,DEL,YYZ,DEL,IN,YTO,CA,2027-04-26,2027-04-29,Summer,Premium Economy,0,PEco-1,Premium Economy Lowest,Premium Economy Premium,"+1,004.13 USD",1921.01,USD,Ubfly,PL,Privileged check-in; POINT ACCRUAL(F),Included,Included,Included,Included,Unknown,Unknown,Unknown,Unknown,Unknown,Unknown,Unknown,Unknown,Unknown,Unknown,Unknown,Unknown,,,,2026-07-28T16:42:23+00:00,partial,0
AC,DEL,YYZ,DEL,IN,YTO,CA,2027-04-26,2027-04-29,Summer,Premium Economy,1,PEco-2,Premium Economy Flexible,Premium Economy Flex,"+3,116.89 USD",4033.77,USD,Ubfly,PF,Change with Penalty; Uninterrupted return (up to the last 12 hours); Privileged check-in; POINT ACCRUAL(F),Included,Included,Included,Included,Unknown,Unknown,Unknown,Unknown,Unknown,Unknown,Unknown,Included,Unknown,Unknown,Unknown,Unknown,,,,2026-07-28T16:42:23+00:00,partial,0
AC,DEL,YYZ,DEL,IN,YTO,CA,2027-04-26,2027-04-29,Summer,Business,0,Bus-1,Business Basic,Business Basic,0.00 USD,2825.59,USD,Ubfly,EB,Privileged check-in; POINT ACCRUAL(F),Included,Included,Unknown,Included,Paid,Unknown,Unknown,Unknown,Unknown,Unknown,Unknown,Unknown,Unknown,Unknown,Unknown,Unknown,,,,2026-07-28T16:42:23+00:00,partial,0
AC,DEL,YYZ,DEL,IN,YTO,CA,2027-04-26,2027-04-29,Summer,Business,1,Bus-2,Business Lowest,Business — Business Lowest,+208.83 USD,3034.42,USD,Ubfly,EL,Privileged check-in; POINT ACCRUAL(F),Included,Included,Included,Included,Paid,Unknown,Unknown,Unknown,Unknown,Unknown,Unknown,Unknown,Unknown,Unknown,Unknown,Unknown,,,,2026-07-28T16:42:23+00:00,partial,0
AC,DEL,YYZ,DEL,IN,YTO,CA,2027-04-26,2027-04-29,Summer,Business,2,Bus-3,Business Flexible,Business Flex,"+2,384.31 USD",5209.9,USD,Ubfly,EF,Change with Penalty; Uninterrupted return (up to the last 12 hours); Privileged check-in; POINT ACCRUAL(F),Included,Included,Included,Included,Paid,Unknown,Unknown,Unknown,Unknown,Unknown,Unknown,Included,Unknown,Unknown,Unknown,Unknown,,,,2026-07-28T16:42:23+00:00,partial,0
AC,DEL,YYZ,DEL,IN,YTO,CA,2027-01-29,2027-02-01,Winter,Economy,0,Eco-1,Standard,Economy Standard,0.00 USD,1069.26,USD,Ubfly,TG,POINT ACCRUAL(F),Included,Included,Unknown,Included,Unknown,Unknown,Unknown,Unknown,Unknown,Unknown,Unknown,Unknown,Unknown,Unknown,Unknown,Unknown,,,,2026-07-28T16:42:23+00:00,partial,0
AC,DEL,YYZ,DEL,IN,YTO,CA,2027-01-29,2027-02-01,Winter,Economy,1,Eco-2,Flexible,Economy Flex,+56.92 USD,1126.18,USD,Ubfly,FL,POINT ACCRUAL(F),Included,Included,Included,Included,Unknown,Unknown,Unknown,Unknown,Unknown,Unknown,Unknown,Unknown,Unknown,Unknown,Unknown,Unknown,,,,2026-07-28T16:42:23+00:00,partial,0
AC,DEL,YYZ,DEL,IN,YTO,CA,2027-01-29,2027-02-01,Winter,Business,0,Bus-1,Business Basic,Business Basic,0.00 USD,2825.59,USD,Ubfly,EB,Privileged check-in; POINT ACCRUAL(F),Included,Included,Unknown,Included,Paid,Unknown,Unknown,Unknown,Unknown,Unknown,Unknown,Unknown,Unknown,Unknown,Unknown,Unknown,,,,2026-07-28T16:42:23+00:00,partial,0
AC,DEL,YYZ,DEL,IN,YTO,CA,2027-01-29,2027-02-01,Winter,Business,1,Bus-2,Business Lowest,Business — Business Lowest,+208.83 USD,3034.42,USD,Ubfly,EL,Privileged check-in; POINT ACCRUAL(F),Included,Included,Included,Included,Paid,Unknown,Unknown,Unknown,Unknown,Unknown,Unknown,Unknown,Unknown,Unknown,Unknown,Unknown,,,,2026-07-28T16:42:23+00:00,partial,0
AC,DEL,YYZ,DEL,IN,YTO,CA,2027-01-29,2027-02-01,Winter,Business,2,Bus-3,Business Flexible,Business Flex,"+2,384.31 USD",5209.9,USD,Ubfly,EF,Change with Penalty; Uninterrupted return (up to the last 12 hours); Privileged check-in; POINT ACCRUAL(F),Included,Included,Included,Included,Paid,Unknown,Unknown,Unknown,Unknown,Unknown,Unknown,Included,Unknown,Unknown,Unknown,Unknown,,,,2026-07-28T16:42:23+00:00,partial,0
AI,DEL,YYZ,DEL,IN,YTO,CA,2027-04-26,2027-04-29,Summer,Premium Economy,0,PEco-1,Premium Economy Value,Premium Economy Basic,0.00 USD,1079.93,USD,Ubfly,PEYVALU,,Included,Included,Included,Paid,Unknown,Unknown,Unknown,Unknown,Unknown,Unknown,Unknown,Unknown,Unknown,Unknown,Unknown,Unknown,,,,2026-07-28T16:42:23+00:00,partial,0
AI,DEL,YYZ,DEL,IN,YTO,CA,2027-04-26,2027-04-29,Summer,Premium Economy,1,PEco-2,Premium Economy Flex,Premium Economy Flex,+122.23 USD,1202.16,USD,Ubfly,PEYFLX,Change with Penalty,Included,Included,Included,Paid,Unknown,Unknown,Unknown,Unknown,Unknown,Unknown,Unknown,Unknown,Unknown,Unknown,Unknown,Unknown,,,,2026-07-28T16:42:23+00:00,partial,0
AI,DEL,YYZ,DEL,IN,YTO,CA,2027-04-26,2027-04-29,Summer,Business,0,Bus-1,Business Value,Business Basic,0.00 USD,4022.37,USD,Ubfly,BUSVALU,,Included,Included,Included,Paid,Unknown,Unknown,Unknown,Unknown,Unknown,Unknown,Unknown,Unknown,Unknown,Unknown,Unknown,Unknown,,,,2026-07-28T16:42:23+00:00,partial,0
AI,DEL,YYZ,DEL,IN,YTO,CA,2027-04-26,2027-04-29,Summer,Business,1,Bus-2,Business Flex,Business Flex,+244.45 USD,4266.82,USD,Ubfly,BUSFLX,Change with Penalty,Included,Included,Included,Paid,Unknown,Unknown,Unknown,Unknown,Unknown,Unknown,Unknown,Unknown,Unknown,Unknown,Unknown,Unknown,,,,2026-07-28T16:42:23+00:00,partial,0
AI,DEL,YYZ,DEL,IN,YTO,CA,2027-01-29,2027-02-01,Winter,Economy,0,Eco-1,Economy Value,Economy Basic,0.00 USD,955.6,USD,Ubfly,ECOVALU,,Included,Included,Included,Paid,Unknown,Unknown,Unknown,Unknown,Unknown,Unknown,Unknown,Unknown,Unknown,Unknown,Unknown,Unknown,,,,2026-07-28T16:42:23+00:00,partial,0
AI,DEL,YYZ,DEL,IN,YTO,CA,2027-01-29,2027-02-01,Winter,Economy,1,Eco-2,Economy Classic,Economy Standard,+83.84 USD,1039.44,USD,Ubfly,ECOCLAS,,Included,Included,Included,Paid,Unknown,Unknown,Unknown,Unknown,Unknown,Unknown,Unknown,Unknown,Unknown,Unknown,Unknown,Unknown,,,,2026-07-28T16:42:23+00:00,partial,0
AI,DEL,YYZ,DEL,IN,YTO,CA,2027-01-29,2027-02-01,Winter,Business,0,Bus-1,Business Value,Business Basic,0.00 USD,4022.37,USD,Ubfly,BUSVALU,,Included,Included,Included,Paid,Unknown,Unknown,Unknown,Unknown,Unknown,Unknown,Unknown,Unknown,Unknown,Unknown,Unknown,Unknown,,,,2026-07-28T16:42:23+00:00,partial,0
AI,DEL,YYZ,DEL,IN,YTO,CA,2027-01-29,2027-02-01,Winter,Business,1,Bus-2,Business Flex,Business Flex,+244.45 USD,4266.82,USD,Ubfly,BUSFLX,Change with Penalty,Included,Included,Included,Paid,Unknown,Unknown,Unknown,Unknown,Unknown,Unknown,Unknown,Unknown,Unknown,Unknown,Unknown,Unknown,,,,2026-07-28T16:42:23+00:00,partial,0
EY,DEL,YYZ,DEL,IN,YTO,CA,2027-04-26,2027-04-29,Summer,Economy,0,Eco-1,Economy Basic,Economy Basic,0.00 USD,724.14,USD,Ubfly,YBASIC,,Included,Not Included,Unknown,Included,Unknown,Unknown,Unknown,Unknown,Unknown,Unknown,Unknown,Unknown,Unknown,Unknown,Unknown,Unknown,Yes,,5.0,2026-07-28T16:42:23+00:00,success,0
EY,DEL,YYZ,DEL,IN,YTO,CA,2027-04-26,2027-04-29,Summer,Economy,1,Eco-2,Economy Value,Economy Basic,+18.91 USD,743.05,USD,Ubfly,YVALUE,,Included,Included,Unknown,Included,Unknown,Unknown,Unknown,Unknown,Unknown,Unknown,Unknown,Unknown,Unknown,Unknown,Unknown,Unknown,Yes,,35.0,2026-07-28T16:42:23+00:00,success,0
EY,DEL,YYZ,DEL,IN,YTO,CA,2027-04-26,2027-04-29,Summer,Economy,2,Eco-3,Economy Comfort,Economy Comfort,+99.01 USD,823.15,USD,Ubfly,YCOMFORT,,Included,Included,Included,Included,Unknown,Unknown,Unknown,Unknown,Unknown,Unknown,Unknown,Unknown,Unknown,Unknown,Unknown,Unknown,Yes,,75.0,2026-07-28T16:42:23+00:00,success,0
EY,DEL,YYZ,DEL,IN,YTO,CA,2027-04-26,2027-04-29,Summer,Economy,3,Eco-4,Economy Deluxe,Economy — Economy Deluxe,+276.84 USD,1000.98,USD,Ubfly,YDELUXE,Change with Penalty; Uninterrupted return (up to the last 12 hours); Priority Access,Included,Included,Included,Included,Unknown,Unknown,Unknown,Unknown,Unknown,Unknown,Unknown,Unknown,Unknown,Unknown,Unknown,Unknown,Yes,,,2026-07-28T16:42:23+00:00,success,0
EY,DEL,YYZ,DEL,IN,YTO,CA,2027-04-26,2027-04-29,Summer,Business,0,Bus-1,Business Value,Business Basic,0.00 USD,3590.16,USD,Ubfly,JVALUE,Priority Access,Included,Included,Unknown,Included,Unknown,Unknown,Unknown,Unknown,Unknown,Unknown,Unknown,Unknown,Unknown,Unknown,Unknown,Unknown,Yes,,100.0,2026-07-28T16:42:23+00:00,success,0
EY,DEL,YYZ,DEL,IN,YTO,CA,2027-04-26,2027-04-29,Summer,Business,1,Bus-2,Business Comfort,Business Comfort,+347.15 USD,3937.31,USD,Ubfly,JCOMFORT,Priority Access; ETIHAD UAE CHAUFFEUR(F),Included,Included,Included,Included,Included,Unknown,Unknown,Unknown,Unknown,Unknown,Unknown,Unknown,Unknown,Unknown,Unknown,Unknown,Yes,,,2026-07-28T16:42:23+00:00,success,0
EY,DEL,YYZ,DEL,IN,YTO,CA,2027-04-26,2027-04-29,Summer,Business,2,Bus-3,Business Deluxe,Business — Business Deluxe,+813.47 USD,4403.63,USD,Ubfly,JDELUXE,Change with Penalty; Uninterrupted return (up to the last 12 hours); Priority Access; ETIHAD UAE CHAUFFEUR(F); ETIHAD GLOBAL CHAUFFEUR(F),Included,Included,Included,Included,Included,Unknown,Unknown,Unknown,Unknown,Unknown,Unknown,Unknown,Unknown,Unknown,Unknown,Unknown,Yes,,,2026-07-28T16:42:23+00:00,success,0
EY,DEL,YYZ,DEL,IN,YTO,CA,2027-01-29,2027-02-01,Winter,Economy,0,Eco-1,Economy Basic,Economy Basic,0.00 USD,744.97,USD,Ubfly,YBASIC,,Included,Not Included,Unknown,Included,Unknown,Unknown,Unknown,Unknown,Unknown,Unknown,Unknown,Unknown,Unknown,Unknown,Unknown,Unknown,Yes,,5.0,2026-07-28T16:42:23+00:00,success,0
EY,DEL,YYZ,DEL,IN,YTO,CA,2027-01-29,2027-02-01,Winter,Economy,1,Eco-2,Economy Value,Economy Basic,+18.89 USD,763.86,USD,Ubfly,YVALUE,,Included,Included,Unknown,Included,Unknown,Unknown,Unknown,Unknown,Unknown,Unknown,Unknown,Unknown,Unknown,Unknown,Unknown,Unknown,Yes,,35.0,2026-07-28T16:42:23+00:00,success,0
EY,DEL,YYZ,DEL,IN,YTO,CA,2027-01-29,2027-02-01,Winter,Business,0,Bus-1,Business Value,Business Basic,0.00 USD,2786.31,USD,Ubfly,JVALUE,Priority Access,Included,Included,Unknown,Included,Unknown,Unknown,Unknown,Unknown,Unknown,Unknown,Unknown,Unknown,Unknown,Unknown,Unknown,Unknown,Yes,,100.0,2026-07-28T16:42:23+00:00,success,0
EY,DEL,YYZ,DEL,IN,YTO,CA,2027-01-29,2027-02-01,Winter,Business,1,Bus-2,Business Comfort,Business Comfort,+163.68 USD,2949.99,USD,Ubfly,JCOMFORT,Priority Access; ETIHAD UAE CHAUFFEUR(F),Included,Included,Included,Included,Included,Unknown,Unknown,Unknown,Unknown,Unknown,Unknown,Unknown,Unknown,Unknown,Unknown,Unknown,Yes,,,2026-07-28T16:42:23+00:00,success,0
EY,DEL,YYZ,DEL,IN,YTO,CA,2027-01-29,2027-02-01,Winter,Business,2,Bus-3,Business Deluxe,Business — Business Deluxe,+629.99 USD,3416.3,USD,Ubfly,JDELUXE,Change with Penalty; Uninterrupted return (up to the last 12 hours); Priority Access; ETIHAD UAE CHAUFFEUR(F); ETIHAD GLOBAL CHAUFFEUR(F),Included,Included,Included,Included,Included,Unknown,Unknown,Unknown,Unknown,Unknown,Unknown,Unknown,Unknown,Unknown,Unknown,Unknown,Yes,,,2026-07-28T16:42:23+00:00,success,0
EK,DEL,YYZ,DEL,IN,YTO,CA,2027-04-26,2027-04-29,Summer,Economy,0,Eco-1,Economy Saver,Economy Basic,0.00 USD,885.35,USD,Ubfly,ECOSAVER,Soft drink; In-flight entertainment,Included,Included,Unknown,Included,Unknown,Unknown,Unknown,Unknown,Unknown,Unknown,Unknown,Unknown,Unknown,Unknown,Unknown,Unknown,Yes,,30.0,2026-07-28T16:42:23+00:00,success,0
EK,DEL,YYZ,DEL,IN,YTO,CA,2027-04-26,2027-04-29,Summer,Economy,1,Eco-2,Economy Flex,Economy Flex,+152.60 USD,1037.95,USD,Ubfly,ECOFLEX,Soft drink; In-flight entertainment,Included,Included,Unknown,Included,Unknown,Unknown,Unknown,Unknown,Unknown,Unknown,Unknown,Unknown,Unknown,Unknown,Unknown,Unknown,Yes,,70.0,2026-07-28T16:42:23+00:00,success,0
EK,DEL,YYZ,DEL,IN,YTO,CA,2027-04-26,2027-04-29,Summer,Economy,2,Eco-3,Economy Flex Plus,Economy Comfort,+903.96 USD,1789.31,USD,Ubfly,ECOFLXPLUS,Soft drink; In-flight entertainment; Uninterrupted return (up to the last 12 hours); Change with Penalty,Included,Included,Unknown,Included,Unknown,Unknown,Unknown,Unknown,Unknown,Unknown,Unknown,Unknown,Unknown,Unknown,Unknown,Unknown,Yes,,100.0,2026-07-28T16:42:23+00:00,success,0
EK,DEL,YYZ,DEL,IN,YTO,CA,2027-04-26,2027-04-29,Summer,Premium Economy,0,PEco-1,Premium Economy Flex Plus,Premium Economy Comfort,"+2,108.63 USD",2993.98,USD,Ubfly,PYFLXPLUS,Uninterrupted return (up to the last 12 hours); Change with Penalty; Soft drink; In-flight entertainment,Included,Included,Included,Included,Unknown,Unknown,Unknown,Unknown,Unknown,Unknown,Unknown,Unknown,Unknown,Unknown,Unknown,Unknown,Yes,,,2026-07-28T16:42:23+00:00,success,0
EK,DEL,YYZ,DEL,IN,YTO,CA,2027-04-26,2027-04-29,Summer,Business,0,Bus-1,Business Saver,Business Basic,0.00 USD,2641.99,USD,Ubfly,BSSAVER,Premium check-in; Soft drink; In-flight entertainment; Chauffeur Drive; Internet Access,Included,Included,Included,Included,Included,Included,Included,Unknown,Unknown,Unknown,Unknown,Unknown,Unknown,Unknown,Unknown,Unknown,Yes,,,2026-07-28T16:42:23+00:00,success,0
EK,DEL,YYZ,DEL,IN,YTO,CA,2027-04-26,2027-04-29,Summer,Business,1,Bus-2,Business Flex,Business Flex,"+1,418.90 USD",4060.89,USD,Ubfly,BSFLEX,Premium check-in; Soft drink; In-flight entertainment; Chauffeur Drive; Internet Access,Included,Included,Included,Included,Included,Included,Included,Unknown,Unknown,Unknown,Unknown,Unknown,Unknown,Unknown,Unknown,Unknown,Yes,,175.0,2026-07-28T16:42:23+00:00,success,0
EK,DEL,YYZ,DEL,IN,YTO,CA,2027-04-26,2027-04-29,Summer,Business,2,Bus-3,Business Flex Plus,Business Comfort,"+2,773.68 USD",5415.67,USD,Ubfly,BSFLXPLUS,Premium check-in; Soft drink; In-flight entertainment; Chauffeur Drive; Internet Access; Uninterrupted return (up to the last 12 hours); Change with Penalty,Included,Included,Included,Included,Included,Included,Included,Unknown,Unknown,Unknown,Unknown,Unknown,Unknown,Unknown,Unknown,Unknown,Yes,,190.0,2026-07-28T16:42:23+00:00,success,0
EK,DEL,YYZ,DEL,IN,YTO,CA,2027-01-29,2027-02-01,Winter,Economy,0,Eco-1,Economy Saver,Economy Basic,0.00 USD,794.8,USD,Ubfly,YP,• Hot and cold refreshments; • ICE entertainment; • Mileage upgrade eligibility at time of check-in; Economy Cabin,Included,Included,Paid,Included,Unknown,Unknown,Unknown,Included,Not Included,Unknown,Unknown,Unknown,Included,Unknown,Unknown,Unknown,Yes,2100.0,,2026-07-28T16:42:23+00:00,success,0
EK,DEL,YYZ,DEL,IN,YTO,CA,2027-01-29,2027-02-01,Winter,Economy,1,Eco-2,Economy Flex,Economy Flex,+266.59 USD,1061.39,USD,Ubfly,YS,• Hot and cold refreshments; • ICE entertainment; • Mileage upgrade eligibility; Economy Cabin,Included,Included,Included,Included,Unknown,Unknown,Unknown,Included,Not Included,Unknown,Unknown,Unknown,Included,Unknown,Unknown,Unknown,Yes,5250.0,,2026-07-28T16:42:23+00:00,success,0
EK,DEL,YYZ,DEL,IN,YTO,CA,2027-01-29,2027-02-01,Winter,Economy,2,Eco-3,Economy Flex Plus,Economy Comfort,"+1,017.95 USD",1812.75,USD,Ubfly,YF,• Hot and cold refreshments; • ICE entertainment; • Mileage upgrade eligibility; Economy Cabin,Included,Included,Included,Included,Unknown,Unknown,Unknown,Not Included,Not Included,Unknown,Unknown,Unknown,Included,Unknown,Unknown,Unknown,Yes,7000.0,,2026-07-28T16:42:23+00:00,success,0
EK,DEL,YYZ,DEL,IN,YTO,CA,2027-01-29,2027-02-01,Winter,Premium Economy,0,PEco-1,Premium Economy FlexPlus,Premium Economy Comfort,"+1,280.62 USD",2075.42,USD,Ubfly,WF,• Hot and cold refreshments; • ICE entertainment; • Mileage upgrade eligibility; • Exclusive Premium Economy Class dining; Premium Economy Cabin,Included,Included,Included,Unknown,Unknown,Unknown,Unknown,Not Included,Not Included,Unknown,Unknown,Unknown,Included,Unknown,Unknown,Unknown,Yes,7700.0,,2026-07-28T16:42:23+00:00,success,0
EK,DEL,YYZ,DEL,IN,YTO,CA,2027-01-29,2027-02-01,Winter,Business,0,Bus-1,Business Saver,Business Basic,0.00 USD,3575.65,USD,Ubfly,BSSAVER,Premium check-in; Soft drink; In-flight entertainment; Chauffeur Drive; Internet Access,Included,Included,Included,Included,Included,Included,Included,Unknown,Unknown,Unknown,Unknown,Unknown,Unknown,Unknown,Unknown,Unknown,Yes,,,2026-07-28T16:42:23+00:00,success,0
EK,DEL,YYZ,DEL,IN,YTO,CA,2027-01-29,2027-02-01,Winter,Business,1,Bus-2,Business Flex,Business Flex,+711.57 USD,4287.22,USD,Ubfly,BSFLEX,Premium check-in; Soft drink; In-flight entertainment; Chauffeur Drive; Internet Access,Included,Included,Included,Included,Included,Included,Included,Unknown,Unknown,Unknown,Unknown,Unknown,Unknown,Unknown,Unknown,Unknown,Yes,,175.0,2026-07-28T16:42:23+00:00,success,0
EK,DEL,YYZ,DEL,IN,YTO,CA,2027-01-29,2027-02-01,Winter,Business,2,Bus-3,Business Flex Plus,Business Comfort,"+2,080.05 USD",5655.7,USD,Ubfly,BSFLXPLUS,Premium check-in; Soft drink; In-flight entertainment; Chauffeur Drive; Internet Access; Uninterrupted return (up to the last 12 hours); Change with Penalty,Included,Included,Included,Included,Included,Included,Included,Unknown,Unknown,Unknown,Unknown,Unknown,Unknown,Unknown,Unknown,Unknown,Yes,,190.0,2026-07-28T16:42:23+00:00,success,0
AI,DEL,YVR,DEL,IN,YVR,CA,2027-05-23,2027-05-26,Summer,Economy,0,Eco-1,Economy Value,Economy Basic,0.00 USD,1295.76,USD,Ubfly,ECOVALU,,Included,Included,Included,Paid,Unknown,Unknown,Unknown,Unknown,Unknown,Unknown,Unknown,Unknown,Unknown,Unknown,Unknown,Unknown,,,,2026-07-28T16:42:23+00:00,partial,0
AI,DEL,YVR,DEL,IN,YVR,CA,2027-05-23,2027-05-26,Summer,Economy,1,Eco-2,Economy Classic,Economy Standard,+83.86 USD,1379.62,USD,Ubfly,ECOCLAS,,Included,Included,Included,Paid,Unknown,Unknown,Unknown,Unknown,Unknown,Unknown,Unknown,Unknown,Unknown,Unknown,Unknown,Unknown,,,,2026-07-28T16:42:23+00:00,partial,0
AI,DEL,YVR,DEL,IN,YVR,CA,2027-05-23,2027-05-26,Summer,Business,0,Bus-1,Business Value,Business Basic,0.00 USD,2570.26,USD,Ubfly,BUSVALU,,Included,Included,Included,Paid,Unknown,Unknown,Unknown,Unknown,Unknown,Unknown,Unknown,Unknown,Unknown,Unknown,Unknown,Unknown,,,,2026-07-28T16:42:23+00:00,partial,0
AI,DEL,YVR,DEL,IN,YVR,CA,2027-05-23,2027-05-26,Summer,Business,1,Bus-2,Business Flex,Business Flex,+244.48 USD,2814.74,USD,Ubfly,BUSFLX,Change with Penalty,Included,Included,Included,Paid,Unknown,Unknown,Unknown,Unknown,Unknown,Unknown,Unknown,Unknown,Unknown,Unknown,Unknown,Unknown,,,,2026-07-28T16:42:23+00:00,partial,0
AI,DEL,YVR,DEL,IN,YVR,CA,2027-03-04,2027-03-07,Winter,Economy,0,Eco-1,Economy Value,Economy Basic,0.00 USD,1321.05,USD,Ubfly,ECOVALU,,Included,Included,Included,Paid,Unknown,Unknown,Unknown,Unknown,Unknown,Unknown,Unknown,Unknown,Unknown,Unknown,Unknown,Unknown,,,,2026-07-28T16:42:23+00:00,partial,0
AI,DEL,YVR,DEL,IN,YVR,CA,2027-03-04,2027-03-07,Winter,Economy,1,Eco-2,Economy Classic,Economy Standard,+83.86 USD,1404.91,USD,Ubfly,ECOCLAS,,Included,Included,Included,Paid,Unknown,Unknown,Unknown,Unknown,Unknown,Unknown,Unknown,Unknown,Unknown,Unknown,Unknown,Unknown,,,,2026-07-28T16:42:23+00:00,partial,0
AI,DEL,YVR,DEL,IN,YVR,CA,2027-03-04,2027-03-07,Winter,Economy,2,Eco-3,Economy Flex,Economy Flex,+219.82 USD,1540.87,USD,Ubfly,ECOFLX,Change with Penalty,Included,Included,Included,Paid,Unknown,Unknown,Unknown,Unknown,Unknown,Unknown,Unknown,Unknown,Unknown,Unknown,Unknown,Unknown,,,,2026-07-28T16:42:23+00:00,partial,0
AI,DEL,YVR,DEL,IN,YVR,CA,2027-03-04,2027-03-07,Winter,Business,0,Bus-1,Business Value,Business Basic,0.00 USD,2653.92,USD,Ubfly,BUSVALU,,Included,Included,Included,Paid,Unknown,Unknown,Unknown,Unknown,Unknown,Unknown,Unknown,Unknown,Unknown,Unknown,Unknown,Unknown,,,,2026-07-28T16:42:23+00:00,partial,0
AI,DEL,YVR,DEL,IN,YVR,CA,2027-03-04,2027-03-07,Winter,Business,1,Bus-2,Business Flex,Business Flex,+244.48 USD,2898.4,USD,Ubfly,BUSFLX,Change with Penalty,Included,Included,Included,Paid,Unknown,Unknown,Unknown,Unknown,Unknown,Unknown,Unknown,Unknown,Unknown,Unknown,Unknown,Unknown,,,,2026-07-28T16:42:23+00:00,partial,0
AC,DEL,YVR,DEL,IN,YVR,CA,2027-05-23,2027-05-26,Summer,Business,0,Bus-1,Business Lowest,Business — Business Lowest,0.00 USD,4504.47,USD,Ubfly,EL,Privileged check-in; POINT ACCRUAL(F),Included,Included,Included,Included,Paid,Unknown,Unknown,Unknown,Unknown,Unknown,Unknown,Unknown,Unknown,Unknown,Unknown,Unknown,,,,2026-07-28T16:42:23+00:00,partial,0
AC,DEL,YVR,DEL,IN,YVR,CA,2027-05-23,2027-05-26,Summer,Business,1,Bus-2,Business Flexible,Business Flex,+230.53 USD,4735.0,USD,Ubfly,EF,Change with Penalty; Uninterrupted return (up to the last 12 hours); Privileged check-in; POINT ACCRUAL(F),Included,Included,Included,Included,Paid,Unknown,Unknown,Unknown,Unknown,Unknown,Unknown,Included,Unknown,Unknown,Unknown,Unknown,,,,2026-07-28T16:42:23+00:00,partial,0
AC,DEL,YVR,DEL,IN,YVR,CA,2027-03-04,2027-03-07,Winter,Economy,0,Eco-1,Standard,Economy Standard,0.00 USD,790.38,USD,Ubfly,TG,POINT ACCRUAL(F),Included,Included,Unknown,Included,Unknown,Unknown,Unknown,Unknown,Unknown,Unknown,Unknown,Unknown,Unknown,Unknown,Unknown,Unknown,,,,2026-07-28T16:42:23+00:00,partial,0
AC,DEL,YVR,DEL,IN,YVR,CA,2027-03-04,2027-03-07,Winter,Economy,1,Eco-2,Flexible,Economy Flex,+58.22 USD,848.6,USD,Ubfly,FL,POINT ACCRUAL(F),Included,Included,Included,Included,Unknown,Unknown,Unknown,Unknown,Unknown,Unknown,Unknown,Unknown,Unknown,Unknown,Unknown,Unknown,,,,2026-07-28T16:42:23+00:00,partial,0
AC,DEL,YVR,DEL,IN,YVR,CA,2027-03-04,2027-03-07,Winter,Economy,2,Eco-3,Comfort,Economy Comfort,+161.67 USD,952.05,USD,Ubfly,CO,Change with Penalty; Uninterrupted return (up to the last 12 hours); Privileged check-in; POINT ACCRUAL(F),Included,Included,Included,Included,Unknown,Unknown,Unknown,Unknown,Unknown,Unknown,Unknown,Included,Unknown,Unknown,Unknown,Unknown,,,,2026-07-28T16:42:23+00:00,partial,0
AC,DEL,YVR,DEL,IN,YVR,CA,2027-03-04,2027-03-07,Winter,Economy,3,Eco-4,Latitude,Economy — Latitude,"+3,530.32 USD",4320.7,USD,Ubfly,LT,Change with Penalty; Uninterrupted return (up to the last 12 hours); Privileged check-in; POINT ACCRUAL(F),Included,Included,Included,Included,Unknown,Unknown,Unknown,Unknown,Unknown,Unknown,Unknown,Included,Unknown,Unknown,Unknown,Unknown,,,,2026-07-28T16:42:23+00:00,partial,0
AC,DEL,YVR,DEL,IN,YVR,CA,2027-03-04,2027-03-07,Winter,Premium Economy,0,PEco-1,Premium Economy Lowest,Premium Economy Premium,"+1,155.65 USD",1946.03,USD,Ubfly,PL,Privileged check-in; POINT ACCRUAL(F),Included,Included,Included,Included,Unknown,Unknown,Unknown,Unknown,Unknown,Unknown,Unknown,Unknown,Unknown,Unknown,Unknown,Unknown,,,,2026-07-28T16:42:23+00:00,partial,0
AC,DEL,YVR,DEL,IN,YVR,CA,2027-03-04,2027-03-07,Winter,Premium Economy,1,PEco-2,Premium Economy Flexible,Premium Economy Flex,"+3,539.39 USD",4329.77,USD,Ubfly,PF,Change with Penalty; Uninterrupted return (up to the last 12 hours); Privileged check-in; POINT ACCRUAL(F),Included,Included,Included,Included,Unknown,Unknown,Unknown,Unknown,Unknown,Unknown,Unknown,Included,Unknown,Unknown,Unknown,Unknown,,,,2026-07-28T16:42:23+00:00,partial,0
AC,DEL,YVR,DEL,IN,YVR,CA,2027-03-04,2027-03-07,Winter,Business,0,Bus-1,Business Lowest,Business — Business Lowest,0.00 USD,6163.57,USD,Ubfly,EL,Privileged check-in; POINT ACCRUAL(F),Included,Included,Included,Included,Paid,Unknown,Unknown,Unknown,Unknown,Unknown,Unknown,Unknown,Unknown,Unknown,Unknown,Unknown,,,,2026-07-28T16:42:23+00:00,partial,0
AC,DEL,YVR,DEL,IN,YVR,CA,2027-03-04,2027-03-07,Winter,Business,1,Bus-2,Business Flexible,Business Flex,+230.53 USD,6394.1,USD,Ubfly,EF,Change with Penalty; Uninterrupted return (up to the last 12 hours); Privileged check-in; POINT ACCRUAL(F),Included,Included,Included,Included,Paid,Unknown,Unknown,Unknown,Unknown,Unknown,Unknown,Included,Unknown,Unknown,Unknown,Unknown,,,,2026-07-28T16:42:23+00:00,partial,0
CX,DEL,YVR,DEL,IN,YVR,CA,2027-05-25,2027-05-28,Summer,Economy,0,Eco-1,Basic,Economy Basic,0.00 USD,977.17,USD,Ubfly,TG,,Included,Included,Unknown,Unknown,Unknown,Unknown,Unknown,Unknown,Unknown,Unknown,Unknown,Unknown,Unknown,Unknown,Unknown,Unknown,,,,2026-07-28T16:42:23+00:00,partial,0
CX,DEL,YVR,DEL,IN,YVR,CA,2027-03-04,2027-03-07,Winter,Economy,0,Eco-1,Basic,Economy Basic,0.00 USD,1047.04,USD,Ubfly,ECONLIGHT,,Included,Included,Unknown,Unknown,Unknown,Unknown,Unknown,Unknown,Unknown,Unknown,Unknown,Unknown,Unknown,Unknown,Unknown,Unknown,,,,2026-07-28T16:42:23+00:00,partial,0
AI,DEL,SFO,DEL,IN,SFO,US,2027-05-09,2027-05-12,Summer,Economy,0,Eco-1,Economy Value,Economy Basic,0.00 USD,885.75,USD,Ubfly,ECOVALU,,Included,Included,Included,Paid,Unknown,Unknown,Unknown,Unknown,Unknown,Unknown,Unknown,Unknown,Unknown,Unknown,Unknown,Unknown,,,,2026-07-28T16:42:23+00:00,partial,0
AI,DEL,SFO,DEL,IN,SFO,US,2027-05-09,2027-05-12,Summer,Economy,1,Eco-2,Economy Classic,Economy Standard,+83.84 USD,969.59,USD,Ubfly,ECOCLAS,,Included,Included,Included,Paid,Unknown,Unknown,Unknown,Unknown,Unknown,Unknown,Unknown,Unknown,Unknown,Unknown,Unknown,Unknown,,,,2026-07-28T16:42:23+00:00,partial,0
AI,DEL,SFO,DEL,IN,SFO,US,2027-05-09,2027-05-12,Summer,Business,0,Bus-1,Business Value,Business Basic,0.00 USD,3685.88,USD,Ubfly,BUSVALU,,Included,Included,Included,Paid,Unknown,Unknown,Unknown,Unknown,Unknown,Unknown,Unknown,Unknown,Unknown,Unknown,Unknown,Unknown,,,,2026-07-28T16:42:23+00:00,partial,0
AI,DEL,SFO,DEL,IN,SFO,US,2027-05-09,2027-05-12,Summer,Business,1,Bus-2,Business Flex,Business Flex,+244.48 USD,3930.36,USD,Ubfly,BUSFLX,Change with Penalty,Included,Included,Included,Paid,Unknown,Unknown,Unknown,Unknown,Unknown,Unknown,Unknown,Unknown,Unknown,Unknown,Unknown,Unknown,,,,2026-07-28T16:42:23+00:00,partial,0
AI,DEL,SFO,DEL,IN,SFO,US,2027-01-27,2027-01-30,Winter,Economy,0,Eco-1,Economy Value,Economy Basic,0.00 USD,718.67,USD,Ubfly,ECOVALU,,Included,Included,Included,Paid,Unknown,Unknown,Unknown,Unknown,Unknown,Unknown,Unknown,Unknown,Unknown,Unknown,Unknown,Unknown,,,,2026-07-28T16:42:23+00:00,partial,0
AI,DEL,SFO,DEL,IN,SFO,US,2027-01-27,2027-01-30,Winter,Economy,1,Eco-2,Economy Classic,Economy Standard,+83.84 USD,802.51,USD,Ubfly,ECOCLAS,,Included,Included,Included,Paid,Unknown,Unknown,Unknown,Unknown,Unknown,Unknown,Unknown,Unknown,Unknown,Unknown,Unknown,Unknown,,,,2026-07-28T16:42:23+00:00,partial,0
AI,DEL,SFO,DEL,IN,SFO,US,2027-01-27,2027-01-30,Winter,Economy,2,Eco-3,Economy Flex,Economy Flex,+263.31 USD,981.98,USD,Ubfly,ECOFLX,Change with Penalty,Included,Included,Included,Paid,Unknown,Unknown,Unknown,Unknown,Unknown,Unknown,Unknown,Unknown,Unknown,Unknown,Unknown,Unknown,,,,2026-07-28T16:42:23+00:00,partial,0
AI,DEL,SFO,DEL,IN,SFO,US,2027-01-27,2027-01-30,Winter,Business,0,Bus-1,Business Value,Business Basic,0.00 USD,3566.69,USD,Ubfly,BUSVALU,,Included,Included,Included,Paid,Unknown,Unknown,Unknown,Unknown,Unknown,Unknown,Unknown,Unknown,Unknown,Unknown,Unknown,Unknown,,,,2026-07-28T16:42:23+00:00,partial,0
AI,DEL,SFO,DEL,IN,SFO,US,2027-01-27,2027-01-30,Winter,Business,1,Bus-2,Business Flex,Business Flex,+244.45 USD,3811.14,USD,Ubfly,BUSFLX,Change with Penalty,Included,Included,Included,Paid,Unknown,Unknown,Unknown,Unknown,Unknown,Unknown,Unknown,Unknown,Unknown,Unknown,Unknown,Unknown,,,,2026-07-28T16:42:23+00:00,partial,0
EK,DEL,SFO,DEL,IN,SFO,US,2027-05-09,2027-05-12,Summer,Economy,0,Eco-1,Economy Saver,Economy Basic,0.00 USD,782.31,USD,Ubfly,YP,• Hot and cold refreshments; • ICE entertainment; • Mileage upgrade eligibility at time of check-in; Economy Cabin,Included,Included,Paid,Included,Unknown,Unknown,Unknown,Included,Not Included,Unknown,Unknown,Unknown,Included,Unknown,Unknown,Unknown,Yes,2400.0,,2026-07-28T16:42:23+00:00,success,0
EK,DEL,SFO,DEL,IN,SFO,US,2027-05-09,2027-05-12,Summer,Economy,1,Eco-2,Economy Flex,Economy Flex,+308.31 USD,1090.62,USD,Ubfly,YS,• Hot and cold refreshments; • ICE entertainment; • Mileage upgrade eligibility; Economy Cabin,Included,Included,Included,Included,Unknown,Unknown,Unknown,Included,Not Included,Unknown,Unknown,Unknown,Included,Unknown,Unknown,Unknown,Yes,6000.0,,2026-07-28T16:42:23+00:00,success,0
EK,DEL,SFO,DEL,IN,SFO,US,2027-05-09,2027-05-12,Summer,Economy,2,Eco-3,Economy Flex Plus,Economy Comfort,"+1,229.20 USD",2011.51,USD,Ubfly,YF,• Hot and cold refreshments; • ICE entertainment; • Mileage upgrade eligibility; Economy Cabin,Included,Included,Included,Included,Unknown,Unknown,Unknown,Not Included,Not Included,Unknown,Unknown,Unknown,Included,Unknown,Unknown,Unknown,Yes,8000.0,,2026-07-28T16:42:23+00:00,success,0
EK,DEL,SFO,DEL,IN,SFO,US,2027-05-09,2027-05-12,Summer,Premium Economy,0,PEco-1,Premium Economy FlexPlus,Premium Economy Comfort,"+1,528.62 USD",2310.93,USD,Ubfly,WF,• Hot and cold refreshments; • ICE entertainment; • Mileage upgrade eligibility; • Exclusive Premium Economy Class dining; Premium Economy Cabin,Included,Included,Included,Unknown,Unknown,Unknown,Unknown,Not Included,Not Included,Unknown,Unknown,Unknown,Included,Unknown,Unknown,Unknown,Yes,8800.0,,2026-07-28T16:42:23+00:00,success,0
EK,DEL,SFO,DEL,IN,SFO,US,2027-05-09,2027-05-12,Summer,Business,0,Bus-1,Business Saver,Business Basic,0.00 USD,3306.72,USD,Ubfly,BSSAVER,Premium check-in; Soft drink; In-flight entertainment; Chauffeur Drive; Internet Access,Included,Included,Included,Included,Included,Included,Included,Unknown,Unknown,Unknown,Unknown,Unknown,Unknown,Unknown,Unknown,Unknown,Yes,,,2026-07-28T16:42:23+00:00,success,0
EK,DEL,SFO,DEL,IN,SFO,US,2027-05-09,2027-05-12,Summer,Business,1,Bus-2,Business Flex,Business Flex,+732.91 USD,4039.63,USD,Ubfly,BSFLEX,Premium check-in; Soft drink; In-flight entertainment; Chauffeur Drive; Internet Access,Included,Included,Included,Included,Included,Included,Included,Unknown,Unknown,Unknown,Unknown,Unknown,Unknown,Unknown,Unknown,Unknown,Yes,,175.0,2026-07-28T16:42:23+00:00,success,0
EK,DEL,SFO,DEL,IN,SFO,US,2027-05-09,2027-05-12,Summer,Business,2,Bus-3,Business Flex Plus,Business Comfort,"+2,142.57 USD",5449.29,USD,Ubfly,BSFLXPLUS,Premium check-in; Soft drink; In-flight entertainment; Chauffeur Drive; Internet Access; Uninterrupted return (up to the last 12 hours); Change with Penalty,Included,Included,Included,Included,Included,Included,Included,Unknown,Unknown,Unknown,Unknown,Unknown,Unknown,Unknown,Unknown,Unknown,Yes,,190.0,2026-07-28T16:42:23+00:00,success,0
EK,DEL,SFO,DEL,IN,SFO,US,2027-01-27,2027-01-30,Winter,Economy,0,Eco-1,Economy Saver,Economy Basic,0.00 USD,742.19,USD,Ubfly,YP,• Hot and cold refreshments; • ICE entertainment; • Mileage upgrade eligibility at time of check-in; Economy Cabin,Included,Included,Paid,Included,Unknown,Unknown,Unknown,Included,Not Included,Unknown,Unknown,Unknown,Included,Unknown,Unknown,Unknown,Yes,2400.0,,2026-07-28T16:42:23+00:00,success,0
EK,DEL,SFO,DEL,IN,SFO,US,2027-01-27,2027-01-30,Winter,Economy,1,Eco-2,Economy Flex,Economy Flex,+323.69 USD,1065.88,USD,Ubfly,YS,• Hot and cold refreshments; • ICE entertainment; • Mileage upgrade eligibility; Economy Cabin,Included,Included,Included,Included,Unknown,Unknown,Unknown,Included,Not Included,Unknown,Unknown,Unknown,Included,Unknown,Unknown,Unknown,Yes,6000.0,,2026-07-28T16:42:23+00:00,success,0
EK,DEL,SFO,DEL,IN,SFO,US,2027-01-27,2027-01-30,Winter,Economy,2,Eco-3,Economy Flex Plus,Economy Comfort,"+1,244.56 USD",1986.75,USD,Ubfly,YF,• Hot and cold refreshments; • ICE entertainment; • Mileage upgrade eligibility; Economy Cabin,Included,Included,Included,Included,Unknown,Unknown,Unknown,Not Included,Not Included,Unknown,Unknown,Unknown,Included,Unknown,Unknown,Unknown,Yes,8000.0,,2026-07-28T16:42:23+00:00,success,0
EK,DEL,SFO,DEL,IN,SFO,US,2027-01-27,2027-01-30,Winter,Premium Economy,0,PEco-1,Premium Economy FlexPlus,Premium Economy Comfort,"+1,540.92 USD",2283.11,USD,Ubfly,WF,• Hot and cold refreshments; • ICE entertainment; • Mileage upgrade eligibility; • Exclusive Premium Economy Class dining; Premium Economy Cabin,Included,Included,Included,Unknown,Unknown,Unknown,Unknown,Not Included,Not Included,Unknown,Unknown,Unknown,Included,Unknown,Unknown,Unknown,Yes,8800.0,,2026-07-28T16:42:23+00:00,success,0
EK,DEL,SFO,DEL,IN,SFO,US,2027-01-27,2027-01-30,Winter,Business,0,Bus-1,Business Saver,Business Basic,0.00 USD,3306.72,USD,Ubfly,BSSAVER,Premium check-in; Soft drink; In-flight entertainment; Chauffeur Drive; Internet Access,Included,Included,Included,Included,Included,Included,Included,Unknown,Unknown,Unknown,Unknown,Unknown,Unknown,Unknown,Unknown,Unknown,Yes,,,2026-07-28T16:42:23+00:00,success,0
EK,DEL,SFO,DEL,IN,SFO,US,2027-01-27,2027-01-30,Winter,Business,1,Bus-2,Business Flex,Business Flex,+732.91 USD,4039.63,USD,Ubfly,BSFLEX,Premium check-in; Soft drink; In-flight entertainment; Chauffeur Drive; Internet Access,Included,Included,Included,Included,Included,Included,Included,Unknown,Unknown,Unknown,Unknown,Unknown,Unknown,Unknown,Unknown,Unknown,Yes,,175.0,2026-07-28T16:42:23+00:00,success,0
EK,DEL,SFO,DEL,IN,SFO,US,2027-01-27,2027-01-30,Winter,Business,2,Bus-3,Business Flex Plus,Business Comfort,"+2,142.57 USD",5449.29,USD,Ubfly,BSFLXPLUS,Premium check-in; Soft drink; In-flight entertainment; Chauffeur Drive; Internet Access; Uninterrupted return (up to the last 12 hours); Change with Penalty,Included,Included,Included,Included,Included,Included,Included,Unknown,Unknown,Unknown,Unknown,Unknown,Unknown,Unknown,Unknown,Unknown,Yes,,190.0,2026-07-28T16:42:23+00:00,success,0
TK,DEL,SFO,DEL,IN,SFO,US,2027-05-09,2027-05-12,Summer,Economy,0,Eco-1,Semi Flexible,Economy Flex,0.00 USD,1021.24,USD,Ubfly,RS,Online Message Verification,Included,Included,Unknown,Included,Unknown,Unknown,Unknown,Unknown,Unknown,Unknown,Unknown,Unknown,Unknown,Unknown,Unknown,Unknown,,,,2026-07-28T16:42:23+00:00,partial,0
TK,DEL,SFO,DEL,IN,SFO,US,2027-05-09,2027-05-12,Summer,Economy,1,Eco-2,Flexible,Economy Flex,+146.47 USD,1167.71,USD,Ubfly,FX,Online Message Verification,Included,Included,Unknown,Included,Unknown,Unknown,Unknown,Unknown,Unknown,Unknown,Unknown,Unknown,Unknown,Unknown,Unknown,Unknown,,,,2026-07-28T16:42:23+00:00,partial,0
TK,DEL,SFO,DEL,IN,SFO,US,2027-01-27,2027-01-30,Winter,Economy,0,Eco-1,Semi Flexible,Economy Flex,0.00 USD,905.12,USD,Ubfly,RS,Online Message Verification,Included,Included,Unknown,Included,Unknown,Unknown,Unknown,Unknown,Unknown,Unknown,Unknown,Unknown,Unknown,Unknown,Unknown,Unknown,,,,2026-07-28T16:42:23+00:00,partial,0
TK,DEL,SFO,DEL,IN,SFO,US,2027-01-27,2027-01-30,Winter,Economy,1,Eco-2,Flexible,Economy Flex,+240.60 USD,1145.72,USD,Ubfly,FX,Online Message Verification,Included,Included,Unknown,Included,Unknown,Unknown,Unknown,Unknown,Unknown,Unknown,Unknown,Unknown,Unknown,Unknown,Unknown,Unknown,,,,2026-07-28T16:42:23+00:00,partial,0
CX,DEL,SFO,DEL,IN,SFO,US,2027-05-11,2027-05-14,Summer,Economy,0,Eco-1,Basic,Economy Basic,0.00 USD,960.98,USD,Ubfly,ECONLIGHT,,Included,Included,Unknown,Unknown,Unknown,Unknown,Unknown,Unknown,Unknown,Unknown,Unknown,Unknown,Unknown,Unknown,Unknown,Unknown,,,,2026-07-28T16:42:23+00:00,partial,0
CX,DEL,SFO,DEL,IN,SFO,US,2027-01-27,2027-01-30,Winter,Economy,0,Eco-1,Basic,Economy Basic,0.00 USD,960.98,USD,Ubfly,ECONLIGHT,,Included,Included,Unknown,Unknown,Unknown,Unknown,Unknown,Unknown,Unknown,Unknown,Unknown,Unknown,Unknown,Unknown,Unknown,Unknown,,,,2026-07-28T16:42:23+00:00,partial,0
CX,HKG,JFK,HKG,HK,NYC,US,2026-09-20,2026-09-23,Summer,Economy,0,Eco-1,Basic,Economy Basic,0.00 USD,1078.46,USD,Ubfly,ECOSTD,,Included,Included,Unknown,Unknown,Unknown,Unknown,Unknown,Unknown,Unknown,Unknown,Unknown,Unknown,Unknown,Unknown,Unknown,Unknown,,,,2026-07-28T16:42:23+00:00,partial,0
CX,HKG,JFK,HKG,HK,NYC,US,2026-11-01,2026-11-04,Winter,Economy,0,Eco-1,Basic,Economy Basic,0.00 USD,1122.99,USD,Ubfly,ECONLIGHT,,Included,Included,Unknown,Unknown,Unknown,Unknown,Unknown,Unknown,Unknown,Unknown,Unknown,Unknown,Unknown,Unknown,Unknown,Unknown,,,,2026-07-28T16:42:23+00:00,partial,0
CI,HKG,JFK,HKG,HK,NYC,US,2026-09-20,2026-09-23,Summer,Economy,0,Eco-1,Basic,Economy Basic,0.00 USD,564.97,USD,Ubfly,YBASIC,,Included,Included,Unknown,Unknown,Unknown,Unknown,Unknown,Unknown,Unknown,Unknown,Unknown,Unknown,Unknown,Unknown,Unknown,Unknown,,,,2026-07-28T16:42:23+00:00,partial,0
CI,HKG,JFK,HKG,HK,NYC,US,2026-11-01,2026-11-04,Winter,Economy,0,Eco-1,Basic,Economy Basic,0.00 USD,564.97,USD,Ubfly,YBASIC,,Included,Included,Unknown,Unknown,Unknown,Unknown,Unknown,Unknown,Unknown,Unknown,Unknown,Unknown,Unknown,Unknown,Unknown,Unknown,,,,2026-07-28T16:42:23+00:00,partial,0
NH,HKG,JFK,HKG,HK,NYC,US,2026-09-20,2026-09-23,Summer,Economy,0,Eco-1,Eco I Standard 2f,Economy Basic,0.00 USD,668.54,USD,Ubfly,ECOSTD,Post-Flight Paid Change; Paid Pre-flight Change,Included,Included,Included,Unknown,Unknown,Unknown,Unknown,Included,Not Included,Unknown,Unknown,Unknown,Unknown,Unknown,Unknown,Unknown,,,,2026-07-28T16:42:23+00:00,partial,0
NH,HKG,JFK,HKG,HK,NYC,US,2026-09-20,2026-09-23,Summer,Economy,1,Eco-2,Eco I Value 2c,Economy Basic,+673.51 USD,1342.05,USD,Ubfly,ECOVAL,Post-Flight Paid Change; Paid Pre-flight Change,Included,Included,Included,Unknown,Unknown,Unknown,Unknown,Not Included,Not Included,Unknown,Unknown,Unknown,Unknown,Unknown,Unknown,Unknown,,,,2026-07-28T16:42:23+00:00,partial,0
NH,HKG,JFK,HKG,HK,NYC,US,2026-09-20,2026-09-23,Summer,Economy,2,Eco-3,Eco I Fullflex 2f,Economy Basic,"+2,421.59 USD",3090.13,USD,Ubfly,ECOFULFLX,Free Change Before Flight,Included,Included,Included,Unknown,Unknown,Unknown,Unknown,Included,Included,Unknown,Unknown,Unknown,Unknown,Unknown,Unknown,Unknown,,,,2026-07-28T16:42:23+00:00,partial,0
NH,HKG,JFK,HKG,HK,NYC,US,2026-11-01,2026-11-04,Winter,Economy,0,Eco-1,Eco I Standard 2f,Economy Basic,0.00 USD,677.56,USD,Ubfly,ECOSTD,Post-Flight Paid Change; Paid Pre-flight Change,Included,Included,Included,Unknown,Unknown,Unknown,Unknown,Included,Not Included,Unknown,Unknown,Unknown,Unknown,Unknown,Unknown,Unknown,,,,2026-07-28T16:42:23+00:00,partial,0
NH,HKG,JFK,HKG,HK,NYC,US,2026-11-01,2026-11-04,Winter,Economy,1,Eco-2,Eco I Value 2c,Economy Basic,+673.51 USD,1351.07,USD,Ubfly,ECOVAL,Post-Flight Paid Change; Paid Pre-flight Change,Included,Included,Included,Unknown,Unknown,Unknown,Unknown,Not Included,Not Included,Unknown,Unknown,Unknown,Unknown,Unknown,Unknown,Unknown,,,,2026-07-28T16:42:23+00:00,partial,0
NH,HKG,JFK,HKG,HK,NYC,US,2026-11-01,2026-11-04,Winter,Economy,2,Eco-3,Eco I Fullflex 2f,Economy Basic,"+2,421.59 USD",3099.15,USD,Ubfly,ECOFULFLX,Free Change Before Flight,Included,Included,Included,Unknown,Unknown,Unknown,Unknown,Included,Included,Unknown,Unknown,Unknown,Unknown,Unknown,Unknown,Unknown,,,,2026-07-28T16:42:23+00:00,partial,0
CX,HKG,YYZ,HKG,HK,YTO,CA,2027-05-20,2027-05-23,Summer,Economy,0,Eco-1,Basic,Economy Basic,0.00 USD,1150.16,USD,Ubfly,TG,,Included,Included,Unknown,Unknown,Unknown,Unknown,Unknown,Unknown,Unknown,Unknown,Unknown,Unknown,Unknown,Unknown,Unknown,Unknown,,,,2026-07-28T16:42:23+00:00,partial,0
CX,HKG,YYZ,HKG,HK,YTO,CA,2027-01-26,2027-01-29,Winter,Economy,0,Eco-1,Basic,Economy Basic,0.00 USD,1150.16,USD,Ubfly,TG,,Included,Included,Unknown,Unknown,Unknown,Unknown,Unknown,Unknown,Unknown,Unknown,Unknown,Unknown,Unknown,Unknown,Unknown,Unknown,,,,2026-07-28T16:42:23+00:00,partial,0
AC,HKG,YYZ,HKG,HK,YTO,CA,2027-05-19,2027-05-22,Summer,Economy,0,Eco-1,Standard,Economy Standard,0.00 USD,1152.23,USD,Ubfly,TG,POINT ACCRUAL(F),Included,Included,Included,Included,Unknown,Unknown,Unknown,Unknown,Unknown,Unknown,Unknown,Unknown,Unknown,Unknown,Unknown,Unknown,,,,2026-07-28T16:42:23+00:00,partial,0
AC,HKG,YYZ,HKG,HK,YTO,CA,2027-05-19,2027-05-22,Summer,Economy,1,Eco-2,Flexible,Economy Flex,+53.08 USD,1205.31,USD,Ubfly,FL,POINT ACCRUAL(F),Included,Included,Included,Included,Unknown,Unknown,Unknown,Unknown,Unknown,Unknown,Unknown,Unknown,Unknown,Unknown,Unknown,Unknown,,,,2026-07-28T16:42:23+00:00,partial,0
AC,HKG,YYZ,HKG,HK,YTO,CA,2027-05-19,2027-05-22,Summer,Business,0,Bus-1,Business Lowest,Business — Business Lowest,0.00 USD,5541.36,USD,Ubfly,EL,POINT ACCRUAL(F); Privileged check-in,Included,Included,Included,Included,Paid,Unknown,Unknown,Unknown,Unknown,Unknown,Unknown,Unknown,Unknown,Unknown,Unknown,Unknown,,,,2026-07-28T16:42:23+00:00,partial,0
AC,HKG,YYZ,HKG,HK,YTO,CA,2027-05-19,2027-05-22,Summer,Business,1,Bus-2,Business Flexible,Business Flex,+381.95 USD,5923.31,USD,Ubfly,EF,Change with Penalty; Uninterrupted return (up to the last 12 hours); Privileged check-in; POINT ACCRUAL(F),Included,Included,Included,Included,Paid,Unknown,Unknown,Unknown,Unknown,Unknown,Unknown,Included,Unknown,Unknown,Unknown,Unknown,,,,2026-07-28T16:42:23+00:00,partial,0
AC,HKG,YYZ,HKG,HK,YTO,CA,2027-01-26,2027-01-29,Winter,Economy,0,Eco-1,Standard,Economy Standard,0.00 USD,1152.23,USD,Ubfly,TG,POINT ACCRUAL(F),Included,Included,Included,Included,Unknown,Unknown,Unknown,Unknown,Unknown,Unknown,Unknown,Unknown,Unknown,Unknown,Unknown,Unknown,,,,2026-07-28T16:42:23+00:00,partial,0
AC,HKG,YYZ,HKG,HK,YTO,CA,2027-01-26,2027-01-29,Winter,Economy,1,Eco-2,Flexible,Economy Flex,+53.08 USD,1205.31,USD,Ubfly,FL,POINT ACCRUAL(F),Included,Included,Included,Included,Unknown,Unknown,Unknown,Unknown,Unknown,Unknown,Unknown,Unknown,Unknown,Unknown,Unknown,Unknown,,,,2026-07-28T16:42:23+00:00,partial,0
AC,HKG,YYZ,HKG,HK,YTO,CA,2027-01-26,2027-01-29,Winter,Economy,2,Eco-3,Comfort,Economy Comfort,+148.97 USD,1301.2,USD,Ubfly,CO,Change with Penalty; Uninterrupted return (up to the last 12 hours); Privileged check-in; POINT ACCRUAL(F),Included,Included,Included,Included,Unknown,Unknown,Unknown,Unknown,Unknown,Unknown,Unknown,Included,Unknown,Unknown,Unknown,Unknown,,,,2026-07-28T16:42:23+00:00,partial,0
AC,HKG,YYZ,HKG,HK,YTO,CA,2027-01-26,2027-01-29,Winter,Economy,3,Eco-4,Latitude,Economy — Latitude,"+1,335.59 USD",2487.82,USD,Ubfly,LT,Change with Penalty; Uninterrupted return (up to the last 12 hours); Privileged check-in; POINT ACCRUAL(F),Included,Included,Included,Included,Unknown,Unknown,Unknown,Unknown,Unknown,Unknown,Unknown,Included,Unknown,Unknown,Unknown,Unknown,,,,2026-07-28T16:42:23+00:00,partial,0
AC,HKG,YYZ,HKG,HK,YTO,CA,2027-01-26,2027-01-29,Winter,Premium Economy,0,PEco-1,Premium Economy Lowest,Premium Economy Premium,"+2,342.66 USD",3494.89,USD,Ubfly,PL,Privileged check-in; POINT ACCRUAL(F),Included,Included,Included,Included,Unknown,Unknown,Unknown,Unknown,Unknown,Unknown,Unknown,Unknown,Unknown,Unknown,Unknown,Unknown,,,,2026-07-28T16:42:23+00:00,partial,0
AC,HKG,YYZ,HKG,HK,YTO,CA,2027-01-26,2027-01-29,Winter,Premium Economy,1,PEco-2,Premium Economy Flexible,Premium Economy Flex,"+2,724.63 USD",3876.86,USD,Ubfly,PF,Change with Penalty; Uninterrupted return (up to the last 12 hours); Privileged check-in; POINT ACCRUAL(F),Included,Included,Included,Included,Unknown,Unknown,Unknown,Unknown,Unknown,Unknown,Unknown,Included,Unknown,Unknown,Unknown,Unknown,,,,2026-07-28T16:42:23+00:00,partial,0
AC,HKG,YYZ,HKG,HK,YTO,CA,2027-01-26,2027-01-29,Winter,Business,0,Bus-1,Business Lowest,Business — Business Lowest,0.00 USD,5541.36,USD,Ubfly,EL,Privileged check-in; POINT ACCRUAL(F),Included,Included,Included,Included,Paid,Unknown,Unknown,Unknown,Unknown,Unknown,Unknown,Unknown,Unknown,Unknown,Unknown,Unknown,,,,2026-07-28T16:42:23+00:00,partial,0
AC,HKG,YYZ,HKG,HK,YTO,CA,2027-01-26,2027-01-29,Winter,Business,1,Bus-2,Business Flexible,Business Flex,+381.95 USD,5923.31,USD,Ubfly,EF,Change with Penalty; Uninterrupted return (up to the last 12 hours); Privileged check-in; POINT ACCRUAL(F),Included,Included,Included,Included,Paid,Unknown,Unknown,Unknown,Unknown,Unknown,Unknown,Included,Unknown,Unknown,Unknown,Unknown,,,,2026-07-28T16:42:23+00:00,partial,0
BR,TPE,JFK,TPE,TW,NYC,US,2026-09-01,2026-09-04,Summer,Economy,0,Eco-1,Basic,Economy Basic,0.00 USD,2950.71,USD,Ubfly,ECONLIGHT,,Included,Included,Unknown,Unknown,Unknown,Unknown,Unknown,Unknown,Unknown,Unknown,Unknown,Unknown,Unknown,Unknown,Unknown,Unknown,,,,2026-07-28T16:42:23+00:00,partial,0
BR,TPE,JFK,TPE,TW,NYC,US,2027-01-20,2027-01-23,Winter,Economy,0,Eco-1,Basic,Economy Basic,0.00 USD,2297.47,USD,Ubfly,PEYFULFLX,,Included,Included,Unknown,Unknown,Unknown,Unknown,Unknown,Unknown,Unknown,Unknown,Unknown,Unknown,Unknown,Unknown,Unknown,Unknown,,,,2026-07-28T16:42:23+00:00,partial,0
CI,TPE,JFK,TPE,TW,NYC,US,2026-09-01,2026-09-04,Summer,Economy,0,Eco-1,Basic,Economy Basic,0.00 USD,815.41,USD,Ubfly,YBASIC,,Included,Included,Unknown,Unknown,Unknown,Unknown,Unknown,Unknown,Unknown,Unknown,Unknown,Unknown,Unknown,Unknown,Unknown,Unknown,,,,2026-07-28T16:42:23+00:00,partial,0
CI,TPE,JFK,TPE,TW,NYC,US,2027-01-20,2027-01-23,Winter,Economy,0,Eco-1,Basic,Economy Basic,0.00 USD,692.13,USD,Ubfly,YBASIC,,Included,Included,Unknown,Unknown,Unknown,Unknown,Unknown,Unknown,Unknown,Unknown,Unknown,Unknown,Unknown,Unknown,Unknown,Unknown,,,,2026-07-28T16:42:23+00:00,partial,0
DL,TPE,JFK,TPE,TW,NYC,US,2026-09-01,2026-09-04,Summer,Economy,0,Eco-1,Main Extra,Economy Standard,0.00 USD,1217.06,USD,Ubfly,MAINEXTRA,In-flight entertainment; Change with Penalty; Uninterrupted return (up to the last 12 hours); Standard boarding; Alcoholic drink; Snack,Included,Included,Included,Unknown,Unknown,Unknown,Unknown,Unknown,Unknown,Unknown,Unknown,Unknown,Unknown,Unknown,Unknown,Unknown,Yes,,,2026-07-28T16:42:23+00:00,success,0
DL,TPE,JFK,TPE,TW,NYC,US,2026-09-01,2026-09-04,Summer,Economy,1,Eco-2,Comfort Extra,Economy Comfort,+170.96 USD,1388.02,USD,Ubfly,COMFTEXTRA,Change with Penalty; Uninterrupted return (up to the last 12 hours); Extra legroom; Alcoholic drink; Snack; In-flight entertainment,Included,Included,Included,Unknown,Unknown,Included,Unknown,Unknown,Unknown,Unknown,Unknown,Unknown,Unknown,Unknown,Unknown,Unknown,Yes,,,2026-07-28T16:42:23+00:00,success,0
DL,TPE,JFK,TPE,TW,NYC,US,2026-09-01,2026-09-04,Summer,Premium Economy,0,PEco-1,Premium Select Extra,Premium Economy Premium,+772.34 USD,1989.4,USD,Ubfly,DPSEXTRA,Change with Penalty; Uninterrupted return (up to the last 12 hours); Extra legroom; Privileged check-in; Alcoholic drink; Snack; In-flight entertainment,Included,Included,Included,Unknown,Unknown,Included,Unknown,Unknown,Unknown,Unknown,Unknown,Unknown,Unknown,Unknown,Unknown,Unknown,Yes,,,2026-07-28T16:42:23+00:00,success,0
DL,TPE,JFK,TPE,TW,NYC,US,2027-01-20,2027-01-23,Winter,Economy,0,Eco-1,Main Basic,Economy Basic,0.00 USD,652.16,USD,Ubfly,MAINBASIC,Last Group on Boarding; Limited overhead space; Alcoholic drink; Snack; In-flight entertainment,Included,Included,Unknown,Unknown,Unknown,Unknown,Unknown,Unknown,Unknown,Unknown,Unknown,Unknown,Unknown,Unknown,Unknown,Unknown,,,,2026-07-28T16:42:23+00:00,success,0
DL,TPE,JFK,TPE,TW,NYC,US,2027-01-20,2027-01-23,Winter,Economy,1,Eco-2,Main Extra,Economy Standard,+30.88 USD,683.04,USD,Ubfly,MAINEXTRA,Change with Penalty; Uninterrupted return (up to the last 12 hours); Standard boarding; Alcoholic drink; Snack; In-flight entertainment,Included,Included,Included,Unknown,Unknown,Unknown,Unknown,Unknown,Unknown,Unknown,Unknown,Unknown,Unknown,Unknown,Unknown,Unknown,Yes,,,2026-07-28T16:42:23+00:00,success,0
DL,TPE,JFK,TPE,TW,NYC,US,2027-01-20,2027-01-23,Winter,Economy,2,Eco-3,Comfort Extra,Economy Comfort,+201.82 USD,853.98,USD,Ubfly,COMFTEXTRA,Change with Penalty; Uninterrupted return (up to the last 12 hours); Extra legroom; Alcoholic drink; Snack; In-flight entertainment,Included,Included,Included,Unknown,Unknown,Included,Unknown,Unknown,Unknown,Unknown,Unknown,Unknown,Unknown,Unknown,Unknown,Unknown,Yes,,,2026-07-28T16:42:23+00:00,success,0
DL,TPE,JFK,TPE,TW,NYC,US,2027-01-20,2027-01-23,Winter,Premium Economy,0,PEco-1,Premium Select Extra,Premium Economy Premium,+339.81 USD,991.97,USD,Ubfly,DPSEXTRA,Change with Penalty; Uninterrupted return (up to the last 12 hours); Extra legroom; Privileged check-in; Alcoholic drink; Snack; In-flight entertainment,Included,Included,Included,Unknown,Unknown,Included,Unknown,Unknown,Unknown,Unknown,Unknown,Unknown,Unknown,Unknown,Unknown,Unknown,Yes,,,2026-07-28T16:42:23+00:00,success,0
CX,TPE,JFK,TPE,TW,NYC,US,2026-09-01,2026-09-04,Summer,Economy,0,Eco-1,Basic,Economy Basic,0.00 USD,2302.05,USD,Ubfly,PEYFULFLX,,Included,Included,Unknown,Unknown,Unknown,Unknown,Unknown,Unknown,Unknown,Unknown,Unknown,Unknown,Unknown,Unknown,Unknown,Unknown,,,,2026-07-28T16:42:23+00:00,partial,0
CX,TPE,JFK,TPE,TW,NYC,US,2027-01-20,2027-01-23,Winter,Economy,0,Eco-1,Basic,Economy Basic,0.00 USD,661.51,USD,Ubfly,ECONLIGHT,,Included,Included,Unknown,Unknown,Unknown,Unknown,Unknown,Unknown,Unknown,Unknown,Unknown,Unknown,Unknown,Unknown,Unknown,Unknown,,,,2026-07-28T16:42:23+00:00,partial,0
CX,JFK,HKG,NYC,US,HKG,HK,2027-05-23,2027-05-26,Summer,Economy,0,Eco-1,Basic,Economy Basic,0.00 USD,1012.57,USD,Ubfly,ECONLIGHT,,Included,Included,Unknown,Unknown,Unknown,Unknown,Unknown,Unknown,Unknown,Unknown,Unknown,Unknown,Unknown,Unknown,Unknown,Unknown,,,,2026-07-28T16:42:23+00:00,partial,0
CX,JFK,HKG,NYC,US,HKG,HK,2026-11-06,2026-11-09,Winter,Economy,0,Eco-1,Basic,Economy Basic,0.00 USD,1012.57,USD,Ubfly,ECONLIGHT,,Included,Included,Unknown,Unknown,Unknown,Unknown,Unknown,Unknown,Unknown,Unknown,Unknown,Unknown,Unknown,Unknown,Unknown,Unknown,,,,2026-07-28T16:42:23+00:00,partial,0
KE,JFK,HKG,NYC,US,HKG,HK,2027-05-23,2027-05-26,Summer,Economy,0,Eco-1,Basic,Economy Basic,0.00 USD,775.25,USD,Ubfly,EYSAVER,,Included,Included,Unknown,Unknown,Unknown,Unknown,Unknown,Unknown,Unknown,Unknown,Unknown,Unknown,Unknown,Unknown,Unknown,Unknown,,,,2026-07-28T16:42:23+00:00,partial,0
KE,JFK,HKG,NYC,US,HKG,HK,2026-11-06,2026-11-09,Winter,Economy,0,Eco-1,Basic,Economy Basic,0.00 USD,534.88,USD,Ubfly,EYSAVER,,Included,Included,Unknown,Unknown,Unknown,Unknown,Unknown,Unknown,Unknown,Unknown,Unknown,Unknown,Unknown,Unknown,Unknown,Unknown,,,,2026-07-28T16:42:23+00:00,partial,0
CX,YYZ,HKG,YTO,CA,HKG,HK,2027-05-10,2027-05-13,Summer,Economy,0,Eco-1,Basic,Economy Basic,0.00 USD,1078.37,USD,Ubfly,ECONLIGHT,,Included,Included,Unknown,Unknown,Unknown,Unknown,Unknown,Unknown,Unknown,Unknown,Unknown,Unknown,Unknown,Unknown,Unknown,Unknown,,,,2026-07-28T16:42:23+00:00,partial,0
CX,YYZ,HKG,YTO,CA,HKG,HK,2027-01-30,2027-02-02,Winter,Economy,0,Eco-1,Basic,Economy Basic,0.00 USD,1119.49,USD,Ubfly,ECONLIGHT,,Included,Included,Unknown,Unknown,Unknown,Unknown,Unknown,Unknown,Unknown,Unknown,Unknown,Unknown,Unknown,Unknown,Unknown,Unknown,,,,2026-07-28T16:42:23+00:00,partial,0
AC,YYZ,HKG,YTO,CA,HKG,HK,2027-05-10,2027-05-13,Summer,Economy,0,Eco-1,Standard,Economy Standard,0.00 USD,1489.16,USD,Ubfly,TG,POINT ACCRUAL(F),Included,Included,Unknown,Unknown,Unknown,Unknown,Unknown,Unknown,Unknown,Unknown,Unknown,Unknown,Unknown,Unknown,Unknown,Unknown,,,,2026-07-28T16:42:23+00:00,partial,0
AC,YYZ,HKG,YTO,CA,HKG,HK,2027-05-10,2027-05-13,Summer,Economy,1,Eco-2,Flexible,Economy Flex,+95.53 USD,1584.69,USD,Ubfly,FL,Change with Penalty; POINT ACCRUAL(F),Included,Included,Included,Unknown,Unknown,Unknown,Unknown,Unknown,Unknown,Unknown,Unknown,Unknown,Unknown,Unknown,Unknown,Unknown,,,,2026-07-28T16:42:23+00:00,partial,0
AC,YYZ,HKG,YTO,CA,HKG,HK,2027-05-10,2027-05-13,Summer,Economy,2,Eco-3,Comfort,Economy Comfort,+272.83 USD,1761.99,USD,Ubfly,CO,Change with Penalty; Uninterrupted return (up to the last 12 hours); POINT ACCRUAL(F),Included,Included,Included,Unknown,Unknown,Unknown,Unknown,Unknown,Unknown,Unknown,Unknown,Included,Unknown,Unknown,Unknown,Unknown,,,,2026-07-28T16:42:23+00:00,partial,0
AC,YYZ,HKG,YTO,CA,HKG,HK,2027-05-10,2027-05-13,Summer,Economy,3,Eco-4,Latitude,Economy — Latitude,"+1,663.20 USD",3152.36,USD,Ubfly,LT,Change with Penalty; Uninterrupted return (up to the last 12 hours); Privileged check-in; POINT ACCRUAL(F),Included,Included,Included,Included,Unknown,Unknown,Unknown,Unknown,Unknown,Unknown,Unknown,Included,Unknown,Unknown,Unknown,Unknown,,,,2026-07-28T16:42:23+00:00,partial,0
AC,YYZ,HKG,YTO,CA,HKG,HK,2027-05-10,2027-05-13,Summer,Premium Economy,0,PEco-1,Premium Economy Lowest,Premium Economy Premium,+500.31 USD,1989.47,USD,Ubfly,PL,Privileged check-in; POINT ACCRUAL(F),Included,Included,Included,Included,Unknown,Unknown,Unknown,Unknown,Unknown,Unknown,Unknown,Unknown,Unknown,Unknown,Unknown,Unknown,,,,2026-07-28T16:42:23+00:00,partial,0
AC,YYZ,HKG,YTO,CA,HKG,HK,2027-05-10,2027-05-13,Summer,Premium Economy,1,PEco-2,Premium Economy Flexible,Premium Economy Flex,+890.06 USD,2379.22,USD,Ubfly,PF,Change with Penalty; Uninterrupted return (up to the last 12 hours); Privileged check-in; POINT ACCRUAL(F),Included,Included,Included,Included,Unknown,Unknown,Unknown,Unknown,Unknown,Unknown,Unknown,Included,Unknown,Unknown,Unknown,Unknown,,,,2026-07-28T16:42:23+00:00,partial,0
AC,YYZ,HKG,YTO,CA,HKG,HK,2027-05-10,2027-05-13,Summer,Business,0,Bus-1,Business Lowest,Business — Business Lowest,0.00 USD,5527.05,USD,Ubfly,EL,Privileged check-in; POINT ACCRUAL(F),Included,Included,Included,Included,Paid,Unknown,Unknown,Unknown,Unknown,Unknown,Unknown,Unknown,Unknown,Unknown,Unknown,Unknown,,,,2026-07-28T16:42:23+00:00,partial,0
AC,YYZ,HKG,YTO,CA,HKG,HK,2027-05-10,2027-05-13,Summer,Business,1,Bus-2,Business Flexible,Business Flex,+401.11 USD,5928.16,USD,Ubfly,EF,Change with Penalty; Uninterrupted return (up to the last 12 hours); Privileged check-in; POINT ACCRUAL(F),Included,Included,Included,Included,Paid,Unknown,Unknown,Unknown,Unknown,Unknown,Unknown,Included,Unknown,Unknown,Unknown,Unknown,,,,2026-07-28T16:42:23+00:00,partial,0
AC,YYZ,HKG,YTO,CA,HKG,HK,2027-01-30,2027-02-02,Winter,Economy,0,Eco-1,Standard,Economy Standard,0.00 USD,1107.23,USD,Ubfly,TG,POINT ACCRUAL(F),Included,Included,Unknown,Unknown,Unknown,Unknown,Unknown,Unknown,Unknown,Unknown,Unknown,Unknown,Unknown,Unknown,Unknown,Unknown,,,,2026-07-28T16:42:23+00:00,partial,0
AC,YYZ,HKG,YTO,CA,HKG,HK,2027-01-30,2027-02-02,Winter,Economy,1,Eco-2,Flexible,Economy Flex,+62.94 USD,1170.17,USD,Ubfly,FL,Change with Penalty; POINT ACCRUAL(F),Included,Included,Included,Unknown,Unknown,Unknown,Unknown,Unknown,Unknown,Unknown,Unknown,Unknown,Unknown,Unknown,Unknown,Unknown,,,,2026-07-28T16:42:23+00:00,partial,0
AC,YYZ,HKG,YTO,CA,HKG,HK,2027-01-30,2027-02-02,Winter,Economy,2,Eco-3,Comfort,Economy Comfort,+243.07 USD,1350.3,USD,Ubfly,CO,Change with Penalty; Uninterrupted return (up to the last 12 hours); Privileged check-in; POINT ACCRUAL(F),Included,Included,Included,Included,Unknown,Unknown,Unknown,Unknown,Unknown,Unknown,Unknown,Included,Unknown,Unknown,Unknown,Unknown,,,,2026-07-28T16:42:23+00:00,partial,0
AC,YYZ,HKG,YTO,CA,HKG,HK,2027-01-30,2027-02-02,Winter,Economy,3,Eco-4,Latitude,Economy — Latitude,"+2,072.11 USD",3179.34,USD,Ubfly,LT,Change with Penalty; Uninterrupted return (up to the last 12 hours); Privileged check-in; POINT ACCRUAL(F),Included,Included,Included,Included,Unknown,Unknown,Unknown,Unknown,Unknown,Unknown,Unknown,Included,Unknown,Unknown,Unknown,Unknown,,,,2026-07-28T16:42:23+00:00,partial,0
AC,YYZ,HKG,YTO,CA,HKG,HK,2027-01-30,2027-02-02,Winter,Premium Economy,0,PEco-1,Premium Economy Lowest,Premium Economy Premium,+916.28 USD,2023.51,USD,Ubfly,PL,Privileged check-in; POINT ACCRUAL(F),Included,Included,Included,Included,Unknown,Unknown,Unknown,Unknown,Unknown,Unknown,Unknown,Unknown,Unknown,Unknown,Unknown,Unknown,,,,2026-07-28T16:42:23+00:00,partial,0
AC,YYZ,HKG,YTO,CA,HKG,HK,2027-01-30,2027-02-02,Winter,Premium Economy,1,PEco-2,Premium Economy Flexible,Premium Economy Flex,"+1,313.13 USD",2420.36,USD,Ubfly,PF,Change with Penalty; Uninterrupted return (up to the last 12 hours); Privileged check-in; POINT ACCRUAL(F),Included,Included,Included,Included,Unknown,Unknown,Unknown,Unknown,Unknown,Unknown,Unknown,Included,Unknown,Unknown,Unknown,Unknown,,,,2026-07-28T16:42:23+00:00,partial,0
AC,YYZ,HKG,YTO,CA,HKG,HK,2027-01-30,2027-02-02,Winter,Business,0,Bus-1,Business Lowest,Business — Business Lowest,0.00 USD,5641.67,USD,Ubfly,EL,Privileged check-in; POINT ACCRUAL(F),Included,Included,Included,Included,Paid,Unknown,Unknown,Unknown,Unknown,Unknown,Unknown,Unknown,Unknown,Unknown,Unknown,Unknown,,,,2026-07-28T16:42:23+00:00,partial,0
AC,YYZ,HKG,YTO,CA,HKG,HK,2027-01-30,2027-02-02,Winter,Business,1,Bus-2,Business Flexible,Business Flex,+401.11 USD,6042.78,USD,Ubfly,EF,Change with Penalty; Uninterrupted return (up to the last 12 hours); Privileged check-in; POINT ACCRUAL(F),Included,Included,Included,Included,Paid,Unknown,Unknown,Unknown,Unknown,Unknown,Unknown,Included,Unknown,Unknown,Unknown,Unknown,,,,2026-07-28T16:42:23+00:00,partial,0
CI,JFK,TPE,NYC,US,TPE,TW,2026-10-11,2026-10-14,Summer,Economy,0,Eco-1,Basic,Economy Basic,0.00 USD,775.49,USD,Ubfly,YBASIC,,Included,Included,Unknown,Unknown,Unknown,Unknown,Unknown,Unknown,Unknown,Unknown,Unknown,Unknown,Unknown,Unknown,Unknown,Unknown,,,,2026-07-28T16:42:23+00:00,partial,0
CI,JFK,TPE,NYC,US,TPE,TW,2026-12-22,2026-12-25,Winter,Economy,0,Eco-1,Basic,Economy Basic,0.00 USD,1454.72,USD,Ubfly,YSTANDARD,,Included,Included,Unknown,Unknown,Unknown,Unknown,Unknown,Unknown,Unknown,Unknown,Unknown,Unknown,Unknown,Unknown,Unknown,Unknown,,,,2026-07-28T16:42:23+00:00,partial,0
DL,JFK,TPE,NYC,US,TPE,TW,2026-10-11,2026-10-14,Summer,Economy,0,Eco-1,Main Basic,Economy Basic,0.00 USD,903.15,USD,Ubfly,MAINBASIC,In-flight entertainment; Snack; Last Group on Boarding; Limited overhead space; Alcoholic drink,Included,Included,Unknown,Unknown,Unknown,Unknown,Unknown,Unknown,Unknown,Unknown,Unknown,Unknown,Unknown,Unknown,Unknown,Unknown,,,,2026-07-28T16:42:23+00:00,success,0
DL,JFK,TPE,NYC,US,TPE,TW,2026-10-11,2026-10-14,Summer,Economy,1,Eco-2,Main Classic,Economy Standard,+94.74 USD,997.89,USD,Ubfly,MAINCLASC,Change with Penalty; Standard boarding; Alcoholic drink; Snack; In-flight entertainment,Included,Included,Included,Unknown,Unknown,Unknown,Unknown,Unknown,Unknown,Unknown,Unknown,Unknown,Unknown,Unknown,Unknown,Unknown,Yes,,,2026-07-28T16:42:23+00:00,success,0
DL,JFK,TPE,NYC,US,TPE,TW,2026-10-11,2026-10-14,Summer,Economy,2,Eco-3,Comfort Classic,Economy Standard,+149.60 USD,1052.75,USD,Ubfly,COMFTCLASC,Change with Penalty; Extra legroom; Alcoholic drink; Snack; In-flight entertainment,Included,Included,Included,Unknown,Unknown,Included,Unknown,Unknown,Unknown,Unknown,Unknown,Unknown,Unknown,Unknown,Unknown,Unknown,Yes,,,2026-07-28T16:42:23+00:00,success,0
DL,JFK,TPE,NYC,US,TPE,TW,2026-10-11,2026-10-14,Summer,Economy,3,Eco-4,Main Extra,Economy Standard,+224.41 USD,1127.56,USD,Ubfly,MAINEXTRA,Change with Penalty; Uninterrupted return (up to the last 12 hours); Standard boarding; Alcoholic drink; Snack; In-flight entertainment,Included,Included,Included,Unknown,Unknown,Unknown,Unknown,Unknown,Unknown,Unknown,Unknown,Unknown,Unknown,Unknown,Unknown,Unknown,Yes,,,2026-07-28T16:42:23+00:00,success,0
DL,JFK,TPE,NYC,US,TPE,TW,2026-10-11,2026-10-14,Summer,Economy,4,Eco-5,Comfort Extra,Economy Comfort,+279.27 USD,1182.42,USD,Ubfly,COMFTEXTRA,Change with Penalty; Uninterrupted return (up to the last 12 hours); Extra legroom; Alcoholic drink; Snack; In-flight entertainment,Included,Included,Included,Unknown,Unknown,Included,Unknown,Unknown,Unknown,Unknown,Unknown,Unknown,Unknown,Unknown,Unknown,Unknown,Yes,,,2026-07-28T16:42:23+00:00,success,0
DL,JFK,TPE,NYC,US,TPE,TW,2026-10-11,2026-10-14,Summer,Premium Economy,0,PEco-1,Premium Select Classic,Premium Economy Standard,"+1,087.16 USD",1990.31,USD,Ubfly,DPSCLASC,Change with Penalty; Extra legroom; Privileged check-in; Alcoholic drink; Snack; In-flight entertainment,Included,Included,Included,Unknown,Unknown,Included,Unknown,Unknown,Unknown,Unknown,Unknown,Unknown,Unknown,Unknown,Unknown,Unknown,Yes,,,2026-07-28T16:42:23+00:00,success,0
DL,JFK,TPE,NYC,US,TPE,TW,2026-10-11,2026-10-14,Summer,Premium Economy,1,PEco-2,Premium Select Extra,Premium Economy Premium,"+1,356.45 USD",2259.6,USD,Ubfly,DPSEXTRA,Change with Penalty; Uninterrupted return (up to the last 12 hours); Extra legroom; Privileged check-in; Alcoholic drink; Snack; In-flight entertainment,Included,Included,Included,Unknown,Unknown,Included,Unknown,Unknown,Unknown,Unknown,Unknown,Unknown,Unknown,Unknown,Unknown,Unknown,Yes,,,2026-07-28T16:42:23+00:00,success,0
DL,JFK,TPE,NYC,US,TPE,TW,2026-12-21,2026-12-24,Winter,Economy,0,Eco-1,Main Classic,Economy Standard,0.00 USD,1775.86,USD,Ubfly,MAINCLASC,Change with Penalty; In-flight entertainment; Snack; Alcoholic drink; Standard boarding,Included,Included,Included,Unknown,Unknown,Unknown,Unknown,Unknown,Unknown,Unknown,Unknown,Unknown,Unknown,Unknown,Unknown,Unknown,Yes,,,2026-07-28T16:42:23+00:00,success,0
DL,JFK,TPE,NYC,US,TPE,TW,2026-12-21,2026-12-24,Winter,Economy,1,Eco-2,Comfort Classic,Economy Standard,+39.90 USD,1815.76,USD,Ubfly,COMFTCLASC,Change with Penalty; Extra legroom; Alcoholic drink; Snack; In-flight entertainment,Included,Included,Included,Unknown,Unknown,Included,Unknown,Unknown,Unknown,Unknown,Unknown,Unknown,Unknown,Unknown,Unknown,Unknown,Yes,,,2026-07-28T16:42:23+00:00,success,0
DL,JFK,TPE,NYC,US,TPE,TW,2026-12-21,2026-12-24,Winter,Economy,2,Eco-3,Main Extra,Economy Standard,+184.51 USD,1960.37,USD,Ubfly,MAINEXTRA,Change with Penalty; Uninterrupted return (up to the last 12 hours); Standard boarding; Alcoholic drink; Snack; In-flight entertainment,Included,Included,Included,Unknown,Unknown,Unknown,Unknown,Unknown,Unknown,Unknown,Unknown,Unknown,Unknown,Unknown,Unknown,Unknown,Yes,,,2026-07-28T16:42:23+00:00,success,0
DL,JFK,TPE,NYC,US,TPE,TW,2026-12-21,2026-12-24,Winter,Economy,3,Eco-4,Comfort Extra,Economy Comfort,+244.36 USD,2020.22,USD,Ubfly,COMFTEXTRA,Change with Penalty; Uninterrupted return (up to the last 12 hours); Extra legroom; Alcoholic drink; Snack; In-flight entertainment,Included,Included,Included,Unknown,Unknown,Included,Unknown,Unknown,Unknown,Unknown,Unknown,Unknown,Unknown,Unknown,Unknown,Unknown,Yes,,,2026-07-28T16:42:23+00:00,success,0
DL,JFK,TPE,NYC,US,TPE,TW,2026-12-21,2026-12-24,Winter,Premium Economy,0,PEco-1,Premium Select Classic,Premium Economy Standard,+618.39 USD,2394.25,USD,Ubfly,DPSCLASC,Change with Penalty; Extra legroom; Privileged check-in; Alcoholic drink; Snack; In-flight entertainment,Included,Included,Included,Unknown,Unknown,Included,Unknown,Unknown,Unknown,Unknown,Unknown,Unknown,Unknown,Unknown,Unknown,Unknown,Yes,,,2026-07-28T16:42:23+00:00,success,0
DL,JFK,TPE,NYC,US,TPE,TW,2026-12-21,2026-12-24,Winter,Premium Economy,1,PEco-2,Premium Select Extra,Premium Economy Premium,+927.57 USD,2703.43,USD,Ubfly,DPSEXTRA,Change with Penalty; Uninterrupted return (up to the last 12 hours); Extra legroom; Privileged check-in; Alcoholic drink; Snack; In-flight entertainment,Included,Included,Included,Unknown,Unknown,Included,Unknown,Unknown,Unknown,Unknown,Unknown,Unknown,Unknown,Unknown,Unknown,Unknown,Yes,,,2026-07-28T16:42:23+00:00,success,0
DL,JFK,TPE,NYC,US,TPE,TW,2026-12-21,2026-12-24,Winter,Business,0,Bus-1,Delta One Classic,Business Standard,0.00 USD,5463.11,USD,Ubfly,DONECLASC,Change with Penalty; Extra legroom; Privileged check-in; Alcoholic drink; Snack; In-flight entertainment,Included,Included,Included,Unknown,Included,Included,Unknown,Unknown,Unknown,Unknown,Unknown,Unknown,Unknown,Unknown,Unknown,Unknown,Yes,,,2026-07-28T16:42:23+00:00,success,0
DL,JFK,TPE,NYC,US,TPE,TW,2026-12-21,2026-12-24,Winter,Business,1,Bus-2,Delta One Extra,Business — Delta One Extra,+249.34 USD,5712.45,USD,Ubfly,DONEEXTRA,Change with Penalty; Uninterrupted return (up to the last 12 hours); Extra legroom; Privileged check-in; Alcoholic drink; Snack; In-flight entertainment,Included,Included,Included,Unknown,Included,Included,Unknown,Unknown,Unknown,Unknown,Unknown,Unknown,Unknown,Unknown,Unknown,Unknown,Yes,,,2026-07-28T16:42:23+00:00,success,0
CX,JFK,TPE,NYC,US,TPE,TW,2026-10-11,2026-10-14,Summer,Economy,0,Eco-1,Basic,Economy Basic,0.00 USD,869.08,USD,Ubfly,ECONLIGHT,,Included,Included,Unknown,Unknown,Unknown,Unknown,Unknown,Unknown,Unknown,Unknown,Unknown,Unknown,Unknown,Unknown,Unknown,Unknown,,,,2026-07-28T16:42:23+00:00,partial,0
CX,JFK,TPE,NYC,US,TPE,TW,2026-12-21,2026-12-24,Winter,Economy,0,Eco-1,Basic,Economy Basic,0.00 USD,1138.37,USD,Ubfly,ECONLIGHT,,Included,Included,Unknown,Unknown,Unknown,Unknown,Unknown,Unknown,Unknown,Unknown,Unknown,Unknown,Unknown,Unknown,Unknown,Unknown,,,,2026-07-28T16:42:23+00:00,partial,0
SV,LHE,LHR,LHE,PK,LON,GB,2026-08-25,2026-08-28,Summer,Economy,0,Eco-1,Basic Eco,Economy Basic,0.00 USD,1582.59,USD,Ubfly,NBASICE,1 Free bag: 23 kg,Included,Included,Unknown,Unknown,Unknown,Unknown,Unknown,Unknown,Unknown,Unknown,Unknown,Unknown,Unknown,Unknown,Unknown,Unknown,Yes,,35.0,2026-07-28T16:42:23+00:00,success,0
SV,LHE,LHR,LHE,PK,LON,GB,2026-08-25,2026-08-28,Summer,Economy,1,Eco-2,Flex Eco,Economy Basic,+259.74 USD,1842.33,USD,Ubfly,NFLEXE,Change without penalty; Uninterrupted return (up to the last 12 hours); 2 Free bags: 23 kg,Included,Included,Included,Unknown,Unknown,Unknown,Unknown,Unknown,Unknown,Unknown,Unknown,Unknown,Unknown,Unknown,Unknown,Unknown,Yes,,,2026-07-28T16:42:23+00:00,success,0
SV,LHE,LHR,LHE,PK,LON,GB,2027-01-12,2027-01-15,Winter,Economy,0,Eco-1,Basic Eco,Economy Basic,0.00 USD,494.43,USD,Ubfly,NBASICE,1 Free bag: 23 kg,Included,Included,Unknown,Unknown,Unknown,Unknown,Unknown,Unknown,Unknown,Unknown,Unknown,Unknown,Unknown,Unknown,Unknown,Unknown,Yes,,35.0,2026-07-28T16:42:23+00:00,success,0
SV,LHE,LHR,LHE,PK,LON,GB,2027-01-12,2027-01-15,Winter,Economy,1,Eco-2,Flex Eco,Economy Basic,+259.74 USD,754.17,USD,Ubfly,NFLEXE,Change without penalty; Uninterrupted return (up to the last 12 hours); 2 Free bags: 23 kg,Included,Included,Included,Unknown,Unknown,Unknown,Unknown,Unknown,Unknown,Unknown,Unknown,Unknown,Unknown,Unknown,Unknown,Unknown,Yes,,,2026-07-28T16:42:23+00:00,success,0
SV,LHE,LHR,LHE,PK,LON,GB,2027-01-12,2027-01-15,Winter,Business,0,Bus-1,Basic Bus,Business Basic,0.00 USD,5359.11,USD,Ubfly,NBASICB,Priority Services; Business/First Class: 2 free bags,Included,Included,Included,Unknown,Unknown,Unknown,Unknown,Unknown,Unknown,Unknown,Unknown,Unknown,Unknown,Unknown,Unknown,Unknown,Yes,,175.0,2026-07-28T16:42:23+00:00,success,0
SV,LHE,LHR,LHE,PK,LON,GB,2027-01-12,2027-01-15,Winter,Business,1,Bus-2,Flex Bus,Business Flex,+121.69 USD,5480.8,USD,Ubfly,NFLEXB,Priority Services; Change without penalty; Uninterrupted return (up to the last 12 hours); Business/First Class: 2 free bags,Included,Included,Included,Unknown,Unknown,Unknown,Unknown,Unknown,Unknown,Unknown,Unknown,Unknown,Unknown,Unknown,Unknown,Unknown,Yes,,,2026-07-28T16:42:23+00:00,success,0
QR,LHE,LHR,LHE,PK,LON,GB,2026-08-25,2026-08-28,Summer,Economy,0,Eco-1,Economy Classic,Economy Standard,0.00 USD,732.66,USD,Ubfly,ECLASSIC,,Included,Included,Unknown,Included,Unknown,Unknown,Unknown,Unknown,Unknown,Unknown,Unknown,Unknown,Unknown,Unknown,Unknown,Unknown,Yes,,50.0,2026-07-28T16:42:23+00:00,success,0
QR,LHE,LHR,LHE,PK,LON,GB,2026-08-25,2026-08-28,Summer,Economy,1,Eco-2,Economy Convenience,Economy — Economy Convenience,+215.85 USD,948.51,USD,Ubfly,ECONVENIEN,,Included,Included,Included,Included,Unknown,Unknown,Unknown,Unknown,Unknown,Unknown,Unknown,Unknown,Unknown,Unknown,Unknown,Unknown,Yes,,75.0,2026-07-28T16:42:23+00:00,success,0
QR,LHE,LHR,LHE,PK,LON,GB,2026-08-25,2026-08-28,Summer,Economy,2,Eco-3,Economy Comfort,Economy Comfort,+737.09 USD,1469.75,USD,Ubfly,ECOMFORT,Uninterrupted return (up to the last 12 hours); Change with Penalty,Included,Included,Included,Included,Unknown,Unknown,Unknown,Unknown,Unknown,Unknown,Unknown,Unknown,Unknown,Unknown,Unknown,Unknown,Yes,,100.0,2026-07-28T16:42:23+00:00,success,0
QR,LHE,LHR,LHE,PK,LON,GB,2026-08-25,2026-08-28,Summer,Business,0,Bus-1,Business Comfort,Business Comfort,0.00 USD,4250.71,USD,Ubfly,BCOMFORT,175 PCT QMILES ACCUMULATION(F),Included,Included,Included,Included,Included,Unknown,Unknown,Unknown,Unknown,Unknown,Unknown,Unknown,Unknown,Unknown,Unknown,Unknown,,,,2026-07-28T16:42:23+00:00,success,0
QR,LHE,LHR,LHE,PK,LON,GB,2026-08-25,2026-08-28,Summer,Business,1,Bus-2,Business Elite,Business Lite,+433.85 USD,4684.56,USD,Ubfly,BELITE,200 PCT QMILES ACCUMULATION(F); Uninterrupted return (up to the last 12 hours); Change with Penalty,Included,Included,Included,Included,Included,Unknown,Unknown,Unknown,Unknown,Unknown,Unknown,Unknown,Unknown,Unknown,Unknown,Unknown,,,,2026-07-28T16:42:23+00:00,success,0
QR,LHE,LHR,LHE,PK,LON,GB,2027-01-12,2027-01-15,Winter,Economy,0,Eco-1,Economy Convenience,Economy — Economy Convenience,0.00 USD,1172.08,USD,Ubfly,ECONVENIEN,,Included,Included,Included,Included,Unknown,Unknown,Unknown,Unknown,Unknown,Unknown,Unknown,Unknown,Unknown,Unknown,Unknown,Unknown,Yes,,75.0,2026-07-28T16:42:23+00:00,success,0
QR,LHE,LHR,LHE,PK,LON,GB,2027-01-12,2027-01-15,Winter,Economy,1,Eco-2,Economy Comfort,Economy Comfort,+117.27 USD,1289.35,USD,Ubfly,ECOMFORT,Uninterrupted return (up to the last 12 hours); Change with Penalty,Included,Included,Included,Included,Unknown,Unknown,Unknown,Unknown,Unknown,Unknown,Unknown,Unknown,Unknown,Unknown,Unknown,Unknown,Yes,,100.0,2026-07-28T16:42:23+00:00,success,0
QR,LHE,LHR,LHE,PK,LON,GB,2027-01-12,2027-01-15,Winter,Business,0,Bus-1,Business Comfort,Business Comfort,0.00 USD,3566.44,USD,Ubfly,BCOMFORT,175 PCT QMILES ACCUMULATION(F),Included,Included,Included,Included,Included,Unknown,Unknown,Unknown,Unknown,Unknown,Unknown,Unknown,Unknown,Unknown,Unknown,Unknown,,,,2026-07-28T16:42:23+00:00,success,0
QR,LHE,LHR,LHE,PK,LON,GB,2027-01-12,2027-01-15,Winter,Business,1,Bus-2,Business Elite,Business Lite,+433.85 USD,4000.29,USD,Ubfly,BELITE,200 PCT QMILES ACCUMULATION(F); Uninterrupted return (up to the last 12 hours); Change with Penalty,Included,Included,Included,Included,Included,Unknown,Unknown,Unknown,Unknown,Unknown,Unknown,Unknown,Unknown,Unknown,Unknown,Unknown,,,,2026-07-28T16:42:23+00:00,success,0
EK,LHE,LHR,LHE,PK,LON,GB,2026-08-25,2026-08-28,Summer,Economy,0,Eco-1,Economy Flex Plus,Economy Comfort,0.00 USD,1297.37,USD,Ubfly,YF,• Hot and cold refreshments; • ICE entertainment; • Mileage upgrade eligibility; Economy Cabin,Included,Included,Included,Included,Unknown,Unknown,Unknown,Not Included,Not Included,Unknown,Unknown,Unknown,Included,Unknown,Unknown,Unknown,Yes,3750.0,,2026-07-28T16:42:23+00:00,success,0
EK,LHE,LHR,LHE,PK,LON,GB,2026-08-25,2026-08-28,Summer,Premium Economy,0,PEco-1,Premium Economy FlexPlus,Premium Economy Comfort,+538.60 USD,1835.97,USD,Ubfly,WF,• Hot and cold refreshments; • ICE entertainment; • Mileage upgrade eligibility; • Exclusive Premium Economy Class dining; Premium Economy Cabin,Included,Included,Included,Unknown,Unknown,Unknown,Unknown,Not Included,Not Included,Unknown,Unknown,Unknown,Included,Unknown,Unknown,Unknown,Yes,4125.0,,2026-07-28T16:42:23+00:00,success,0
EK,LHE,LHR,LHE,PK,LON,GB,2026-08-25,2026-08-28,Summer,Business,0,Bus-1,Business Saver,Business Basic,0.00 USD,2553.89,USD,Ubfly,BSSAVER,Premium check-in; Soft drink; In-flight entertainment; Chauffeur Drive; Internet Access,Included,Included,Included,Included,Included,Included,Included,Unknown,Unknown,Unknown,Unknown,Unknown,Unknown,Unknown,Unknown,Unknown,Yes,,,2026-07-28T16:42:23+00:00,success,0
EK,LHE,LHR,LHE,PK,LON,GB,2026-08-25,2026-08-28,Summer,Business,1,Bus-2,Business Flex,Business Flex,+466.78 USD,3020.67,USD,Ubfly,BSFLEX,Premium check-in; Soft drink; In-flight entertainment; Chauffeur Drive; Internet Access,Included,Included,Included,Included,Included,Included,Included,Unknown,Unknown,Unknown,Unknown,Unknown,Unknown,Unknown,Unknown,Unknown,Yes,,175.0,2026-07-28T16:42:23+00:00,success,0
EK,LHE,LHR,LHE,PK,LON,GB,2026-08-25,2026-08-28,Summer,Business,2,Bus-3,Business Flex Plus,Business Comfort,"+1,135.03 USD",3688.92,USD,Ubfly,BSFLXPLUS,Premium check-in; Soft drink; In-flight entertainment; Chauffeur Drive; Internet Access; Uninterrupted return (up to the last 12 hours); Change with Penalty,Included,Included,Included,Included,Included,Included,Included,Unknown,Unknown,Unknown,Unknown,Unknown,Unknown,Unknown,Unknown,Unknown,Yes,,190.0,2026-07-28T16:42:23+00:00,success,0
EK,LHE,LHR,LHE,PK,LON,GB,2027-01-12,2027-01-15,Winter,Economy,0,Eco-1,Economy Saver,Economy Basic,0.00 USD,577.02,USD,Ubfly,ECOSAVER,Soft drink; In-flight entertainment,Included,Included,Unknown,Included,Unknown,Unknown,Unknown,Unknown,Unknown,Unknown,Unknown,Unknown,Unknown,Unknown,Unknown,Unknown,Yes,,30.0,2026-07-28T16:42:23+00:00,success,0
EK,LHE,LHR,LHE,PK,LON,GB,2027-01-12,2027-01-15,Winter,Economy,1,Eco-2,Economy Flex,Economy Flex,+100.73 USD,677.75,USD,Ubfly,ECOFLEX,Soft drink; In-flight entertainment,Included,Included,Unknown,Included,Unknown,Unknown,Unknown,Unknown,Unknown,Unknown,Unknown,Unknown,Unknown,Unknown,Unknown,Unknown,Yes,,70.0,2026-07-28T16:42:23+00:00,success,0
EK,LHE,LHR,LHE,PK,LON,GB,2027-01-12,2027-01-15,Winter,Economy,2,Eco-3,Economy Flex Plus,Economy Comfort,+516.64 USD,1093.66,USD,Ubfly,ECOFLXPLUS,Uninterrupted return (up to the last 12 hours); Change with Penalty; Soft drink; In-flight entertainment,Included,Included,Unknown,Included,Unknown,Unknown,Unknown,Unknown,Unknown,Unknown,Unknown,Unknown,Unknown,Unknown,Unknown,Unknown,Yes,,100.0,2026-07-28T16:42:23+00:00,success,0
EK,LHE,LHR,LHE,PK,LON,GB,2027-01-12,2027-01-15,Winter,Business,0,Bus-1,Business Saver,Business Basic,0.00 USD,2553.89,USD,Ubfly,BSSAVER,Premium check-in; Soft drink; In-flight entertainment; Chauffeur Drive; Internet Access,Included,Included,Included,Included,Included,Included,Included,Unknown,Unknown,Unknown,Unknown,Unknown,Unknown,Unknown,Unknown,Unknown,Yes,,,2026-07-28T16:42:23+00:00,success,0
EK,LHE,LHR,LHE,PK,LON,GB,2027-01-12,2027-01-15,Winter,Business,1,Bus-2,Business Flex,Business Flex,+466.78 USD,3020.67,USD,Ubfly,BSFLEX,Premium check-in; Soft drink; In-flight entertainment; Chauffeur Drive; Internet Access,Included,Included,Included,Included,Included,Included,Included,Unknown,Unknown,Unknown,Unknown,Unknown,Unknown,Unknown,Unknown,Unknown,Yes,,175.0,2026-07-28T16:42:23+00:00,success,0
EK,LHE,LHR,LHE,PK,LON,GB,2027-01-12,2027-01-15,Winter,Business,2,Bus-3,Business Flex Plus,Business Comfort,"+1,135.03 USD",3688.92,USD,Ubfly,BSFLXPLUS,Premium check-in; Soft drink; In-flight entertainment; Chauffeur Drive; Internet Access; Uninterrupted return (up to the last 12 hours); Change with Penalty,Included,Included,Included,Included,Included,Included,Included,Unknown,Unknown,Unknown,Unknown,Unknown,Unknown,Unknown,Unknown,Unknown,Yes,,190.0,2026-07-28T16:42:23+00:00,success,0
TK,LHE,LHR,LHE,PK,LON,GB,2026-08-25,2026-08-28,Summer,Economy,0,Eco-1,EcoFly,Economy Basic,0.00 USD,1276.03,USD,Ubfly,CL,Online Message Verification,Included,Included,Unknown,Included,Unknown,Unknown,Unknown,Not Included,Unknown,Unknown,Unknown,Unknown,Unknown,Unknown,Unknown,Unknown,,,,2026-07-28T16:42:23+00:00,success,0
TK,LHE,LHR,LHE,PK,LON,GB,2026-08-25,2026-08-28,Summer,Economy,1,Eco-2,ExtraFly,Economy Standard,+53.45 USD,1329.48,USD,Ubfly,LG,Online Message Verification,Included,Included,Unknown,Included,Unknown,Unknown,Unknown,Unknown,Unknown,Unknown,Unknown,Unknown,Unknown,Unknown,Unknown,Unknown,,,,2026-07-28T16:42:23+00:00,success,0
TK,LHE,LHR,LHE,PK,LON,GB,2026-08-25,2026-08-28,Summer,Economy,2,Eco-3,FlexFly,Economy Flex,+147.26 USD,1423.29,USD,Ubfly,GN,Online Message Verification,Included,Included,Included,Included,Unknown,Unknown,Unknown,Unknown,Unknown,Unknown,Unknown,Unknown,Unknown,Unknown,Unknown,Unknown,Yes,,15.0,2026-07-28T16:42:23+00:00,success,0
TK,LHE,LHR,LHE,PK,LON,GB,2026-08-25,2026-08-28,Summer,Economy,3,Eco-4,Flexible,Economy Flex,+279.46 USD,1555.49,USD,Ubfly,FL,Online Message Verification,Included,Included,Included,Included,Unknown,Unknown,Included,Unknown,Unknown,Unknown,Unknown,Paid,Unknown,Unknown,Unknown,Unknown,Yes,,30.0,2026-07-28T16:42:23+00:00,success,0
TK,LHE,LHR,LHE,PK,LON,GB,2026-08-25,2026-08-28,Summer,Business,0,Bus-1,Business Fly,Business — Business Fly,0.00 USD,2835.49,USD,Ubfly,BF,Priority Check-In,Included,Included,Included,Unknown,Included,Included,Included,Unknown,Unknown,Unknown,Unknown,Unknown,Included,Unknown,Unknown,Unknown,,,,2026-07-28T16:42:23+00:00,success,0
TK,LHE,LHR,LHE,PK,LON,GB,2026-08-25,2026-08-28,Summer,Business,1,Bus-2,Business Prime,Business Premium,+324.15 USD,3159.64,USD,Ubfly,BL,Priority Check-In,Included,Included,Included,Unknown,Included,Included,Included,Unknown,Unknown,Unknown,Unknown,Paid,Included,Unknown,Unknown,Unknown,Yes,,30.0,2026-07-28T16:42:23+00:00,success,0
TK,LHE,LHR,LHE,PK,LON,GB,2027-01-12,2027-01-15,Winter,Economy,0,Eco-1,EcoFly,Economy Basic,0.00 USD,652.51,USD,Ubfly,CL,Online Message Verification,Included,Included,Unknown,Included,Unknown,Unknown,Unknown,Not Included,Unknown,Unknown,Unknown,Unknown,Unknown,Unknown,Unknown,Unknown,,,,2026-07-28T16:42:23+00:00,success,0
TK,LHE,LHR,LHE,PK,LON,GB,2027-01-12,2027-01-15,Winter,Economy,1,Eco-2,ExtraFly,Economy Standard,+40.47 USD,692.98,USD,Ubfly,LG,Online Message Verification,Included,Included,Unknown,Included,Unknown,Unknown,Unknown,Unknown,Unknown,Unknown,Unknown,Unknown,Unknown,Unknown,Unknown,Unknown,,,,2026-07-28T16:42:23+00:00,success,0
TK,LHE,LHR,LHE,PK,LON,GB,2027-01-12,2027-01-15,Winter,Economy,2,Eco-3,FlexFly,Economy Flex,+108.37 USD,760.88,USD,Ubfly,GN,Online Message Verification,Included,Included,Included,Included,Unknown,Unknown,Unknown,Unknown,Unknown,Unknown,Unknown,Unknown,Unknown,Unknown,Unknown,Unknown,Yes,,15.0,2026-07-28T16:42:23+00:00,success,0
TK,LHE,LHR,LHE,PK,LON,GB,2027-01-12,2027-01-15,Winter,Economy,3,Eco-4,Flexible,Economy Flex,+214.62 USD,867.13,USD,Ubfly,FL,Online Message Verification,Included,Included,Included,Included,Unknown,Unknown,Included,Unknown,Unknown,Unknown,Unknown,Paid,Unknown,Unknown,Unknown,Unknown,Yes,,30.0,2026-07-28T16:42:23+00:00,success,0
TK,LHE,LHR,LHE,PK,LON,GB,2027-01-12,2027-01-15,Winter,Business,0,Bus-1,Business Fly,Business — Business Fly,0.00 USD,2835.49,USD,Ubfly,BF,Priority Check-In,Included,Included,Included,Unknown,Included,Included,Included,Unknown,Unknown,Unknown,Unknown,Unknown,Included,Unknown,Unknown,Unknown,,,,2026-07-28T16:42:23+00:00,success,0
TK,LHE,LHR,LHE,PK,LON,GB,2027-01-12,2027-01-15,Winter,Business,1,Bus-2,Business Prime,Business Premium,+324.15 USD,3159.64,USD,Ubfly,BL,Priority Check-In,Included,Included,Included,Unknown,Included,Included,Included,Unknown,Unknown,Unknown,Unknown,Paid,Included,Unknown,Unknown,Unknown,Yes,,30.0,2026-07-28T16:42:23+00:00,success,0
QR,ISB,LHR,ISB,PK,LON,GB,2026-08-31,2026-09-03,Summer,Economy,0,Eco-1,Economy Convenience,Economy — Economy Convenience,0.00 USD,1280.69,USD,Ubfly,ECONVENIEN,,Included,Included,Included,Included,Unknown,Unknown,Unknown,Unknown,Unknown,Unknown,Unknown,Unknown,Unknown,Unknown,Unknown,Unknown,Yes,,75.0,2026-07-28T16:42:23+00:00,success,0
QR,ISB,LHR,ISB,PK,LON,GB,2026-08-31,2026-09-03,Summer,Economy,1,Eco-2,Economy Comfort,Economy Comfort,+251.92 USD,1532.61,USD,Ubfly,ECOMFORT,Uninterrupted return (up to the last 12 hours); Change with Penalty,Included,Included,Included,Included,Unknown,Unknown,Unknown,Unknown,Unknown,Unknown,Unknown,Unknown,Unknown,Unknown,Unknown,Unknown,Yes,,100.0,2026-07-28T16:42:23+00:00,success,0
QR,ISB,LHR,ISB,PK,LON,GB,2026-08-31,2026-09-03,Summer,Business,0,Bus-1,Business Comfort,Business Comfort,0.00 USD,4188.7,USD,Ubfly,BCOMFORT,175 PCT QMILES ACCUMULATION(F),Included,Included,Included,Included,Included,Unknown,Unknown,Unknown,Unknown,Unknown,Unknown,Unknown,Unknown,Unknown,Unknown,Unknown,,,,2026-07-28T16:42:23+00:00,success,0
QR,ISB,LHR,ISB,PK,LON,GB,2026-08-31,2026-09-03,Summer,Business,1,Bus-2,Business Elite,Business Lite,+434.87 USD,4623.57,USD,Ubfly,BELITE,200 PCT QMILES ACCUMULATION(F); Uninterrupted return (up to the last 12 hours); Change with Penalty,Included,Included,Included,Included,Included,Unknown,Unknown,Unknown,Unknown,Unknown,Unknown,Unknown,Unknown,Unknown,Unknown,Unknown,,,,2026-07-28T16:42:23+00:00,success,0
QR,ISB,LHR,ISB,PK,LON,GB,2027-03-15,2027-03-18,Winter,Economy,0,Eco-1,Economy Convenience,Economy — Economy Convenience,0.00 USD,1280.69,USD,Ubfly,ECONVENIEN,,Included,Included,Included,Included,Unknown,Unknown,Unknown,Unknown,Unknown,Unknown,Unknown,Unknown,Unknown,Unknown,Unknown,Unknown,Yes,,75.0,2026-07-28T16:42:23+00:00,success,0
QR,ISB,LHR,ISB,PK,LON,GB,2027-03-15,2027-03-18,Winter,Economy,1,Eco-2,Economy Comfort,Economy Comfort,+251.92 USD,1532.61,USD,Ubfly,ECOMFORT,Uninterrupted return (up to the last 12 hours); Change with Penalty,Included,Included,Included,Included,Unknown,Unknown,Unknown,Unknown,Unknown,Unknown,Unknown,Unknown,Unknown,Unknown,Unknown,Unknown,Yes,,100.0,2026-07-28T16:42:23+00:00,success,0
QR,ISB,LHR,ISB,PK,LON,GB,2027-03-15,2027-03-18,Winter,Business,0,Bus-1,Business Comfort,Business Comfort,0.00 USD,3410.44,USD,Ubfly,BCOMFORT,175 PCT QMILES ACCUMULATION(F),Included,Included,Included,Included,Included,Unknown,Unknown,Unknown,Unknown,Unknown,Unknown,Unknown,Unknown,Unknown,Unknown,Unknown,,,,2026-07-28T16:42:23+00:00,success,0
QR,ISB,LHR,ISB,PK,LON,GB,2027-03-15,2027-03-18,Winter,Business,1,Bus-2,Business Elite,Business Lite,+434.87 USD,3845.31,USD,Ubfly,BELITE,200 PCT QMILES ACCUMULATION(F); Uninterrupted return (up to the last 12 hours); Change with Penalty,Included,Included,Included,Included,Included,Unknown,Unknown,Unknown,Unknown,Unknown,Unknown,Unknown,Unknown,Unknown,Unknown,Unknown,,,,2026-07-28T16:42:23+00:00,success,0
SV,ISB,LHR,ISB,PK,LON,GB,2026-08-31,2026-09-03,Summer,Business,0,Bus-1,Basic Bus,Business Basic,0.00 USD,3463.8,USD,Ubfly,NBASICB,Priority Services; Business/First Class: 2 free bags,Included,Included,Included,Unknown,Unknown,Unknown,Unknown,Unknown,Unknown,Unknown,Unknown,Unknown,Unknown,Unknown,Unknown,Unknown,Yes,,175.0,2026-07-28T16:42:23+00:00,success,0
SV,ISB,LHR,ISB,PK,LON,GB,2026-08-31,2026-09-03,Summer,Business,1,Bus-2,Flex Bus,Business Flex,+131.66 USD,3595.46,USD,Ubfly,NFLEXB,Priority Services; Change without penalty; Uninterrupted return (up to the last 12 hours); Business/First Class: 2 free bags,Included,Included,Included,Unknown,Unknown,Unknown,Unknown,Unknown,Unknown,Unknown,Unknown,Unknown,Unknown,Unknown,Unknown,Unknown,Yes,,,2026-07-28T16:42:23+00:00,success,0
SV,ISB,LHR,ISB,PK,LON,GB,2027-03-15,2027-03-18,Winter,Economy,0,Eco-1,Economy Basic,Economy Basic,0.00 USD,394.93,USD,Ubfly,NBASICE,Change with fee; Change with fee; Change with fee; Change with fee; Priority check-in not included,Included,Included,Paid,Unknown,Unknown,Not Included,Not Included,Paid,Not Included,Paid,Paid,Unknown,Unknown,Unknown,Unknown,Unknown,Yes,,60.0,2026-07-28T16:42:23+00:00,success,0
SV,ISB,LHR,ISB,PK,LON,GB,2027-03-15,2027-03-18,Winter,Economy,1,Eco-2,Economy Flex,Economy Flex,+216.43 USD,611.36,USD,Ubfly,NFLEXE,Change with fee; Change with fee; 2 pieces (23 kg each); Priority check-in not included,Included,Included,Paid,Unknown,Unknown,Not Included,Not Included,Paid,Paid,Paid,Paid,Unknown,Unknown,Unknown,Unknown,Unknown,Yes,,110.0,2026-07-28T16:42:23+00:00,success,0
EY,ISB,LHR,ISB,PK,LON,GB,2026-08-31,2026-09-03,Summer,Economy,0,Eco-1,Economy Basic,Economy Basic,0.00 USD,1543.5,USD,Ubfly,YBASIC,,Included,Not Included,Unknown,Included,Unknown,Unknown,Unknown,Unknown,Unknown,Unknown,Unknown,Unknown,Unknown,Unknown,Unknown,Unknown,Yes,,5.0,2026-07-28T16:42:23+00:00,success,0
EY,ISB,LHR,ISB,PK,LON,GB,2026-08-31,2026-09-03,Summer,Economy,1,Eco-2,Economy Value,Economy Basic,+27.49 USD,1570.99,USD,Ubfly,YVALUE,,Included,Included,Unknown,Included,Unknown,Unknown,Unknown,Unknown,Unknown,Unknown,Unknown,Unknown,Unknown,Unknown,Unknown,Unknown,Yes,,35.0,2026-07-28T16:42:23+00:00,success,0
EY,ISB,LHR,ISB,PK,LON,GB,2026-08-31,2026-09-03,Summer,Economy,2,Eco-3,Economy Comfort,Economy Comfort,+76.36 USD,1619.86,USD,Ubfly,YCOMFORT,,Included,Included,Included,Included,Unknown,Unknown,Unknown,Unknown,Unknown,Unknown,Unknown,Unknown,Unknown,Unknown,Unknown,Unknown,Yes,,75.0,2026-07-28T16:42:23+00:00,success,0
EY,ISB,LHR,ISB,PK,LON,GB,2026-08-31,2026-09-03,Summer,Economy,3,Eco-4,Economy Deluxe,Economy — Economy Deluxe,+260.90 USD,1804.4,USD,Ubfly,YDELUXE,Change with Penalty; Uninterrupted return (up to the last 12 hours); Priority Access,Included,Included,Included,Included,Unknown,Unknown,Unknown,Unknown,Unknown,Unknown,Unknown,Unknown,Unknown,Unknown,Unknown,Unknown,Yes,,,2026-07-28T16:42:23+00:00,success,0
EY,ISB,LHR,ISB,PK,LON,GB,2026-08-31,2026-09-03,Summer,Business,0,Bus-1,Business Value,Business Basic,0.00 USD,3608.07,USD,Ubfly,JVALUE,Priority Access,Included,Included,Unknown,Included,Unknown,Unknown,Unknown,Unknown,Unknown,Unknown,Unknown,Unknown,Unknown,Unknown,Unknown,Unknown,Yes,,100.0,2026-07-28T16:42:23+00:00,success,0
EY,ISB,LHR,ISB,PK,LON,GB,2026-08-31,2026-09-03,Summer,Business,1,Bus-2,Business Comfort,Business Comfort,+169.55 USD,3777.62,USD,Ubfly,JCOMFORT,Priority Access; ETIHAD UAE CHAUFFEUR(F),Included,Included,Included,Included,Included,Unknown,Unknown,Unknown,Unknown,Unknown,Unknown,Unknown,Unknown,Unknown,Unknown,Unknown,Yes,,,2026-07-28T16:42:23+00:00,success,0
EY,ISB,LHR,ISB,PK,LON,GB,2026-08-31,2026-09-03,Summer,Business,2,Bus-3,Business Deluxe,Business — Business Deluxe,+471.77 USD,4079.84,USD,Ubfly,JDELUXE,Change with Penalty; Uninterrupted return (up to the last 12 hours); Priority Access; ETIHAD UAE CHAUFFEUR(F); ETIHAD GLOBAL CHAUFFEUR(F),Included,Included,Included,Included,Included,Unknown,Unknown,Unknown,Unknown,Unknown,Unknown,Unknown,Unknown,Unknown,Unknown,Unknown,Yes,,,2026-07-28T16:42:23+00:00,success,0
EY,ISB,LHR,ISB,PK,LON,GB,2027-03-15,2027-03-18,Winter,Economy,0,Eco-1,Economy Basic,Economy Basic,0.00 USD,1278.2,USD,Ubfly,YBASIC,,Included,Not Included,Unknown,Included,Unknown,Unknown,Unknown,Unknown,Unknown,Unknown,Unknown,Unknown,Unknown,Unknown,Unknown,Unknown,Yes,,5.0,2026-07-28T16:42:23+00:00,success,0
EY,ISB,LHR,ISB,PK,LON,GB,2027-03-15,2027-03-18,Winter,Economy,1,Eco-2,Economy Value,Economy Basic,+27.49 USD,1305.69,USD,Ubfly,YVALUE,,Included,Included,Unknown,Included,Unknown,Unknown,Unknown,Unknown,Unknown,Unknown,Unknown,Unknown,Unknown,Unknown,Unknown,Unknown,Yes,,35.0,2026-07-28T16:42:23+00:00,success,0
EY,ISB,LHR,ISB,PK,LON,GB,2027-03-15,2027-03-18,Winter,Economy,2,Eco-3,Economy Comfort,Economy Comfort,+76.36 USD,1354.56,USD,Ubfly,YCOMFORT,,Included,Included,Included,Included,Unknown,Unknown,Unknown,Unknown,Unknown,Unknown,Unknown,Unknown,Unknown,Unknown,Unknown,Unknown,Yes,,75.0,2026-07-28T16:42:23+00:00,success,0
EY,ISB,LHR,ISB,PK,LON,GB,2027-03-15,2027-03-18,Winter,Economy,3,Eco-4,Economy Deluxe,Economy — Economy Deluxe,+260.88 USD,1539.08,USD,Ubfly,YDELUXE,Change with Penalty; Uninterrupted return (up to the last 12 hours); Priority Access,Included,Included,Included,Included,Unknown,Unknown,Unknown,Unknown,Unknown,Unknown,Unknown,Unknown,Unknown,Unknown,Unknown,Unknown,Yes,,,2026-07-28T16:42:23+00:00,success,0
EY,ISB,LHR,ISB,PK,LON,GB,2027-03-15,2027-03-18,Winter,Business,0,Bus-1,Business Value,Business Basic,0.00 USD,2490.06,USD,Ubfly,JVALUE,Priority Access,Included,Included,Unknown,Included,Unknown,Unknown,Unknown,Unknown,Unknown,Unknown,Unknown,Unknown,Unknown,Unknown,Unknown,Unknown,Yes,,100.0,2026-07-28T16:42:23+00:00,success,0
EY,ISB,LHR,ISB,PK,LON,GB,2027-03-15,2027-03-18,Winter,Business,1,Bus-2,Business Comfort,Business Comfort,+128.66 USD,2618.72,USD,Ubfly,JCOMFORT,Priority Access; ETIHAD UAE CHAUFFEUR(F),Included,Included,Included,Included,Included,Unknown,Unknown,Unknown,Unknown,Unknown,Unknown,Unknown,Unknown,Unknown,Unknown,Unknown,Yes,,,2026-07-28T16:42:23+00:00,success,0
EY,ISB,LHR,ISB,PK,LON,GB,2027-03-15,2027-03-18,Winter,Business,2,Bus-3,Business Deluxe,Business — Business Deluxe,+430.88 USD,2920.94,USD,Ubfly,JDELUXE,Change with Penalty; Uninterrupted return (up to the last 12 hours); Priority Access; ETIHAD UAE CHAUFFEUR(F); ETIHAD GLOBAL CHAUFFEUR(F),Included,Included,Included,Included,Included,Unknown,Unknown,Unknown,Unknown,Unknown,Unknown,Unknown,Unknown,Unknown,Unknown,Unknown,Yes,,,2026-07-28T16:42:23+00:00,success,0
EK,ISB,LHR,ISB,PK,LON,GB,2026-08-31,2026-09-03,Summer,Economy,0,Eco-1,Economy Flex Plus,Economy Comfort,0.00 USD,1516.8,USD,Ubfly,YF,• Hot and cold refreshments; • ICE entertainment; • Mileage upgrade eligibility; Economy Cabin,Included,Included,Included,Included,Unknown,Unknown,Unknown,Not Included,Not Included,Unknown,Unknown,Unknown,Included,Unknown,Unknown,Unknown,Yes,3750.0,,2026-07-28T16:42:23+00:00,success,0
EK,ISB,LHR,ISB,PK,LON,GB,2026-08-31,2026-09-03,Summer,Premium Economy,0,PEco-1,Premium Economy FlexPlus,Premium Economy Comfort,+174.55 USD,1691.35,USD,Ubfly,WF,• Hot and cold refreshments; • ICE entertainment; • Mileage upgrade eligibility; • Exclusive Premium Economy Class dining; Premium Economy Cabin,Included,Included,Included,Unknown,Unknown,Unknown,Unknown,Not Included,Not Included,Unknown,Unknown,Unknown,Included,Unknown,Unknown,Unknown,Yes,4125.0,,2026-07-28T16:42:23+00:00,success,0
EK,ISB,LHR,ISB,PK,LON,GB,2026-08-31,2026-09-03,Summer,Business,0,Bus-1,Business Saver,Business Basic,0.00 USD,2448.17,USD,Ubfly,BSSAVER,Premium check-in; Soft drink; In-flight entertainment; Chauffeur Drive; Internet Access,Included,Included,Included,Included,Included,Included,Included,Unknown,Unknown,Unknown,Unknown,Unknown,Unknown,Unknown,Unknown,Unknown,Yes,,,2026-07-28T16:42:23+00:00,success,0
EK,ISB,LHR,ISB,PK,LON,GB,2026-08-31,2026-09-03,Summer,Business,1,Bus-2,Business Flex,Business Flex,+469.76 USD,2917.93,USD,Ubfly,BSFLEX,Premium check-in; Soft drink; In-flight entertainment; Chauffeur Drive; Internet Access,Included,Included,Included,Included,Included,Included,Included,Unknown,Unknown,Unknown,Unknown,Unknown,Unknown,Unknown,Unknown,Unknown,Yes,,175.0,2026-07-28T16:42:23+00:00,success,0
EK,ISB,LHR,ISB,PK,LON,GB,2026-08-31,2026-09-03,Summer,Business,2,Bus-3,Business Flex Plus,Business Comfort,"+1,136.03 USD",3584.2,USD,Ubfly,BSFLXPLUS,Premium check-in; Soft drink; In-flight entertainment; Chauffeur Drive; Internet Access; Uninterrupted return (up to the last 12 hours); Change with Penalty,Included,Included,Included,Included,Included,Included,Included,Unknown,Unknown,Unknown,Unknown,Unknown,Unknown,Unknown,Unknown,Unknown,Yes,,190.0,2026-07-28T16:42:23+00:00,success,0
EK,ISB,LHR,ISB,PK,LON,GB,2027-03-15,2027-03-18,Winter,Economy,0,Eco-1,Economy Saver,Economy Basic,0.00 USD,584.25,USD,Ubfly,YP,• Hot and cold refreshments; • ICE entertainment; • Mileage upgrade eligibility at time of check-in; Economy Cabin,Included,Included,Paid,Included,Unknown,Unknown,Unknown,Included,Not Included,Unknown,Unknown,Unknown,Included,Unknown,Unknown,Unknown,Yes,1125.0,,2026-07-28T16:42:23+00:00,success,0
EK,ISB,LHR,ISB,PK,LON,GB,2027-03-15,2027-03-18,Winter,Economy,1,Eco-2,Economy Flex,Economy Flex,+102.72 USD,686.97,USD,Ubfly,YS,• Hot and cold refreshments; • ICE entertainment; • Mileage upgrade eligibility; Economy Cabin,Included,Included,Included,Included,Unknown,Unknown,Unknown,Included,Not Included,Unknown,Unknown,Unknown,Included,Unknown,Unknown,Unknown,Yes,2813.0,,2026-07-28T16:42:23+00:00,success,0
EK,ISB,LHR,ISB,PK,LON,GB,2027-03-15,2027-03-18,Winter,Economy,2,Eco-3,Economy Flex Plus,Economy Comfort,+526.63 USD,1110.88,USD,Ubfly,YF,• Hot and cold refreshments; • ICE entertainment; • Mileage upgrade eligibility; Economy Cabin,Included,Included,Included,Included,Unknown,Unknown,Unknown,Not Included,Not Included,Unknown,Unknown,Unknown,Included,Unknown,Unknown,Unknown,Yes,3750.0,,2026-07-28T16:42:23+00:00,success,0
EK,ISB,LHR,ISB,PK,LON,GB,2027-03-15,2027-03-18,Winter,Premium Economy,0,PEco-1,Premium Economy FlexPlus,Premium Economy Comfort,+539.59 USD,1123.84,USD,Ubfly,WF,• Hot and cold refreshments; • ICE entertainment; • Mileage upgrade eligibility; • Exclusive Premium Economy Class dining; Premium Economy Cabin,Included,Included,Included,Unknown,Unknown,Unknown,Unknown,Not Included,Not Included,Unknown,Unknown,Unknown,Included,Unknown,Unknown,Unknown,Yes,4125.0,,2026-07-28T16:42:23+00:00,success,0
EK,ISB,LHR,ISB,PK,LON,GB,2027-03-15,2027-03-18,Winter,Business,0,Bus-1,Business Saver,Business Basic,0.00 USD,2448.17,USD,Ubfly,BSSAVER,Premium check-in; Soft drink; In-flight entertainment; Chauffeur Drive; Internet Access,Included,Included,Included,Included,Included,Included,Included,Unknown,Unknown,Unknown,Unknown,Unknown,Unknown,Unknown,Unknown,Unknown,Yes,,,2026-07-28T16:42:23+00:00,success,0
EK,ISB,LHR,ISB,PK,LON,GB,2027-03-15,2027-03-18,Winter,Business,1,Bus-2,Business Flex,Business Flex,+469.76 USD,2917.93,USD,Ubfly,BSFLEX,Premium check-in; Soft drink; In-flight entertainment; Chauffeur Drive; Internet Access,Included,Included,Included,Included,Included,Included,Included,Unknown,Unknown,Unknown,Unknown,Unknown,Unknown,Unknown,Unknown,Unknown,Yes,,175.0,2026-07-28T16:42:23+00:00,success,0
EK,ISB,LHR,ISB,PK,LON,GB,2027-03-15,2027-03-18,Winter,Business,2,Bus-3,Business Flex Plus,Business Comfort,"+1,136.03 USD",3584.2,USD,Ubfly,BSFLXPLUS,Premium check-in; Soft drink; In-flight entertainment; Chauffeur Drive; Internet Access; Uninterrupted return (up to the last 12 hours); Change with Penalty,Included,Included,Included,Included,Included,Included,Included,Unknown,Unknown,Unknown,Unknown,Unknown,Unknown,Unknown,Unknown,Unknown,Yes,,190.0,2026-07-28T16:42:23+00:00,success,0
BA,ISB,LGW,ISB,PK,LON,GB,2026-09-12,2026-09-15,Summer,Economy,0,Eco-1,Basic,Economy Basic,0.00 USD,721.65,USD,Ubfly,NOBAG,Personal Item: 40 x 30 x 15 cm,Included,Not Included,Unknown,Included,Unknown,Unknown,Unknown,Unknown,Unknown,Unknown,Unknown,Unknown,Unknown,Unknown,Unknown,Unknown,,,,2026-07-28T16:42:23+00:00,partial,0
BA,ISB,LGW,ISB,PK,LON,GB,2026-09-12,2026-09-15,Summer,Economy,1,Eco-2,Economy Basic,Economy Basic,+52.28 USD,773.93,USD,Ubfly,BAG,Personal Item: 40 x 30 x 15 cm; 1 Piece Luggage (23 Kg); 2ND BAG MAX 23KG 51LB 208LCM(F),Included,Included,Unknown,Included,Unknown,Unknown,Unknown,Unknown,Unknown,Unknown,Unknown,Unknown,Unknown,Unknown,Unknown,Unknown,,,,2026-07-28T16:42:23+00:00,partial,0
BA,ISB,LGW,ISB,PK,LON,GB,2026-09-12,2026-09-15,Summer,Economy,2,Eco-3,Plus Select,Economy Comfort,+221.43 USD,943.08,USD,Ubfly,ECONSEL,Personal Item: 40 x 30 x 15 cm; 1 Piece Luggage (23 Kg); 2ND BAG MAX 23KG 51LB 208LCM(F); Change without penalty before flight,Included,Included,Unknown,Included,Unknown,Unknown,Unknown,Unknown,Included,Unknown,Unknown,Unknown,Unknown,Unknown,Unknown,Unknown,,,,2026-07-28T16:42:23+00:00,partial,0
BA,ISB,LGW,ISB,PK,LON,GB,2026-09-12,2026-09-15,Summer,Economy,3,Eco-4,Economy Pro,Economy — Economy Pro,+305.22 USD,1026.87,USD,Ubfly,ECONPRO,Personal Item: 40 x 30 x 15 cm; 1 Piece Luggage (23 Kg); 2ND BAG MAX 23KG 51LB 208LCM(F); Change without penalty before flight,Included,Included,Included,Included,Unknown,Unknown,Unknown,Included,Included,Unknown,Unknown,Unknown,Unknown,Unknown,Unknown,Unknown,,,,2026-07-28T16:42:23+00:00,partial,0
BA,ISB,LGW,ISB,PK,LON,GB,2026-09-12,2026-09-15,Summer,Economy,4,Eco-5,Plus Flex,Economy Comfort,"+1,707.56 USD",2429.21,USD,Ubfly,ECONFLEX,Personal Item: 40 x 30 x 15 cm; 1 Piece Luggage (23 Kg); 2ND BAG MAX 23KG 51LB 208LCM(F); Change without penalty before flight,Included,Included,Included,Included,Unknown,Unknown,Unknown,Included,Included,Unknown,Unknown,Unknown,Unknown,Unknown,Unknown,Unknown,,,,2026-07-28T16:42:23+00:00,partial,0
BA,ISB,LGW,ISB,PK,LON,GB,2026-09-12,2026-09-15,Summer,Premium Economy,0,PEco-1,PREMECON,Premium Economy — PREMECON,+276.29 USD,997.94,USD,Ubfly,PREMECON,Personal Item: 40 x 30 x 15 cm,Included,Included,Unknown,Included,Unknown,Unknown,Unknown,Unknown,Unknown,Unknown,Unknown,Unknown,Unknown,Unknown,Unknown,Unknown,,,,2026-07-28T16:42:23+00:00,partial,0
BA,ISB,LGW,ISB,PK,LON,GB,2026-09-12,2026-09-15,Summer,Premium Economy,1,PEco-2,PESEL,Premium Economy — PESEL,+532.62 USD,1254.27,USD,Ubfly,PESEL,Personal Item: 40 x 30 x 15 cm; Change without penalty before flight,Included,Included,Unknown,Included,Unknown,Unknown,Unknown,Unknown,Included,Unknown,Unknown,Unknown,Unknown,Unknown,Unknown,Unknown,,,,2026-07-28T16:42:23+00:00,partial,0
BA,ISB,LGW,ISB,PK,LON,GB,2026-09-12,2026-09-15,Summer,Premium Economy,2,PEco-3,PEPRO,Premium Economy — PEPRO,+662.27 USD,1383.92,USD,Ubfly,PEPRO,Personal Item: 40 x 30 x 15 cm; Change without penalty before flight,Included,Included,Included,Included,Unknown,Unknown,Unknown,Included,Included,Unknown,Unknown,Unknown,Unknown,Unknown,Unknown,Unknown,,,,2026-07-28T16:42:23+00:00,partial,0
BA,ISB,LGW,ISB,PK,LON,GB,2026-09-12,2026-09-15,Summer,Premium Economy,3,PEco-4,PEFLEX,Premium Economy Flex,"+1,945.93 USD",2667.58,USD,Ubfly,PEFLEX,Personal Item: 40 x 30 x 15 cm; Change without penalty before flight,Included,Included,Included,Included,Unknown,Unknown,Unknown,Included,Included,Unknown,Unknown,Unknown,Unknown,Unknown,Unknown,Unknown,,,,2026-07-28T16:42:23+00:00,partial,0
BA,ISB,LGW,ISB,PK,LON,GB,2026-11-09,2026-11-12,Winter,Economy,0,Eco-1,Basic,Economy Basic,0.00 USD,516.19,USD,Ubfly,NOBAG,Personal Item: 40 x 30 x 15 cm,Included,Not Included,Unknown,Included,Unknown,Unknown,Unknown,Unknown,Unknown,Unknown,Unknown,Unknown,Unknown,Unknown,Unknown,Unknown,,,,2026-07-28T16:42:23+00:00,partial,0
BA,ISB,LGW,ISB,PK,LON,GB,2026-11-09,2026-11-12,Winter,Economy,1,Eco-2,Economy Basic,Economy Basic,+51.29 USD,567.48,USD,Ubfly,BAG,Personal Item: 40 x 30 x 15 cm; 1 Piece Luggage (23 Kg); 2ND BAG MAX 23KG 51LB 208LCM(F),Included,Included,Unknown,Included,Unknown,Unknown,Unknown,Unknown,Unknown,Unknown,Unknown,Unknown,Unknown,Unknown,Unknown,Unknown,,,,2026-07-28T16:42:23+00:00,partial,0
BA,ISB,LGW,ISB,PK,LON,GB,2026-11-09,2026-11-12,Winter,Economy,2,Eco-3,Plus Select,Economy Comfort,+220.42 USD,736.61,USD,Ubfly,ECONSEL,Personal Item: 40 x 30 x 15 cm; 1 Piece Luggage (23 Kg); 2ND BAG MAX 23KG 51LB 208LCM(F); Change without penalty before flight,Included,Included,Unknown,Included,Unknown,Unknown,Unknown,Unknown,Included,Unknown,Unknown,Unknown,Unknown,Unknown,Unknown,Unknown,,,,2026-07-28T16:42:23+00:00,partial,0
BA,ISB,LGW,ISB,PK,LON,GB,2026-11-09,2026-11-12,Winter,Economy,3,Eco-4,Economy Pro,Economy — Economy Pro,+304.20 USD,820.39,USD,Ubfly,ECONPRO,Personal Item: 40 x 30 x 15 cm; 1 Piece Luggage (23 Kg); 2ND BAG MAX 23KG 51LB 208LCM(F); Change without penalty before flight,Included,Included,Included,Included,Unknown,Unknown,Unknown,Included,Included,Unknown,Unknown,Unknown,Unknown,Unknown,Unknown,Unknown,,,,2026-07-28T16:42:23+00:00,partial,0
BA,ISB,LGW,ISB,PK,LON,GB,2026-11-09,2026-11-12,Winter,Economy,4,Eco-5,Plus Flex,Economy Comfort,"+1,909.02 USD",2425.21,USD,Ubfly,ECONFLEX,Personal Item: 40 x 30 x 15 cm; 1 Piece Luggage (23 Kg); 2ND BAG MAX 23KG 51LB 208LCM(F); Change without penalty before flight,Included,Included,Included,Included,Unknown,Unknown,Unknown,Included,Included,Unknown,Unknown,Unknown,Unknown,Unknown,Unknown,Unknown,,,,2026-07-28T16:42:23+00:00,partial,0
BA,ISB,LGW,ISB,PK,LON,GB,2026-11-09,2026-11-12,Winter,Premium Economy,0,PEco-1,PREMECON,Premium Economy — PREMECON,+275.28 USD,791.47,USD,Ubfly,PREMECON,Personal Item: 40 x 30 x 15 cm,Included,Included,Unknown,Included,Unknown,Unknown,Unknown,Unknown,Unknown,Unknown,Unknown,Unknown,Unknown,Unknown,Unknown,Unknown,,,,2026-07-28T16:42:23+00:00,partial,0
BA,ISB,LGW,ISB,PK,LON,GB,2026-11-09,2026-11-12,Winter,Premium Economy,1,PEco-2,PESEL,Premium Economy — PESEL,+531.60 USD,1047.79,USD,Ubfly,PESEL,Personal Item: 40 x 30 x 15 cm; Change without penalty before flight,Included,Included,Unknown,Included,Unknown,Unknown,Unknown,Unknown,Included,Unknown,Unknown,Unknown,Unknown,Unknown,Unknown,Unknown,,,,2026-07-28T16:42:23+00:00,partial,0
BA,ISB,LGW,ISB,PK,LON,GB,2026-11-09,2026-11-12,Winter,Premium Economy,2,PEco-3,PEPRO,Premium Economy — PEPRO,+661.28 USD,1177.47,USD,Ubfly,PEPRO,Personal Item: 40 x 30 x 15 cm; Change without penalty before flight,Included,Included,Included,Included,Unknown,Unknown,Unknown,Included,Included,Unknown,Unknown,Unknown,Unknown,Unknown,Unknown,Unknown,,,,2026-07-28T16:42:23+00:00,partial,0
BA,ISB,LGW,ISB,PK,LON,GB,2026-11-09,2026-11-12,Winter,Premium Economy,3,PEco-4,PEFLEX,Premium Economy Flex,"+2,147.40 USD",2663.59,USD,Ubfly,PEFLEX,Personal Item: 40 x 30 x 15 cm; Change without penalty before flight,Included,Included,Included,Included,Unknown,Unknown,Unknown,Included,Included,Unknown,Unknown,Unknown,Unknown,Unknown,Unknown,Unknown,,,,2026-07-28T16:42:23+00:00,partial,0
BA,ISB,LGW,ISB,PK,LON,GB,2026-11-09,2026-11-12,Winter,Business,0,Bus-1,Business,Business — Business,0.00 USD,1674.18,USD,Ubfly,BUSINESS,Personal Item: 40 x 30 x 15 cm; Dedicated check-in area,Included,Included,Unknown,Included,Included,Unknown,Included,Unknown,Unknown,Unknown,Unknown,Unknown,Unknown,Unknown,Unknown,Unknown,,,,2026-07-28T16:42:23+00:00,partial,0
BA,ISB,LGW,ISB,PK,LON,GB,2026-11-09,2026-11-12,Winter,Business,1,Bus-2,Business Plus Select,Business Comfort,+512.68 USD,2186.86,USD,Ubfly,BIZSEL,Personal Item: 40 x 30 x 15 cm; Dedicated check-in area; Change without penalty before flight,Included,Included,Included,Included,Included,Unknown,Included,Unknown,Included,Unknown,Unknown,Unknown,Unknown,Unknown,Unknown,Unknown,,,,2026-07-28T16:42:23+00:00,partial,0
BA,ISB,LGW,ISB,PK,LON,GB,2026-11-09,2026-11-12,Winter,Business,2,Bus-3,Business Pro,Business — Business Pro,+765.01 USD,2439.19,USD,Ubfly,BIZPRO,Personal Item: 40 x 30 x 15 cm; Dedicated check-in area; Change without penalty before flight,Included,Included,Included,Included,Included,Unknown,Included,Included,Included,Unknown,Unknown,Unknown,Unknown,Unknown,Unknown,Unknown,,,,2026-07-28T16:42:23+00:00,partial,0
BA,ISB,LGW,ISB,PK,LON,GB,2026-11-09,2026-11-12,Winter,Business,3,Bus-4,Business Flex,Business Flex,"+1,717.52 USD",3391.7,USD,Ubfly,BIZFLEX,Personal Item: 40 x 30 x 15 cm; Dedicated check-in area; Change without penalty before flight,Included,Included,Included,Included,Included,Unknown,Included,Included,Included,Unknown,Unknown,Unknown,Unknown,Unknown,Unknown,Unknown,,,,2026-07-28T16:42:23+00:00,partial,0
EK,ISB,LGW,ISB,PK,LON,GB,2026-09-12,2026-09-15,Summer,Economy,0,Eco-1,Economy Saver,Economy Basic,0.00 USD,551.76,USD,Ubfly,YP,• Hot and cold refreshments; • ICE entertainment; • Mileage upgrade eligibility at time of check-in; Economy Cabin,Included,Included,Paid,Included,Unknown,Unknown,Unknown,Included,Not Included,Unknown,Unknown,Unknown,Included,Unknown,Unknown,Unknown,Yes,1125.0,,2026-07-28T16:42:23+00:00,success,0
EK,ISB,LGW,ISB,PK,LON,GB,2026-09-12,2026-09-15,Summer,Economy,1,Eco-2,Economy Flex,Economy Flex,+135.63 USD,687.39,USD,Ubfly,YS,• Hot and cold refreshments; • ICE entertainment; • Mileage upgrade eligibility; Economy Cabin,Included,Included,Included,Included,Unknown,Unknown,Unknown,Included,Not Included,Unknown,Unknown,Unknown,Included,Unknown,Unknown,Unknown,Yes,2813.0,,2026-07-28T16:42:23+00:00,success,0
EK,ISB,LGW,ISB,PK,LON,GB,2026-09-12,2026-09-15,Summer,Economy,2,Eco-3,Economy Flex Plus,Economy Comfort,+559.54 USD,1111.3,USD,Ubfly,YF,• Hot and cold refreshments; • ICE entertainment; • Mileage upgrade eligibility; Economy Cabin,Included,Included,Included,Included,Unknown,Unknown,Unknown,Not Included,Not Included,Unknown,Unknown,Unknown,Included,Unknown,Unknown,Unknown,Yes,3750.0,,2026-07-28T16:42:23+00:00,success,0
EK,ISB,LGW,ISB,PK,LON,GB,2026-09-12,2026-09-15,Summer,Premium Economy,0,PEco-1,Premium Economy FlexPlus,Premium Economy Comfort,+572.50 USD,1124.26,USD,Ubfly,WF,• Hot and cold refreshments; • ICE entertainment; • Mileage upgrade eligibility; • Exclusive Premium Economy Class dining; Premium Economy Cabin,Included,Included,Included,Unknown,Unknown,Unknown,Unknown,Not Included,Not Included,Unknown,Unknown,Unknown,Included,Unknown,Unknown,Unknown,Yes,4125.0,,2026-07-28T16:42:23+00:00,success,0
EK,ISB,LGW,ISB,PK,LON,GB,2026-09-12,2026-09-15,Summer,Business,0,Bus-1,Business Saver,Business Basic,0.00 USD,2445.27,USD,Ubfly,BSSAVER,Premium check-in; Soft drink; In-flight entertainment; Chauffeur Drive; Internet Access,Included,Included,Included,Included,Included,Included,Included,Unknown,Unknown,Unknown,Unknown,Unknown,Unknown,Unknown,Unknown,Unknown,Yes,,,2026-07-28T16:42:23+00:00,success,0
EK,ISB,LGW,ISB,PK,LON,GB,2026-09-12,2026-09-15,Summer,Business,1,Bus-2,Business Flex,Business Flex,+469.76 USD,2915.03,USD,Ubfly,BSFLEX,Premium check-in; Soft drink; In-flight entertainment; Chauffeur Drive; Internet Access,Included,Included,Included,Included,Included,Included,Included,Unknown,Unknown,Unknown,Unknown,Unknown,Unknown,Unknown,Unknown,Unknown,Yes,,175.0,2026-07-28T16:42:23+00:00,success,0
EK,ISB,LGW,ISB,PK,LON,GB,2026-11-09,2026-11-12,Winter,Economy,0,Eco-1,Economy Saver,Economy Basic,0.00 USD,551.76,USD,Ubfly,YP,• Hot and cold refreshments; • ICE entertainment; • Mileage upgrade eligibility at time of check-in; Economy Cabin,Included,Included,Paid,Included,Unknown,Unknown,Unknown,Included,Not Included,Unknown,Unknown,Unknown,Included,Unknown,Unknown,Unknown,Yes,1125.0,,2026-07-28T16:42:23+00:00,success,0
EK,ISB,LGW,ISB,PK,LON,GB,2026-11-09,2026-11-12,Winter,Economy,1,Eco-2,Economy Flex,Economy Flex,+135.63 USD,687.39,USD,Ubfly,YS,• Hot and cold refreshments; • ICE entertainment; • Mileage upgrade eligibility; Economy Cabin,Included,Included,Included,Included,Unknown,Unknown,Unknown,Included,Not Included,Unknown,Unknown,Unknown,Included,Unknown,Unknown,Unknown,Yes,2813.0,,2026-07-28T16:42:23+00:00,success,0
EK,ISB,LGW,ISB,PK,LON,GB,2026-11-09,2026-11-12,Winter,Economy,2,Eco-3,Economy Flex Plus,Economy Comfort,+559.54 USD,1111.3,USD,Ubfly,YF,• Hot and cold refreshments; • ICE entertainment; • Mileage upgrade eligibility; Economy Cabin,Included,Included,Included,Included,Unknown,Unknown,Unknown,Not Included,Not Included,Unknown,Unknown,Unknown,Included,Unknown,Unknown,Unknown,Yes,3750.0,,2026-07-28T16:42:23+00:00,success,0
EK,ISB,LGW,ISB,PK,LON,GB,2026-11-09,2026-11-12,Winter,Premium Economy,0,PEco-1,Premium Economy FlexPlus,Premium Economy Comfort,+572.50 USD,1124.26,USD,Ubfly,WF,• Hot and cold refreshments; • ICE entertainment; • Mileage upgrade eligibility; • Exclusive Premium Economy Class dining; Premium Economy Cabin,Included,Included,Included,Unknown,Unknown,Unknown,Unknown,Not Included,Not Included,Unknown,Unknown,Unknown,Included,Unknown,Unknown,Unknown,Yes,4125.0,,2026-07-28T16:42:23+00:00,success,0
EK,ISB,LGW,ISB,PK,LON,GB,2026-11-09,2026-11-12,Winter,Business,0,Bus-1,Business Saver,Business Basic,0.00 USD,2445.27,USD,Ubfly,BSSAVER,Premium check-in; Soft drink; In-flight entertainment; Chauffeur Drive; Internet Access,Included,Included,Included,Included,Included,Included,Included,Unknown,Unknown,Unknown,Unknown,Unknown,Unknown,Unknown,Unknown,Unknown,Yes,,,2026-07-28T16:42:23+00:00,success,0
EK,ISB,LGW,ISB,PK,LON,GB,2026-11-09,2026-11-12,Winter,Business,1,Bus-2,Business Flex,Business Flex,+469.76 USD,2915.03,USD,Ubfly,BSFLEX,Premium check-in; Soft drink; In-flight entertainment; Chauffeur Drive; Internet Access,Included,Included,Included,Included,Included,Included,Included,Unknown,Unknown,Unknown,Unknown,Unknown,Unknown,Unknown,Unknown,Unknown,Yes,,175.0,2026-07-28T16:42:23+00:00,success,0
EK,ISB,LGW,ISB,PK,LON,GB,2026-11-09,2026-11-12,Winter,Business,2,Bus-3,Business Flex Plus,Business Comfort,"+1,136.03 USD",3581.3,USD,Ubfly,BSFLXPLUS,Premium check-in; Soft drink; In-flight entertainment; Chauffeur Drive; Internet Access; Uninterrupted return (up to the last 12 hours); Change with Penalty,Included,Included,Included,Included,Included,Included,Included,Unknown,Unknown,Unknown,Unknown,Unknown,Unknown,Unknown,Unknown,Unknown,Yes,,190.0,2026-07-28T16:42:23+00:00,success,0
TK,ISB,LGW,ISB,PK,LON,GB,2026-09-12,2026-09-15,Summer,Business,0,Bus-1,Business Fly,Business — Business Fly,0.00 USD,2698.4,USD,Ubfly,BF,Priority Check-In,Included,Included,Included,Unknown,Included,Included,Included,Unknown,Unknown,Unknown,Unknown,Unknown,Included,Unknown,Unknown,Unknown,,,,2026-07-28T16:42:23+00:00,success,0
TK,ISB,LGW,ISB,PK,LON,GB,2026-09-12,2026-09-15,Summer,Business,1,Bus-2,Business Prime,Business Premium,+324.15 USD,3022.55,USD,Ubfly,BL,Priority Check-In,Included,Included,Included,Unknown,Included,Included,Included,Unknown,Unknown,Unknown,Unknown,Paid,Included,Unknown,Unknown,Unknown,Yes,,30.0,2026-07-28T16:42:23+00:00,success,0
TK,ISB,LGW,ISB,PK,LON,GB,2026-11-09,2026-11-12,Winter,Economy,0,Eco-1,EcoFly,Economy Basic,0.00 USD,618.16,USD,Ubfly,CL,Online Message Verification,Included,Included,Unknown,Included,Unknown,Unknown,Unknown,Not Included,Unknown,Unknown,Unknown,Unknown,Unknown,Unknown,Unknown,Unknown,,,,2026-07-28T16:42:23+00:00,success,0
TK,ISB,LGW,ISB,PK,LON,GB,2026-11-09,2026-11-12,Winter,Economy,1,Eco-2,ExtraFly,Economy Standard,+40.49 USD,658.65,USD,Ubfly,LG,Online Message Verification,Included,Included,Unknown,Included,Unknown,Unknown,Unknown,Unknown,Unknown,Unknown,Unknown,Unknown,Unknown,Unknown,Unknown,Unknown,,,,2026-07-28T16:42:23+00:00,success,0
TK,ISB,LGW,ISB,PK,LON,GB,2026-11-09,2026-11-12,Winter,Economy,2,Eco-3,FlexFly,Economy Flex,+108.37 USD,726.53,USD,Ubfly,GN,Online Message Verification,Included,Included,Included,Included,Unknown,Unknown,Unknown,Unknown,Unknown,Unknown,Unknown,Unknown,Unknown,Unknown,Unknown,Unknown,Yes,,15.0,2026-07-28T16:42:23+00:00,success,0
TK,ISB,LGW,ISB,PK,LON,GB,2026-11-09,2026-11-12,Winter,Economy,3,Eco-4,Flexible,Economy Flex,+214.64 USD,832.8,USD,Ubfly,FL,Online Message Verification,Included,Included,Included,Included,Unknown,Unknown,Included,Unknown,Unknown,Unknown,Unknown,Paid,Unknown,Unknown,Unknown,Unknown,Yes,,30.0,2026-07-28T16:42:23+00:00,success,0
TK,ISB,LGW,ISB,PK,LON,GB,2026-11-09,2026-11-12,Winter,Business,0,Bus-1,Business Fly,Business — Business Fly,0.00 USD,2698.4,USD,Ubfly,BF,Priority Check-In,Included,Included,Included,Unknown,Included,Included,Included,Unknown,Unknown,Unknown,Unknown,Unknown,Included,Unknown,Unknown,Unknown,,,,2026-07-28T16:42:23+00:00,success,0
TK,ISB,LGW,ISB,PK,LON,GB,2026-11-09,2026-11-12,Winter,Business,1,Bus-2,Business Prime,Business Premium,+324.15 USD,3022.55,USD,Ubfly,BL,Priority Check-In,Included,Included,Included,Unknown,Included,Included,Included,Unknown,Unknown,Unknown,Unknown,Paid,Included,Unknown,Unknown,Unknown,Yes,,30.0,2026-07-28T16:42:23+00:00,success,0
GF,ISB,LGW,ISB,PK,LON,GB,2026-09-12,2026-09-15,Summer,Economy,0,Eco-1,Economy Lite,Economy Lite,0.00 USD,472.59,USD,Ubfly,ECOLITE,,Included,Included,Unknown,Included,Unknown,Unknown,Unknown,Unknown,Unknown,Unknown,Unknown,Unknown,Unknown,Unknown,Unknown,Unknown,Yes,,,2026-07-28T16:42:23+00:00,success,0
GF,ISB,LGW,ISB,PK,LON,GB,2026-09-12,2026-09-15,Summer,Economy,1,Eco-2,Economy Smart,Economy Standard,+37.19 USD,509.78,USD,Ubfly,ECOSMART,,Included,Included,Included,Included,Unknown,Unknown,Unknown,Unknown,Unknown,Unknown,Unknown,Unknown,Unknown,Unknown,Unknown,Unknown,Yes,,75.0,2026-07-28T16:42:23+00:00,success,0
GF,ISB,LGW,ISB,PK,LON,GB,2026-09-12,2026-09-15,Summer,Economy,2,Eco-3,Economy Flex,Economy Flex,+98.03 USD,570.62,USD,Ubfly,ECOFLEX,,Included,Included,Included,Included,Unknown,Unknown,Unknown,Unknown,Unknown,Unknown,Unknown,Unknown,Unknown,Unknown,Unknown,Unknown,Yes,,,2026-07-28T16:42:23+00:00,success,0
GF,ISB,LGW,ISB,PK,LON,GB,2026-09-12,2026-09-15,Summer,Business,0,Bus-1,Business Smart,Business Standard,0.00 USD,2743.69,USD,Ubfly,BIZSMART,Privileged check-in,Included,Included,Included,Included,Included,Unknown,Unknown,Unknown,Unknown,Unknown,Unknown,Unknown,Unknown,Unknown,Unknown,Unknown,Yes,,,2026-07-28T16:42:23+00:00,success,0
GF,ISB,LGW,ISB,PK,LON,GB,2026-09-12,2026-09-15,Summer,Business,1,Bus-2,Business Flex,Business Flex,+143.63 USD,2887.32,USD,Ubfly,BIZFLEX,Change with Penalty; Uninterrupted return (up to the last 12 hours); Privileged check-in,Included,Included,Included,Included,Included,Unknown,Unknown,Unknown,Unknown,Unknown,Unknown,Unknown,Unknown,Unknown,Unknown,Unknown,Yes,,,2026-07-28T16:42:23+00:00,success,0
GF,ISB,LGW,ISB,PK,LON,GB,2026-11-10,2026-11-13,Winter,Economy,0,Eco-1,Economy Lite,Economy Lite,0.00 USD,467.61,USD,Ubfly,ECOLITE,,Included,Included,Unknown,Included,Unknown,Unknown,Unknown,Unknown,Unknown,Unknown,Unknown,Unknown,Unknown,Unknown,Unknown,Unknown,Yes,,,2026-07-28T16:42:23+00:00,success,0
GF,ISB,LGW,ISB,PK,LON,GB,2026-11-10,2026-11-13,Winter,Economy,1,Eco-2,Economy Smart,Economy Standard,+37.17 USD,504.78,USD,Ubfly,ECOSMART,,Included,Included,Included,Included,Unknown,Unknown,Unknown,Unknown,Unknown,Unknown,Unknown,Unknown,Unknown,Unknown,Unknown,Unknown,Yes,,75.0,2026-07-28T16:42:23+00:00,success,0
GF,ISB,LGW,ISB,PK,LON,GB,2026-11-10,2026-11-13,Winter,Economy,2,Eco-3,Economy Flex,Economy Flex,+98.03 USD,565.64,USD,Ubfly,ECOFLEX,,Included,Included,Included,Included,Unknown,Unknown,Unknown,Unknown,Unknown,Unknown,Unknown,Unknown,Unknown,Unknown,Unknown,Unknown,Yes,,,2026-07-28T16:42:23+00:00,success,0
GF,ISB,LGW,ISB,PK,LON,GB,2026-11-10,2026-11-13,Winter,Business,0,Bus-1,Business Smart,Business Standard,0.00 USD,2738.69,USD,Ubfly,BIZSMART,Privileged check-in,Included,Included,Included,Included,Included,Unknown,Unknown,Unknown,Unknown,Unknown,Unknown,Unknown,Unknown,Unknown,Unknown,Unknown,Yes,,,2026-07-28T16:42:23+00:00,success,0
GF,ISB,LGW,ISB,PK,LON,GB,2026-11-10,2026-11-13,Winter,Business,1,Bus-2,Business Flex,Business Flex,+143.63 USD,2882.32,USD,Ubfly,BIZFLEX,Change with Penalty; Uninterrupted return (up to the last 12 hours); Privileged check-in,Included,Included,Included,Included,Included,Unknown,Unknown,Unknown,Unknown,Unknown,Unknown,Unknown,Unknown,Unknown,Unknown,Unknown,Yes,,,2026-07-28T16:42:23+00:00,success,0
QR,LHR,ISB,LON,GB,ISB,PK,2027-04-22,2027-04-25,Summer,Economy,0,Eco-1,Economy Convenience,Economy — Economy Convenience,0.00 USD,846.9,USD,Ubfly,ECONVENIEN,,Included,Included,Included,Included,Unknown,Unknown,Unknown,Unknown,Unknown,Unknown,Unknown,Unknown,Unknown,Unknown,Unknown,Unknown,Yes,,75.0,2026-07-28T16:42:23+00:00,success,0
QR,LHR,ISB,LON,GB,ISB,PK,2027-04-22,2027-04-25,Summer,Economy,1,Eco-2,Economy Comfort,Economy Comfort,+224.19 USD,1071.09,USD,Ubfly,ECOMFORT,Uninterrupted return (up to the last 12 hours); Change with Penalty,Included,Included,Included,Included,Unknown,Unknown,Unknown,Unknown,Unknown,Unknown,Unknown,Unknown,Unknown,Unknown,Unknown,Unknown,Yes,,100.0,2026-07-28T16:42:23+00:00,success,0
QR,LHR,ISB,LON,GB,ISB,PK,2027-04-22,2027-04-25,Summer,Business,0,Bus-1,Business Comfort,Business Comfort,0.00 USD,3138.17,USD,Ubfly,BCOMFORT,175 PCT QMILES ACCUMULATION(F),Included,Included,Included,Included,Included,Unknown,Unknown,Unknown,Unknown,Unknown,Unknown,Unknown,Unknown,Unknown,Unknown,Unknown,,,,2026-07-28T16:42:23+00:00,success,0
QR,LHR,ISB,LON,GB,ISB,PK,2027-04-22,2027-04-25,Summer,Business,1,Bus-2,Business Elite,Business Lite,"+1,115.34 USD",4253.51,USD,Ubfly,BELITE,200 PCT QMILES ACCUMULATION(F); Uninterrupted return (up to the last 12 hours); Change with Penalty,Included,Included,Included,Included,Included,Unknown,Unknown,Unknown,Unknown,Unknown,Unknown,Unknown,Unknown,Unknown,Unknown,Unknown,,,,2026-07-28T16:42:23+00:00,success,0
QR,LHR,ISB,LON,GB,ISB,PK,2027-03-05,2027-03-08,Winter,Economy,0,Eco-1,Economy Convenience,Economy — Economy Convenience,0.00 USD,975.56,USD,Ubfly,ECONVENIEN,,Included,Included,Included,Included,Unknown,Unknown,Unknown,Unknown,Unknown,Unknown,Unknown,Unknown,Unknown,Unknown,Unknown,Unknown,Yes,,75.0,2026-07-28T16:42:23+00:00,success,0
QR,LHR,ISB,LON,GB,ISB,PK,2027-03-05,2027-03-08,Winter,Economy,1,Eco-2,Economy Comfort,Economy Comfort,+125.69 USD,1101.25,USD,Ubfly,ECOMFORT,Uninterrupted return (up to the last 12 hours); Change with Penalty,Included,Included,Included,Included,Unknown,Unknown,Unknown,Unknown,Unknown,Unknown,Unknown,Unknown,Unknown,Unknown,Unknown,Unknown,Yes,,100.0,2026-07-28T16:42:23+00:00,success,0
QR,LHR,ISB,LON,GB,ISB,PK,2027-03-05,2027-03-08,Winter,Business,0,Bus-1,Business Comfort,Business Comfort,0.00 USD,3228.68,USD,Ubfly,BCOMFORT,175 PCT QMILES ACCUMULATION(F),Included,Included,Included,Included,Included,Unknown,Unknown,Unknown,Unknown,Unknown,Unknown,Unknown,Unknown,Unknown,Unknown,Unknown,,,,2026-07-28T16:42:23+00:00,success,0
QR,LHR,ISB,LON,GB,ISB,PK,2027-03-05,2027-03-08,Winter,Business,1,Bus-2,Business Elite,Business Lite,"+1,115.34 USD",4344.02,USD,Ubfly,BELITE,200 PCT QMILES ACCUMULATION(F); Uninterrupted return (up to the last 12 hours); Change with Penalty,Included,Included,Included,Included,Included,Unknown,Unknown,Unknown,Unknown,Unknown,Unknown,Unknown,Unknown,Unknown,Unknown,Unknown,,,,2026-07-28T16:42:23+00:00,success,0
SV,LHR,ISB,LON,GB,ISB,PK,2027-04-22,2027-04-25,Summer,Economy,0,Eco-1,Basic Eco,Economy Basic,0.00 USD,627.54,USD,Ubfly,NBASICE,1 Free bag: 23 kg,Included,Included,Unknown,Unknown,Unknown,Unknown,Unknown,Unknown,Unknown,Unknown,Unknown,Unknown,Unknown,Unknown,Unknown,Unknown,Yes,,35.0,2026-07-28T16:42:23+00:00,success,0
SV,LHR,ISB,LON,GB,ISB,PK,2027-04-22,2027-04-25,Summer,Economy,1,Eco-2,Semi Flex Eco,Economy Basic,+63.32 USD,690.86,USD,Ubfly,NSEMIFLEXE,1 Free bag: 23 kg,Included,Included,Unknown,Unknown,Unknown,Unknown,Unknown,Unknown,Unknown,Unknown,Unknown,Unknown,Unknown,Unknown,Unknown,Unknown,Yes,,,2026-07-28T16:42:23+00:00,success,0
SV,LHR,ISB,LON,GB,ISB,PK,2027-04-22,2027-04-25,Summer,Economy,2,Eco-3,Flex Eco,Economy Basic,+121.88 USD,749.42,USD,Ubfly,NFLEXE,Change without penalty; Uninterrupted return (up to the last 12 hours); 2 Free bags: 23 kg,Included,Included,Included,Unknown,Unknown,Unknown,Unknown,Unknown,Unknown,Unknown,Unknown,Unknown,Unknown,Unknown,Unknown,Unknown,Yes,,,2026-07-28T16:42:23+00:00,success,0
SV,LHR,ISB,LON,GB,ISB,PK,2027-04-22,2027-04-25,Summer,Business,0,Bus-1,Basic Bus,Business Basic,0.00 USD,3318.09,USD,Ubfly,NBASICB,Priority Services; Business/First Class: 2 free bags,Included,Included,Included,Unknown,Unknown,Unknown,Unknown,Unknown,Unknown,Unknown,Unknown,Unknown,Unknown,Unknown,Unknown,Unknown,Yes,,175.0,2026-07-28T16:42:23+00:00,success,0
SV,LHR,ISB,LON,GB,ISB,PK,2027-04-22,2027-04-25,Summer,Business,1,Bus-2,Semi Flex Bus,Business Flex,+77.20 USD,3395.29,USD,Ubfly,NSEMIFLEXB,Priority Services; Business/First Class: 2 free bags,Included,Included,Included,Unknown,Unknown,Unknown,Unknown,Unknown,Unknown,Unknown,Unknown,Unknown,Unknown,Unknown,Unknown,Unknown,Yes,,225.0,2026-07-28T16:42:23+00:00,success,0
SV,LHR,ISB,LON,GB,ISB,PK,2027-03-05,2027-03-08,Winter,Economy,0,Eco-1,Basic Eco,Economy Basic,0.00 USD,679.03,USD,Ubfly,NBASICE,1 Free bag: 23 kg,Included,Included,Unknown,Unknown,Unknown,Unknown,Unknown,Unknown,Unknown,Unknown,Unknown,Unknown,Unknown,Unknown,Unknown,Unknown,Yes,,35.0,2026-07-28T16:42:23+00:00,success,0
SV,LHR,ISB,LON,GB,ISB,PK,2027-03-05,2027-03-08,Winter,Economy,1,Eco-2,Semi Flex Eco,Economy Basic,+61.97 USD,741.0,USD,Ubfly,NSEMIFLEXE,1 Free bag: 23 kg,Included,Included,Unknown,Unknown,Unknown,Unknown,Unknown,Unknown,Unknown,Unknown,Unknown,Unknown,Unknown,Unknown,Unknown,Unknown,Yes,,,2026-07-28T16:42:23+00:00,success,0
SV,LHR,ISB,LON,GB,ISB,PK,2027-03-05,2027-03-08,Winter,Economy,2,Eco-3,Flex Eco,Economy Basic,+121.85 USD,800.88,USD,Ubfly,NFLEXE,Change without penalty; Uninterrupted return (up to the last 12 hours); 2 Free bags: 23 kg,Included,Included,Included,Unknown,Unknown,Unknown,Unknown,Unknown,Unknown,Unknown,Unknown,Unknown,Unknown,Unknown,Unknown,Unknown,Yes,,,2026-07-28T16:42:23+00:00,success,0
SV,LHR,ISB,LON,GB,ISB,PK,2027-03-05,2027-03-08,Winter,Business,0,Bus-1,Basic Bus,Business Basic,0.00 USD,3307.3,USD,Ubfly,NBASICB,Priority Services; Business/First Class: 2 free bags,Included,Included,Included,Unknown,Unknown,Unknown,Unknown,Unknown,Unknown,Unknown,Unknown,Unknown,Unknown,Unknown,Unknown,Unknown,Yes,,175.0,2026-07-28T16:42:23+00:00,success,0
SV,LHR,ISB,LON,GB,ISB,PK,2027-03-05,2027-03-08,Winter,Business,1,Bus-2,Semi Flex Bus,Business Flex,+77.20 USD,3384.5,USD,Ubfly,NSEMIFLEXB,Priority Services; Business/First Class: 2 free bags,Included,Included,Included,Unknown,Unknown,Unknown,Unknown,Unknown,Unknown,Unknown,Unknown,Unknown,Unknown,Unknown,Unknown,Unknown,Yes,,225.0,2026-07-28T16:42:23+00:00,success,0
SV,LHR,ISB,LON,GB,ISB,PK,2027-03-05,2027-03-08,Winter,Business,2,Bus-3,Flex Bus,Business Flex,+155.74 USD,3463.04,USD,Ubfly,NFLEXB,Priority Services; Change without penalty; Uninterrupted return (up to the last 12 hours); Business/First Class: 2 free bags,Included,Included,Included,Unknown,Unknown,Unknown,Unknown,Unknown,Unknown,Unknown,Unknown,Unknown,Unknown,Unknown,Unknown,Unknown,Yes,,,2026-07-28T16:42:23+00:00,success,0
GF,LHR,ISB,LON,GB,ISB,PK,2027-04-22,2027-04-25,Summer,Economy,0,Eco-1,Economy Lite,Economy Lite,0.00 USD,612.35,USD,Ubfly,ECOLITE,,Included,Included,Unknown,Included,Unknown,Unknown,Unknown,Unknown,Unknown,Unknown,Unknown,Unknown,Unknown,Unknown,Unknown,Unknown,Yes,,,2026-07-28T16:42:23+00:00,success,0
GF,LHR,ISB,LON,GB,ISB,PK,2027-04-22,2027-04-25,Summer,Economy,1,Eco-2,Economy Smart,Economy Standard,+36.87 USD,649.22,USD,Ubfly,ECOSMART,,Included,Included,Included,Included,Unknown,Unknown,Unknown,Unknown,Unknown,Unknown,Unknown,Unknown,Unknown,Unknown,Unknown,Unknown,Yes,,75.0,2026-07-28T16:42:23+00:00,success,0
GF,LHR,ISB,LON,GB,ISB,PK,2027-04-22,2027-04-25,Summer,Economy,2,Eco-3,Economy Flex,Economy Flex,+98.11 USD,710.46,USD,Ubfly,ECOFLEX,,Included,Included,Included,Included,Unknown,Unknown,Unknown,Unknown,Unknown,Unknown,Unknown,Unknown,Unknown,Unknown,Unknown,Unknown,Yes,,,2026-07-28T16:42:23+00:00,success,0
GF,LHR,ISB,LON,GB,ISB,PK,2027-04-22,2027-04-25,Summer,Business,0,Bus-1,Business Smart,Business Standard,0.00 USD,2787.98,USD,Ubfly,BIZSMART,Privileged check-in,Included,Included,Included,Included,Included,Unknown,Unknown,Unknown,Unknown,Unknown,Unknown,Unknown,Unknown,Unknown,Unknown,Unknown,Yes,,,2026-07-28T16:42:23+00:00,success,0
GF,LHR,ISB,LON,GB,ISB,PK,2027-04-22,2027-04-25,Summer,Business,1,Bus-2,Business Flex,Business Flex,+150.40 USD,2938.38,USD,Ubfly,BIZFLEX,Change with Penalty; Uninterrupted return (up to the last 12 hours); Privileged check-in,Included,Included,Included,Included,Included,Unknown,Unknown,Unknown,Unknown,Unknown,Unknown,Unknown,Unknown,Unknown,Unknown,Unknown,Yes,,,2026-07-28T16:42:23+00:00,success,0
GF,LHR,ISB,LON,GB,ISB,PK,2027-03-05,2027-03-08,Winter,Economy,0,Eco-1,Economy Lite,Economy Lite,0.00 USD,860.8,USD,Ubfly,ECOLITE,,Included,Included,Unknown,Included,Unknown,Unknown,Unknown,Unknown,Unknown,Unknown,Unknown,Unknown,Unknown,Unknown,Unknown,Unknown,Yes,,,2026-07-28T16:42:23+00:00,success,0
GF,LHR,ISB,LON,GB,ISB,PK,2027-03-05,2027-03-08,Winter,Economy,1,Eco-2,Economy Smart,Economy Standard,+36.87 USD,897.67,USD,Ubfly,ECOSMART,,Included,Included,Included,Included,Unknown,Unknown,Unknown,Unknown,Unknown,Unknown,Unknown,Unknown,Unknown,Unknown,Unknown,Unknown,Yes,,75.0,2026-07-28T16:42:23+00:00,success,0
GF,LHR,ISB,LON,GB,ISB,PK,2027-03-05,2027-03-08,Winter,Economy,2,Eco-3,Economy Flex,Economy Flex,+98.11 USD,958.91,USD,Ubfly,ECOFLEX,,Included,Included,Included,Included,Unknown,Unknown,Unknown,Unknown,Unknown,Unknown,Unknown,Unknown,Unknown,Unknown,Unknown,Unknown,Yes,,,2026-07-28T16:42:23+00:00,success,0
GF,LHR,ISB,LON,GB,ISB,PK,2027-03-05,2027-03-08,Winter,Business,0,Bus-1,Business Smart,Business Standard,0.00 USD,3966.52,USD,Ubfly,BIZSMART,Privileged check-in,Included,Included,Included,Included,Included,Unknown,Unknown,Unknown,Unknown,Unknown,Unknown,Unknown,Unknown,Unknown,Unknown,Unknown,Yes,,,2026-07-28T16:42:23+00:00,success,0
GF,LHR,ISB,LON,GB,ISB,PK,2027-03-05,2027-03-08,Winter,Business,1,Bus-2,Business Flex,Business Flex,+150.40 USD,4116.92,USD,Ubfly,BIZFLEX,Change with Penalty; Uninterrupted return (up to the last 12 hours); Privileged check-in,Included,Included,Included,Included,Included,Unknown,Unknown,Unknown,Unknown,Unknown,Unknown,Unknown,Unknown,Unknown,Unknown,Unknown,Yes,,,2026-07-28T16:42:23+00:00,success,0
EY,LHR,ISB,LON,GB,ISB,PK,2027-04-22,2027-04-25,Summer,Economy,0,Eco-1,Economy Basic,Economy Basic,0.00 USD,495.79,USD,Ubfly,YBASIC,,Included,Not Included,Unknown,Included,Unknown,Unknown,Unknown,Unknown,Unknown,Unknown,Unknown,Unknown,Unknown,Unknown,Unknown,Unknown,Yes,,5.0,2026-07-28T16:42:23+00:00,success,0
EY,LHR,ISB,LON,GB,ISB,PK,2027-04-22,2027-04-25,Summer,Economy,1,Eco-2,Economy Value,Economy Basic,+24.52 USD,520.31,USD,Ubfly,YVALUE,,Included,Included,Unknown,Included,Unknown,Unknown,Unknown,Unknown,Unknown,Unknown,Unknown,Unknown,Unknown,Unknown,Unknown,Unknown,Yes,,35.0,2026-07-28T16:42:23+00:00,success,0
EY,LHR,ISB,LON,GB,ISB,PK,2027-04-22,2027-04-25,Summer,Economy,2,Eco-3,Economy Comfort,Economy Comfort,+51.14 USD,546.93,USD,Ubfly,YCOMFORT,,Included,Included,Included,Included,Unknown,Unknown,Unknown,Unknown,Unknown,Unknown,Unknown,Unknown,Unknown,Unknown,Unknown,Unknown,Yes,,75.0,2026-07-28T16:42:23+00:00,success,0
EY,LHR,ISB,LON,GB,ISB,PK,2027-04-22,2027-04-25,Summer,Economy,3,Eco-4,Economy Deluxe,Economy — Economy Deluxe,+128.33 USD,624.12,USD,Ubfly,YDELUXE,Uninterrupted return (up to the last 12 hours); Priority Access; Change with Penalty,Included,Included,Included,Included,Unknown,Unknown,Unknown,Unknown,Unknown,Unknown,Unknown,Unknown,Unknown,Unknown,Unknown,Unknown,Yes,,,2026-07-28T16:42:23+00:00,success,0
EY,LHR,ISB,LON,GB,ISB,PK,2027-04-22,2027-04-25,Summer,Business,0,Bus-1,Business Value,Business Basic,0.00 USD,2418.33,USD,Ubfly,JVALUE,Priority Access,Included,Included,Unknown,Included,Unknown,Unknown,Unknown,Unknown,Unknown,Unknown,Unknown,Unknown,Unknown,Unknown,Unknown,Unknown,Yes,,100.0,2026-07-28T16:42:23+00:00,success,0
EY,LHR,ISB,LON,GB,ISB,PK,2027-04-22,2027-04-25,Summer,Business,1,Bus-2,Business Comfort,Business Comfort,+210.29 USD,2628.62,USD,Ubfly,JCOMFORT,Priority Access; ETIHAD UAE CHAUFFEUR(F),Included,Included,Included,Included,Included,Unknown,Unknown,Unknown,Unknown,Unknown,Unknown,Unknown,Unknown,Unknown,Unknown,Unknown,Yes,,,2026-07-28T16:42:23+00:00,success,0
EY,LHR,ISB,LON,GB,ISB,PK,2027-03-05,2027-03-08,Winter,Economy,0,Eco-1,Economy Basic,Economy Basic,0.00 USD,1476.28,USD,Ubfly,YBASIC,,Included,Not Included,Unknown,Included,Unknown,Unknown,Unknown,Unknown,Unknown,Unknown,Unknown,Unknown,Unknown,Unknown,Unknown,Unknown,Yes,,5.0,2026-07-28T16:42:23+00:00,success,0
EY,LHR,ISB,LON,GB,ISB,PK,2027-03-05,2027-03-08,Winter,Economy,1,Eco-2,Economy Value,Economy Basic,+35.18 USD,1511.46,USD,Ubfly,YVALUE,,Included,Included,Unknown,Included,Unknown,Unknown,Unknown,Unknown,Unknown,Unknown,Unknown,Unknown,Unknown,Unknown,Unknown,Unknown,Yes,,35.0,2026-07-28T16:42:23+00:00,success,0
EY,LHR,ISB,LON,GB,ISB,PK,2027-03-05,2027-03-08,Winter,Economy,2,Eco-3,Economy Comfort,Economy Comfort,+64.46 USD,1540.74,USD,Ubfly,YCOMFORT,,Included,Included,Included,Included,Unknown,Unknown,Unknown,Unknown,Unknown,Unknown,Unknown,Unknown,Unknown,Unknown,Unknown,Unknown,Yes,,75.0,2026-07-28T16:42:23+00:00,success,0
EY,LHR,ISB,LON,GB,ISB,PK,2027-03-05,2027-03-08,Winter,Economy,3,Eco-4,Economy Deluxe,Economy — Economy Deluxe,+262.75 USD,1739.03,USD,Ubfly,YDELUXE,Change with Penalty; Uninterrupted return (up to the last 12 hours); Priority Access,Included,Included,Included,Included,Unknown,Unknown,Unknown,Unknown,Unknown,Unknown,Unknown,Unknown,Unknown,Unknown,Unknown,Unknown,Yes,,,2026-07-28T16:42:23+00:00,success,0
EY,LHR,ISB,LON,GB,ISB,PK,2027-03-05,2027-03-08,Winter,Business,0,Bus-1,Business Value,Business Basic,0.00 USD,2474.3,USD,Ubfly,JVALUE,Priority Access,Included,Included,Unknown,Included,Unknown,Unknown,Unknown,Unknown,Unknown,Unknown,Unknown,Unknown,Unknown,Unknown,Unknown,Unknown,Yes,,100.0,2026-07-28T16:42:23+00:00,success,0
EY,LHR,ISB,LON,GB,ISB,PK,2027-03-05,2027-03-08,Winter,Business,1,Bus-2,Business Comfort,Business Comfort,+210.29 USD,2684.59,USD,Ubfly,JCOMFORT,Priority Access; ETIHAD UAE CHAUFFEUR(F),Included,Included,Included,Included,Included,Unknown,Unknown,Unknown,Unknown,Unknown,Unknown,Unknown,Unknown,Unknown,Unknown,Unknown,Yes,,,2026-07-28T16:42:23+00:00,success,0
EY,LHR,ISB,LON,GB,ISB,PK,2027-03-05,2027-03-08,Winter,Business,2,Bus-3,Business Deluxe,Business — Business Deluxe,+504.42 USD,2978.72,USD,Ubfly,JDELUXE,Uninterrupted return (up to the last 12 hours); Priority Access; ETIHAD UAE CHAUFFEUR(F); ETIHAD GLOBAL CHAUFFEUR(F); Change with Penalty,Included,Included,Included,Included,Included,Unknown,Unknown,Unknown,Unknown,Unknown,Unknown,Unknown,Unknown,Unknown,Unknown,Unknown,Yes,,,2026-07-28T16:42:23+00:00,success,0
QR,LHR,LHE,LON,GB,LHE,PK,2027-05-15,2027-05-18,Summer,Economy,0,Eco-1,Economy Convenience,Economy — Economy Convenience,0.00 USD,904.2,USD,Ubfly,ECONVENIEN,,Included,Included,Included,Included,Unknown,Unknown,Unknown,Unknown,Unknown,Unknown,Unknown,Unknown,Unknown,Unknown,Unknown,Unknown,Yes,,75.0,2026-07-28T16:42:23+00:00,success,0
QR,LHR,LHE,LON,GB,LHE,PK,2027-05-15,2027-05-18,Summer,Economy,1,Eco-2,Economy Comfort,Economy Comfort,+224.19 USD,1128.39,USD,Ubfly,ECOMFORT,Uninterrupted return (up to the last 12 hours); Change with Penalty,Included,Included,Included,Included,Unknown,Unknown,Unknown,Unknown,Unknown,Unknown,Unknown,Unknown,Unknown,Unknown,Unknown,Unknown,Yes,,100.0,2026-07-28T16:42:23+00:00,success,0
QR,LHR,LHE,LON,GB,LHE,PK,2027-05-15,2027-05-18,Summer,Business,0,Bus-1,Business Comfort,Business Comfort,0.00 USD,3665.22,USD,Ubfly,BCOMFORT,175 PCT QMILES ACCUMULATION(F),Included,Included,Included,Included,Included,Unknown,Unknown,Unknown,Unknown,Unknown,Unknown,Unknown,Unknown,Unknown,Unknown,Unknown,,,,2026-07-28T16:42:23+00:00,success,0
QR,LHR,LHE,LON,GB,LHE,PK,2027-05-15,2027-05-18,Summer,Business,1,Bus-2,Business Elite,Business Lite,+673.46 USD,4338.68,USD,Ubfly,BELITE,200 PCT QMILES ACCUMULATION(F); Uninterrupted return (up to the last 12 hours); Change with Penalty,Included,Included,Included,Included,Included,Unknown,Unknown,Unknown,Unknown,Unknown,Unknown,Unknown,Unknown,Unknown,Unknown,Unknown,,,,2026-07-28T16:42:23+00:00,success,0
QR,LHR,LHE,LON,GB,LHE,PK,2026-12-19,2026-12-22,Winter,Economy,0,Eco-1,Economy Convenience,Economy — Economy Convenience,0.00 USD,1796.84,USD,Ubfly,ECONVENIEN,,Included,Included,Included,Included,Unknown,Unknown,Unknown,Unknown,Unknown,Unknown,Unknown,Unknown,Unknown,Unknown,Unknown,Unknown,Yes,,75.0,2026-07-28T16:42:23+00:00,success,0
QR,LHR,LHE,LON,GB,LHE,PK,2026-12-19,2026-12-22,Winter,Economy,1,Eco-2,Economy Comfort,Economy Comfort,+137.68 USD,1934.52,USD,Ubfly,ECOMFORT,Uninterrupted return (up to the last 12 hours); Change with Penalty,Included,Included,Included,Included,Unknown,Unknown,Unknown,Unknown,Unknown,Unknown,Unknown,Unknown,Unknown,Unknown,Unknown,Unknown,Yes,,100.0,2026-07-28T16:42:23+00:00,success,0
QR,LHR,LHE,LON,GB,LHE,PK,2026-12-19,2026-12-22,Winter,Business,0,Bus-1,Business Comfort,Business Comfort,0.00 USD,3705.22,USD,Ubfly,BCOMFORT,175 PCT QMILES ACCUMULATION(F),Included,Included,Included,Included,Included,Unknown,Unknown,Unknown,Unknown,Unknown,Unknown,Unknown,Unknown,Unknown,Unknown,Unknown,,,,2026-07-28T16:42:23+00:00,success,0
QR,LHR,LHE,LON,GB,LHE,PK,2026-12-19,2026-12-22,Winter,Business,1,Bus-2,Business Elite,Business Lite,+673.46 USD,4378.68,USD,Ubfly,BELITE,200 PCT QMILES ACCUMULATION(F); Uninterrupted return (up to the last 12 hours); Change with Penalty,Included,Included,Included,Included,Included,Unknown,Unknown,Unknown,Unknown,Unknown,Unknown,Unknown,Unknown,Unknown,Unknown,Unknown,,,,2026-07-28T16:42:23+00:00,success,0
SV,LHR,LHE,LON,GB,LHE,PK,2027-05-15,2027-05-18,Summer,Economy,0,Eco-1,Basic Eco,Economy Basic,0.00 USD,827.19,USD,Ubfly,NBASICE,1 Free bag: 23 kg,Included,Included,Unknown,Unknown,Unknown,Unknown,Unknown,Unknown,Unknown,Unknown,Unknown,Unknown,Unknown,Unknown,Unknown,Unknown,Yes,,35.0,2026-07-28T16:42:23+00:00,success,0
SV,LHR,LHE,LON,GB,LHE,PK,2027-05-15,2027-05-18,Summer,Economy,1,Eco-2,Semi Flex Eco,Economy Basic,+61.97 USD,889.16,USD,Ubfly,NSEMIFLEXE,1 Free bag: 23 kg,Included,Included,Unknown,Unknown,Unknown,Unknown,Unknown,Unknown,Unknown,Unknown,Unknown,Unknown,Unknown,Unknown,Unknown,Unknown,Yes,,,2026-07-28T16:42:23+00:00,success,0
SV,LHR,LHE,LON,GB,LHE,PK,2027-05-15,2027-05-18,Summer,Business,0,Bus-1,Basic Bus,Business Basic,0.00 USD,3311.31,USD,Ubfly,NBASICB,Priority Services; Business/First Class: 2 free bags,Included,Included,Included,Unknown,Unknown,Unknown,Unknown,Unknown,Unknown,Unknown,Unknown,Unknown,Unknown,Unknown,Unknown,Unknown,Yes,,175.0,2026-07-28T16:42:23+00:00,success,0
SV,LHR,LHE,LON,GB,LHE,PK,2027-05-15,2027-05-18,Summer,Business,1,Bus-2,Semi Flex Bus,Business Flex,+78.53 USD,3389.84,USD,Ubfly,NSEMIFLEXB,Priority Services; Business/First Class: 2 free bags,Included,Included,Included,Unknown,Unknown,Unknown,Unknown,Unknown,Unknown,Unknown,Unknown,Unknown,Unknown,Unknown,Unknown,Unknown,Yes,,225.0,2026-07-28T16:42:23+00:00,success,0
SV,LHR,LHE,LON,GB,LHE,PK,2027-05-15,2027-05-18,Summer,Business,2,Bus-3,Flex Bus,Business Flex,+155.72 USD,3467.03,USD,Ubfly,NFLEXB,Priority Services; Change without penalty; Uninterrupted return (up to the last 12 hours); Business/First Class: 2 free bags,Included,Included,Included,Unknown,Unknown,Unknown,Unknown,Unknown,Unknown,Unknown,Unknown,Unknown,Unknown,Unknown,Unknown,Unknown,Yes,,,2026-07-28T16:42:23+00:00,success,0
SV,LHR,LHE,LON,GB,LHE,PK,2026-12-19,2026-12-22,Winter,Economy,0,Eco-1,Basic Eco,Economy Basic,0.00 USD,1388.42,USD,Ubfly,NBASICE,1 Free bag: 23 kg,Included,Included,Unknown,Unknown,Unknown,Unknown,Unknown,Unknown,Unknown,Unknown,Unknown,Unknown,Unknown,Unknown,Unknown,Unknown,Yes,,35.0,2026-07-28T16:42:23+00:00,success,0
SV,LHR,LHE,LON,GB,LHE,PK,2026-12-19,2026-12-22,Winter,Economy,1,Eco-2,Semi Flex Eco,Economy Basic,+63.32 USD,1451.74,USD,Ubfly,NSEMIFLEXE,1 Free bag: 23 kg,Included,Included,Unknown,Unknown,Unknown,Unknown,Unknown,Unknown,Unknown,Unknown,Unknown,Unknown,Unknown,Unknown,Unknown,Unknown,Yes,,,2026-07-28T16:42:23+00:00,success,0
SV,LHR,LHE,LON,GB,LHE,PK,2026-12-19,2026-12-22,Winter,Economy,2,Eco-3,Flex Eco,Economy Basic,+121.88 USD,1510.3,USD,Ubfly,NFLEXE,Change without penalty; Uninterrupted return (up to the last 12 hours); 2 Free bags: 23 kg,Included,Included,Included,Unknown,Unknown,Unknown,Unknown,Unknown,Unknown,Unknown,Unknown,Unknown,Unknown,Unknown,Unknown,Unknown,Yes,,,2026-07-28T16:42:23+00:00,success,0
SV,LHR,LHE,LON,GB,LHE,PK,2026-12-19,2026-12-22,Winter,Business,0,Bus-1,Basic Bus,Business Basic,0.00 USD,6166.39,USD,Ubfly,NBASICB,Priority Services; Business/First Class: 2 free bags,Included,Included,Included,Unknown,Unknown,Unknown,Unknown,Unknown,Unknown,Unknown,Unknown,Unknown,Unknown,Unknown,Unknown,Unknown,Yes,,175.0,2026-07-28T16:42:23+00:00,success,0
SV,LHR,LHE,LON,GB,LHE,PK,2026-12-19,2026-12-22,Winter,Business,1,Bus-2,Semi Flex Bus,Business Flex,+77.20 USD,6243.59,USD,Ubfly,NSEMIFLEXB,Priority Services; Business/First Class: 2 free bags,Included,Included,Included,Unknown,Unknown,Unknown,Unknown,Unknown,Unknown,Unknown,Unknown,Unknown,Unknown,Unknown,Unknown,Unknown,Yes,,225.0,2026-07-28T16:42:23+00:00,success,0
EK,LHR,LHE,LON,GB,LHE,PK,2027-05-15,2027-05-18,Summer,Economy,0,Eco-1,Economy Flex,Economy Flex,0.00 USD,922.15,USD,Ubfly,ECOFLEX,Soft drink; In-flight entertainment,Included,Included,Unknown,Included,Unknown,Unknown,Unknown,Unknown,Unknown,Unknown,Unknown,Unknown,Unknown,Unknown,Unknown,Unknown,Yes,,70.0,2026-07-28T16:42:23+00:00,success,0
EK,LHR,LHE,LON,GB,LHE,PK,2027-05-15,2027-05-18,Summer,Economy,1,Eco-2,Economy Flex Plus,Economy Comfort,+456.50 USD,1378.65,USD,Ubfly,ECOFLXPLUS,Soft drink; In-flight entertainment; Uninterrupted return (up to the last 12 hours); Change with Penalty,Included,Included,Unknown,Included,Unknown,Unknown,Unknown,Unknown,Unknown,Unknown,Unknown,Unknown,Unknown,Unknown,Unknown,Unknown,Yes,,100.0,2026-07-28T16:42:23+00:00,success,0
EK,LHR,LHE,LON,GB,LHE,PK,2027-05-15,2027-05-18,Summer,Business,0,Bus-1,Business Saver,Business Basic,0.00 USD,2709.13,USD,Ubfly,BSSAVER,Premium check-in; Soft drink; In-flight entertainment; Chauffeur Drive; Internet Access,Included,Included,Included,Included,Included,Included,Included,Unknown,Unknown,Unknown,Unknown,Unknown,Unknown,Unknown,Unknown,Unknown,Yes,,,2026-07-28T16:42:23+00:00,success,0
EK,LHR,LHE,LON,GB,LHE,PK,2027-05-15,2027-05-18,Summer,Business,1,Bus-2,Business Flex,Business Flex,+547.02 USD,3256.15,USD,Ubfly,BSFLEX,Premium check-in; Soft drink; In-flight entertainment; Chauffeur Drive; Internet Access,Included,Included,Included,Included,Included,Included,Included,Unknown,Unknown,Unknown,Unknown,Unknown,Unknown,Unknown,Unknown,Unknown,Yes,,175.0,2026-07-28T16:42:23+00:00,success,0
EK,LHR,LHE,LON,GB,LHE,PK,2027-05-15,2027-05-18,Summer,Business,2,Bus-3,Business Flex Plus,Business Comfort,"+1,639.73 USD",4348.86,USD,Ubfly,BSFLXPLUS,Premium check-in; Soft drink; In-flight entertainment; Chauffeur Drive; Internet Access; Uninterrupted return (up to the last 12 hours); Change with Penalty,Included,Included,Included,Included,Included,Included,Included,Unknown,Unknown,Unknown,Unknown,Unknown,Unknown,Unknown,Unknown,Unknown,Yes,,190.0,2026-07-28T16:42:23+00:00,success,0
EK,LHR,LHE,LON,GB,LHE,PK,2026-12-19,2026-12-22,Winter,Economy,0,Eco-1,Economy Flex,Economy Flex,0.00 USD,1350.51,USD,Ubfly,YS,• Hot and cold refreshments; • ICE entertainment; • Mileage upgrade eligibility; Economy Cabin,Included,Included,Included,Included,Unknown,Unknown,Unknown,Included,Not Included,Unknown,Unknown,Unknown,Included,Unknown,Unknown,Unknown,Yes,2813.0,,2026-07-28T16:42:23+00:00,success,0
EK,LHR,LHE,LON,GB,LHE,PK,2026-12-19,2026-12-22,Winter,Economy,1,Eco-2,Economy Flex Plus,Economy Comfort,+298.14 USD,1648.65,USD,Ubfly,YF,• Hot and cold refreshments; • ICE entertainment; • Mileage upgrade eligibility; Economy Cabin,Included,Included,Included,Included,Unknown,Unknown,Unknown,Not Included,Not Included,Unknown,Unknown,Unknown,Included,Unknown,Unknown,Unknown,Yes,3750.0,,2026-07-28T16:42:23+00:00,success,0
EK,LHR,LHE,LON,GB,LHE,PK,2026-12-19,2026-12-22,Winter,Premium Economy,0,PEco-1,Premium Economy FlexPlus,Premium Economy Comfort,"+1,771.52 USD",3122.03,USD,Ubfly,WF,• Hot and cold refreshments; • ICE entertainment; • Mileage upgrade eligibility; • Exclusive Premium Economy Class dining; Premium Economy Cabin,Included,Included,Included,Unknown,Unknown,Unknown,Unknown,Not Included,Not Included,Unknown,Unknown,Unknown,Included,Unknown,Unknown,Unknown,Yes,4125.0,,2026-07-28T16:42:23+00:00,success,0
EK,LHR,LHE,LON,GB,LHE,PK,2026-12-19,2026-12-22,Winter,Business,0,Bus-1,Business Flex,Business Flex,0.00 USD,3336.07,USD,Ubfly,BSFLEX,Premium check-in; Soft drink; In-flight entertainment; Chauffeur Drive; Internet Access,Included,Included,Included,Included,Included,Included,Included,Unknown,Unknown,Unknown,Unknown,Unknown,Unknown,Unknown,Unknown,Unknown,Yes,,175.0,2026-07-28T16:42:23+00:00,success,0
EK,LHR,LHE,LON,GB,LHE,PK,2026-12-19,2026-12-22,Winter,Business,1,Bus-2,Business Flex Plus,Business Comfort,"+1,141.98 USD",4478.05,USD,Ubfly,BSFLXPLUS,Premium check-in; Soft drink; In-flight entertainment; Chauffeur Drive; Internet Access; Uninterrupted return (up to the last 12 hours); Change with Penalty,Included,Included,Included,Included,Included,Included,Included,Unknown,Unknown,Unknown,Unknown,Unknown,Unknown,Unknown,Unknown,Unknown,Yes,,190.0,2026-07-28T16:42:23+00:00,success,0
TK,LHR,LHE,LON,GB,LHE,PK,2027-05-15,2027-05-18,Summer,Economy,0,Eco-1,EcoFly,Economy Basic,0.00 USD,765.35,USD,Ubfly,CL,Online Message Verification,Included,Included,Unknown,Included,Unknown,Unknown,Unknown,Not Included,Unknown,Unknown,Unknown,Unknown,Unknown,Unknown,Unknown,Unknown,,,,2026-07-28T16:42:23+00:00,success,0
TK,LHR,LHE,LON,GB,LHE,PK,2027-05-15,2027-05-18,Summer,Economy,1,Eco-2,ExtraFly,Economy Standard,+28.20 USD,793.55,USD,Ubfly,LG,Online Message Verification,Included,Included,Unknown,Included,Unknown,Unknown,Unknown,Unknown,Unknown,Unknown,Unknown,Unknown,Unknown,Unknown,Unknown,Unknown,,,,2026-07-28T16:42:23+00:00,success,0
TK,LHR,LHE,LON,GB,LHE,PK,2027-05-15,2027-05-18,Summer,Economy,2,Eco-3,FlexFly,Economy Flex,+57.88 USD,823.23,USD,Ubfly,GN,Online Message Verification,Included,Included,Included,Included,Unknown,Unknown,Unknown,Unknown,Unknown,Unknown,Unknown,Unknown,Unknown,Unknown,Unknown,Unknown,Yes,,15.0,2026-07-28T16:42:23+00:00,success,0
TK,LHR,LHE,LON,GB,LHE,PK,2027-05-15,2027-05-18,Summer,Economy,3,Eco-4,Flexible,Economy Flex,+126.95 USD,892.3,USD,Ubfly,FL,Online Message Verification,Included,Included,Included,Included,Unknown,Unknown,Included,Unknown,Unknown,Unknown,Unknown,Paid,Unknown,Unknown,Unknown,Unknown,Yes,,30.0,2026-07-28T16:42:23+00:00,success,0
TK,LHR,LHE,LON,GB,LHE,PK,2027-05-15,2027-05-18,Summer,Business,0,Bus-1,Business Fly,Business — Business Fly,0.00 USD,3336.92,USD,Ubfly,BF,Priority Check-In,Included,Included,Included,Unknown,Included,Included,Included,Unknown,Unknown,Unknown,Unknown,Unknown,Included,Unknown,Unknown,Unknown,,,,2026-07-28T16:42:23+00:00,success,0
TK,LHR,LHE,LON,GB,LHE,PK,2027-05-15,2027-05-18,Summer,Business,1,Bus-2,Business Prime,Business Premium,+199.65 USD,3536.57,USD,Ubfly,BL,Priority Check-In,Included,Included,Included,Unknown,Included,Included,Included,Unknown,Unknown,Unknown,Unknown,Paid,Included,Unknown,Unknown,Unknown,Yes,,30.0,2026-07-28T16:42:23+00:00,success,0
TK,LHR,LHE,LON,GB,LHE,PK,2026-12-19,2026-12-22,Winter,Economy,0,Eco-1,EcoFly,Economy Basic,0.00 USD,2172.24,USD,Ubfly,CL,Online Message Verification,Included,Included,Unknown,Included,Unknown,Unknown,Unknown,Not Included,Unknown,Unknown,Unknown,Unknown,Unknown,Unknown,Unknown,Unknown,,,,2026-07-28T16:42:23+00:00,success,0
TK,LHR,LHE,LON,GB,LHE,PK,2026-12-19,2026-12-22,Winter,Economy,1,Eco-2,ExtraFly,Economy Standard,+28.20 USD,2200.44,USD,Ubfly,LG,Online Message Verification,Included,Included,Unknown,Included,Unknown,Unknown,Unknown,Unknown,Unknown,Unknown,Unknown,Unknown,Unknown,Unknown,Unknown,Unknown,,,,2026-07-28T16:42:23+00:00,success,0
TK,LHR,LHE,LON,GB,LHE,PK,2026-12-19,2026-12-22,Winter,Economy,2,Eco-3,FlexFly,Economy Flex,+57.88 USD,2230.12,USD,Ubfly,GN,Online Message Verification,Included,Included,Included,Included,Unknown,Unknown,Unknown,Unknown,Unknown,Unknown,Unknown,Unknown,Unknown,Unknown,Unknown,Unknown,Yes,,15.0,2026-07-28T16:42:23+00:00,success,0
TK,LHR,LHE,LON,GB,LHE,PK,2026-12-19,2026-12-22,Winter,Economy,3,Eco-4,Flexible,Economy Flex,+126.97 USD,2299.21,USD,Ubfly,FL,Online Message Verification,Included,Included,Included,Included,Unknown,Unknown,Included,Unknown,Unknown,Unknown,Unknown,Paid,Unknown,Unknown,Unknown,Unknown,Yes,,30.0,2026-07-28T16:42:23+00:00,success,0
TK,LHR,LHE,LON,GB,LHE,PK,2026-12-19,2026-12-22,Winter,Business,0,Bus-1,Business Fly,Business — Business Fly,0.00 USD,4207.84,USD,Ubfly,BF,Priority Check-In,Included,Included,Included,Unknown,Included,Included,Included,Unknown,Unknown,Unknown,Unknown,Unknown,Included,Unknown,Unknown,Unknown,,,,2026-07-28T16:42:23+00:00,success,0
TK,LHR,LHE,LON,GB,LHE,PK,2026-12-19,2026-12-22,Winter,Business,1,Bus-2,Business Prime,Business Premium,+199.65 USD,4407.49,USD,Ubfly,BL,Priority Check-In,Included,Included,Included,Unknown,Included,Included,Included,Unknown,Unknown,Unknown,Unknown,Paid,Included,Unknown,Unknown,Unknown,Yes,,30.0,2026-07-28T16:42:23+00:00,success,0
BA,LGW,ISB,LON,GB,ISB,PK,2027-04-21,2027-04-24,Summer,Economy,0,Eco-1,Basic,Economy Basic,0.00 USD,931.32,USD,Ubfly,NOBAG,Personal Item: 40 x 30 x 15 cm,Included,Not Included,Unknown,Included,Unknown,Unknown,Unknown,Unknown,Unknown,Unknown,Unknown,Unknown,Unknown,Unknown,Unknown,Unknown,,,,2026-07-28T16:42:23+00:00,partial,0
BA,LGW,ISB,LON,GB,ISB,PK,2027-04-21,2027-04-24,Summer,Economy,1,Eco-2,Economy Basic,Economy Basic,+59.33 USD,990.65,USD,Ubfly,BAG,Personal Item: 40 x 30 x 15 cm; 1 Piece Luggage (23 Kg); 2ND BAG MAX 23KG 51LB 208LCM(F),Included,Included,Unknown,Included,Unknown,Unknown,Unknown,Unknown,Unknown,Unknown,Unknown,Unknown,Unknown,Unknown,Unknown,Unknown,,,,2026-07-28T16:42:23+00:00,partial,0
BA,LGW,ISB,LON,GB,ISB,PK,2027-04-21,2027-04-24,Summer,Economy,2,Eco-3,Plus Select,Economy Comfort,+189.01 USD,1120.33,USD,Ubfly,ECONSEL,Personal Item: 40 x 30 x 15 cm; 1 Piece Luggage (23 Kg); 2ND BAG MAX 23KG 51LB 208LCM(F); Change without penalty before flight,Included,Included,Unknown,Included,Unknown,Unknown,Unknown,Unknown,Included,Unknown,Unknown,Unknown,Unknown,Unknown,Unknown,Unknown,,,,2026-07-28T16:42:23+00:00,partial,0
BA,LGW,ISB,LON,GB,ISB,PK,2027-04-21,2027-04-24,Summer,Economy,3,Eco-4,Economy Pro,Economy — Economy Pro,+255.55 USD,1186.87,USD,Ubfly,ECONPRO,Personal Item: 40 x 30 x 15 cm; 1 Piece Luggage (23 Kg); 2ND BAG MAX 23KG 51LB 208LCM(F); Change without penalty before flight,Included,Included,Included,Included,Unknown,Unknown,Unknown,Included,Included,Unknown,Unknown,Unknown,Unknown,Unknown,Unknown,Unknown,,,,2026-07-28T16:42:23+00:00,partial,0
BA,LGW,ISB,LON,GB,ISB,PK,2027-04-21,2027-04-24,Summer,Economy,4,Eco-5,Plus Flex,Economy Comfort,"+2,104.26 USD",3035.58,USD,Ubfly,ECONFLEX,Personal Item: 40 x 30 x 15 cm; 1 Piece Luggage (23 Kg); 2ND BAG MAX 23KG 51LB 208LCM(F); Change without penalty before flight,Included,Included,Included,Included,Unknown,Unknown,Unknown,Included,Included,Unknown,Unknown,Unknown,Unknown,Unknown,Unknown,Unknown,,,,2026-07-28T16:42:23+00:00,partial,0
BA,LGW,ISB,LON,GB,ISB,PK,2027-04-21,2027-04-24,Summer,Business,0,Bus-1,Business Promo,Business Basic,0.00 USD,2697.02,USD,Ubfly,BIZPROMO,Personal Item: 40 x 30 x 15 cm; Dedicated check-in area,Included,Included,Unknown,Included,Included,Unknown,Included,Unknown,Unknown,Unknown,Unknown,Unknown,Unknown,Unknown,Unknown,Unknown,,,,2026-07-28T16:42:23+00:00,partial,0
BA,LGW,ISB,LON,GB,ISB,PK,2027-04-21,2027-04-24,Summer,Business,1,Bus-2,Business Plus Select,Business Comfort,+332.74 USD,3029.76,USD,Ubfly,BIZSEL,Personal Item: 40 x 30 x 15 cm; Dedicated check-in area,Included,Included,Included,Included,Included,Unknown,Included,Unknown,Unknown,Unknown,Unknown,Unknown,Unknown,Unknown,Unknown,Unknown,,,,2026-07-28T16:42:23+00:00,partial,0
BA,LGW,ISB,LON,GB,ISB,PK,2027-04-21,2027-04-24,Summer,Business,2,Bus-3,Business Pro,Business — Business Pro,+598.93 USD,3295.95,USD,Ubfly,BIZPRO,Personal Item: 40 x 30 x 15 cm; Dedicated check-in area; Change without penalty before flight,Included,Included,Included,Included,Included,Unknown,Included,Included,Included,Unknown,Unknown,Unknown,Unknown,Unknown,Unknown,Unknown,,,,2026-07-28T16:42:23+00:00,partial,0
BA,LGW,ISB,LON,GB,ISB,PK,2027-04-21,2027-04-24,Summer,Business,3,Bus-4,Business Flex,Business Flex,"+4,140.63 USD",6837.65,USD,Ubfly,BIZFLEX,Personal Item: 40 x 30 x 15 cm; Dedicated check-in area; Change without penalty before flight,Included,Included,Included,Included,Included,Unknown,Included,Included,Included,Unknown,Unknown,Unknown,Unknown,Unknown,Unknown,Unknown,,,,2026-07-28T16:42:23+00:00,partial,0
BA,LGW,ISB,LON,GB,ISB,PK,2027-01-15,2027-01-18,Winter,Economy,0,Eco-1,Basic,Economy Basic,0.00 USD,926.89,USD,Ubfly,NOBAG,Personal Item: 40 x 30 x 15 cm,Included,Not Included,Unknown,Included,Unknown,Unknown,Unknown,Unknown,Unknown,Unknown,Unknown,Unknown,Unknown,Unknown,Unknown,Unknown,,,,2026-07-28T16:42:23+00:00,partial,0
BA,LGW,ISB,LON,GB,ISB,PK,2027-01-15,2027-01-18,Winter,Economy,1,Eco-2,Economy Basic,Economy Basic,+59.33 USD,986.22,USD,Ubfly,BAG,Personal Item: 40 x 30 x 15 cm; 1 Piece Luggage (23 Kg); 2ND BAG MAX 23KG 51LB 208LCM(F),Included,Included,Unknown,Included,Unknown,Unknown,Unknown,Unknown,Unknown,Unknown,Unknown,Unknown,Unknown,Unknown,Unknown,Unknown,,,,2026-07-28T16:42:23+00:00,partial,0
BA,LGW,ISB,LON,GB,ISB,PK,2027-01-15,2027-01-18,Winter,Economy,2,Eco-3,Plus Select,Economy Comfort,+189.01 USD,1115.9,USD,Ubfly,ECONSEL,Personal Item: 40 x 30 x 15 cm; 1 Piece Luggage (23 Kg); 2ND BAG MAX 23KG 51LB 208LCM(F); Change without penalty before flight,Included,Included,Unknown,Included,Unknown,Unknown,Unknown,Unknown,Included,Unknown,Unknown,Unknown,Unknown,Unknown,Unknown,Unknown,,,,2026-07-28T16:42:23+00:00,partial,0
BA,LGW,ISB,LON,GB,ISB,PK,2027-01-15,2027-01-18,Winter,Economy,3,Eco-4,Economy Pro,Economy — Economy Pro,+255.55 USD,1182.44,USD,Ubfly,ECONPRO,Personal Item: 40 x 30 x 15 cm; 1 Piece Luggage (23 Kg); 2ND BAG MAX 23KG 51LB 208LCM(F); Change without penalty before flight,Included,Included,Included,Included,Unknown,Unknown,Unknown,Included,Included,Unknown,Unknown,Unknown,Unknown,Unknown,Unknown,Unknown,,,,2026-07-28T16:42:23+00:00,partial,0
BA,LGW,ISB,LON,GB,ISB,PK,2027-01-15,2027-01-18,Winter,Economy,4,Eco-5,Plus Flex,Economy Comfort,"+2,104.26 USD",3031.15,USD,Ubfly,ECONFLEX,Personal Item: 40 x 30 x 15 cm; 1 Piece Luggage (23 Kg); 2ND BAG MAX 23KG 51LB 208LCM(F); Change without penalty before flight,Included,Included,Included,Included,Unknown,Unknown,Unknown,Included,Included,Unknown,Unknown,Unknown,Unknown,Unknown,Unknown,Unknown,,,,2026-07-28T16:42:23+00:00,partial,0
BA,LGW,ISB,LON,GB,ISB,PK,2027-01-15,2027-01-18,Winter,Premium Economy,0,PEco-1,PREMECON,Premium Economy — PREMECON,+567.01 USD,1493.9,USD,Ubfly,PREMECON,Personal Item: 40 x 30 x 15 cm,Included,Included,Unknown,Included,Unknown,Unknown,Unknown,Unknown,Unknown,Unknown,Unknown,Unknown,Unknown,Unknown,Unknown,Unknown,,,,2026-07-28T16:42:23+00:00,partial,0
BA,LGW,ISB,LON,GB,ISB,PK,2027-01-15,2027-01-18,Winter,Premium Economy,1,PEco-2,PESEL,Premium Economy — PESEL,+700.10 USD,1626.99,USD,Ubfly,PESEL,Personal Item: 40 x 30 x 15 cm; Change without penalty before flight,Included,Included,Unknown,Included,Unknown,Unknown,Unknown,Unknown,Included,Unknown,Unknown,Unknown,Unknown,Unknown,Unknown,Unknown,,,,2026-07-28T16:42:23+00:00,partial,0
BA,LGW,ISB,LON,GB,ISB,PK,2027-01-15,2027-01-18,Winter,Premium Economy,2,PEco-3,PEPRO,Premium Economy — PEPRO,+799.93 USD,1726.82,USD,Ubfly,PEPRO,Personal Item: 40 x 30 x 15 cm; Change without penalty before flight,Included,Included,Included,Included,Unknown,Unknown,Unknown,Included,Included,Unknown,Unknown,Unknown,Unknown,Unknown,Unknown,Unknown,,,,2026-07-28T16:42:23+00:00,partial,0
BA,LGW,ISB,LON,GB,ISB,PK,2027-01-15,2027-01-18,Winter,Premium Economy,3,PEco-4,PEFLEX,Premium Economy Flex,"+2,570.09 USD",3496.98,USD,Ubfly,PEFLEX,Personal Item: 40 x 30 x 15 cm; Change without penalty before flight,Included,Included,Included,Included,Unknown,Unknown,Unknown,Included,Included,Unknown,Unknown,Unknown,Unknown,Unknown,Unknown,Unknown,,,,2026-07-28T16:42:23+00:00,partial,0
BA,LGW,ISB,LON,GB,ISB,PK,2027-01-15,2027-01-18,Winter,Business,0,Bus-1,Business Promo,Business Basic,0.00 USD,2686.43,USD,Ubfly,BIZPROMO,Personal Item: 40 x 30 x 15 cm; Dedicated check-in area,Included,Included,Unknown,Included,Included,Unknown,Included,Unknown,Unknown,Unknown,Unknown,Unknown,Unknown,Unknown,Unknown,Unknown,,,,2026-07-28T16:42:23+00:00,partial,0
BA,LGW,ISB,LON,GB,ISB,PK,2027-01-15,2027-01-18,Winter,Business,1,Bus-2,Business Plus Select,Business Comfort,+332.74 USD,3019.17,USD,Ubfly,BIZSEL,Personal Item: 40 x 30 x 15 cm; Dedicated check-in area,Included,Included,Included,Included,Included,Unknown,Included,Unknown,Unknown,Unknown,Unknown,Unknown,Unknown,Unknown,Unknown,Unknown,,,,2026-07-28T16:42:23+00:00,partial,0
BA,LGW,ISB,LON,GB,ISB,PK,2027-01-15,2027-01-18,Winter,Business,2,Bus-3,Business Pro,Business — Business Pro,+598.93 USD,3285.36,USD,Ubfly,BIZPRO,Personal Item: 40 x 30 x 15 cm; Dedicated check-in area; Change without penalty before flight,Included,Included,Included,Included,Included,Unknown,Included,Included,Included,Unknown,Unknown,Unknown,Unknown,Unknown,Unknown,Unknown,,,,2026-07-28T16:42:23+00:00,partial,0
BA,LGW,ISB,LON,GB,ISB,PK,2027-01-15,2027-01-18,Winter,Business,3,Bus-4,Business Flex,Business Flex,"+4,140.63 USD",6827.06,USD,Ubfly,BIZFLEX,Personal Item: 40 x 30 x 15 cm; Dedicated check-in area; Change without penalty before flight,Included,Included,Included,Included,Included,Unknown,Included,Included,Included,Unknown,Unknown,Unknown,Unknown,Unknown,Unknown,Unknown,,,,2026-07-28T16:42:23+00:00,partial,0
TK,LGW,ISB,LON,GB,ISB,PK,2027-04-20,2027-04-23,Summer,Economy,0,Eco-1,EcoFly,Economy Basic,0.00 USD,707.02,USD,Ubfly,CL,Online Message Verification,Included,Included,Unknown,Included,Unknown,Unknown,Unknown,Not Included,Unknown,Unknown,Unknown,Unknown,Unknown,Unknown,Unknown,Unknown,,,,2026-07-28T16:42:23+00:00,success,0
TK,LGW,ISB,LON,GB,ISB,PK,2027-04-20,2027-04-23,Summer,Economy,1,Eco-2,ExtraFly,Economy Standard,+28.20 USD,735.22,USD,Ubfly,LG,Online Message Verification,Included,Included,Unknown,Included,Unknown,Unknown,Unknown,Unknown,Unknown,Unknown,Unknown,Unknown,Unknown,Unknown,Unknown,Unknown,,,,2026-07-28T16:42:23+00:00,success,0
TK,LGW,ISB,LON,GB,ISB,PK,2027-04-20,2027-04-23,Summer,Economy,2,Eco-3,FlexFly,Economy Flex,+57.88 USD,764.9,USD,Ubfly,GN,Online Message Verification,Included,Included,Included,Included,Unknown,Unknown,Unknown,Unknown,Unknown,Unknown,Unknown,Unknown,Unknown,Unknown,Unknown,Unknown,Yes,,15.0,2026-07-28T16:42:23+00:00,success,0
TK,LGW,ISB,LON,GB,ISB,PK,2027-04-20,2027-04-23,Summer,Economy,3,Eco-4,Flexible,Economy Flex,+126.97 USD,833.99,USD,Ubfly,FL,Online Message Verification,Included,Included,Included,Included,Unknown,Unknown,Included,Unknown,Unknown,Unknown,Unknown,Paid,Unknown,Unknown,Unknown,Unknown,Yes,,30.0,2026-07-28T16:42:23+00:00,success,0
TK,LGW,ISB,LON,GB,ISB,PK,2027-04-20,2027-04-23,Summer,Business,0,Bus-1,Business Fly,Business — Business Fly,0.00 USD,3149.42,USD,Ubfly,BF,Priority Check-In,Included,Included,Included,Unknown,Included,Included,Included,Unknown,Unknown,Unknown,Unknown,Unknown,Included,Unknown,Unknown,Unknown,,,,2026-07-28T16:42:23+00:00,success,0
TK,LGW,ISB,LON,GB,ISB,PK,2027-04-20,2027-04-23,Summer,Business,1,Bus-2,Business Prime,Business Premium,+199.63 USD,3349.05,USD,Ubfly,BL,Priority Check-In,Included,Included,Included,Unknown,Included,Included,Included,Unknown,Unknown,Unknown,Unknown,Paid,Included,Unknown,Unknown,Unknown,Yes,,30.0,2026-07-28T16:42:23+00:00,success,0
TK,LGW,ISB,LON,GB,ISB,PK,2027-01-15,2027-01-18,Winter,Economy,0,Eco-1,EcoFly,Economy Basic,0.00 USD,1212.43,USD,Ubfly,CL,Online Message Verification,Included,Included,Unknown,Included,Unknown,Unknown,Unknown,Not Included,Unknown,Unknown,Unknown,Unknown,Unknown,Unknown,Unknown,Unknown,,,,2026-07-28T16:42:23+00:00,success,0
TK,LGW,ISB,LON,GB,ISB,PK,2027-01-15,2027-01-18,Winter,Economy,1,Eco-2,ExtraFly,Economy Standard,+28.20 USD,1240.63,USD,Ubfly,LG,Online Message Verification,Included,Included,Unknown,Included,Unknown,Unknown,Unknown,Unknown,Unknown,Unknown,Unknown,Unknown,Unknown,Unknown,Unknown,Unknown,,,,2026-07-28T16:42:23+00:00,success,0
TK,LGW,ISB,LON,GB,ISB,PK,2027-01-15,2027-01-18,Winter,Economy,2,Eco-3,FlexFly,Economy Flex,+57.88 USD,1270.31,USD,Ubfly,GN,Online Message Verification,Included,Included,Included,Included,Unknown,Unknown,Unknown,Unknown,Unknown,Unknown,Unknown,Unknown,Unknown,Unknown,Unknown,Unknown,Yes,,15.0,2026-07-28T16:42:23+00:00,success,0
TK,LGW,ISB,LON,GB,ISB,PK,2027-01-15,2027-01-18,Winter,Economy,3,Eco-4,Flexible,Economy Flex,+126.95 USD,1339.38,USD,Ubfly,FL,Online Message Verification,Included,Included,Included,Included,Unknown,Unknown,Included,Unknown,Unknown,Unknown,Unknown,Paid,Unknown,Unknown,Unknown,Unknown,Yes,,30.0,2026-07-28T16:42:23+00:00,success,0
TK,LGW,ISB,LON,GB,ISB,PK,2027-01-15,2027-01-18,Winter,Business,0,Bus-1,Business Fly,Business — Business Fly,0.00 USD,3979.69,USD,Ubfly,BF,Priority Check-In,Included,Included,Included,Unknown,Included,Included,Included,Unknown,Unknown,Unknown,Unknown,Unknown,Included,Unknown,Unknown,Unknown,,,,2026-07-28T16:42:23+00:00,success,0
TK,LGW,ISB,LON,GB,ISB,PK,2027-01-15,2027-01-18,Winter,Business,1,Bus-2,Business Prime,Business Premium,+199.65 USD,4179.34,USD,Ubfly,BL,Priority Check-In,Included,Included,Included,Unknown,Included,Included,Included,Unknown,Unknown,Unknown,Unknown,Paid,Included,Unknown,Unknown,Unknown,Yes,,30.0,2026-07-28T16:42:23+00:00,success,0
QR,LGW,ISB,LON,GB,ISB,PK,2027-04-20,2027-04-23,Summer,Economy,0,Eco-1,Economy Convenience,Economy — Economy Convenience,0.00 USD,609.47,USD,Ubfly,ECONVENIEN,,Included,Included,Included,Included,Unknown,Unknown,Unknown,Unknown,Unknown,Unknown,Unknown,Unknown,Unknown,Unknown,Unknown,Unknown,Yes,,75.0,2026-07-28T16:42:23+00:00,success,0
QR,LGW,ISB,LON,GB,ISB,PK,2027-04-20,2027-04-23,Summer,Economy,1,Eco-2,Economy Comfort,Economy Comfort,+423.84 USD,1033.31,USD,Ubfly,ECOMFORT,Uninterrupted return (up to the last 12 hours); Change with Penalty,Included,Included,Included,Included,Unknown,Unknown,Unknown,Unknown,Unknown,Unknown,Unknown,Unknown,Unknown,Unknown,Unknown,Unknown,Yes,,100.0,2026-07-28T16:42:23+00:00,success,0
QR,LGW,ISB,LON,GB,ISB,PK,2027-04-20,2027-04-23,Summer,Business,0,Bus-1,Business Comfort,Business Comfort,0.00 USD,3102.98,USD,Ubfly,BCOMFORT,175 PCT QMILES ACCUMULATION(F),Included,Included,Included,Included,Included,Unknown,Unknown,Unknown,Unknown,Unknown,Unknown,Unknown,Unknown,Unknown,Unknown,Unknown,,,,2026-07-28T16:42:23+00:00,success,0
QR,LGW,ISB,LON,GB,ISB,PK,2027-04-20,2027-04-23,Summer,Business,1,Bus-2,Business Elite,Business Lite,"+1,115.34 USD",4218.32,USD,Ubfly,BELITE,200 PCT QMILES ACCUMULATION(F); Uninterrupted return (up to the last 12 hours); Change with Penalty,Included,Included,Included,Included,Included,Unknown,Unknown,Unknown,Unknown,Unknown,Unknown,Unknown,Unknown,Unknown,Unknown,Unknown,,,,2026-07-28T16:42:23+00:00,success,0
QR,LGW,ISB,LON,GB,ISB,PK,2027-01-15,2027-01-18,Winter,Economy,0,Eco-1,Economy Classic,Economy Standard,0.00 USD,543.13,USD,Ubfly,ECLASSIC,,Included,Included,Unknown,Included,Unknown,Unknown,Unknown,Unknown,Unknown,Unknown,Unknown,Unknown,Unknown,Unknown,Unknown,Unknown,Yes,,50.0,2026-07-28T16:42:23+00:00,success,0
QR,LGW,ISB,LON,GB,ISB,PK,2027-01-15,2027-01-18,Winter,Economy,1,Eco-2,Economy Convenience,Economy — Economy Convenience,+93.91 USD,637.04,USD,Ubfly,ECONVENIEN,,Included,Included,Included,Included,Unknown,Unknown,Unknown,Unknown,Unknown,Unknown,Unknown,Unknown,Unknown,Unknown,Unknown,Unknown,Yes,,75.0,2026-07-28T16:42:23+00:00,success,0
QR,LGW,ISB,LON,GB,ISB,PK,2027-01-15,2027-01-18,Winter,Economy,2,Eco-3,Economy Comfort,Economy Comfort,+517.74 USD,1060.87,USD,Ubfly,ECOMFORT,Uninterrupted return (up to the last 12 hours); Change with Penalty,Included,Included,Included,Included,Unknown,Unknown,Unknown,Unknown,Unknown,Unknown,Unknown,Unknown,Unknown,Unknown,Unknown,Unknown,Yes,,100.0,2026-07-28T16:42:23+00:00,success,0
QR,LGW,ISB,LON,GB,ISB,PK,2027-01-15,2027-01-18,Winter,Business,0,Bus-1,Business Comfort,Business Comfort,0.00 USD,3188.3,USD,Ubfly,BCOMFORT,175 PCT QMILES ACCUMULATION(F),Included,Included,Included,Included,Included,Unknown,Unknown,Unknown,Unknown,Unknown,Unknown,Unknown,Unknown,Unknown,Unknown,Unknown,,,,2026-07-28T16:42:23+00:00,success,0
QR,LGW,ISB,LON,GB,ISB,PK,2027-01-15,2027-01-18,Winter,Business,1,Bus-2,Business Elite,Business Lite,"+1,115.34 USD",4303.64,USD,Ubfly,BELITE,200 PCT QMILES ACCUMULATION(F); Uninterrupted return (up to the last 12 hours); Change with Penalty,Included,Included,Included,Included,Included,Unknown,Unknown,Unknown,Unknown,Unknown,Unknown,Unknown,Unknown,Unknown,Unknown,Unknown,,,,2026-07-28T16:42:23+00:00,success,0
EK,LGW,ISB,LON,GB,ISB,PK,2027-04-20,2027-04-23,Summer,Economy,0,Eco-1,Economy Flex,Economy Flex,0.00 USD,850.48,USD,Ubfly,ECOFLEX,Soft drink; In-flight entertainment,Included,Included,Unknown,Included,Unknown,Unknown,Unknown,Unknown,Unknown,Unknown,Unknown,Unknown,Unknown,Unknown,Unknown,Unknown,Yes,,70.0,2026-07-28T16:42:23+00:00,success,0
EK,LGW,ISB,LON,GB,ISB,PK,2027-04-20,2027-04-23,Summer,Economy,1,Eco-2,Economy Flex Plus,Economy Comfort,+455.20 USD,1305.68,USD,Ubfly,ECOFLXPLUS,Soft drink; In-flight entertainment; Uninterrupted return (up to the last 12 hours); Change with Penalty,Included,Included,Unknown,Included,Unknown,Unknown,Unknown,Unknown,Unknown,Unknown,Unknown,Unknown,Unknown,Unknown,Unknown,Unknown,Yes,,100.0,2026-07-28T16:42:23+00:00,success,0
EK,LGW,ISB,LON,GB,ISB,PK,2027-04-20,2027-04-23,Summer,Business,0,Bus-1,Business Saver,Business Basic,0.00 USD,2649.79,USD,Ubfly,BSSAVER,Premium check-in; Soft drink; In-flight entertainment; Chauffeur Drive; Internet Access,Included,Included,Included,Included,Included,Included,Included,Unknown,Unknown,Unknown,Unknown,Unknown,Unknown,Unknown,Unknown,Unknown,Yes,,,2026-07-28T16:42:23+00:00,success,0
EK,LGW,ISB,LON,GB,ISB,PK,2027-04-20,2027-04-23,Summer,Business,1,Bus-2,Business Flex,Business Flex,+547.02 USD,3196.81,USD,Ubfly,BSFLEX,Premium check-in; Soft drink; In-flight entertainment; Chauffeur Drive; Internet Access,Included,Included,Included,Included,Included,Included,Included,Unknown,Unknown,Unknown,Unknown,Unknown,Unknown,Unknown,Unknown,Unknown,Yes,,175.0,2026-07-28T16:42:23+00:00,success,0
EK,LGW,ISB,LON,GB,ISB,PK,2027-04-20,2027-04-23,Summer,Business,2,Bus-3,Business Flex Plus,Business Comfort,"+1,639.73 USD",4289.52,USD,Ubfly,BSFLXPLUS,Premium check-in; Soft drink; In-flight entertainment; Chauffeur Drive; Internet Access; Uninterrupted return (up to the last 12 hours); Change with Penalty,Included,Included,Included,Included,Included,Included,Included,Unknown,Unknown,Unknown,Unknown,Unknown,Unknown,Unknown,Unknown,Unknown,Yes,,190.0,2026-07-28T16:42:23+00:00,success,0
EK,LGW,ISB,LON,GB,ISB,PK,2027-01-15,2027-01-18,Winter,Economy,0,Eco-1,Economy Flex,Economy Flex,0.00 USD,872.67,USD,Ubfly,ECOFLEX,Soft drink; In-flight entertainment,Included,Included,Unknown,Included,Unknown,Unknown,Unknown,Unknown,Unknown,Unknown,Unknown,Unknown,Unknown,Unknown,Unknown,Unknown,Yes,,70.0,2026-07-28T16:42:23+00:00,success,0
EK,LGW,ISB,LON,GB,ISB,PK,2027-01-15,2027-01-18,Winter,Economy,1,Eco-2,Economy Flex Plus,Economy Comfort,+455.20 USD,1327.87,USD,Ubfly,ECOFLXPLUS,Soft drink; In-flight entertainment; Uninterrupted return (up to the last 12 hours); Change with Penalty,Included,Included,Unknown,Included,Unknown,Unknown,Unknown,Unknown,Unknown,Unknown,Unknown,Unknown,Unknown,Unknown,Unknown,Unknown,Yes,,100.0,2026-07-28T16:42:23+00:00,success,0
EK,LGW,ISB,LON,GB,ISB,PK,2027-01-15,2027-01-18,Winter,Premium Economy,0,PEco-1,Premium Economy Flex Plus,Premium Economy Comfort,+855.81 USD,1728.48,USD,Ubfly,PYFLXPLUS,Soft drink; In-flight entertainment; Uninterrupted return (up to the last 12 hours); Change with Penalty,Included,Included,Included,Included,Unknown,Unknown,Unknown,Unknown,Unknown,Unknown,Unknown,Unknown,Unknown,Unknown,Unknown,Unknown,Yes,,,2026-07-28T16:42:23+00:00,success,0
EK,LGW,ISB,LON,GB,ISB,PK,2027-01-15,2027-01-18,Winter,Business,0,Bus-1,Business Saver,Business Basic,0.00 USD,2665.82,USD,Ubfly,BSSAVER,Premium check-in; Soft drink; In-flight entertainment; Chauffeur Drive; Internet Access,Included,Included,Included,Included,Included,Included,Included,Unknown,Unknown,Unknown,Unknown,Unknown,Unknown,Unknown,Unknown,Unknown,Yes,,,2026-07-28T16:42:23+00:00,success,0
EK,LGW,ISB,LON,GB,ISB,PK,2027-01-15,2027-01-18,Winter,Business,1,Bus-2,Business Flex,Business Flex,+547.02 USD,3212.84,USD,Ubfly,BSFLEX,Premium check-in; Soft drink; In-flight entertainment; Chauffeur Drive; Internet Access,Included,Included,Included,Included,Included,Included,Included,Unknown,Unknown,Unknown,Unknown,Unknown,Unknown,Unknown,Unknown,Unknown,Yes,,175.0,2026-07-28T16:42:23+00:00,success,0
EK,LGW,ISB,LON,GB,ISB,PK,2027-01-15,2027-01-18,Winter,Business,2,Bus-3,Business Flex Plus,Business Comfort,"+1,639.73 USD",4305.55,USD,Ubfly,BSFLXPLUS,Premium check-in; Soft drink; In-flight entertainment; Chauffeur Drive; Internet Access; Uninterrupted return (up to the last 12 hours); Change with Penalty,Included,Included,Included,Included,Included,Included,Included,Unknown,Unknown,Unknown,Unknown,Unknown,Unknown,Unknown,Unknown,Unknown,Yes,,190.0,2026-07-28T16:42:23+00:00,success,0
EK,HAN,PRG,HAN,VN,PRG,CZ,2026-08-18,2026-08-21,Summer,Economy,0,Eco-1,Economy Flex,Economy Flex,0.00 USD,1065.2,USD,Ubfly,ECOFLEX,Soft drink; In-flight entertainment,Included,Included,Unknown,Included,Unknown,Unknown,Unknown,Unknown,Unknown,Unknown,Unknown,Unknown,Unknown,Unknown,Unknown,Unknown,Yes,,70.0,2026-07-28T16:42:23+00:00,success,0
EK,HAN,PRG,HAN,VN,PRG,CZ,2026-08-18,2026-08-21,Summer,Economy,1,Eco-2,Economy Flex Plus,Economy Comfort,+119.69 USD,1184.89,USD,Ubfly,ECOFLXPLUS,Soft drink; In-flight entertainment; Uninterrupted return (up to the last 12 hours); Change with Penalty,Included,Included,Unknown,Included,Unknown,Unknown,Unknown,Unknown,Unknown,Unknown,Unknown,Unknown,Unknown,Unknown,Unknown,Unknown,Yes,,100.0,2026-07-28T16:42:23+00:00,success,0
EK,HAN,PRG,HAN,VN,PRG,CZ,2026-08-18,2026-08-21,Summer,Business,0,Bus-1,Business Saver,Business Basic,0.00 USD,2449.59,USD,Ubfly,BSSAVER,Soft drink; Internet Access; Premium check-in; In-flight entertainment; Chauffeur Drive,Included,Included,Included,Included,Included,Included,Included,Unknown,Unknown,Unknown,Unknown,Unknown,Unknown,Unknown,Unknown,Unknown,Yes,,,2026-07-28T16:42:23+00:00,success,0
EK,HAN,PRG,HAN,VN,PRG,CZ,2026-08-18,2026-08-21,Summer,Business,1,Bus-2,Business Flex,Business Flex,+418.91 USD,2868.5,USD,Ubfly,BSFLEX,Premium check-in; Soft drink; In-flight entertainment; Chauffeur Drive; Internet Access,Included,Included,Included,Included,Included,Included,Included,Unknown,Unknown,Unknown,Unknown,Unknown,Unknown,Unknown,Unknown,Unknown,Yes,,175.0,2026-07-28T16:42:23+00:00,success,0
EK,HAN,PRG,HAN,VN,PRG,CZ,2026-08-18,2026-08-21,Summer,Business,2,Bus-3,Business Flex Plus,Business Comfort,"+1,048.28 USD",3497.87,USD,Ubfly,BSFLXPLUS,Premium check-in; Soft drink; In-flight entertainment; Chauffeur Drive; Internet Access; Uninterrupted return (up to the last 12 hours); Change with Penalty,Included,Included,Included,Included,Included,Included,Included,Unknown,Unknown,Unknown,Unknown,Unknown,Unknown,Unknown,Unknown,Unknown,Yes,,190.0,2026-07-28T16:42:23+00:00,success,0
EK,HAN,PRG,HAN,VN,PRG,CZ,2027-02-14,2027-02-17,Winter,Economy,0,Eco-1,Economy Flex,Economy Flex,0.00 USD,815.11,USD,Ubfly,YS,• Hot and cold refreshments; • ICE entertainment; • Mileage upgrade eligibility; Economy Cabin,Included,Included,Included,Included,Unknown,Unknown,Unknown,Included,Not Included,Unknown,Unknown,Unknown,Included,Unknown,Unknown,Unknown,Yes,4500.0,,2026-07-28T16:42:23+00:00,success,0
EK,HAN,PRG,HAN,VN,PRG,CZ,2027-02-14,2027-02-17,Winter,Economy,1,Eco-2,Economy Flex Plus,Economy Comfort,+358.05 USD,1173.16,USD,Ubfly,YF,• Hot and cold refreshments; • ICE entertainment; • Mileage upgrade eligibility; Economy Cabin,Included,Included,Included,Included,Unknown,Unknown,Unknown,Not Included,Not Included,Unknown,Unknown,Unknown,Included,Unknown,Unknown,Unknown,Yes,6000.0,,2026-07-28T16:42:23+00:00,success,0
EK,HAN,PRG,HAN,VN,PRG,CZ,2027-02-14,2027-02-17,Winter,Premium Economy,0,PEco-1,Premium Economy FlexPlus,Premium Economy Comfort,+386.99 USD,1202.1,USD,Ubfly,WF,• Hot and cold refreshments; • ICE entertainment; • Mileage upgrade eligibility; • Exclusive Premium Economy Class dining; Premium Economy Cabin,Included,Included,Included,Unknown,Unknown,Unknown,Unknown,Not Included,Not Included,Unknown,Unknown,Unknown,Included,Unknown,Unknown,Unknown,Yes,6600.0,,2026-07-28T16:42:23+00:00,success,0
EK,HAN,PRG,HAN,VN,PRG,CZ,2027-02-14,2027-02-17,Winter,Business,0,Bus-1,Business Saver,Business Basic,0.00 USD,2449.59,USD,Ubfly,BSSAVER,Soft drink; Premium check-in; In-flight entertainment; Chauffeur Drive; Internet Access,Included,Included,Included,Included,Included,Included,Included,Unknown,Unknown,Unknown,Unknown,Unknown,Unknown,Unknown,Unknown,Unknown,Yes,,,2026-07-28T16:42:23+00:00,success,0
EK,HAN,PRG,HAN,VN,PRG,CZ,2027-02-14,2027-02-17,Winter,Business,1,Bus-2,Business Flex,Business Flex,+418.91 USD,2868.5,USD,Ubfly,BSFLEX,Premium check-in; Soft drink; In-flight entertainment; Chauffeur Drive; Internet Access,Included,Included,Included,Included,Included,Included,Included,Unknown,Unknown,Unknown,Unknown,Unknown,Unknown,Unknown,Unknown,Unknown,Yes,,175.0,2026-07-28T16:42:23+00:00,success,0
EK,HAN,PRG,HAN,VN,PRG,CZ,2027-02-14,2027-02-17,Winter,Business,2,Bus-3,Business Flex Plus,Business Comfort,"+1,048.28 USD",3497.87,USD,Ubfly,BSFLXPLUS,Premium check-in; Soft drink; In-flight entertainment; Chauffeur Drive; Internet Access; Uninterrupted return (up to the last 12 hours); Change with Penalty,Included,Included,Included,Included,Included,Included,Included,Unknown,Unknown,Unknown,Unknown,Unknown,Unknown,Unknown,Unknown,Unknown,Yes,,190.0,2026-07-28T16:42:23+00:00,success,0
QR,HAN,PRG,HAN,VN,PRG,CZ,2026-08-18,2026-08-21,Summer,Economy,0,Eco-1,Economy Convenience,Economy — Economy Convenience,0.00 USD,878.32,USD,Ubfly,ECONVENIEN,,Included,Included,Included,Included,Unknown,Unknown,Unknown,Unknown,Unknown,Unknown,Unknown,Unknown,Unknown,Unknown,Unknown,Unknown,Yes,,75.0,2026-07-28T16:42:23+00:00,success,0
QR,HAN,PRG,HAN,VN,PRG,CZ,2026-08-18,2026-08-21,Summer,Economy,1,Eco-2,Economy Comfort,Economy Comfort,+233.96 USD,1112.28,USD,Ubfly,ECOMFORT,Uninterrupted return (up to the last 12 hours); Change with Penalty,Included,Included,Included,Included,Unknown,Unknown,Unknown,Unknown,Unknown,Unknown,Unknown,Unknown,Unknown,Unknown,Unknown,Unknown,Yes,,100.0,2026-07-28T16:42:23+00:00,success,0
QR,HAN,PRG,HAN,VN,PRG,CZ,2026-08-18,2026-08-21,Summer,Business,0,Bus-1,Business Classic,Business Standard,0.00 USD,2266.88,USD,Ubfly,BCLASSIC,125 PCT QMILES ACCUMULATION(F),Included,Included,Unknown,Included,Included,Unknown,Unknown,Unknown,Unknown,Unknown,Unknown,Unknown,Unknown,Unknown,Unknown,Unknown,,,,2026-07-28T16:42:23+00:00,success,0
QR,HAN,PRG,HAN,VN,PRG,CZ,2026-08-18,2026-08-21,Summer,Business,1,Bus-2,Business Comfort,Business Comfort,+549.55 USD,2816.43,USD,Ubfly,BCOMFORT,175 PCT QMILES ACCUMULATION(F),Included,Included,Included,Included,Included,Unknown,Unknown,Unknown,Unknown,Unknown,Unknown,Unknown,Unknown,Unknown,Unknown,Unknown,,,,2026-07-28T16:42:23+00:00,success,0
QR,HAN,PRG,HAN,VN,PRG,CZ,2026-08-18,2026-08-21,Summer,Business,2,Bus-3,Business Elite,Business Lite,"+1,117.07 USD",3383.95,USD,Ubfly,BELITE,200 PCT QMILES ACCUMULATION(F); Uninterrupted return (up to the last 12 hours); Change with Penalty,Included,Included,Included,Included,Included,Unknown,Unknown,Unknown,Unknown,Unknown,Unknown,Unknown,Unknown,Unknown,Unknown,Unknown,,,,2026-07-28T16:42:23+00:00,success,0
QR,HAN,PRG,HAN,VN,PRG,CZ,2027-02-14,2027-02-17,Winter,Economy,0,Eco-1,Economy Classic,Economy Standard,0.00 USD,530.41,USD,Ubfly,ECLASSIC,,Included,Included,Unknown,Included,Unknown,Unknown,Unknown,Unknown,Unknown,Unknown,Unknown,Unknown,Unknown,Unknown,Unknown,Unknown,Yes,,50.0,2026-07-28T16:42:23+00:00,success,0
QR,HAN,PRG,HAN,VN,PRG,CZ,2027-02-14,2027-02-17,Winter,Economy,1,Eco-2,Economy Convenience,Economy — Economy Convenience,+128.08 USD,658.49,USD,Ubfly,ECONVENIEN,,Included,Included,Included,Included,Unknown,Unknown,Unknown,Unknown,Unknown,Unknown,Unknown,Unknown,Unknown,Unknown,Unknown,Unknown,Yes,,75.0,2026-07-28T16:42:23+00:00,success,0
QR,HAN,PRG,HAN,VN,PRG,CZ,2027-02-14,2027-02-17,Winter,Economy,2,Eco-3,Economy Comfort,Economy Comfort,+584.47 USD,1114.88,USD,Ubfly,ECOMFORT,Uninterrupted return (up to the last 12 hours); Change with Penalty,Included,Included,Included,Included,Unknown,Unknown,Unknown,Unknown,Unknown,Unknown,Unknown,Unknown,Unknown,Unknown,Unknown,Unknown,Yes,,100.0,2026-07-28T16:42:23+00:00,success,0
QR,HAN,PRG,HAN,VN,PRG,CZ,2027-02-14,2027-02-17,Winter,Business,0,Bus-1,Business Classic,Business Standard,0.00 USD,2266.88,USD,Ubfly,BCLASSIC,125 PCT QMILES ACCUMULATION(F),Included,Included,Unknown,Included,Included,Unknown,Unknown,Unknown,Unknown,Unknown,Unknown,Unknown,Unknown,Unknown,Unknown,Unknown,,,,2026-07-28T16:42:23+00:00,success,0
QR,HAN,PRG,HAN,VN,PRG,CZ,2027-02-14,2027-02-17,Winter,Business,1,Bus-2,Business Comfort,Business Comfort,+549.55 USD,2816.43,USD,Ubfly,BCOMFORT,175 PCT QMILES ACCUMULATION(F),Included,Included,Included,Included,Included,Unknown,Unknown,Unknown,Unknown,Unknown,Unknown,Unknown,Unknown,Unknown,Unknown,Unknown,,,,2026-07-28T16:42:23+00:00,success,0
QR,HAN,PRG,HAN,VN,PRG,CZ,2027-02-14,2027-02-17,Winter,Business,2,Bus-3,Business Elite,Business Lite,"+1,117.07 USD",3383.95,USD,Ubfly,BELITE,200 PCT QMILES ACCUMULATION(F); Uninterrupted return (up to the last 12 hours); Change with Penalty,Included,Included,Included,Included,Included,Unknown,Unknown,Unknown,Unknown,Unknown,Unknown,Unknown,Unknown,Unknown,Unknown,Unknown,,,,2026-07-28T16:42:23+00:00,success,0
EY,HAN,PRG,HAN,VN,PRG,CZ,2026-08-18,2026-08-21,Summer,Economy,0,Eco-1,Economy Basic,Economy Basic,0.00 USD,1214.82,USD,Ubfly,YBASIC,,Included,Not Included,Unknown,Included,Unknown,Unknown,Unknown,Unknown,Unknown,Unknown,Unknown,Unknown,Unknown,Unknown,Unknown,Unknown,Yes,,5.0,2026-07-28T16:42:23+00:00,success,0
EY,HAN,PRG,HAN,VN,PRG,CZ,2026-08-18,2026-08-21,Summer,Economy,1,Eco-2,Economy Value,Economy Basic,+29.50 USD,1244.32,USD,Ubfly,YVALUE,,Included,Included,Unknown,Included,Unknown,Unknown,Unknown,Unknown,Unknown,Unknown,Unknown,Unknown,Unknown,Unknown,Unknown,Unknown,Yes,,35.0,2026-07-28T16:42:23+00:00,success,0
EY,HAN,PRG,HAN,VN,PRG,CZ,2026-08-18,2026-08-21,Summer,Economy,2,Eco-3,Economy Comfort,Economy Comfort,+60.40 USD,1275.22,USD,Ubfly,YCOMFORT,,Included,Included,Included,Included,Unknown,Unknown,Unknown,Unknown,Unknown,Unknown,Unknown,Unknown,Unknown,Unknown,Unknown,Unknown,Yes,,75.0,2026-07-28T16:42:23+00:00,success,0
EY,HAN,PRG,HAN,VN,PRG,CZ,2026-08-18,2026-08-21,Summer,Economy,3,Eco-4,Economy Deluxe,Economy — Economy Deluxe,+232.97 USD,1447.79,USD,Ubfly,YDELUXE,Change with Penalty; Uninterrupted return (up to the last 12 hours); Priority Access,Included,Included,Included,Included,Unknown,Unknown,Unknown,Unknown,Unknown,Unknown,Unknown,Unknown,Unknown,Unknown,Unknown,Unknown,Yes,,,2026-07-28T16:42:23+00:00,success,0
EY,HAN,PRG,HAN,VN,PRG,CZ,2026-08-18,2026-08-21,Summer,Business,0,Bus-1,Business Value,Business Basic,0.00 USD,1934.96,USD,Ubfly,JVALUE,Priority Access,Included,Included,Unknown,Included,Unknown,Unknown,Unknown,Unknown,Unknown,Unknown,Unknown,Unknown,Unknown,Unknown,Unknown,Unknown,Yes,,100.0,2026-07-28T16:42:23+00:00,success,0
EY,HAN,PRG,HAN,VN,PRG,CZ,2026-08-18,2026-08-21,Summer,Business,1,Bus-2,Business Comfort,Business Comfort,+71.81 USD,2006.77,USD,Ubfly,JCOMFORT,Priority Access; ETIHAD UAE CHAUFFEUR(F),Included,Included,Included,Included,Included,Unknown,Unknown,Unknown,Unknown,Unknown,Unknown,Unknown,Unknown,Unknown,Unknown,Unknown,Yes,,,2026-07-28T16:42:23+00:00,success,0
EY,HAN,PRG,HAN,VN,PRG,CZ,2026-08-18,2026-08-21,Summer,Business,2,Bus-3,Business Deluxe,Business — Business Deluxe,+647.31 USD,2582.27,USD,Ubfly,JDELUXE,Change with Penalty; Uninterrupted return (up to the last 12 hours); Priority Access; ETIHAD UAE CHAUFFEUR(F); ETIHAD GLOBAL CHAUFFEUR(F),Included,Included,Included,Included,Included,Unknown,Unknown,Unknown,Unknown,Unknown,Unknown,Unknown,Unknown,Unknown,Unknown,Unknown,Yes,,,2026-07-28T16:42:23+00:00,success,0
EY,HAN,PRG,HAN,VN,PRG,CZ,2027-02-14,2027-02-17,Winter,Economy,0,Eco-1,Economy Basic,Economy Basic,0.00 USD,1091.15,USD,Ubfly,YBASIC,,Included,Not Included,Unknown,Included,Unknown,Unknown,Unknown,Unknown,Unknown,Unknown,Unknown,Unknown,Unknown,Unknown,Unknown,Unknown,Yes,,5.0,2026-07-28T16:42:23+00:00,success,0
EY,HAN,PRG,HAN,VN,PRG,CZ,2027-02-14,2027-02-17,Winter,Economy,1,Eco-2,Economy Value,Economy Basic,+29.50 USD,1120.65,USD,Ubfly,YVALUE,,Included,Included,Unknown,Included,Unknown,Unknown,Unknown,Unknown,Unknown,Unknown,Unknown,Unknown,Unknown,Unknown,Unknown,Unknown,Yes,,35.0,2026-07-28T16:42:23+00:00,success,0
EY,HAN,PRG,HAN,VN,PRG,CZ,2027-02-14,2027-02-17,Winter,Economy,2,Eco-3,Economy Comfort,Economy Comfort,+60.40 USD,1151.55,USD,Ubfly,YCOMFORT,,Included,Included,Included,Included,Unknown,Unknown,Unknown,Unknown,Unknown,Unknown,Unknown,Unknown,Unknown,Unknown,Unknown,Unknown,Yes,,75.0,2026-07-28T16:42:23+00:00,success,0
EY,HAN,PRG,HAN,VN,PRG,CZ,2027-02-14,2027-02-17,Winter,Economy,3,Eco-4,Economy Deluxe,Economy — Economy Deluxe,+232.97 USD,1324.12,USD,Ubfly,YDELUXE,Uninterrupted return (up to the last 12 hours); Priority Access; Change with Penalty,Included,Included,Included,Included,Unknown,Unknown,Unknown,Unknown,Unknown,Unknown,Unknown,Unknown,Unknown,Unknown,Unknown,Unknown,Yes,,,2026-07-28T16:42:23+00:00,success,0
EY,HAN,PRG,HAN,VN,PRG,CZ,2027-02-14,2027-02-17,Winter,Business,0,Bus-1,Business Value,Business Basic,0.00 USD,2702.95,USD,Ubfly,JVALUE,Priority Access,Included,Included,Unknown,Included,Unknown,Unknown,Unknown,Unknown,Unknown,Unknown,Unknown,Unknown,Unknown,Unknown,Unknown,Unknown,Yes,,100.0,2026-07-28T16:42:23+00:00,success,0
EY,HAN,PRG,HAN,VN,PRG,CZ,2027-02-14,2027-02-17,Winter,Business,1,Bus-2,Business Comfort,Business Comfort,+98.75 USD,2801.7,USD,Ubfly,JCOMFORT,Priority Access; ETIHAD UAE CHAUFFEUR(F),Included,Included,Included,Included,Included,Unknown,Unknown,Unknown,Unknown,Unknown,Unknown,Unknown,Unknown,Unknown,Unknown,Unknown,Yes,,,2026-07-28T16:42:23+00:00,success,0
EY,HAN,PRG,HAN,VN,PRG,CZ,2027-02-14,2027-02-17,Winter,Business,2,Bus-3,Business Deluxe,Business — Business Deluxe,+298.23 USD,3001.18,USD,Ubfly,JDELUXE,Change with Penalty; Uninterrupted return (up to the last 12 hours); Priority Access; ETIHAD UAE CHAUFFEUR(F); ETIHAD GLOBAL CHAUFFEUR(F),Included,Included,Included,Included,Included,Unknown,Unknown,Unknown,Unknown,Unknown,Unknown,Unknown,Unknown,Unknown,Unknown,Unknown,Yes,,,2026-07-28T16:42:23+00:00,success,0
TK,HAN,PRG,HAN,VN,PRG,CZ,2026-08-18,2026-08-21,Summer,Economy,0,Eco-1,EcoFly,Economy Basic,0.00 USD,1389.99,USD,Ubfly,CL,Online Message Verification,Included,Included,Unknown,Included,Unknown,Unknown,Unknown,Not Included,Unknown,Unknown,Unknown,Unknown,Unknown,Unknown,Unknown,Unknown,,,,2026-07-28T16:42:23+00:00,success,0
TK,HAN,PRG,HAN,VN,PRG,CZ,2026-08-18,2026-08-21,Summer,Economy,1,Eco-2,ExtraFly,Economy Standard,+66.43 USD,1456.42,USD,Ubfly,LG,Online Message Verification,Included,Included,Unknown,Included,Unknown,Unknown,Unknown,Unknown,Unknown,Unknown,Unknown,Unknown,Unknown,Unknown,Unknown,Unknown,,,,2026-07-28T16:42:23+00:00,success,0
TK,HAN,PRG,HAN,VN,PRG,CZ,2026-08-18,2026-08-21,Summer,Economy,2,Eco-3,FlexFly,Economy Flex,+199.14 USD,1589.13,USD,Ubfly,GN,Online Message Verification,Included,Included,Included,Included,Unknown,Unknown,Unknown,Unknown,Unknown,Unknown,Unknown,Unknown,Unknown,Unknown,Unknown,Unknown,Yes,,15.0,2026-07-28T16:42:23+00:00,success,0
TK,HAN,PRG,HAN,VN,PRG,CZ,2026-08-18,2026-08-21,Summer,Economy,3,Eco-4,Flexible,Economy Flex,+396.18 USD,1786.17,USD,Ubfly,FL,Online Message Verification,Included,Included,Included,Included,Unknown,Unknown,Included,Unknown,Unknown,Unknown,Unknown,Paid,Unknown,Unknown,Unknown,Unknown,Yes,,30.0,2026-07-28T16:42:23+00:00,success,0
TK,HAN,PRG,HAN,VN,PRG,CZ,2026-08-18,2026-08-21,Summer,Business,0,Bus-1,Business Fly,Business — Business Fly,0.00 USD,2784.34,USD,Ubfly,BF,Priority Check-In,Included,Included,Included,Unknown,Included,Included,Included,Unknown,Unknown,Unknown,Unknown,Unknown,Included,Unknown,Unknown,Unknown,,,,2026-07-28T16:42:23+00:00,success,0
TK,HAN,PRG,HAN,VN,PRG,CZ,2026-08-18,2026-08-21,Summer,Business,1,Bus-2,Business Prime,Business Premium,+389.00 USD,3173.34,USD,Ubfly,BL,Priority Check-In,Included,Included,Included,Unknown,Included,Included,Included,Unknown,Unknown,Unknown,Unknown,Paid,Included,Unknown,Unknown,Unknown,Yes,,30.0,2026-07-28T16:42:23+00:00,success,0
TK,HAN,PRG,HAN,VN,PRG,CZ,2027-02-14,2027-02-17,Winter,Economy,0,Eco-1,EcoFly,Economy Basic,0.00 USD,626.57,USD,Ubfly,CL,Online Message Verification,Included,Included,Unknown,Included,Unknown,Unknown,Unknown,Not Included,Unknown,Unknown,Unknown,Unknown,Unknown,Unknown,Unknown,Unknown,,,,2026-07-28T16:42:23+00:00,success,0
TK,HAN,PRG,HAN,VN,PRG,CZ,2027-02-14,2027-02-17,Winter,Economy,1,Eco-2,ExtraFly,Economy Standard,+66.41 USD,692.98,USD,Ubfly,LG,Online Message Verification,Included,Included,Unknown,Included,Unknown,Unknown,Unknown,Unknown,Unknown,Unknown,Unknown,Unknown,Unknown,Unknown,Unknown,Unknown,,,,2026-07-28T16:42:23+00:00,success,0
TK,HAN,PRG,HAN,VN,PRG,CZ,2027-02-14,2027-02-17,Winter,Economy,2,Eco-3,FlexFly,Economy Flex,+199.12 USD,825.69,USD,Ubfly,GN,Online Message Verification,Included,Included,Included,Included,Unknown,Unknown,Unknown,Unknown,Unknown,Unknown,Unknown,Unknown,Unknown,Unknown,Unknown,Unknown,Yes,,15.0,2026-07-28T16:42:23+00:00,success,0
TK,HAN,PRG,HAN,VN,PRG,CZ,2027-02-14,2027-02-17,Winter,Economy,3,Eco-4,Flexible,Economy Flex,+396.15 USD,1022.72,USD,Ubfly,FL,Online Message Verification,Included,Included,Included,Included,Unknown,Unknown,Included,Unknown,Unknown,Unknown,Unknown,Paid,Unknown,Unknown,Unknown,Unknown,Yes,,30.0,2026-07-28T16:42:23+00:00,success,0
TK,HAN,PRG,HAN,VN,PRG,CZ,2027-02-14,2027-02-17,Winter,Business,0,Bus-1,Business Fly,Business — Business Fly,0.00 USD,2784.34,USD,Ubfly,BF,Priority Check-In,Included,Included,Included,Unknown,Included,Included,Included,Unknown,Unknown,Unknown,Unknown,Unknown,Included,Unknown,Unknown,Unknown,,,,2026-07-28T16:42:23+00:00,success,0
TK,HAN,PRG,HAN,VN,PRG,CZ,2027-02-14,2027-02-17,Winter,Business,1,Bus-2,Business Prime,Business Premium,+389.00 USD,3173.34,USD,Ubfly,BL,Priority Check-In,Included,Included,Included,Unknown,Included,Included,Included,Unknown,Unknown,Unknown,Unknown,Paid,Included,Unknown,Unknown,Unknown,Yes,,30.0,2026-07-28T16:42:23+00:00,success,0
QR,BKK,WAW,BKK,TH,WAW,PL,2026-10-18,2026-10-21,Summer,Economy,0,Eco-1,Economy Classic,Economy Standard,0.00 USD,695.06,USD,Ubfly,ECLASSIC,,Included,Included,Unknown,Included,Unknown,Unknown,Unknown,Unknown,Unknown,Unknown,Unknown,Unknown,Unknown,Unknown,Unknown,Unknown,Yes,,50.0,2026-07-28T16:42:23+00:00,success,0
QR,BKK,WAW,BKK,TH,WAW,PL,2026-10-18,2026-10-21,Summer,Economy,1,Eco-2,Economy Convenience,Economy — Economy Convenience,+63.64 USD,758.7,USD,Ubfly,ECONVENIEN,,Included,Included,Included,Included,Unknown,Unknown,Unknown,Unknown,Unknown,Unknown,Unknown,Unknown,Unknown,Unknown,Unknown,Unknown,Yes,,75.0,2026-07-28T16:42:23+00:00,success,0
QR,BKK,WAW,BKK,TH,WAW,PL,2026-10-18,2026-10-21,Summer,Economy,2,Eco-3,Economy Comfort,Economy Comfort,+546.77 USD,1241.83,USD,Ubfly,ECOMFORT,Uninterrupted return (up to the last 12 hours); Change with Penalty,Included,Included,Included,Included,Unknown,Unknown,Unknown,Unknown,Unknown,Unknown,Unknown,Unknown,Unknown,Unknown,Unknown,Unknown,Yes,,100.0,2026-07-28T16:42:23+00:00,success,0
QR,BKK,WAW,BKK,TH,WAW,PL,2026-10-18,2026-10-21,Summer,Business,0,Bus-1,Business Comfort,Business Comfort,0.00 USD,3415.51,USD,Ubfly,BCOMFORT,175 PCT QMILES ACCUMULATION(F),Included,Included,Included,Included,Included,Unknown,Unknown,Unknown,Unknown,Unknown,Unknown,Unknown,Unknown,Unknown,Unknown,Unknown,,,,2026-07-28T16:42:23+00:00,success,0
QR,BKK,WAW,BKK,TH,WAW,PL,2026-10-18,2026-10-21,Summer,Business,1,Bus-2,Business Elite,Business Lite,+379.44 USD,3794.95,USD,Ubfly,BELITE,200 PCT QMILES ACCUMULATION(F); Uninterrupted return (up to the last 12 hours); Change with Penalty,Included,Included,Included,Included,Included,Unknown,Unknown,Unknown,Unknown,Unknown,Unknown,Unknown,Unknown,Unknown,Unknown,Unknown,,,,2026-07-28T16:42:23+00:00,success,0
QR,BKK,WAW,BKK,TH,WAW,PL,2027-03-28,2027-03-31,Winter,Economy,0,Eco-1,Economy Classic,Economy Standard,0.00 USD,695.06,USD,Ubfly,ECLASSIC,,Included,Included,Unknown,Included,Unknown,Unknown,Unknown,Unknown,Unknown,Unknown,Unknown,Unknown,Unknown,Unknown,Unknown,Unknown,Yes,,50.0,2026-07-28T16:42:23+00:00,success,0
QR,BKK,WAW,BKK,TH,WAW,PL,2027-03-28,2027-03-31,Winter,Economy,1,Eco-2,Economy Convenience,Economy — Economy Convenience,+63.64 USD,758.7,USD,Ubfly,ECONVENIEN,,Included,Included,Included,Included,Unknown,Unknown,Unknown,Unknown,Unknown,Unknown,Unknown,Unknown,Unknown,Unknown,Unknown,Unknown,Yes,,75.0,2026-07-28T16:42:23+00:00,success,0
QR,BKK,WAW,BKK,TH,WAW,PL,2027-03-28,2027-03-31,Winter,Economy,2,Eco-3,Economy Comfort,Economy Comfort,+546.77 USD,1241.83,USD,Ubfly,ECOMFORT,Uninterrupted return (up to the last 12 hours); Change with Penalty,Included,Included,Included,Included,Unknown,Unknown,Unknown,Unknown,Unknown,Unknown,Unknown,Unknown,Unknown,Unknown,Unknown,Unknown,Yes,,100.0,2026-07-28T16:42:23+00:00,success,0
QR,BKK,WAW,BKK,TH,WAW,PL,2027-03-28,2027-03-31,Winter,Business,0,Bus-1,Business Comfort,Business Comfort,0.00 USD,3396.09,USD,Ubfly,BCOMFORT,175 PCT QMILES ACCUMULATION(F),Included,Included,Included,Included,Included,Unknown,Unknown,Unknown,Unknown,Unknown,Unknown,Unknown,Unknown,Unknown,Unknown,Unknown,,,,2026-07-28T16:42:23+00:00,success,0
QR,BKK,WAW,BKK,TH,WAW,PL,2027-03-28,2027-03-31,Winter,Business,1,Bus-2,Business Elite,Business Lite,+379.44 USD,3775.53,USD,Ubfly,BELITE,200 PCT QMILES ACCUMULATION(F); Uninterrupted return (up to the last 12 hours); Change with Penalty,Included,Included,Included,Included,Included,Unknown,Unknown,Unknown,Unknown,Unknown,Unknown,Unknown,Unknown,Unknown,Unknown,Unknown,,,,2026-07-28T16:42:23+00:00,success,0
EY,BKK,WAW,BKK,TH,WAW,PL,2026-10-18,2026-10-21,Summer,Economy,0,Eco-1,Economy Basic,Economy Basic,0.00 USD,677.79,USD,Ubfly,YBASIC,,Included,Not Included,Unknown,Included,Unknown,Unknown,Unknown,Unknown,Unknown,Unknown,Unknown,Unknown,Unknown,Unknown,Unknown,Unknown,Yes,,5.0,2026-07-28T16:42:23+00:00,success,0
EY,BKK,WAW,BKK,TH,WAW,PL,2026-10-18,2026-10-21,Summer,Economy,1,Eco-2,Economy Value,Economy Basic,+30.66 USD,708.45,USD,Ubfly,YVALUE,,Included,Included,Unknown,Included,Unknown,Unknown,Unknown,Unknown,Unknown,Unknown,Unknown,Unknown,Unknown,Unknown,Unknown,Unknown,Yes,,35.0,2026-07-28T16:42:23+00:00,success,0
EY,BKK,WAW,BKK,TH,WAW,PL,2026-10-18,2026-10-21,Summer,Economy,2,Eco-3,Economy Comfort,Economy Comfort,+88.35 USD,766.14,USD,Ubfly,YCOMFORT,,Included,Included,Included,Included,Unknown,Unknown,Unknown,Unknown,Unknown,Unknown,Unknown,Unknown,Unknown,Unknown,Unknown,Unknown,Yes,,75.0,2026-07-28T16:42:23+00:00,success,0
EY,BKK,WAW,BKK,TH,WAW,PL,2026-10-18,2026-10-21,Summer,Economy,3,Eco-4,Economy Deluxe,Economy — Economy Deluxe,+242.03 USD,919.82,USD,Ubfly,YDELUXE,Change with Penalty; Uninterrupted return (up to the last 12 hours); Priority Access,Included,Included,Included,Included,Unknown,Unknown,Unknown,Unknown,Unknown,Unknown,Unknown,Unknown,Unknown,Unknown,Unknown,Unknown,Yes,,,2026-07-28T16:42:23+00:00,success,0
EY,BKK,WAW,BKK,TH,WAW,PL,2026-10-18,2026-10-21,Summer,Business,0,Bus-1,Business Value,Business Basic,0.00 USD,2878.15,USD,Ubfly,JVALUE,Priority Access,Included,Included,Unknown,Included,Unknown,Unknown,Unknown,Unknown,Unknown,Unknown,Unknown,Unknown,Unknown,Unknown,Unknown,Unknown,Yes,,100.0,2026-07-28T16:42:23+00:00,success,0
EY,BKK,WAW,BKK,TH,WAW,PL,2026-10-18,2026-10-21,Summer,Business,1,Bus-2,Business Comfort,Business Comfort,+144.05 USD,3022.2,USD,Ubfly,JCOMFORT,Priority Access; ETIHAD UAE CHAUFFEUR(F),Included,Included,Included,Included,Included,Unknown,Unknown,Unknown,Unknown,Unknown,Unknown,Unknown,Unknown,Unknown,Unknown,Unknown,Yes,,,2026-07-28T16:42:23+00:00,success,0
EY,BKK,WAW,BKK,TH,WAW,PL,2026-10-18,2026-10-21,Summer,Business,2,Bus-3,Business Deluxe,Business — Business Deluxe,+406.14 USD,3284.29,USD,Ubfly,JDELUXE,Change with Penalty; Uninterrupted return (up to the last 12 hours); Priority Access; ETIHAD UAE CHAUFFEUR(F); ETIHAD GLOBAL CHAUFFEUR(F),Included,Included,Included,Included,Included,Unknown,Unknown,Unknown,Unknown,Unknown,Unknown,Unknown,Unknown,Unknown,Unknown,Unknown,Yes,,,2026-07-28T16:42:23+00:00,success,0
EY,BKK,WAW,BKK,TH,WAW,PL,2027-03-28,2027-03-31,Winter,Economy,0,Eco-1,Economy Basic,Economy Basic,0.00 USD,677.79,USD,Ubfly,YBASIC,,Included,Not Included,Unknown,Included,Unknown,Unknown,Unknown,Unknown,Unknown,Unknown,Unknown,Unknown,Unknown,Unknown,Unknown,Unknown,Yes,,5.0,2026-07-28T16:42:23+00:00,success,0
EY,BKK,WAW,BKK,TH,WAW,PL,2027-03-28,2027-03-31,Winter,Economy,1,Eco-2,Economy Value,Economy Basic,+30.66 USD,708.45,USD,Ubfly,YVALUE,,Included,Included,Unknown,Included,Unknown,Unknown,Unknown,Unknown,Unknown,Unknown,Unknown,Unknown,Unknown,Unknown,Unknown,Unknown,Yes,,35.0,2026-07-28T16:42:23+00:00,success,0
EY,BKK,WAW,BKK,TH,WAW,PL,2027-03-28,2027-03-31,Winter,Economy,2,Eco-3,Economy Comfort,Economy Comfort,+88.35 USD,766.14,USD,Ubfly,YCOMFORT,,Included,Included,Included,Included,Unknown,Unknown,Unknown,Unknown,Unknown,Unknown,Unknown,Unknown,Unknown,Unknown,Unknown,Unknown,Yes,,75.0,2026-07-28T16:42:23+00:00,success,0
EY,BKK,WAW,BKK,TH,WAW,PL,2027-03-28,2027-03-31,Winter,Economy,3,Eco-4,Economy Deluxe,Economy — Economy Deluxe,+242.03 USD,919.82,USD,Ubfly,YDELUXE,Change with Penalty; Uninterrupted return (up to the last 12 hours); Priority Access,Included,Included,Included,Included,Unknown,Unknown,Unknown,Unknown,Unknown,Unknown,Unknown,Unknown,Unknown,Unknown,Unknown,Unknown,Yes,,,2026-07-28T16:42:23+00:00,success,0
EY,BKK,WAW,BKK,TH,WAW,PL,2027-03-28,2027-03-31,Winter,Business,0,Bus-1,Business Value,Business Basic,0.00 USD,2375.01,USD,Ubfly,JVALUE,Priority Access,Included,Included,Unknown,Included,Unknown,Unknown,Unknown,Unknown,Unknown,Unknown,Unknown,Unknown,Unknown,Unknown,Unknown,Unknown,Yes,,100.0,2026-07-28T16:42:23+00:00,success,0
EY,BKK,WAW,BKK,TH,WAW,PL,2027-03-28,2027-03-31,Winter,Business,1,Bus-2,Business Comfort,Business Comfort,+144.03 USD,2519.04,USD,Ubfly,JCOMFORT,Priority Access; ETIHAD UAE CHAUFFEUR(F),Included,Included,Included,Included,Included,Unknown,Unknown,Unknown,Unknown,Unknown,Unknown,Unknown,Unknown,Unknown,Unknown,Unknown,Yes,,,2026-07-28T16:42:23+00:00,success,0
EY,BKK,WAW,BKK,TH,WAW,PL,2027-03-28,2027-03-31,Winter,Business,2,Bus-3,Business Deluxe,Business — Business Deluxe,+406.14 USD,2781.15,USD,Ubfly,JDELUXE,Uninterrupted return (up to the last 12 hours); Priority Access; ETIHAD UAE CHAUFFEUR(F); ETIHAD GLOBAL CHAUFFEUR(F); Change with Penalty,Included,Included,Included,Included,Included,Unknown,Unknown,Unknown,Unknown,Unknown,Unknown,Unknown,Unknown,Unknown,Unknown,Unknown,Yes,,,2026-07-28T16:42:23+00:00,success,0
EK,BKK,WAW,BKK,TH,WAW,PL,2026-10-18,2026-10-21,Summer,Economy,0,Eco-1,Economy Saver,Economy Basic,0.00 USD,846.08,USD,Ubfly,ECOSAVER,Soft drink; In-flight entertainment,Included,Included,Unknown,Included,Unknown,Unknown,Unknown,Unknown,Unknown,Unknown,Unknown,Unknown,Unknown,Unknown,Unknown,Unknown,Yes,,30.0,2026-07-28T16:42:23+00:00,success,0
EK,BKK,WAW,BKK,TH,WAW,PL,2026-10-18,2026-10-21,Summer,Economy,1,Eco-2,Economy Flex,Economy Flex,+78.48 USD,924.56,USD,Ubfly,ECOFLEX,Soft drink; In-flight entertainment,Included,Included,Unknown,Included,Unknown,Unknown,Unknown,Unknown,Unknown,Unknown,Unknown,Unknown,Unknown,Unknown,Unknown,Unknown,Yes,,70.0,2026-07-28T16:42:23+00:00,success,0
EK,BKK,WAW,BKK,TH,WAW,PL,2026-10-18,2026-10-21,Summer,Economy,2,Eco-3,Economy Flex Plus,Economy Comfort,+458.66 USD,1304.74,USD,Ubfly,ECOFLXPLUS,Soft drink; In-flight entertainment; Uninterrupted return (up to the last 12 hours); Change with Penalty,Included,Included,Unknown,Included,Unknown,Unknown,Unknown,Unknown,Unknown,Unknown,Unknown,Unknown,Unknown,Unknown,Unknown,Unknown,Yes,,100.0,2026-07-28T16:42:23+00:00,success,0
EK,BKK,WAW,BKK,TH,WAW,PL,2026-10-18,2026-10-21,Summer,Premium Economy,0,PEco-1,Premium Economy Flex Plus,Premium Economy Comfort,+506.87 USD,1352.95,USD,Ubfly,PYFLXPLUS,Soft drink; In-flight entertainment; Uninterrupted return (up to the last 12 hours); Change with Penalty,Included,Included,Included,Included,Unknown,Unknown,Unknown,Unknown,Unknown,Unknown,Unknown,Unknown,Unknown,Unknown,Unknown,Unknown,Yes,,,2026-07-28T16:42:23+00:00,success,0
EK,BKK,WAW,BKK,TH,WAW,PL,2026-10-18,2026-10-21,Summer,Business,0,Bus-1,Business Saver,Business Basic,0.00 USD,3005.62,USD,Ubfly,BSSAVER,Soft drink; Premium check-in; In-flight entertainment; Chauffeur Drive; Internet Access,Included,Included,Included,Included,Included,Included,Included,Unknown,Unknown,Unknown,Unknown,Unknown,Unknown,Unknown,Unknown,Unknown,Yes,,,2026-07-28T16:42:23+00:00,success,0
EK,BKK,WAW,BKK,TH,WAW,PL,2026-10-18,2026-10-21,Summer,Business,1,Bus-2,Business Flex,Business Flex,+341.02 USD,3346.64,USD,Ubfly,BSFLEX,Premium check-in; Soft drink; In-flight entertainment; Chauffeur Drive; Internet Access,Included,Included,Included,Included,Included,Included,Included,Unknown,Unknown,Unknown,Unknown,Unknown,Unknown,Unknown,Unknown,Unknown,Yes,,175.0,2026-07-28T16:42:23+00:00,success,0
EK,BKK,WAW,BKK,TH,WAW,PL,2026-10-18,2026-10-21,Summer,Business,2,Bus-3,Business Flex Plus,Business Comfort,+853.38 USD,3859.0,USD,Ubfly,BSFLXPLUS,Premium check-in; Soft drink; In-flight entertainment; Chauffeur Drive; Internet Access; Uninterrupted return (up to the last 12 hours); Change with Penalty,Included,Included,Included,Included,Included,Included,Included,Unknown,Unknown,Unknown,Unknown,Unknown,Unknown,Unknown,Unknown,Unknown,Yes,,190.0,2026-07-28T16:42:23+00:00,success,0
EK,BKK,WAW,BKK,TH,WAW,PL,2027-03-28,2027-03-31,Winter,Economy,0,Eco-1,Economy Saver,Economy Basic,0.00 USD,846.08,USD,Ubfly,ECOSAVER,Soft drink; In-flight entertainment,Included,Included,Unknown,Included,Unknown,Unknown,Unknown,Unknown,Unknown,Unknown,Unknown,Unknown,Unknown,Unknown,Unknown,Unknown,Yes,,30.0,2026-07-28T16:42:23+00:00,success,0
EK,BKK,WAW,BKK,TH,WAW,PL,2027-03-28,2027-03-31,Winter,Economy,1,Eco-2,Economy Flex,Economy Flex,+78.48 USD,924.56,USD,Ubfly,ECOFLEX,Soft drink; In-flight entertainment,Included,Included,Unknown,Included,Unknown,Unknown,Unknown,Unknown,Unknown,Unknown,Unknown,Unknown,Unknown,Unknown,Unknown,Unknown,Yes,,70.0,2026-07-28T16:42:23+00:00,success,0
EK,BKK,WAW,BKK,TH,WAW,PL,2027-03-28,2027-03-31,Winter,Economy,2,Eco-3,Economy Flex Plus,Economy Comfort,+458.66 USD,1304.74,USD,Ubfly,ECOFLXPLUS,Soft drink; In-flight entertainment; Uninterrupted return (up to the last 12 hours); Change with Penalty,Included,Included,Unknown,Included,Unknown,Unknown,Unknown,Unknown,Unknown,Unknown,Unknown,Unknown,Unknown,Unknown,Unknown,Unknown,Yes,,100.0,2026-07-28T16:42:23+00:00,success,0
EK,BKK,WAW,BKK,TH,WAW,PL,2027-03-28,2027-03-31,Winter,Premium Economy,0,PEco-1,Premium Economy Flex Plus,Premium Economy Comfort,+506.87 USD,1352.95,USD,Ubfly,PYFLXPLUS,Soft drink; In-flight entertainment; Uninterrupted return (up to the last 12 hours); Change with Penalty,Included,Included,Included,Included,Unknown,Unknown,Unknown,Unknown,Unknown,Unknown,Unknown,Unknown,Unknown,Unknown,Unknown,Unknown,Yes,,,2026-07-28T16:42:23+00:00,success,0
EK,BKK,WAW,BKK,TH,WAW,PL,2027-03-28,2027-03-31,Winter,Business,0,Bus-1,Business Saver,Business Basic,0.00 USD,3005.62,USD,Ubfly,BSSAVER,Soft drink; Premium check-in; In-flight entertainment; Chauffeur Drive; Internet Access,Included,Included,Included,Included,Included,Included,Included,Unknown,Unknown,Unknown,Unknown,Unknown,Unknown,Unknown,Unknown,Unknown,Yes,,,2026-07-28T16:42:23+00:00,success,0
EK,BKK,WAW,BKK,TH,WAW,PL,2027-03-28,2027-03-31,Winter,Business,1,Bus-2,Business Flex,Business Flex,+341.02 USD,3346.64,USD,Ubfly,BSFLEX,Premium check-in; Soft drink; In-flight entertainment; Chauffeur Drive; Internet Access,Included,Included,Included,Included,Included,Included,Included,Unknown,Unknown,Unknown,Unknown,Unknown,Unknown,Unknown,Unknown,Unknown,Yes,,175.0,2026-07-28T16:42:23+00:00,success,0
EK,BKK,WAW,BKK,TH,WAW,PL,2027-03-28,2027-03-31,Winter,Business,2,Bus-3,Business Flex Plus,Business Comfort,+853.38 USD,3859.0,USD,Ubfly,BSFLXPLUS,Premium check-in; Soft drink; In-flight entertainment; Chauffeur Drive; Internet Access; Uninterrupted return (up to the last 12 hours); Change with Penalty,Included,Included,Included,Included,Included,Included,Included,Unknown,Unknown,Unknown,Unknown,Unknown,Unknown,Unknown,Unknown,Unknown,Yes,,190.0,2026-07-28T16:42:23+00:00,success,0
TK,BKK,WAW,BKK,TH,WAW,PL,2026-10-18,2026-10-21,Summer,Economy,0,Eco-1,EcoFly,Economy Basic,0.00 USD,1758.75,USD,Ubfly,CL,Online Message Verification,Included,Included,Unknown,Included,Unknown,Unknown,Unknown,Not Included,Unknown,Unknown,Unknown,Unknown,Unknown,Unknown,Unknown,Unknown,,,,2026-07-28T16:42:23+00:00,success,0
TK,BKK,WAW,BKK,TH,WAW,PL,2026-10-18,2026-10-21,Summer,Economy,1,Eco-2,ExtraFly,Economy Standard,+63.90 USD,1822.65,USD,Ubfly,LG,Online Message Verification,Included,Included,Unknown,Included,Unknown,Unknown,Unknown,Unknown,Unknown,Unknown,Unknown,Unknown,Unknown,Unknown,Unknown,Unknown,,,,2026-07-28T16:42:23+00:00,success,0
TK,BKK,WAW,BKK,TH,WAW,PL,2026-10-18,2026-10-21,Summer,Economy,2,Eco-3,FlexFly,Economy Flex,+191.54 USD,1950.29,USD,Ubfly,GN,Online Message Verification,Included,Included,Included,Included,Unknown,Unknown,Unknown,Unknown,Unknown,Unknown,Unknown,Unknown,Unknown,Unknown,Unknown,Unknown,Yes,,15.0,2026-07-28T16:42:23+00:00,success,0
TK,BKK,WAW,BKK,TH,WAW,PL,2026-10-18,2026-10-21,Summer,Economy,3,Eco-4,Flexible,Economy Flex,+383.95 USD,2142.7,USD,Ubfly,FL,Online Message Verification,Included,Included,Included,Included,Unknown,Unknown,Included,Unknown,Unknown,Unknown,Unknown,Paid,Unknown,Unknown,Unknown,Unknown,Yes,,30.0,2026-07-28T16:42:23+00:00,success,0
TK,BKK,WAW,BKK,TH,WAW,PL,2026-10-18,2026-10-21,Summer,Business,0,Bus-1,Business Fly,Business — Business Fly,0.00 USD,5941.15,USD,Ubfly,BF,Priority Check-In,Included,Included,Included,Unknown,Included,Included,Included,Unknown,Unknown,Unknown,Unknown,Unknown,Included,Unknown,Unknown,Unknown,,,,2026-07-28T16:42:23+00:00,success,0
TK,BKK,WAW,BKK,TH,WAW,PL,2026-10-18,2026-10-21,Summer,Business,1,Bus-2,Business Prime,Business Premium,+376.75 USD,6317.9,USD,Ubfly,BL,Priority Check-In,Included,Included,Included,Unknown,Included,Included,Included,Unknown,Unknown,Unknown,Unknown,Paid,Included,Unknown,Unknown,Unknown,Yes,,30.0,2026-07-28T16:42:23+00:00,success,0
TK,BKK,WAW,BKK,TH,WAW,PL,2027-03-28,2027-03-31,Winter,Economy,0,Eco-1,EcoFly,Economy Basic,0.00 USD,1201.69,USD,Ubfly,CL,Online Message Verification,Included,Included,Unknown,Included,Unknown,Unknown,Unknown,Not Included,Unknown,Unknown,Unknown,Unknown,Unknown,Unknown,Unknown,Unknown,,,,2026-07-28T16:42:23+00:00,success,0
TK,BKK,WAW,BKK,TH,WAW,PL,2027-03-28,2027-03-31,Winter,Economy,1,Eco-2,ExtraFly,Economy Standard,+63.88 USD,1265.57,USD,Ubfly,LG,Online Message Verification,Included,Included,Unknown,Included,Unknown,Unknown,Unknown,Unknown,Unknown,Unknown,Unknown,Unknown,Unknown,Unknown,Unknown,Unknown,,,,2026-07-28T16:42:23+00:00,success,0
TK,BKK,WAW,BKK,TH,WAW,PL,2027-03-28,2027-03-31,Winter,Economy,2,Eco-3,FlexFly,Economy Flex,+191.54 USD,1393.23,USD,Ubfly,GN,Online Message Verification,Included,Included,Included,Included,Unknown,Unknown,Unknown,Unknown,Unknown,Unknown,Unknown,Unknown,Unknown,Unknown,Unknown,Unknown,Yes,,15.0,2026-07-28T16:42:23+00:00,success,0
TK,BKK,WAW,BKK,TH,WAW,PL,2027-03-28,2027-03-31,Winter,Economy,3,Eco-4,Flexible,Economy Flex,+383.93 USD,1585.62,USD,Ubfly,FL,Online Message Verification,Included,Included,Included,Included,Unknown,Unknown,Included,Unknown,Unknown,Unknown,Unknown,Paid,Unknown,Unknown,Unknown,Unknown,Yes,,30.0,2026-07-28T16:42:23+00:00,success,0
TK,BKK,WAW,BKK,TH,WAW,PL,2027-03-28,2027-03-31,Winter,Business,0,Bus-1,Business Fly,Business — Business Fly,0.00 USD,3091.62,USD,Ubfly,BF,Priority Check-In,Included,Included,Included,Unknown,Included,Included,Included,Unknown,Unknown,Unknown,Unknown,Unknown,Included,Unknown,Unknown,Unknown,,,,2026-07-28T16:42:23+00:00,success,0
TK,BKK,WAW,BKK,TH,WAW,PL,2027-03-28,2027-03-31,Winter,Business,1,Bus-2,Business Prime,Business Premium,+376.75 USD,3468.37,USD,Ubfly,BL,Priority Check-In,Included,Included,Included,Unknown,Included,Included,Included,Unknown,Unknown,Unknown,Unknown,Paid,Included,Unknown,Unknown,Unknown,Yes,,30.0,2026-07-28T16:42:23+00:00,success,0
EK,BKK,PRG,BKK,TH,PRG,CZ,2027-05-04,2027-05-07,Summer,Economy,0,Eco-1,Economy Saver,Economy Basic,0.00 USD,745.87,USD,Ubfly,YP,• Hot and cold refreshments; • ICE entertainment; • Mileage upgrade eligibility at time of check-in; Economy Cabin,Included,Included,Paid,Included,Unknown,Unknown,Unknown,Included,Not Included,Unknown,Unknown,Unknown,Included,Unknown,Unknown,Unknown,Yes,1800.0,,2026-07-28T16:42:23+00:00,success,0
EK,BKK,PRG,BKK,TH,PRG,CZ,2027-05-04,2027-05-07,Summer,Economy,1,Eco-2,Economy Flex,Economy Flex,+183.35 USD,929.22,USD,Ubfly,YS,• Hot and cold refreshments; • ICE entertainment; • Mileage upgrade eligibility; Economy Cabin,Included,Included,Included,Included,Unknown,Unknown,Unknown,Included,Not Included,Unknown,Unknown,Unknown,Included,Unknown,Unknown,Unknown,Yes,4500.0,,2026-07-28T16:42:23+00:00,success,0
EK,BKK,PRG,BKK,TH,PRG,CZ,2027-05-04,2027-05-07,Summer,Economy,2,Eco-3,Economy Flex Plus,Economy Comfort,+563.53 USD,1309.4,USD,Ubfly,YF,• Hot and cold refreshments; • ICE entertainment; • Mileage upgrade eligibility; Economy Cabin,Included,Included,Included,Included,Unknown,Unknown,Unknown,Not Included,Not Included,Unknown,Unknown,Unknown,Included,Unknown,Unknown,Unknown,Yes,6000.0,,2026-07-28T16:42:23+00:00,success,0
EK,BKK,PRG,BKK,TH,PRG,CZ,2027-05-04,2027-05-07,Summer,Premium Economy,0,PEco-1,Premium Economy FlexPlus,Premium Economy Comfort,+595.72 USD,1341.59,USD,Ubfly,WF,• Hot and cold refreshments; • ICE entertainment; • Mileage upgrade eligibility; • Exclusive Premium Economy Class dining; Premium Economy Cabin,Included,Included,Included,Unknown,Unknown,Unknown,Unknown,Not Included,Not Included,Unknown,Unknown,Unknown,Included,Unknown,Unknown,Unknown,Yes,6600.0,,2026-07-28T16:42:23+00:00,success,0
EK,BKK,PRG,BKK,TH,PRG,CZ,2027-05-04,2027-05-07,Summer,Business,0,Bus-1,Business Saver,Business Basic,0.00 USD,3054.72,USD,Ubfly,BSSAVER,Soft drink; Internet Access; Premium check-in; In-flight entertainment; Chauffeur Drive,Included,Included,Included,Included,Included,Included,Included,Unknown,Unknown,Unknown,Unknown,Unknown,Unknown,Unknown,Unknown,Unknown,Yes,,,2026-07-28T16:42:23+00:00,success,0
EK,BKK,PRG,BKK,TH,PRG,CZ,2027-05-04,2027-05-07,Summer,Business,1,Bus-2,Business Flex,Business Flex,+341.46 USD,3396.18,USD,Ubfly,BSFLEX,Premium check-in; Soft drink; In-flight entertainment; Chauffeur Drive; Internet Access,Included,Included,Included,Included,Included,Included,Included,Unknown,Unknown,Unknown,Unknown,Unknown,Unknown,Unknown,Unknown,Unknown,Yes,,175.0,2026-07-28T16:42:23+00:00,success,0
EK,BKK,PRG,BKK,TH,PRG,CZ,2027-05-04,2027-05-07,Summer,Business,2,Bus-3,Business Flex Plus,Business Comfort,+853.52 USD,3908.24,USD,Ubfly,BSFLXPLUS,Premium check-in; Soft drink; In-flight entertainment; Chauffeur Drive; Internet Access; Uninterrupted return (up to the last 12 hours); Change with Penalty,Included,Included,Included,Included,Included,Included,Included,Unknown,Unknown,Unknown,Unknown,Unknown,Unknown,Unknown,Unknown,Unknown,Yes,,190.0,2026-07-28T16:42:23+00:00,success,0
EK,BKK,PRG,BKK,TH,PRG,CZ,2027-03-03,2027-03-06,Winter,Economy,0,Eco-1,Economy Saver,Economy Basic,0.00 USD,745.87,USD,Ubfly,YP,• Hot and cold refreshments; • ICE entertainment; • Mileage upgrade eligibility at time of check-in; Economy Cabin,Included,Included,Paid,Included,Unknown,Unknown,Unknown,Included,Not Included,Unknown,Unknown,Unknown,Included,Unknown,Unknown,Unknown,Yes,1800.0,,2026-07-28T16:42:23+00:00,success,0
EK,BKK,PRG,BKK,TH,PRG,CZ,2027-03-03,2027-03-06,Winter,Economy,1,Eco-2,Economy Flex,Economy Flex,+183.35 USD,929.22,USD,Ubfly,YS,• Hot and cold refreshments; • ICE entertainment; • Mileage upgrade eligibility; Economy Cabin,Included,Included,Included,Included,Unknown,Unknown,Unknown,Included,Not Included,Unknown,Unknown,Unknown,Included,Unknown,Unknown,Unknown,Yes,4500.0,,2026-07-28T16:42:23+00:00,success,0
EK,BKK,PRG,BKK,TH,PRG,CZ,2027-03-03,2027-03-06,Winter,Economy,2,Eco-3,Economy Flex Plus,Economy Comfort,+563.53 USD,1309.4,USD,Ubfly,YF,• Hot and cold refreshments; • ICE entertainment; • Mileage upgrade eligibility; Economy Cabin,Included,Included,Included,Included,Unknown,Unknown,Unknown,Not Included,Not Included,Unknown,Unknown,Unknown,Included,Unknown,Unknown,Unknown,Yes,6000.0,,2026-07-28T16:42:23+00:00,success,0
EK,BKK,PRG,BKK,TH,PRG,CZ,2027-03-03,2027-03-06,Winter,Premium Economy,0,PEco-1,Premium Economy FlexPlus,Premium Economy Comfort,+595.72 USD,1341.59,USD,Ubfly,WF,• Hot and cold refreshments; • ICE entertainment; • Mileage upgrade eligibility; • Exclusive Premium Economy Class dining; Premium Economy Cabin,Included,Included,Included,Unknown,Unknown,Unknown,Unknown,Not Included,Not Included,Unknown,Unknown,Unknown,Included,Unknown,Unknown,Unknown,Yes,6600.0,,2026-07-28T16:42:23+00:00,success,0
EK,BKK,PRG,BKK,TH,PRG,CZ,2027-03-03,2027-03-06,Winter,Business,0,Bus-1,Business Saver,Business Basic,0.00 USD,3054.72,USD,Ubfly,BSSAVER,Soft drink; Premium check-in; In-flight entertainment; Chauffeur Drive; Internet Access,Included,Included,Included,Included,Included,Included,Included,Unknown,Unknown,Unknown,Unknown,Unknown,Unknown,Unknown,Unknown,Unknown,Yes,,,2026-07-28T16:42:23+00:00,success,0
EK,BKK,PRG,BKK,TH,PRG,CZ,2027-03-03,2027-03-06,Winter,Business,1,Bus-2,Business Flex,Business Flex,+341.46 USD,3396.18,USD,Ubfly,BSFLEX,Premium check-in; Soft drink; In-flight entertainment; Chauffeur Drive; Internet Access,Included,Included,Included,Included,Included,Included,Included,Unknown,Unknown,Unknown,Unknown,Unknown,Unknown,Unknown,Unknown,Unknown,Yes,,175.0,2026-07-28T16:42:23+00:00,success,0
EK,BKK,PRG,BKK,TH,PRG,CZ,2027-03-03,2027-03-06,Winter,Business,2,Bus-3,Business Flex Plus,Business Comfort,+853.52 USD,3908.24,USD,Ubfly,BSFLXPLUS,Premium check-in; Soft drink; In-flight entertainment; Chauffeur Drive; Internet Access; Uninterrupted return (up to the last 12 hours); Change with Penalty,Included,Included,Included,Included,Included,Included,Included,Unknown,Unknown,Unknown,Unknown,Unknown,Unknown,Unknown,Unknown,Unknown,Yes,,190.0,2026-07-28T16:42:23+00:00,success,0
QR,BKK,PRG,BKK,TH,PRG,CZ,2027-05-04,2027-05-07,Summer,Economy,0,Eco-1,Economy Classic,Economy Standard,0.00 USD,682.6,USD,Ubfly,ECLASSIC,,Included,Included,Unknown,Included,Unknown,Unknown,Unknown,Unknown,Unknown,Unknown,Unknown,Unknown,Unknown,Unknown,Unknown,Unknown,Yes,,50.0,2026-07-28T16:42:23+00:00,success,0
QR,BKK,PRG,BKK,TH,PRG,CZ,2027-05-04,2027-05-07,Summer,Economy,1,Eco-2,Economy Convenience,Economy — Economy Convenience,+63.34 USD,745.94,USD,Ubfly,ECONVENIEN,,Included,Included,Included,Included,Unknown,Unknown,Unknown,Unknown,Unknown,Unknown,Unknown,Unknown,Unknown,Unknown,Unknown,Unknown,Yes,,75.0,2026-07-28T16:42:23+00:00,success,0
QR,BKK,PRG,BKK,TH,PRG,CZ,2027-05-04,2027-05-07,Summer,Economy,2,Eco-3,Economy Comfort,Economy Comfort,+538.75 USD,1221.35,USD,Ubfly,ECOMFORT,Uninterrupted return (up to the last 12 hours); Change with Penalty,Included,Included,Included,Included,Unknown,Unknown,Unknown,Unknown,Unknown,Unknown,Unknown,Unknown,Unknown,Unknown,Unknown,Unknown,Yes,,100.0,2026-07-28T16:42:23+00:00,success,0
QR,BKK,PRG,BKK,TH,PRG,CZ,2027-05-04,2027-05-07,Summer,Business,0,Bus-1,Business Classic,Business Standard,0.00 USD,2783.91,USD,Ubfly,BCLASSIC,125 PCT QMILES ACCUMULATION(F),Included,Included,Unknown,Included,Included,Unknown,Unknown,Unknown,Unknown,Unknown,Unknown,Unknown,Unknown,Unknown,Unknown,Unknown,,,,2026-07-28T16:42:23+00:00,success,0
QR,BKK,PRG,BKK,TH,PRG,CZ,2027-05-04,2027-05-07,Summer,Business,1,Bus-2,Business Comfort,Business Comfort,+450.34 USD,3234.25,USD,Ubfly,BCOMFORT,175 PCT QMILES ACCUMULATION(F),Included,Included,Included,Included,Included,Unknown,Unknown,Unknown,Unknown,Unknown,Unknown,Unknown,Unknown,Unknown,Unknown,Unknown,,,,2026-07-28T16:42:23+00:00,success,0
QR,BKK,PRG,BKK,TH,PRG,CZ,2027-05-04,2027-05-07,Summer,Business,2,Bus-3,Business Elite,Business Lite,+829.48 USD,3613.39,USD,Ubfly,BELITE,200 PCT QMILES ACCUMULATION(F); Uninterrupted return (up to the last 12 hours); Change with Penalty,Included,Included,Included,Included,Included,Unknown,Unknown,Unknown,Unknown,Unknown,Unknown,Unknown,Unknown,Unknown,Unknown,Unknown,,,,2026-07-28T16:42:23+00:00,success,0
QR,BKK,PRG,BKK,TH,PRG,CZ,2027-03-03,2027-03-06,Winter,Economy,0,Eco-1,Economy Classic,Economy Standard,0.00 USD,680.01,USD,Ubfly,ECLASSIC,,Included,Included,Unknown,Included,Unknown,Unknown,Unknown,Unknown,Unknown,Unknown,Unknown,Unknown,Unknown,Unknown,Unknown,Unknown,Yes,,50.0,2026-07-28T16:42:23+00:00,success,0
QR,BKK,PRG,BKK,TH,PRG,CZ,2027-03-03,2027-03-06,Winter,Economy,1,Eco-2,Economy Convenience,Economy — Economy Convenience,+63.34 USD,743.35,USD,Ubfly,ECONVENIEN,,Included,Included,Included,Included,Unknown,Unknown,Unknown,Unknown,Unknown,Unknown,Unknown,Unknown,Unknown,Unknown,Unknown,Unknown,Yes,,75.0,2026-07-28T16:42:23+00:00,success,0
QR,BKK,PRG,BKK,TH,PRG,CZ,2027-03-03,2027-03-06,Winter,Economy,2,Eco-3,Economy Comfort,Economy Comfort,+538.75 USD,1218.76,USD,Ubfly,ECOMFORT,Uninterrupted return (up to the last 12 hours); Change with Penalty,Included,Included,Included,Included,Unknown,Unknown,Unknown,Unknown,Unknown,Unknown,Unknown,Unknown,Unknown,Unknown,Unknown,Unknown,Yes,,100.0,2026-07-28T16:42:23+00:00,success,0
QR,BKK,PRG,BKK,TH,PRG,CZ,2027-03-03,2027-03-06,Winter,Business,0,Bus-1,Business Classic,Business Standard,0.00 USD,2783.91,USD,Ubfly,BCLASSIC,125 PCT QMILES ACCUMULATION(F),Included,Included,Unknown,Included,Included,Unknown,Unknown,Unknown,Unknown,Unknown,Unknown,Unknown,Unknown,Unknown,Unknown,Unknown,,,,2026-07-28T16:42:23+00:00,success,0
QR,BKK,PRG,BKK,TH,PRG,CZ,2027-03-03,2027-03-06,Winter,Business,1,Bus-2,Business Comfort,Business Comfort,+450.34 USD,3234.25,USD,Ubfly,BCOMFORT,175 PCT QMILES ACCUMULATION(F),Included,Included,Included,Included,Included,Unknown,Unknown,Unknown,Unknown,Unknown,Unknown,Unknown,Unknown,Unknown,Unknown,Unknown,,,,2026-07-28T16:42:23+00:00,success,0
QR,BKK,PRG,BKK,TH,PRG,CZ,2027-03-03,2027-03-06,Winter,Business,2,Bus-3,Business Elite,Business Lite,+829.48 USD,3613.39,USD,Ubfly,BELITE,200 PCT QMILES ACCUMULATION(F); Uninterrupted return (up to the last 12 hours); Change with Penalty,Included,Included,Included,Included,Included,Unknown,Unknown,Unknown,Unknown,Unknown,Unknown,Unknown,Unknown,Unknown,Unknown,Unknown,,,,2026-07-28T16:42:23+00:00,success,0
EY,BKK,PRG,BKK,TH,PRG,CZ,2027-05-04,2027-05-07,Summer,Economy,0,Eco-1,Economy Basic,Economy Basic,0.00 USD,449.95,USD,Ubfly,YBASIC,,Included,Not Included,Unknown,Included,Unknown,Unknown,Unknown,Unknown,Unknown,Unknown,Unknown,Unknown,Unknown,Unknown,Unknown,Unknown,Yes,,5.0,2026-07-28T16:42:23+00:00,success,0
EY,BKK,PRG,BKK,TH,PRG,CZ,2027-05-04,2027-05-07,Summer,Economy,1,Eco-2,Economy Value,Economy Basic,+24.88 USD,474.83,USD,Ubfly,YVALUE,,Included,Included,Unknown,Included,Unknown,Unknown,Unknown,Unknown,Unknown,Unknown,Unknown,Unknown,Unknown,Unknown,Unknown,Unknown,Yes,,35.0,2026-07-28T16:42:23+00:00,success,0
EY,BKK,PRG,BKK,TH,PRG,CZ,2027-05-04,2027-05-07,Summer,Economy,2,Eco-3,Economy Comfort,Economy Comfort,+66.25 USD,516.2,USD,Ubfly,YCOMFORT,,Included,Included,Included,Included,Unknown,Unknown,Unknown,Unknown,Unknown,Unknown,Unknown,Unknown,Unknown,Unknown,Unknown,Unknown,Yes,,75.0,2026-07-28T16:42:23+00:00,success,0
EY,BKK,PRG,BKK,TH,PRG,CZ,2027-05-04,2027-05-07,Summer,Economy,3,Eco-4,Economy Deluxe,Economy — Economy Deluxe,+169.94 USD,619.89,USD,Ubfly,YDELUXE,Change with Penalty; Uninterrupted return (up to the last 12 hours); Priority Access,Included,Included,Included,Included,Unknown,Unknown,Unknown,Unknown,Unknown,Unknown,Unknown,Unknown,Unknown,Unknown,Unknown,Unknown,Yes,,,2026-07-28T16:42:23+00:00,success,0
EY,BKK,PRG,BKK,TH,PRG,CZ,2027-05-04,2027-05-07,Summer,Business,0,Bus-1,Business Value,Business Basic,0.00 USD,2004.02,USD,Ubfly,JVALUE,Priority Access,Included,Included,Unknown,Included,Unknown,Unknown,Unknown,Unknown,Unknown,Unknown,Unknown,Unknown,Unknown,Unknown,Unknown,Unknown,Yes,,100.0,2026-07-28T16:42:23+00:00,success,0
EY,BKK,PRG,BKK,TH,PRG,CZ,2027-05-04,2027-05-07,Summer,Business,1,Bus-2,Business Comfort,Business Comfort,+114.37 USD,2118.39,USD,Ubfly,JCOMFORT,Priority Access; ETIHAD UAE CHAUFFEUR(F),Included,Included,Included,Included,Included,Unknown,Unknown,Unknown,Unknown,Unknown,Unknown,Unknown,Unknown,Unknown,Unknown,Unknown,Yes,,,2026-07-28T16:42:23+00:00,success,0
EY,BKK,PRG,BKK,TH,PRG,CZ,2027-05-04,2027-05-07,Summer,Business,2,Bus-3,Business Deluxe,Business — Business Deluxe,+599.56 USD,2603.58,USD,Ubfly,JDELUXE,Uninterrupted return (up to the last 12 hours); Priority Access; ETIHAD UAE CHAUFFEUR(F); ETIHAD GLOBAL CHAUFFEUR(F); Change with Penalty,Included,Included,Included,Included,Included,Unknown,Unknown,Unknown,Unknown,Unknown,Unknown,Unknown,Unknown,Unknown,Unknown,Unknown,Yes,,,2026-07-28T16:42:23+00:00,success,0
EY,BKK,PRG,BKK,TH,PRG,CZ,2027-03-03,2027-03-06,Winter,Economy,0,Eco-1,Economy Basic,Economy Basic,0.00 USD,596.35,USD,Ubfly,YBASIC,,Included,Not Included,Unknown,Included,Unknown,Unknown,Unknown,Unknown,Unknown,Unknown,Unknown,Unknown,Unknown,Unknown,Unknown,Unknown,Yes,,5.0,2026-07-28T16:42:23+00:00,success,0
EY,BKK,PRG,BKK,TH,PRG,CZ,2027-03-03,2027-03-06,Winter,Economy,1,Eco-2,Economy Value,Economy Basic,+24.88 USD,621.23,USD,Ubfly,YVALUE,,Included,Included,Unknown,Included,Unknown,Unknown,Unknown,Unknown,Unknown,Unknown,Unknown,Unknown,Unknown,Unknown,Unknown,Unknown,Yes,,35.0,2026-07-28T16:42:23+00:00,success,0
EY,BKK,PRG,BKK,TH,PRG,CZ,2027-03-03,2027-03-06,Winter,Economy,2,Eco-3,Economy Comfort,Economy Comfort,+66.25 USD,662.6,USD,Ubfly,YCOMFORT,,Included,Included,Included,Included,Unknown,Unknown,Unknown,Unknown,Unknown,Unknown,Unknown,Unknown,Unknown,Unknown,Unknown,Unknown,Yes,,75.0,2026-07-28T16:42:23+00:00,success,0
EY,BKK,PRG,BKK,TH,PRG,CZ,2027-03-03,2027-03-06,Winter,Economy,3,Eco-4,Economy Deluxe,Economy — Economy Deluxe,+169.94 USD,766.29,USD,Ubfly,YDELUXE,Change with Penalty; Uninterrupted return (up to the last 12 hours); Priority Access,Included,Included,Included,Included,Unknown,Unknown,Unknown,Unknown,Unknown,Unknown,Unknown,Unknown,Unknown,Unknown,Unknown,Unknown,Yes,,,2026-07-28T16:42:23+00:00,success,0
EY,BKK,PRG,BKK,TH,PRG,CZ,2027-03-03,2027-03-06,Winter,Business,0,Bus-1,Business Value,Business Basic,0.00 USD,2615.32,USD,Ubfly,JVALUE,Priority Access,Included,Included,Unknown,Included,Unknown,Unknown,Unknown,Unknown,Unknown,Unknown,Unknown,Unknown,Unknown,Unknown,Unknown,Unknown,Yes,,100.0,2026-07-28T16:42:23+00:00,success,0
EY,BKK,PRG,BKK,TH,PRG,CZ,2027-03-03,2027-03-06,Winter,Business,1,Bus-2,Business Comfort,Business Comfort,+144.03 USD,2759.35,USD,Ubfly,JCOMFORT,Priority Access; ETIHAD UAE CHAUFFEUR(F),Included,Included,Included,Included,Included,Unknown,Unknown,Unknown,Unknown,Unknown,Unknown,Unknown,Unknown,Unknown,Unknown,Unknown,Yes,,,2026-07-28T16:42:23+00:00,success,0
EY,BKK,PRG,BKK,TH,PRG,CZ,2027-03-03,2027-03-06,Winter,Business,2,Bus-3,Business Deluxe,Business — Business Deluxe,+434.02 USD,3049.34,USD,Ubfly,JDELUXE,Change with Penalty; Uninterrupted return (up to the last 12 hours); Priority Access; ETIHAD UAE CHAUFFEUR(F); ETIHAD GLOBAL CHAUFFEUR(F),Included,Included,Included,Included,Included,Unknown,Unknown,Unknown,Unknown,Unknown,Unknown,Unknown,Unknown,Unknown,Unknown,Unknown,Yes,,,2026-07-28T16:42:23+00:00,success,0
TK,BKK,PRG,BKK,TH,PRG,CZ,2027-05-04,2027-05-07,Summer,Economy,0,Eco-1,EcoFly,Economy Basic,0.00 USD,535.85,USD,Ubfly,CL,Online Message Verification,Included,Included,Unknown,Included,Unknown,Unknown,Unknown,Not Included,Unknown,Unknown,Unknown,Unknown,Unknown,Unknown,Unknown,Unknown,,,,2026-07-28T16:42:23+00:00,success,0
TK,BKK,PRG,BKK,TH,PRG,CZ,2027-05-04,2027-05-07,Summer,Economy,1,Eco-2,ExtraFly,Economy Standard,+63.88 USD,599.73,USD,Ubfly,LG,Online Message Verification,Included,Included,Unknown,Included,Unknown,Unknown,Unknown,Unknown,Unknown,Unknown,Unknown,Unknown,Unknown,Unknown,Unknown,Unknown,,,,2026-07-28T16:42:23+00:00,success,0
TK,BKK,PRG,BKK,TH,PRG,CZ,2027-05-04,2027-05-07,Summer,Economy,2,Eco-3,FlexFly,Economy Flex,+191.54 USD,727.39,USD,Ubfly,GN,Online Message Verification,Included,Included,Included,Included,Unknown,Unknown,Unknown,Unknown,Unknown,Unknown,Unknown,Unknown,Unknown,Unknown,Unknown,Unknown,Yes,,15.0,2026-07-28T16:42:23+00:00,success,0
TK,BKK,PRG,BKK,TH,PRG,CZ,2027-05-04,2027-05-07,Summer,Economy,3,Eco-4,Flexible,Economy Flex,+383.93 USD,919.78,USD,Ubfly,FL,Online Message Verification,Included,Included,Included,Included,Unknown,Unknown,Included,Unknown,Unknown,Unknown,Unknown,Paid,Unknown,Unknown,Unknown,Unknown,Yes,,30.0,2026-07-28T16:42:23+00:00,success,0
TK,BKK,PRG,BKK,TH,PRG,CZ,2027-05-04,2027-05-07,Summer,Business,0,Bus-1,Business Fly,Business — Business Fly,0.00 USD,2573.96,USD,Ubfly,BF,Priority Check-In,Included,Included,Included,Unknown,Included,Included,Included,Unknown,Unknown,Unknown,Unknown,Unknown,Included,Unknown,Unknown,Unknown,,,,2026-07-28T16:42:23+00:00,success,0
TK,BKK,PRG,BKK,TH,PRG,CZ,2027-05-04,2027-05-07,Summer,Business,1,Bus-2,Business Prime,Business Premium,+376.75 USD,2950.71,USD,Ubfly,BL,Priority Check-In,Included,Included,Included,Unknown,Included,Included,Included,Unknown,Unknown,Unknown,Unknown,Paid,Included,Unknown,Unknown,Unknown,Yes,,30.0,2026-07-28T16:42:23+00:00,success,0
TK,BKK,PRG,BKK,TH,PRG,CZ,2027-03-03,2027-03-06,Winter,Economy,0,Eco-1,EcoFly,Economy Basic,0.00 USD,1024.26,USD,Ubfly,CL,Online Message Verification,Included,Included,Unknown,Included,Unknown,Unknown,Unknown,Not Included,Unknown,Unknown,Unknown,Unknown,Unknown,Unknown,Unknown,Unknown,,,,2026-07-28T16:42:23+00:00,success,0
TK,BKK,PRG,BKK,TH,PRG,CZ,2027-03-03,2027-03-06,Winter,Economy,1,Eco-2,ExtraFly,Economy Standard,+63.88 USD,1088.14,USD,Ubfly,LG,Online Message Verification,Included,Included,Unknown,Included,Unknown,Unknown,Unknown,Unknown,Unknown,Unknown,Unknown,Unknown,Unknown,Unknown,Unknown,Unknown,,,,2026-07-28T16:42:23+00:00,success,0
TK,BKK,PRG,BKK,TH,PRG,CZ,2027-03-03,2027-03-06,Winter,Economy,2,Eco-3,FlexFly,Economy Flex,+191.54 USD,1215.8,USD,Ubfly,GN,Online Message Verification,Included,Included,Included,Included,Unknown,Unknown,Unknown,Unknown,Unknown,Unknown,Unknown,Unknown,Unknown,Unknown,Unknown,Unknown,Yes,,15.0,2026-07-28T16:42:23+00:00,success,0
TK,BKK,PRG,BKK,TH,PRG,CZ,2027-03-03,2027-03-06,Winter,Economy,3,Eco-4,Flexible,Economy Flex,+383.93 USD,1408.19,USD,Ubfly,FL,Online Message Verification,Included,Included,Included,Included,Unknown,Unknown,Included,Unknown,Unknown,Unknown,Unknown,Paid,Unknown,Unknown,Unknown,Unknown,Yes,,30.0,2026-07-28T16:42:23+00:00,success,0
TK,BKK,PRG,BKK,TH,PRG,CZ,2027-03-03,2027-03-06,Winter,Business,0,Bus-1,Business Fly,Business — Business Fly,0.00 USD,3282.92,USD,Ubfly,BF,Priority Check-In,Included,Included,Included,Unknown,Included,Included,Included,Unknown,Unknown,Unknown,Unknown,Unknown,Included,Unknown,Unknown,Unknown,,,,2026-07-28T16:42:23+00:00,success,0
TK,BKK,PRG,BKK,TH,PRG,CZ,2027-03-03,2027-03-06,Winter,Business,1,Bus-2,Business Prime,Business Premium,+376.75 USD,3659.67,USD,Ubfly,BL,Priority Check-In,Included,Included,Included,Unknown,Included,Included,Included,Unknown,Unknown,Unknown,Unknown,Paid,Included,Unknown,Unknown,Unknown,Yes,,30.0,2026-07-28T16:42:23+00:00,success,0
EK,PRG,HAN,PRG,CZ,HAN,VN,2027-05-07,2027-05-10,Summer,Economy,0,Eco-1,Economy Flex,Economy Flex,0.00 USD,878.79,USD,Ubfly,YS,• Hot and cold refreshments; • ICE entertainment; • Mileage upgrade eligibility; Economy Cabin,Included,Included,Included,Included,Unknown,Unknown,Unknown,Unknown,Not Included,Unknown,Unknown,Unknown,Included,Unknown,Unknown,Unknown,Yes,4500.0,,2026-07-28T16:42:23+00:00,success,0
EK,PRG,HAN,PRG,CZ,HAN,VN,2027-05-07,2027-05-10,Summer,Economy,1,Eco-2,Economy Flex Plus,Economy Comfort,+854.50 USD,1733.29,USD,Ubfly,YF,• Hot and cold refreshments; • ICE entertainment; • Mileage upgrade eligibility; Economy Cabin,Included,Included,Included,Included,Unknown,Unknown,Unknown,Not Included,Not Included,Unknown,Unknown,Unknown,Included,Unknown,Unknown,Unknown,,,,2026-07-28T16:42:23+00:00,success,0
EK,PRG,HAN,PRG,CZ,HAN,VN,2027-05-07,2027-05-10,Summer,Premium Economy,0,PEco-1,Premium Economy FlexPlus,Premium Economy Comfort,+906.59 USD,1785.38,USD,Ubfly,WF,• Hot and cold refreshments; • ICE entertainment; • Mileage upgrade eligibility; • Exclusive Premium Economy Class dining; Premium Economy Cabin,Included,Included,Included,Unknown,Unknown,Unknown,Unknown,Not Included,Not Included,Unknown,Unknown,Unknown,Included,Unknown,Unknown,Unknown,Yes,6600.0,,2026-07-28T16:42:23+00:00,success,0
EK,PRG,HAN,PRG,CZ,HAN,VN,2027-05-07,2027-05-10,Summer,Business,0,Bus-1,Business Flex,Business Flex,0.00 USD,3742.04,USD,Ubfly,BSFLEX,Soft drink; Internet Access; Premium check-in; In-flight entertainment; Chauffeur Drive,Included,Included,Included,Included,Included,Included,Included,Unknown,Unknown,Unknown,Unknown,Unknown,Unknown,Unknown,Unknown,Unknown,Yes,,175.0,2026-07-28T16:42:23+00:00,success,0
EK,PRG,HAN,PRG,CZ,HAN,VN,2027-05-07,2027-05-10,Summer,Business,1,Bus-2,Business Flex Plus,Business Comfort,"+1,006.71 USD",4748.75,USD,Ubfly,BSFLXPLUS,Premium check-in; Soft drink; In-flight entertainment; Chauffeur Drive; Internet Access; Uninterrupted return (up to the last 12 hours); Change with Penalty,Included,Included,Included,Included,Included,Included,Included,Unknown,Unknown,Unknown,Unknown,Unknown,Unknown,Unknown,Unknown,Unknown,Yes,,190.0,2026-07-28T16:42:23+00:00,success,0
EK,PRG,HAN,PRG,CZ,HAN,VN,2027-03-20,2027-03-23,Winter,Economy,0,Eco-1,Economy Flex,Economy Flex,0.00 USD,923.8,USD,Ubfly,YS,• Hot and cold refreshments; • ICE entertainment; • Mileage upgrade eligibility; Economy Cabin,Included,Included,Included,Included,Unknown,Unknown,Unknown,Unknown,Not Included,Unknown,Unknown,Unknown,Included,Unknown,Unknown,Unknown,Yes,4500.0,,2026-07-28T16:42:23+00:00,success,0
EK,PRG,HAN,PRG,CZ,HAN,VN,2027-03-20,2027-03-23,Winter,Economy,1,Eco-2,Economy Flex Plus,Economy Comfort,+854.47 USD,1778.27,USD,Ubfly,YF,• Hot and cold refreshments; • ICE entertainment; • Mileage upgrade eligibility; Economy Cabin,Included,Included,Included,Included,Unknown,Unknown,Unknown,Not Included,Not Included,Unknown,Unknown,Unknown,Included,Unknown,Unknown,Unknown,Yes,6000.0,,2026-07-28T16:42:23+00:00,success,0
EK,PRG,HAN,PRG,CZ,HAN,VN,2027-03-20,2027-03-23,Winter,Premium Economy,0,PEco-1,Premium Economy FlexPlus,Premium Economy Comfort,+906.61 USD,1830.41,USD,Ubfly,WF,• Hot and cold refreshments; • ICE entertainment; • Mileage upgrade eligibility; • Exclusive Premium Economy Class dining; Premium Economy Cabin,Included,Included,Included,Unknown,Unknown,Unknown,Unknown,Not Included,Not Included,Unknown,Unknown,Unknown,Included,Unknown,Unknown,Unknown,Yes,6600.0,,2026-07-28T16:42:23+00:00,success,0
EK,PRG,HAN,PRG,CZ,HAN,VN,2027-03-20,2027-03-23,Winter,Business,0,Bus-1,Business Flex,Business Flex,0.00 USD,3742.04,USD,Ubfly,BSFLEX,Soft drink; Premium check-in; In-flight entertainment; Chauffeur Drive; Internet Access,Included,Included,Included,Included,Included,Included,Included,Unknown,Unknown,Unknown,Unknown,Unknown,Unknown,Unknown,Unknown,Unknown,Yes,,175.0,2026-07-28T16:42:23+00:00,success,0
EK,PRG,HAN,PRG,CZ,HAN,VN,2027-03-20,2027-03-23,Winter,Business,1,Bus-2,Business Flex Plus,Business Comfort,"+1,006.71 USD",4748.75,USD,Ubfly,BSFLXPLUS,Premium check-in; Soft drink; In-flight entertainment; Chauffeur Drive; Internet Access; Uninterrupted return (up to the last 12 hours); Change with Penalty,Included,Included,Included,Included,Included,Included,Included,Unknown,Unknown,Unknown,Unknown,Unknown,Unknown,Unknown,Unknown,Unknown,Yes,,190.0,2026-07-28T16:42:23+00:00,success,0
QR,PRG,HAN,PRG,CZ,HAN,VN,2027-05-07,2027-05-10,Summer,Economy,0,Eco-1,Economy Classic,Economy Standard,0.00 USD,578.48,USD,Ubfly,ECLASSIC,,Included,Included,Unknown,Included,Unknown,Unknown,Unknown,Unknown,Unknown,Unknown,Unknown,Unknown,Unknown,Unknown,Unknown,Unknown,Yes,,50.0,2026-07-28T16:42:23+00:00,success,0
QR,PRG,HAN,PRG,CZ,HAN,VN,2027-05-07,2027-05-10,Summer,Economy,1,Eco-2,Economy Convenience,Economy — Economy Convenience,+176.13 USD,754.61,USD,Ubfly,ECONVENIEN,,Included,Included,Included,Included,Unknown,Unknown,Unknown,Unknown,Unknown,Unknown,Unknown,Unknown,Unknown,Unknown,Unknown,Unknown,Yes,,75.0,2026-07-28T16:42:23+00:00,success,0
QR,PRG,HAN,PRG,CZ,HAN,VN,2027-05-07,2027-05-10,Summer,Economy,2,Eco-3,Economy Comfort,Economy Comfort,+616.47 USD,1194.95,USD,Ubfly,ECOMFORT,Uninterrupted return (up to the last 12 hours); Change with Penalty,Included,Included,Included,Included,Unknown,Unknown,Unknown,Unknown,Unknown,Unknown,Unknown,Unknown,Unknown,Unknown,Unknown,Unknown,Yes,,100.0,2026-07-28T16:42:23+00:00,success,0
QR,PRG,HAN,PRG,CZ,HAN,VN,2027-05-07,2027-05-10,Summer,Business,0,Bus-1,Business Comfort,Business Comfort,0.00 USD,3613.66,USD,Ubfly,BCOMFORT,175 PCT QMILES ACCUMULATION(F),Included,Included,Included,Included,Included,Unknown,Unknown,Unknown,Unknown,Unknown,Unknown,Unknown,Unknown,Unknown,Unknown,Unknown,,,,2026-07-28T16:42:23+00:00,success,0
QR,PRG,HAN,PRG,CZ,HAN,VN,2027-05-07,2027-05-10,Summer,Business,1,Bus-2,Business Elite,Business Lite,"+1,060.22 USD",4673.88,USD,Ubfly,BELITE,200 PCT QMILES ACCUMULATION(F); Uninterrupted return (up to the last 12 hours); Change with Penalty,Included,Included,Included,Included,Included,Unknown,Unknown,Unknown,Unknown,Unknown,Unknown,Unknown,Unknown,Unknown,Unknown,Unknown,,,,2026-07-28T16:42:23+00:00,success,0
QR,PRG,HAN,PRG,CZ,HAN,VN,2027-03-20,2027-03-23,Winter,Economy,0,Eco-1,Economy Convenience,Economy — Economy Convenience,0.00 USD,960.72,USD,Ubfly,ECONVENIEN,,Included,Included,Included,Included,Unknown,Unknown,Unknown,Unknown,Unknown,Unknown,Unknown,Unknown,Unknown,Unknown,Unknown,Unknown,Yes,,75.0,2026-07-28T16:42:23+00:00,success,0
QR,PRG,HAN,PRG,CZ,HAN,VN,2027-03-20,2027-03-23,Winter,Economy,1,Eco-2,Economy Comfort,Economy Comfort,+234.23 USD,1194.95,USD,Ubfly,ECOMFORT,Uninterrupted return (up to the last 12 hours); Change with Penalty,Included,Included,Included,Included,Unknown,Unknown,Unknown,Unknown,Unknown,Unknown,Unknown,Unknown,Unknown,Unknown,Unknown,Unknown,Yes,,100.0,2026-07-28T16:42:23+00:00,success,0
QR,PRG,HAN,PRG,CZ,HAN,VN,2027-03-20,2027-03-23,Winter,Business,0,Bus-1,Business Comfort,Business Comfort,0.00 USD,3613.66,USD,Ubfly,BCOMFORT,175 PCT QMILES ACCUMULATION(F),Included,Included,Included,Included,Included,Unknown,Unknown,Unknown,Unknown,Unknown,Unknown,Unknown,Unknown,Unknown,Unknown,Unknown,,,,2026-07-28T16:42:23+00:00,success,0
QR,PRG,HAN,PRG,CZ,HAN,VN,2027-03-20,2027-03-23,Winter,Business,1,Bus-2,Business Elite,Business Lite,"+1,060.22 USD",4673.88,USD,Ubfly,BELITE,200 PCT QMILES ACCUMULATION(F); Uninterrupted return (up to the last 12 hours); Change with Penalty,Included,Included,Included,Included,Included,Unknown,Unknown,Unknown,Unknown,Unknown,Unknown,Unknown,Unknown,Unknown,Unknown,Unknown,,,,2026-07-28T16:42:23+00:00,success,0
EY,PRG,HAN,PRG,CZ,HAN,VN,2027-05-07,2027-05-10,Summer,Economy,0,Eco-1,Economy Value,Economy Basic,0.00 USD,389.82,USD,Ubfly,YVALUE,,Included,Included,Unknown,Included,Unknown,Unknown,Unknown,Unknown,Unknown,Unknown,Unknown,Unknown,Unknown,Unknown,Unknown,Unknown,Yes,,35.0,2026-07-28T16:42:23+00:00,success,0
EY,PRG,HAN,PRG,CZ,HAN,VN,2027-05-07,2027-05-10,Summer,Economy,1,Eco-2,Economy Comfort,Economy Comfort,+11.78 USD,401.6,USD,Ubfly,YCOMFORT,,Included,Included,Included,Included,Unknown,Unknown,Unknown,Unknown,Unknown,Unknown,Unknown,Unknown,Unknown,Unknown,Unknown,Unknown,Yes,,75.0,2026-07-28T16:42:23+00:00,success,0
EY,PRG,HAN,PRG,CZ,HAN,VN,2027-05-07,2027-05-10,Summer,Economy,2,Eco-3,Economy Deluxe,Economy — Economy Deluxe,+90.07 USD,479.89,USD,Ubfly,YDELUXE,Uninterrupted return (up to the last 12 hours); Priority Access; Change with Penalty,Included,Included,Included,Included,Unknown,Unknown,Unknown,Unknown,Unknown,Unknown,Unknown,Unknown,Unknown,Unknown,Unknown,Unknown,Yes,,,2026-07-28T16:42:23+00:00,success,0
EY,PRG,HAN,PRG,CZ,HAN,VN,2027-05-07,2027-05-10,Summer,Business,0,Bus-1,Business Value,Business Basic,0.00 USD,3080.0,USD,Ubfly,JVALUE,Priority Access,Included,Included,Unknown,Included,Unknown,Unknown,Unknown,Unknown,Unknown,Unknown,Unknown,Unknown,Unknown,Unknown,Unknown,Unknown,Yes,,100.0,2026-07-28T16:42:23+00:00,success,0
EY,PRG,HAN,PRG,CZ,HAN,VN,2027-05-07,2027-05-10,Summer,Business,1,Bus-2,Business Comfort,Business Comfort,+133.11 USD,3213.11,USD,Ubfly,JCOMFORT,Priority Access; ETIHAD UAE CHAUFFEUR(F),Included,Included,Included,Included,Included,Unknown,Unknown,Unknown,Unknown,Unknown,Unknown,Unknown,Unknown,Unknown,Unknown,Unknown,Yes,,,2026-07-28T16:42:23+00:00,success,0
EY,PRG,HAN,PRG,CZ,HAN,VN,2027-05-07,2027-05-10,Summer,Business,2,Bus-3,Business Deluxe,Business — Business Deluxe,+324.97 USD,3404.97,USD,Ubfly,JDELUXE,Change with Penalty; Uninterrupted return (up to the last 12 hours); Priority Access; ETIHAD UAE CHAUFFEUR(F); ETIHAD GLOBAL CHAUFFEUR(F),Included,Included,Included,Included,Included,Unknown,Unknown,Unknown,Unknown,Unknown,Unknown,Unknown,Unknown,Unknown,Unknown,Unknown,Yes,,,2026-07-28T16:42:23+00:00,success,0
EY,PRG,HAN,PRG,CZ,HAN,VN,2027-03-20,2027-03-23,Winter,Economy,0,Eco-1,Economy Value,Economy Basic,0.00 USD,1002.89,USD,Ubfly,YVALUE,,Included,Included,Unknown,Included,Unknown,Unknown,Unknown,Unknown,Unknown,Unknown,Unknown,Unknown,Unknown,Unknown,Unknown,Unknown,Yes,,35.0,2026-07-28T16:42:23+00:00,success,0
EY,PRG,HAN,PRG,CZ,HAN,VN,2027-03-20,2027-03-23,Winter,Economy,1,Eco-2,Economy Comfort,Economy Comfort,+9.79 USD,1012.68,USD,Ubfly,YCOMFORT,,Included,Included,Included,Included,Unknown,Unknown,Unknown,Unknown,Unknown,Unknown,Unknown,Unknown,Unknown,Unknown,Unknown,Unknown,Yes,,75.0,2026-07-28T16:42:23+00:00,success,0
EY,PRG,HAN,PRG,CZ,HAN,VN,2027-03-20,2027-03-23,Winter,Economy,2,Eco-3,Economy Deluxe,Economy — Economy Deluxe,+137.04 USD,1139.93,USD,Ubfly,YDELUXE,Change with Penalty; Uninterrupted return (up to the last 12 hours); Priority Access,Included,Included,Included,Included,Unknown,Unknown,Unknown,Unknown,Unknown,Unknown,Unknown,Unknown,Unknown,Unknown,Unknown,Unknown,Yes,,,2026-07-28T16:42:23+00:00,success,0
EY,PRG,HAN,PRG,CZ,HAN,VN,2027-03-20,2027-03-23,Winter,Business,0,Bus-1,Business Value,Business Basic,0.00 USD,3532.69,USD,Ubfly,JVALUE,Priority Access,Included,Included,Unknown,Included,Unknown,Unknown,Unknown,Unknown,Unknown,Unknown,Unknown,Unknown,Unknown,Unknown,Unknown,Unknown,Yes,,100.0,2026-07-28T16:42:23+00:00,success,0
EY,PRG,HAN,PRG,CZ,HAN,VN,2027-03-20,2027-03-23,Winter,Business,1,Bus-2,Business Comfort,Business Comfort,+174.26 USD,3706.95,USD,Ubfly,JCOMFORT,Priority Access; ETIHAD UAE CHAUFFEUR(F),Included,Included,Included,Included,Included,Unknown,Unknown,Unknown,Unknown,Unknown,Unknown,Unknown,Unknown,Unknown,Unknown,Unknown,Yes,,,2026-07-28T16:42:23+00:00,success,0
EY,PRG,HAN,PRG,CZ,HAN,VN,2027-03-20,2027-03-23,Winter,Business,2,Bus-3,Business Deluxe,Business — Business Deluxe,+366.12 USD,3898.81,USD,Ubfly,JDELUXE,Change with Penalty; Uninterrupted return (up to the last 12 hours); Priority Access; ETIHAD UAE CHAUFFEUR(F); ETIHAD GLOBAL CHAUFFEUR(F),Included,Included,Included,Included,Included,Unknown,Unknown,Unknown,Unknown,Unknown,Unknown,Unknown,Unknown,Unknown,Unknown,Unknown,Yes,,,2026-07-28T16:42:23+00:00,success,0
TK,PRG,HAN,PRG,CZ,HAN,VN,2027-05-07,2027-05-10,Summer,Economy,0,Eco-1,EcoFly,Economy Basic,0.00 USD,695.64,USD,Ubfly,CL,Online Message Verification,Included,Included,Unknown,Included,Unknown,Unknown,Unknown,Not Included,Unknown,Unknown,Unknown,Unknown,Unknown,Unknown,Unknown,Unknown,,,,2026-07-28T16:42:23+00:00,success,0
TK,PRG,HAN,PRG,CZ,HAN,VN,2027-05-07,2027-05-10,Summer,Economy,1,Eco-2,ExtraFly,Economy Standard,+48.64 USD,744.28,USD,Ubfly,LG,Online Message Verification,Included,Included,Unknown,Included,Unknown,Unknown,Unknown,Unknown,Unknown,Unknown,Unknown,Unknown,Unknown,Unknown,Unknown,Unknown,,,,2026-07-28T16:42:23+00:00,success,0
TK,PRG,HAN,PRG,CZ,HAN,VN,2027-05-07,2027-05-10,Summer,Economy,2,Eco-3,FlexFly,Economy Flex,+98.77 USD,794.41,USD,Ubfly,GN,Online Message Verification,Included,Included,Included,Included,Unknown,Unknown,Unknown,Unknown,Unknown,Unknown,Unknown,Unknown,Unknown,Unknown,Unknown,Unknown,Yes,,15.0,2026-07-28T16:42:23+00:00,success,0
TK,PRG,HAN,PRG,CZ,HAN,VN,2027-05-07,2027-05-10,Summer,Economy,3,Eco-4,Flexible,Economy Flex,+195.41 USD,891.05,USD,Ubfly,FL,Online Message Verification,Included,Included,Included,Included,Unknown,Unknown,Included,Unknown,Unknown,Unknown,Unknown,Paid,Unknown,Unknown,Unknown,Unknown,Yes,,30.0,2026-07-28T16:42:23+00:00,success,0
TK,PRG,HAN,PRG,CZ,HAN,VN,2027-05-07,2027-05-10,Summer,Business,0,Bus-1,Business Fly,Business — Business Fly,0.00 USD,3166.33,USD,Ubfly,BF,Priority Check-In,Included,Included,Included,Unknown,Included,Included,Included,Unknown,Unknown,Unknown,Unknown,Unknown,Included,Unknown,Unknown,Unknown,,,,2026-07-28T16:42:23+00:00,success,0
TK,PRG,HAN,PRG,CZ,HAN,VN,2027-05-07,2027-05-10,Summer,Business,1,Bus-2,Business Prime,Business Premium,+176.47 USD,3342.8,USD,Ubfly,BL,Priority Check-In,Included,Included,Included,Unknown,Included,Included,Included,Unknown,Unknown,Unknown,Unknown,Paid,Included,Unknown,Unknown,Unknown,Yes,,30.0,2026-07-28T16:42:23+00:00,success,0
TK,PRG,HAN,PRG,CZ,HAN,VN,2027-03-20,2027-03-23,Winter,Business,0,Bus-1,Business Fly,Business — Business Fly,0.00 USD,3874.88,USD,Ubfly,BF,Priority Check-In,Included,Included,Included,Unknown,Included,Included,Included,Unknown,Unknown,Unknown,Unknown,Unknown,Included,Unknown,Unknown,Unknown,,,,2026-07-28T16:42:23+00:00,success,0
TK,PRG,HAN,PRG,CZ,HAN,VN,2027-03-20,2027-03-23,Winter,Business,1,Bus-2,Business Prime,Business Premium,+176.47 USD,4051.35,USD,Ubfly,BL,Priority Check-In,Included,Included,Included,Unknown,Included,Included,Included,Unknown,Unknown,Unknown,Unknown,Paid,Included,Unknown,Unknown,Unknown,Yes,,30.0,2026-07-28T16:42:23+00:00,success,0
QR,WAW,BKK,WAW,PL,BKK,TH,2027-05-01,2027-05-04,Summer,Economy,0,Eco-1,Economy Classic,Economy Standard,0.00 USD,1010.92,USD,Ubfly,ECLASSIC,,Included,Included,Unknown,Included,Unknown,Unknown,Unknown,Unknown,Unknown,Unknown,Unknown,Unknown,Unknown,Unknown,Unknown,Unknown,Yes,,50.0,2026-07-28T16:42:23+00:00,success,0
QR,WAW,BKK,WAW,PL,BKK,TH,2027-05-01,2027-05-04,Summer,Economy,1,Eco-2,Economy Convenience,Economy — Economy Convenience,+53.42 USD,1064.34,USD,Ubfly,ECONVENIEN,,Included,Included,Included,Included,Unknown,Unknown,Unknown,Unknown,Unknown,Unknown,Unknown,Unknown,Unknown,Unknown,Unknown,Unknown,Yes,,75.0,2026-07-28T16:42:23+00:00,success,0
QR,WAW,BKK,WAW,PL,BKK,TH,2027-05-01,2027-05-04,Summer,Economy,2,Eco-3,Economy Comfort,Economy Comfort,+492.18 USD,1503.1,USD,Ubfly,ECOMFORT,Uninterrupted return (up to the last 12 hours); Change with Penalty,Included,Included,Included,Included,Unknown,Unknown,Unknown,Unknown,Unknown,Unknown,Unknown,Unknown,Unknown,Unknown,Unknown,Unknown,Yes,,100.0,2026-07-28T16:42:23+00:00,success,0
QR,WAW,BKK,WAW,PL,BKK,TH,2027-05-01,2027-05-04,Summer,Business,0,Bus-1,Business Comfort,Business Comfort,0.00 USD,2888.02,USD,Ubfly,BCOMFORT,175 PCT QMILES ACCUMULATION(F),Included,Included,Included,Included,Included,Unknown,Unknown,Unknown,Unknown,Unknown,Unknown,Unknown,Unknown,Unknown,Unknown,Unknown,,,,2026-07-28T16:42:23+00:00,success,0
QR,WAW,BKK,WAW,PL,BKK,TH,2027-05-01,2027-05-04,Summer,Business,1,Bus-2,Business Elite,Business Lite,+715.91 USD,3603.93,USD,Ubfly,BELITE,200 PCT QMILES ACCUMULATION(F); Uninterrupted return (up to the last 12 hours); Change with Penalty,Included,Included,Included,Included,Included,Unknown,Unknown,Unknown,Unknown,Unknown,Unknown,Unknown,Unknown,Unknown,Unknown,Unknown,,,,2026-07-28T16:42:23+00:00,success,0
QR,WAW,BKK,WAW,PL,BKK,TH,2027-03-28,2027-03-31,Winter,Economy,0,Eco-1,Economy Classic,Economy Standard,0.00 USD,991.43,USD,Ubfly,ECLASSIC,,Included,Included,Unknown,Included,Unknown,Unknown,Unknown,Unknown,Unknown,Unknown,Unknown,Unknown,Unknown,Unknown,Unknown,Unknown,Yes,,50.0,2026-07-28T16:42:23+00:00,success,0
QR,WAW,BKK,WAW,PL,BKK,TH,2027-03-28,2027-03-31,Winter,Economy,1,Eco-2,Economy Convenience,Economy — Economy Convenience,+53.42 USD,1044.85,USD,Ubfly,ECONVENIEN,,Included,Included,Included,Included,Unknown,Unknown,Unknown,Unknown,Unknown,Unknown,Unknown,Unknown,Unknown,Unknown,Unknown,Unknown,Yes,,75.0,2026-07-28T16:42:23+00:00,success,0
QR,WAW,BKK,WAW,PL,BKK,TH,2027-03-28,2027-03-31,Winter,Economy,2,Eco-3,Economy Comfort,Economy Comfort,+492.18 USD,1483.61,USD,Ubfly,ECOMFORT,Uninterrupted return (up to the last 12 hours); Change with Penalty,Included,Included,Included,Included,Unknown,Unknown,Unknown,Unknown,Unknown,Unknown,Unknown,Unknown,Unknown,Unknown,Unknown,Unknown,Yes,,100.0,2026-07-28T16:42:23+00:00,success,0
QR,WAW,BKK,WAW,PL,BKK,TH,2027-03-28,2027-03-31,Winter,Business,0,Bus-1,Business Comfort,Business Comfort,0.00 USD,2839.6,USD,Ubfly,BCOMFORT,175 PCT QMILES ACCUMULATION(F),Included,Included,Included,Included,Included,Unknown,Unknown,Unknown,Unknown,Unknown,Unknown,Unknown,Unknown,Unknown,Unknown,Unknown,,,,2026-07-28T16:42:23+00:00,success,0
QR,WAW,BKK,WAW,PL,BKK,TH,2027-03-28,2027-03-31,Winter,Business,1,Bus-2,Business Elite,Business Lite,+715.89 USD,3555.49,USD,Ubfly,BELITE,200 PCT QMILES ACCUMULATION(F); Uninterrupted return (up to the last 12 hours); Change with Penalty,Included,Included,Included,Included,Included,Unknown,Unknown,Unknown,Unknown,Unknown,Unknown,Unknown,Unknown,Unknown,Unknown,Unknown,,,,2026-07-28T16:42:23+00:00,success,0
EK,WAW,BKK,WAW,PL,BKK,TH,2027-05-01,2027-05-04,Summer,Economy,0,Eco-1,Economy Flex,Economy Flex,0.00 USD,954.16,USD,Ubfly,ECOFLEX,Soft drink; In-flight entertainment,Included,Included,Unknown,Included,Unknown,Unknown,Unknown,Unknown,Unknown,Unknown,Unknown,Unknown,Unknown,Unknown,Unknown,Unknown,Yes,,70.0,2026-07-28T16:42:23+00:00,success,0
EK,WAW,BKK,WAW,PL,BKK,TH,2027-05-01,2027-05-04,Summer,Economy,1,Eco-2,Economy Flex Plus,Economy Comfort,+516.14 USD,1470.3,USD,Ubfly,ECOFLXPLUS,Uninterrupted return (up to the last 12 hours); Change with Penalty; Soft drink; In-flight entertainment,Included,Included,Unknown,Included,Unknown,Unknown,Unknown,Unknown,Unknown,Unknown,Unknown,Unknown,Unknown,Unknown,Unknown,Unknown,Yes,,100.0,2026-07-28T16:42:23+00:00,success,0
EK,WAW,BKK,WAW,PL,BKK,TH,2027-05-01,2027-05-04,Summer,Premium Economy,0,PEco-1,Premium Economy Flex Plus,Premium Economy Comfort,+558.52 USD,1512.68,USD,Ubfly,PYFLXPLUS,Uninterrupted return (up to the last 12 hours); Change with Penalty; Soft drink; In-flight entertainment,Included,Included,Included,Included,Unknown,Unknown,Unknown,Unknown,Unknown,Unknown,Unknown,Unknown,Unknown,Unknown,Unknown,Unknown,Yes,,,2026-07-28T16:42:23+00:00,success,0
EK,WAW,BKK,WAW,PL,BKK,TH,2027-05-01,2027-05-04,Summer,Business,0,Bus-1,Business Flex,Business Flex,0.00 USD,2889.69,USD,Ubfly,BSFLEX,Soft drink; Premium check-in; In-flight entertainment; Chauffeur Drive; Internet Access,Included,Included,Included,Included,Included,Included,Included,Unknown,Unknown,Unknown,Unknown,Unknown,Unknown,Unknown,Unknown,Unknown,Yes,,175.0,2026-07-28T16:42:23+00:00,success,0
EK,WAW,BKK,WAW,PL,BKK,TH,2027-05-01,2027-05-04,Summer,Business,1,Bus-2,Business Flex Plus,Business Comfort,+678.28 USD,3567.97,USD,Ubfly,BSFLXPLUS,Premium check-in; Soft drink; In-flight entertainment; Chauffeur Drive; Internet Access; Uninterrupted return (up to the last 12 hours); Change with Penalty,Included,Included,Included,Included,Included,Included,Included,Unknown,Unknown,Unknown,Unknown,Unknown,Unknown,Unknown,Unknown,Unknown,Yes,,190.0,2026-07-28T16:42:23+00:00,success,0
EK,WAW,BKK,WAW,PL,BKK,TH,2027-03-28,2027-03-31,Winter,Economy,0,Eco-1,Economy Flex,Economy Flex,0.00 USD,869.68,USD,Ubfly,ECOFLEX,Soft drink; In-flight entertainment,Included,Included,Unknown,Included,Unknown,Unknown,Unknown,Unknown,Unknown,Unknown,Unknown,Unknown,Unknown,Unknown,Unknown,Unknown,Yes,,70.0,2026-07-28T16:42:23+00:00,success,0
EK,WAW,BKK,WAW,PL,BKK,TH,2027-03-28,2027-03-31,Winter,Economy,1,Eco-2,Economy Flex Plus,Economy Comfort,+516.39 USD,1386.07,USD,Ubfly,ECOFLXPLUS,Soft drink; In-flight entertainment; Uninterrupted return (up to the last 12 hours); Change with Penalty,Included,Included,Unknown,Included,Unknown,Unknown,Unknown,Unknown,Unknown,Unknown,Unknown,Unknown,Unknown,Unknown,Unknown,Unknown,Yes,,100.0,2026-07-28T16:42:23+00:00,success,0
EK,WAW,BKK,WAW,PL,BKK,TH,2027-03-28,2027-03-31,Winter,Premium Economy,0,PEco-1,Premium Economy Flex Plus,Premium Economy Comfort,+561.42 USD,1431.1,USD,Ubfly,PYFLXPLUS,Soft drink; In-flight entertainment; Uninterrupted return (up to the last 12 hours); Change with Penalty,Included,Included,Included,Included,Unknown,Unknown,Unknown,Unknown,Unknown,Unknown,Unknown,Unknown,Unknown,Unknown,Unknown,Unknown,Yes,,,2026-07-28T16:42:23+00:00,success,0
EK,WAW,BKK,WAW,PL,BKK,TH,2027-03-28,2027-03-31,Winter,Business,0,Bus-1,Business Flex,Business Flex,0.00 USD,2889.69,USD,Ubfly,BSFLEX,Soft drink; Premium check-in; In-flight entertainment; Chauffeur Drive; Internet Access,Included,Included,Included,Included,Included,Included,Included,Unknown,Unknown,Unknown,Unknown,Unknown,Unknown,Unknown,Unknown,Unknown,Yes,,175.0,2026-07-28T16:42:23+00:00,success,0
EK,WAW,BKK,WAW,PL,BKK,TH,2027-03-28,2027-03-31,Winter,Business,1,Bus-2,Business Flex Plus,Business Comfort,+678.28 USD,3567.97,USD,Ubfly,BSFLXPLUS,Premium check-in; Soft drink; In-flight entertainment; Chauffeur Drive; Internet Access; Uninterrupted return (up to the last 12 hours); Change with Penalty,Included,Included,Included,Included,Included,Included,Included,Unknown,Unknown,Unknown,Unknown,Unknown,Unknown,Unknown,Unknown,Unknown,Yes,,190.0,2026-07-28T16:42:23+00:00,success,0
EY,WAW,BKK,WAW,PL,BKK,TH,2027-05-01,2027-05-04,Summer,Economy,0,Eco-1,Economy Value,Economy Basic,0.00 USD,783.12,USD,Ubfly,YVALUE,,Included,Included,Unknown,Included,Unknown,Unknown,Unknown,Unknown,Unknown,Unknown,Unknown,Unknown,Unknown,Unknown,Unknown,Unknown,Yes,,35.0,2026-07-28T16:42:23+00:00,success,0
EY,WAW,BKK,WAW,PL,BKK,TH,2027-05-01,2027-05-04,Summer,Economy,1,Eco-2,Economy Comfort,Economy Comfort,+48.95 USD,832.07,USD,Ubfly,YCOMFORT,,Included,Included,Included,Included,Unknown,Unknown,Unknown,Unknown,Unknown,Unknown,Unknown,Unknown,Unknown,Unknown,Unknown,Unknown,Yes,,75.0,2026-07-28T16:42:23+00:00,success,0
EY,WAW,BKK,WAW,PL,BKK,TH,2027-05-01,2027-05-04,Summer,Economy,2,Eco-3,Economy Deluxe,Economy — Economy Deluxe,+119.75 USD,902.87,USD,Ubfly,YDELUXE,Change with Penalty; Uninterrupted return (up to the last 12 hours); Priority Access,Included,Included,Included,Included,Unknown,Unknown,Unknown,Unknown,Unknown,Unknown,Unknown,Unknown,Unknown,Unknown,Unknown,Unknown,Yes,,,2026-07-28T16:42:23+00:00,success,0
EY,WAW,BKK,WAW,PL,BKK,TH,2027-05-01,2027-05-04,Summer,Business,0,Bus-1,Business Value,Business Basic,0.00 USD,1805.98,USD,Ubfly,JVALUE,Priority Access,Included,Included,Unknown,Included,Unknown,Unknown,Unknown,Unknown,Unknown,Unknown,Unknown,Unknown,Unknown,Unknown,Unknown,Unknown,Yes,,100.0,2026-07-28T16:42:23+00:00,success,0
EY,WAW,BKK,WAW,PL,BKK,TH,2027-05-01,2027-05-04,Summer,Business,1,Bus-2,Business Comfort,Business Comfort,+171.36 USD,1977.34,USD,Ubfly,JCOMFORT,Priority Access; ETIHAD UAE CHAUFFEUR(F),Included,Included,Included,Included,Included,Unknown,Unknown,Unknown,Unknown,Unknown,Unknown,Unknown,Unknown,Unknown,Unknown,Unknown,Yes,,,2026-07-28T16:42:23+00:00,success,0
EY,WAW,BKK,WAW,PL,BKK,TH,2027-05-01,2027-05-04,Summer,Business,2,Bus-3,Business Deluxe,Business — Business Deluxe,+887.00 USD,2692.98,USD,Ubfly,JDELUXE,Change with Penalty; Uninterrupted return (up to the last 12 hours); Priority Access; ETIHAD UAE CHAUFFEUR(F); ETIHAD GLOBAL CHAUFFEUR(F),Included,Included,Included,Included,Included,Unknown,Unknown,Unknown,Unknown,Unknown,Unknown,Unknown,Unknown,Unknown,Unknown,Unknown,Yes,,,2026-07-28T16:42:23+00:00,success,0
EY,WAW,BKK,WAW,PL,BKK,TH,2027-03-28,2027-03-31,Winter,Economy,0,Eco-1,Economy Value,Economy Basic,0.00 USD,822.59,USD,Ubfly,YVALUE,,Included,Included,Unknown,Included,Unknown,Unknown,Unknown,Unknown,Unknown,Unknown,Unknown,Unknown,Unknown,Unknown,Unknown,Unknown,Yes,,35.0,2026-07-28T16:42:23+00:00,success,0
EY,WAW,BKK,WAW,PL,BKK,TH,2027-03-28,2027-03-31,Winter,Economy,1,Eco-2,Economy Comfort,Economy Comfort,+48.97 USD,871.56,USD,Ubfly,YCOMFORT,,Included,Included,Included,Included,Unknown,Unknown,Unknown,Unknown,Unknown,Unknown,Unknown,Unknown,Unknown,Unknown,Unknown,Unknown,Yes,,75.0,2026-07-28T16:42:23+00:00,success,0
EY,WAW,BKK,WAW,PL,BKK,TH,2027-03-28,2027-03-31,Winter,Economy,2,Eco-3,Economy Deluxe,Economy — Economy Deluxe,+119.77 USD,942.36,USD,Ubfly,YDELUXE,Change with Penalty; Uninterrupted return (up to the last 12 hours); Priority Access,Included,Included,Included,Included,Unknown,Unknown,Unknown,Unknown,Unknown,Unknown,Unknown,Unknown,Unknown,Unknown,Unknown,Unknown,Yes,,,2026-07-28T16:42:23+00:00,success,0
EY,WAW,BKK,WAW,PL,BKK,TH,2027-03-28,2027-03-31,Winter,Business,0,Bus-1,Business Value,Business Basic,0.00 USD,2848.01,USD,Ubfly,JVALUE,Priority Access,Included,Included,Unknown,Included,Unknown,Unknown,Unknown,Unknown,Unknown,Unknown,Unknown,Unknown,Unknown,Unknown,Unknown,Unknown,Yes,,100.0,2026-07-28T16:42:23+00:00,success,0
EY,WAW,BKK,WAW,PL,BKK,TH,2027-03-28,2027-03-31,Winter,Business,1,Bus-2,Business Comfort,Business Comfort,+225.82 USD,3073.83,USD,Ubfly,JCOMFORT,Priority Access; ETIHAD UAE CHAUFFEUR(F),Included,Included,Included,Included,Included,Unknown,Unknown,Unknown,Unknown,Unknown,Unknown,Unknown,Unknown,Unknown,Unknown,Unknown,Yes,,,2026-07-28T16:42:23+00:00,success,0
EY,WAW,BKK,WAW,PL,BKK,TH,2027-03-28,2027-03-31,Winter,Business,2,Bus-3,Business Deluxe,Business — Business Deluxe,+417.18 USD,3265.19,USD,Ubfly,JDELUXE,Priority Access; ETIHAD UAE CHAUFFEUR(F); ETIHAD GLOBAL CHAUFFEUR(F); Change with Penalty; Uninterrupted return (up to the last 12 hours),Included,Included,Included,Included,Included,Unknown,Unknown,Unknown,Unknown,Unknown,Unknown,Unknown,Unknown,Unknown,Unknown,Unknown,Yes,,,2026-07-28T16:42:23+00:00,success,0
CA,WAW,BKK,WAW,PL,BKK,TH,2027-05-01,2027-05-04,Summer,Economy,0,Eco-1,Basic,Economy Basic,0.00 USD,769.84,USD,Ubfly,FLEXECO,,Included,Included,Unknown,Unknown,Unknown,Unknown,Unknown,Unknown,Unknown,Unknown,Unknown,Unknown,Unknown,Unknown,Unknown,Unknown,,,,2026-07-28T16:42:23+00:00,partial,0
CA,WAW,BKK,WAW,PL,BKK,TH,2027-03-29,2027-04-01,Winter,Economy,0,Eco-1,Basic,Economy Basic,0.00 USD,659.29,USD,Ubfly,FLEXECO,,Included,Included,Unknown,Unknown,Unknown,Unknown,Unknown,Unknown,Unknown,Unknown,Unknown,Unknown,Unknown,Unknown,Unknown,Unknown,,,,2026-07-28T16:42:23+00:00,partial,0
EK,PRG,BKK,PRG,CZ,BKK,TH,2027-04-05,2027-04-08,Summer,Economy,0,Eco-1,Economy Flex,Economy Flex,0.00 USD,740.27,USD,Ubfly,ECOFLEX,Soft drink; In-flight entertainment,Included,Included,Unknown,Included,Unknown,Unknown,Unknown,Unknown,Unknown,Unknown,Unknown,Unknown,Unknown,Unknown,Unknown,Unknown,Yes,,70.0,2026-07-28T16:42:23+00:00,success,0
EK,PRG,BKK,PRG,CZ,BKK,TH,2027-04-05,2027-04-08,Summer,Economy,1,Eco-2,Economy Flex Plus,Economy Comfort,+837.78 USD,1578.05,USD,Ubfly,ECOFLXPLUS,Soft drink; In-flight entertainment; Uninterrupted return (up to the last 12 hours); Change with Penalty,Included,Included,Unknown,Included,Unknown,Unknown,Unknown,Unknown,Unknown,Unknown,Unknown,Unknown,Unknown,Unknown,Unknown,Unknown,Yes,,100.0,2026-07-28T16:42:23+00:00,success,0
EK,PRG,BKK,PRG,CZ,BKK,TH,2027-04-05,2027-04-08,Summer,Premium Economy,0,PEco-1,Premium Economy Flex Plus,Premium Economy Comfort,"+1,062.06 USD",1802.33,USD,Ubfly,PYFLXPLUS,Soft drink; In-flight entertainment; Uninterrupted return (up to the last 12 hours); Change with Penalty,Included,Included,Included,Included,Unknown,Unknown,Unknown,Unknown,Unknown,Unknown,Unknown,Unknown,Unknown,Unknown,Unknown,Unknown,Yes,,,2026-07-28T16:42:23+00:00,success,0
EK,PRG,BKK,PRG,CZ,BKK,TH,2027-04-05,2027-04-08,Summer,Business,0,Bus-1,Business Flex,Business Flex,0.00 USD,3825.64,USD,Ubfly,BSFLEX,Soft drink; Premium check-in; In-flight entertainment; Chauffeur Drive; Internet Access,Included,Included,Included,Included,Included,Included,Included,Unknown,Unknown,Unknown,Unknown,Unknown,Unknown,Unknown,Unknown,Unknown,Yes,,175.0,2026-07-28T16:42:23+00:00,success,0
EK,PRG,BKK,PRG,CZ,BKK,TH,2027-04-05,2027-04-08,Summer,Business,1,Bus-2,Business Flex Plus,Business Comfort,"+1,006.78 USD",4832.42,USD,Ubfly,BSFLXPLUS,Premium check-in; Soft drink; In-flight entertainment; Chauffeur Drive; Internet Access; Uninterrupted return (up to the last 12 hours); Change with Penalty,Included,Included,Included,Included,Included,Included,Included,Unknown,Unknown,Unknown,Unknown,Unknown,Unknown,Unknown,Unknown,Unknown,Yes,,190.0,2026-07-28T16:42:23+00:00,success,0
EK,PRG,BKK,PRG,CZ,BKK,TH,2026-11-05,2026-11-08,Winter,Economy,0,Eco-1,Economy Flex,Economy Flex,0.00 USD,740.27,USD,Ubfly,ECOFLEX,Soft drink; In-flight entertainment,Included,Included,Unknown,Included,Unknown,Unknown,Unknown,Unknown,Unknown,Unknown,Unknown,Unknown,Unknown,Unknown,Unknown,Unknown,Yes,,70.0,2026-07-28T16:42:23+00:00,success,0
EK,PRG,BKK,PRG,CZ,BKK,TH,2026-11-05,2026-11-08,Winter,Economy,1,Eco-2,Economy Flex Plus,Economy Comfort,+837.78 USD,1578.05,USD,Ubfly,ECOFLXPLUS,Soft drink; In-flight entertainment; Uninterrupted return (up to the last 12 hours); Change with Penalty,Included,Included,Unknown,Included,Unknown,Unknown,Unknown,Unknown,Unknown,Unknown,Unknown,Unknown,Unknown,Unknown,Unknown,Unknown,Yes,,100.0,2026-07-28T16:42:23+00:00,success,0
EK,PRG,BKK,PRG,CZ,BKK,TH,2026-11-05,2026-11-08,Winter,Premium Economy,0,PEco-1,Premium Economy Flex Plus,Premium Economy Comfort,"+1,062.06 USD",1802.33,USD,Ubfly,PYFLXPLUS,Uninterrupted return (up to the last 12 hours); Change with Penalty; Soft drink; In-flight entertainment,Included,Included,Included,Included,Unknown,Unknown,Unknown,Unknown,Unknown,Unknown,Unknown,Unknown,Unknown,Unknown,Unknown,Unknown,Yes,,,2026-07-28T16:42:23+00:00,success,0
QR,PRG,BKK,PRG,CZ,BKK,TH,2027-04-05,2027-04-08,Summer,Economy,0,Eco-1,Economy Classic,Economy Standard,0.00 USD,493.02,USD,Ubfly,ECLASSIC,,Included,Included,Unknown,Included,Unknown,Unknown,Unknown,Unknown,Unknown,Unknown,Unknown,Unknown,Unknown,Unknown,Unknown,Unknown,Yes,,50.0,2026-07-28T16:42:23+00:00,success,0
QR,PRG,BKK,PRG,CZ,BKK,TH,2027-04-05,2027-04-08,Summer,Economy,1,Eco-2,Economy Convenience,Economy — Economy Convenience,+189.07 USD,682.09,USD,Ubfly,ECONVENIEN,,Included,Included,Included,Included,Unknown,Unknown,Unknown,Unknown,Unknown,Unknown,Unknown,Unknown,Unknown,Unknown,Unknown,Unknown,Yes,,75.0,2026-07-28T16:42:23+00:00,success,0
QR,PRG,BKK,PRG,CZ,BKK,TH,2027-04-05,2027-04-08,Summer,Economy,2,Eco-3,Economy Comfort,Economy Comfort,+628.94 USD,1121.96,USD,Ubfly,ECOMFORT,Uninterrupted return (up to the last 12 hours); Change with Penalty,Included,Included,Included,Included,Unknown,Unknown,Unknown,Unknown,Unknown,Unknown,Unknown,Unknown,Unknown,Unknown,Unknown,Unknown,Yes,,100.0,2026-07-28T16:42:23+00:00,success,0
QR,PRG,BKK,PRG,CZ,BKK,TH,2027-04-05,2027-04-08,Summer,Business,0,Bus-1,Business Comfort,Business Comfort,0.00 USD,2389.06,USD,Ubfly,BCOMFORT,175 PCT QMILES ACCUMULATION(F),Included,Included,Included,Included,Included,Unknown,Unknown,Unknown,Unknown,Unknown,Unknown,Unknown,Unknown,Unknown,Unknown,Unknown,,,,2026-07-28T16:42:23+00:00,success,0
QR,PRG,BKK,PRG,CZ,BKK,TH,2027-04-05,2027-04-08,Summer,Business,1,Bus-2,Business Elite,Business Lite,"+1,171.74 USD",3560.8,USD,Ubfly,BELITE,200 PCT QMILES ACCUMULATION(F); Uninterrupted return (up to the last 12 hours); Change with Penalty,Included,Included,Included,Included,Included,Unknown,Unknown,Unknown,Unknown,Unknown,Unknown,Unknown,Unknown,Unknown,Unknown,Unknown,,,,2026-07-28T16:42:23+00:00,success,0
QR,PRG,BKK,PRG,CZ,BKK,TH,2026-11-05,2026-11-08,Winter,Economy,0,Eco-1,Economy Classic,Economy Standard,0.00 USD,493.02,USD,Ubfly,ECLASSIC,,Included,Included,Unknown,Included,Unknown,Unknown,Unknown,Unknown,Unknown,Unknown,Unknown,Unknown,Unknown,Unknown,Unknown,Unknown,Yes,,50.0,2026-07-28T16:42:23+00:00,success,0
QR,PRG,BKK,PRG,CZ,BKK,TH,2026-11-05,2026-11-08,Winter,Economy,1,Eco-2,Economy Convenience,Economy — Economy Convenience,+189.07 USD,682.09,USD,Ubfly,ECONVENIEN,,Included,Included,Included,Included,Unknown,Unknown,Unknown,Unknown,Unknown,Unknown,Unknown,Unknown,Unknown,Unknown,Unknown,Unknown,Yes,,75.0,2026-07-28T16:42:23+00:00,success,0
QR,PRG,BKK,PRG,CZ,BKK,TH,2026-11-05,2026-11-08,Winter,Economy,2,Eco-3,Economy Comfort,Economy Comfort,+628.94 USD,1121.96,USD,Ubfly,ECOMFORT,Uninterrupted return (up to the last 12 hours); Change with Penalty,Included,Included,Included,Included,Unknown,Unknown,Unknown,Unknown,Unknown,Unknown,Unknown,Unknown,Unknown,Unknown,Unknown,Unknown,Yes,,100.0,2026-07-28T16:42:23+00:00,success,0
QR,PRG,BKK,PRG,CZ,BKK,TH,2026-11-05,2026-11-08,Winter,Business,0,Bus-1,Business Comfort,Business Comfort,0.00 USD,2386.47,USD,Ubfly,BCOMFORT,175 PCT QMILES ACCUMULATION(F),Included,Included,Included,Included,Included,Unknown,Unknown,Unknown,Unknown,Unknown,Unknown,Unknown,Unknown,Unknown,Unknown,Unknown,,,,2026-07-28T16:42:23+00:00,success,0
QR,PRG,BKK,PRG,CZ,BKK,TH,2026-11-05,2026-11-08,Winter,Business,1,Bus-2,Business Elite,Business Lite,"+1,171.74 USD",3558.21,USD,Ubfly,BELITE,200 PCT QMILES ACCUMULATION(F); Uninterrupted return (up to the last 12 hours); Change with Penalty,Included,Included,Included,Included,Included,Unknown,Unknown,Unknown,Unknown,Unknown,Unknown,Unknown,Unknown,Unknown,Unknown,Unknown,,,,2026-07-28T16:42:23+00:00,success,0
EY,PRG,BKK,PRG,CZ,BKK,TH,2027-04-05,2027-04-08,Summer,Economy,0,Eco-1,Economy Value,Economy Basic,0.00 USD,613.05,USD,Ubfly,YVALUE,,Included,Included,Unknown,Included,Unknown,Unknown,Unknown,Unknown,Unknown,Unknown,Unknown,Unknown,Unknown,Unknown,Unknown,Unknown,Yes,,35.0,2026-07-28T16:42:23+00:00,success,0
EY,PRG,BKK,PRG,CZ,BKK,TH,2027-04-05,2027-04-08,Summer,Economy,1,Eco-2,Economy Comfort,Economy Comfort,+49.92 USD,662.97,USD,Ubfly,YCOMFORT,,Included,Included,Included,Included,Unknown,Unknown,Unknown,Unknown,Unknown,Unknown,Unknown,Unknown,Unknown,Unknown,Unknown,Unknown,Yes,,75.0,2026-07-28T16:42:23+00:00,success,0
EY,PRG,BKK,PRG,CZ,BKK,TH,2027-04-05,2027-04-08,Summer,Economy,2,Eco-3,Economy Deluxe,Economy — Economy Deluxe,+129.23 USD,742.28,USD,Ubfly,YDELUXE,Change with Penalty; Uninterrupted return (up to the last 12 hours); Priority Access,Included,Included,Included,Included,Unknown,Unknown,Unknown,Unknown,Unknown,Unknown,Unknown,Unknown,Unknown,Unknown,Unknown,Unknown,Yes,,,2026-07-28T16:42:23+00:00,success,0
EY,PRG,BKK,PRG,CZ,BKK,TH,2027-04-05,2027-04-08,Summer,Business,0,Bus-1,Business Value,Business Basic,0.00 USD,1819.2,USD,Ubfly,JVALUE,Priority Access,Included,Included,Unknown,Included,Unknown,Unknown,Unknown,Unknown,Unknown,Unknown,Unknown,Unknown,Unknown,Unknown,Unknown,Unknown,Yes,,100.0,2026-07-28T16:42:23+00:00,success,0
EY,PRG,BKK,PRG,CZ,BKK,TH,2027-04-05,2027-04-08,Summer,Business,1,Bus-2,Business Comfort,Business Comfort,+150.76 USD,1969.96,USD,Ubfly,JCOMFORT,Priority Access; ETIHAD UAE CHAUFFEUR(F),Included,Included,Included,Included,Included,Unknown,Unknown,Unknown,Unknown,Unknown,Unknown,Unknown,Unknown,Unknown,Unknown,Unknown,Yes,,,2026-07-28T16:42:23+00:00,success,0
EY,PRG,BKK,PRG,CZ,BKK,TH,2027-04-05,2027-04-08,Summer,Business,2,Bus-3,Business Deluxe,Business — Business Deluxe,+874.34 USD,2693.54,USD,Ubfly,JDELUXE,Uninterrupted return (up to the last 12 hours); Priority Access; ETIHAD UAE CHAUFFEUR(F); ETIHAD GLOBAL CHAUFFEUR(F); Change with Penalty,Included,Included,Included,Included,Included,Unknown,Unknown,Unknown,Unknown,Unknown,Unknown,Unknown,Unknown,Unknown,Unknown,Unknown,Yes,,,2026-07-28T16:42:23+00:00,success,0
EY,PRG,BKK,PRG,CZ,BKK,TH,2026-11-05,2026-11-08,Winter,Economy,0,Eco-1,Economy Value,Economy Basic,0.00 USD,710.56,USD,Ubfly,YVALUE,,Included,Included,Unknown,Included,Unknown,Unknown,Unknown,Unknown,Unknown,Unknown,Unknown,Unknown,Unknown,Unknown,Unknown,Unknown,Yes,,35.0,2026-07-28T16:42:23+00:00,success,0
EY,PRG,BKK,PRG,CZ,BKK,TH,2026-11-05,2026-11-08,Winter,Economy,1,Eco-2,Economy Comfort,Economy Comfort,+33.33 USD,743.89,USD,Ubfly,YCOMFORT,,Included,Included,Included,Included,Unknown,Unknown,Unknown,Unknown,Unknown,Unknown,Unknown,Unknown,Unknown,Unknown,Unknown,Unknown,Yes,,75.0,2026-07-28T16:42:23+00:00,success,0
EY,PRG,BKK,PRG,CZ,BKK,TH,2026-11-05,2026-11-08,Winter,Economy,2,Eco-3,Economy Deluxe,Economy — Economy Deluxe,+160.58 USD,871.14,USD,Ubfly,YDELUXE,Change with Penalty; Uninterrupted return (up to the last 12 hours); Priority Access,Included,Included,Included,Included,Unknown,Unknown,Unknown,Unknown,Unknown,Unknown,Unknown,Unknown,Unknown,Unknown,Unknown,Unknown,Yes,,,2026-07-28T16:42:23+00:00,success,0
EY,PRG,BKK,PRG,CZ,BKK,TH,2026-11-05,2026-11-08,Winter,Business,0,Bus-1,Business Value,Business Basic,0.00 USD,2247.15,USD,Ubfly,JVALUE,Priority Access,Included,Included,Unknown,Included,Unknown,Unknown,Unknown,Unknown,Unknown,Unknown,Unknown,Unknown,Unknown,Unknown,Unknown,Unknown,Yes,,100.0,2026-07-28T16:42:23+00:00,success,0
EY,PRG,BKK,PRG,CZ,BKK,TH,2026-11-05,2026-11-08,Winter,Business,1,Bus-2,Business Comfort,Business Comfort,+150.78 USD,2397.93,USD,Ubfly,JCOMFORT,Priority Access; ETIHAD UAE CHAUFFEUR(F),Included,Included,Included,Included,Included,Unknown,Unknown,Unknown,Unknown,Unknown,Unknown,Unknown,Unknown,Unknown,Unknown,Unknown,Yes,,,2026-07-28T16:42:23+00:00,success,0
EY,PRG,BKK,PRG,CZ,BKK,TH,2026-11-05,2026-11-08,Winter,Business,2,Bus-3,Business Deluxe,Business — Business Deluxe,+446.39 USD,2693.54,USD,Ubfly,JDELUXE,Change with Penalty; Uninterrupted return (up to the last 12 hours); Priority Access; ETIHAD UAE CHAUFFEUR(F); ETIHAD GLOBAL CHAUFFEUR(F),Included,Included,Included,Included,Included,Unknown,Unknown,Unknown,Unknown,Unknown,Unknown,Unknown,Unknown,Unknown,Unknown,Unknown,Yes,,,2026-07-28T16:42:23+00:00,success,0
TK,PRG,BKK,PRG,CZ,BKK,TH,2027-04-05,2027-04-08,Summer,Economy,0,Eco-1,EcoFly,Economy Basic,0.00 USD,828.9,USD,Ubfly,CL,Online Message Verification,Included,Included,Unknown,Included,Unknown,Unknown,Unknown,Not Included,Unknown,Unknown,Unknown,Unknown,Unknown,Unknown,Unknown,Unknown,,,,2026-07-28T16:42:23+00:00,success,0
TK,PRG,BKK,PRG,CZ,BKK,TH,2027-04-05,2027-04-08,Summer,Economy,1,Eco-2,ExtraFly,Economy Standard,+48.64 USD,877.54,USD,Ubfly,LG,Online Message Verification,Included,Included,Unknown,Included,Unknown,Unknown,Unknown,Unknown,Unknown,Unknown,Unknown,Unknown,Unknown,Unknown,Unknown,Unknown,,,,2026-07-28T16:42:23+00:00,success,0
TK,PRG,BKK,PRG,CZ,BKK,TH,2027-04-05,2027-04-08,Summer,Economy,2,Eco-3,FlexFly,Economy Flex,+98.75 USD,927.65,USD,Ubfly,GN,Online Message Verification,Included,Included,Included,Included,Unknown,Unknown,Unknown,Unknown,Unknown,Unknown,Unknown,Unknown,Unknown,Unknown,Unknown,Unknown,Yes,,15.0,2026-07-28T16:42:23+00:00,success,0
TK,PRG,BKK,PRG,CZ,BKK,TH,2027-04-05,2027-04-08,Summer,Economy,3,Eco-4,Flexible,Economy Flex,+195.41 USD,1024.31,USD,Ubfly,FL,Online Message Verification,Included,Included,Included,Included,Unknown,Unknown,Included,Unknown,Unknown,Unknown,Unknown,Paid,Unknown,Unknown,Unknown,Unknown,Yes,,30.0,2026-07-28T16:42:23+00:00,success,0
TK,PRG,BKK,PRG,CZ,BKK,TH,2027-04-05,2027-04-08,Summer,Business,0,Bus-1,Business Fly,Business — Business Fly,0.00 USD,5537.82,USD,Ubfly,BF,Priority Check-In,Included,Included,Included,Unknown,Included,Included,Included,Unknown,Unknown,Unknown,Unknown,Unknown,Included,Unknown,Unknown,Unknown,,,,2026-07-28T16:42:23+00:00,success,0
TK,PRG,BKK,PRG,CZ,BKK,TH,2027-04-05,2027-04-08,Summer,Business,1,Bus-2,Business Prime,Business Premium,+176.47 USD,5714.29,USD,Ubfly,BL,Priority Check-In,Included,Included,Included,Unknown,Included,Included,Included,Unknown,Unknown,Unknown,Unknown,Paid,Included,Unknown,Unknown,Unknown,Yes,,30.0,2026-07-28T16:42:23+00:00,success,0
TK,PRG,BKK,PRG,CZ,BKK,TH,2026-11-05,2026-11-08,Winter,Economy,0,Eco-1,EcoFly,Economy Basic,0.00 USD,1247.85,USD,Ubfly,CL,Online Message Verification,Included,Included,Unknown,Included,Unknown,Unknown,Unknown,Not Included,Unknown,Unknown,Unknown,Unknown,Unknown,Unknown,Unknown,Unknown,,,,2026-07-28T16:42:23+00:00,success,0
TK,PRG,BKK,PRG,CZ,BKK,TH,2026-11-05,2026-11-08,Winter,Economy,1,Eco-2,ExtraFly,Economy Standard,+48.66 USD,1296.51,USD,Ubfly,LG,Online Message Verification,Included,Included,Unknown,Included,Unknown,Unknown,Unknown,Unknown,Unknown,Unknown,Unknown,Unknown,Unknown,Unknown,Unknown,Unknown,,,,2026-07-28T16:42:23+00:00,success,0
TK,PRG,BKK,PRG,CZ,BKK,TH,2026-11-05,2026-11-08,Winter,Economy,2,Eco-3,FlexFly,Economy Flex,+98.77 USD,1346.62,USD,Ubfly,GN,Online Message Verification,Included,Included,Included,Included,Unknown,Unknown,Unknown,Unknown,Unknown,Unknown,Unknown,Unknown,Unknown,Unknown,Unknown,Unknown,Yes,,15.0,2026-07-28T16:42:23+00:00,success,0
TK,PRG,BKK,PRG,CZ,BKK,TH,2026-11-05,2026-11-08,Winter,Economy,3,Eco-4,Flexible,Economy Flex,+195.41 USD,1443.26,USD,Ubfly,FL,Online Message Verification,Included,Included,Included,Included,Unknown,Unknown,Included,Unknown,Unknown,Unknown,Unknown,Paid,Unknown,Unknown,Unknown,Unknown,Yes,,30.0,2026-07-28T16:42:23+00:00,success,0
TK,PRG,BKK,PRG,CZ,BKK,TH,2026-11-05,2026-11-08,Winter,Business,0,Bus-1,Business Fly,Business — Business Fly,0.00 USD,7369.62,USD,Ubfly,BF,Priority Check-In,Included,Included,Included,Unknown,Included,Included,Included,Unknown,Unknown,Unknown,Unknown,Unknown,Included,Unknown,Unknown,Unknown,,,,2026-07-28T16:42:23+00:00,success,0
TK,PRG,BKK,PRG,CZ,BKK,TH,2026-11-05,2026-11-08,Winter,Business,1,Bus-2,Business Prime,Business Premium,+176.45 USD,7546.07,USD,Ubfly,BL,Priority Check-In,Included,Included,Included,Unknown,Included,Included,Included,Unknown,Unknown,Unknown,Unknown,Paid,Included,Unknown,Unknown,Unknown,Yes,,30.0,2026-07-28T16:42:23+00:00,success,0
SQ,SIN,FCO,SIN,SG,ROM,IT,2026-08-31,2026-09-03,Summer,Economy,0,Eco-1,Basic,Economy Basic,0.00 USD,1606.02,USD,Ubfly,YCLSTD,,Included,Included,Unknown,Unknown,Unknown,Unknown,Unknown,Unknown,Unknown,Unknown,Unknown,Unknown,Unknown,Unknown,Unknown,Unknown,,,,2026-07-28T16:42:23+00:00,partial,0
SQ,SIN,FCO,SIN,SG,ROM,IT,2027-02-21,2027-02-24,Winter,Economy,0,Eco-1,Basic,Economy Basic,0.00 USD,1014.82,USD,Ubfly,YCLVALUE,,Included,Included,Unknown,Unknown,Unknown,Unknown,Unknown,Unknown,Unknown,Unknown,Unknown,Unknown,Unknown,Unknown,Unknown,Unknown,,,,2026-07-28T16:42:23+00:00,partial,0
QR,SIN,FCO,SIN,SG,ROM,IT,2026-08-30,2026-09-02,Summer,Economy,0,Eco-1,Economy Convenience,Economy — Economy Convenience,0.00 USD,1198.14,USD,Ubfly,ECONVENIEN,,Included,Included,Included,Included,Unknown,Unknown,Unknown,Unknown,Unknown,Unknown,Unknown,Unknown,Unknown,Unknown,Unknown,Unknown,Yes,,75.0,2026-07-28T16:42:23+00:00,success,0
QR,SIN,FCO,SIN,SG,ROM,IT,2026-08-30,2026-09-02,Summer,Economy,1,Eco-2,Economy Comfort,Economy Comfort,+357.30 USD,1555.44,USD,Ubfly,ECOMFORT,Uninterrupted return (up to the last 12 hours); Change with Penalty,Included,Included,Included,Included,Unknown,Unknown,Unknown,Unknown,Unknown,Unknown,Unknown,Unknown,Unknown,Unknown,Unknown,Unknown,Yes,,100.0,2026-07-28T16:42:23+00:00,success,0
QR,SIN,FCO,SIN,SG,ROM,IT,2026-08-30,2026-09-02,Summer,Business,0,Bus-1,Business Classic,Business Standard,0.00 USD,2415.65,USD,Ubfly,BCLASSIC,125 PCT QMILES ACCUMULATION(F),Included,Included,Unknown,Included,Included,Unknown,Unknown,Unknown,Unknown,Unknown,Unknown,Unknown,Unknown,Unknown,Unknown,Unknown,,,,2026-07-28T16:42:23+00:00,success,0
QR,SIN,FCO,SIN,SG,ROM,IT,2026-08-30,2026-09-02,Summer,Business,1,Bus-2,Business Comfort,Business Comfort,+510.90 USD,2926.55,USD,Ubfly,BCOMFORT,175 PCT QMILES ACCUMULATION(F),Included,Included,Included,Included,Included,Unknown,Unknown,Unknown,Unknown,Unknown,Unknown,Unknown,Unknown,Unknown,Unknown,Unknown,,,,2026-07-28T16:42:23+00:00,success,0
QR,SIN,FCO,SIN,SG,ROM,IT,2026-08-30,2026-09-02,Summer,Business,2,Bus-3,Business Elite,Business Lite,"+1,621.70 USD",4037.35,USD,Ubfly,BELITE,200 PCT QMILES ACCUMULATION(F); Uninterrupted return (up to the last 12 hours); Change with Penalty,Included,Included,Included,Included,Included,Unknown,Unknown,Unknown,Unknown,Unknown,Unknown,Unknown,Unknown,Unknown,Unknown,Unknown,,,,2026-07-28T16:42:23+00:00,success,0
QR,SIN,FCO,SIN,SG,ROM,IT,2027-02-20,2027-02-23,Winter,Economy,0,Eco-1,Economy Classic,Economy Standard,0.00 USD,496.31,USD,Ubfly,ECLASSIC,,Included,Included,Unknown,Included,Unknown,Unknown,Unknown,Unknown,Unknown,Unknown,Unknown,Unknown,Unknown,Unknown,Unknown,Unknown,Yes,,50.0,2026-07-28T16:42:23+00:00,success,0
QR,SIN,FCO,SIN,SG,ROM,IT,2027-02-20,2027-02-23,Winter,Economy,1,Eco-2,Economy Convenience,Economy — Economy Convenience,+234.85 USD,731.16,USD,Ubfly,ECONVENIEN,,Included,Included,Included,Included,Unknown,Unknown,Unknown,Unknown,Unknown,Unknown,Unknown,Unknown,Unknown,Unknown,Unknown,Unknown,Yes,,75.0,2026-07-28T16:42:23+00:00,success,0
QR,SIN,FCO,SIN,SG,ROM,IT,2027-02-20,2027-02-23,Winter,Economy,2,Eco-3,Economy Comfort,Economy Comfort,+714.48 USD,1210.79,USD,Ubfly,ECOMFORT,Uninterrupted return (up to the last 12 hours); Change with Penalty,Included,Included,Included,Included,Unknown,Unknown,Unknown,Unknown,Unknown,Unknown,Unknown,Unknown,Unknown,Unknown,Unknown,Unknown,Yes,,100.0,2026-07-28T16:42:23+00:00,success,0
QR,SIN,FCO,SIN,SG,ROM,IT,2027-02-20,2027-02-23,Winter,Business,0,Bus-1,Business Classic,Business Standard,0.00 USD,2916.89,USD,Ubfly,BCLASSIC,125 PCT QMILES ACCUMULATION(F),Included,Included,Unknown,Included,Included,Unknown,Unknown,Unknown,Unknown,Unknown,Unknown,Unknown,Unknown,Unknown,Unknown,Unknown,,,,2026-07-28T16:42:23+00:00,success,0
QR,SIN,FCO,SIN,SG,ROM,IT,2027-02-20,2027-02-23,Winter,Business,1,Bus-2,Business Comfort,Business Comfort,+510.90 USD,3427.79,USD,Ubfly,BCOMFORT,175 PCT QMILES ACCUMULATION(F),Included,Included,Included,Included,Included,Unknown,Unknown,Unknown,Unknown,Unknown,Unknown,Unknown,Unknown,Unknown,Unknown,Unknown,,,,2026-07-28T16:42:23+00:00,success,0
QR,SIN,FCO,SIN,SG,ROM,IT,2027-02-20,2027-02-23,Winter,Business,2,Bus-3,Business Elite,Business Lite,"+1,621.73 USD",4538.62,USD,Ubfly,BELITE,200 PCT QMILES ACCUMULATION(F); Uninterrupted return (up to the last 12 hours); Change with Penalty,Included,Included,Included,Included,Included,Unknown,Unknown,Unknown,Unknown,Unknown,Unknown,Unknown,Unknown,Unknown,Unknown,Unknown,,,,2026-07-28T16:42:23+00:00,success,0
EK,SIN,FCO,SIN,SG,ROM,IT,2026-08-30,2026-09-02,Summer,Economy,0,Eco-1,Economy Saver,Economy Basic,0.00 USD,529.64,USD,Ubfly,YP,• Hot and cold refreshments; • ICE entertainment; • Mileage upgrade eligibility at time of check-in; Economy Cabin,Included,Included,Paid,Included,Unknown,Unknown,Unknown,Included,Not Included,Unknown,Unknown,Unknown,Included,Unknown,Unknown,Unknown,Yes,1800.0,,2026-07-28T16:42:23+00:00,success,0
EK,SIN,FCO,SIN,SG,ROM,IT,2026-08-30,2026-09-02,Summer,Economy,1,Eco-2,Economy Flex,Economy Flex,+195.07 USD,724.71,USD,Ubfly,YS,• Hot and cold refreshments; • ICE entertainment; • Mileage upgrade eligibility; Economy Cabin,Included,Included,Included,Included,Unknown,Unknown,Unknown,Included,Not Included,Unknown,Unknown,Unknown,Included,Unknown,Unknown,Unknown,Yes,4500.0,,2026-07-28T16:42:23+00:00,success,0
EK,SIN,FCO,SIN,SG,ROM,IT,2026-08-30,2026-09-02,Summer,Economy,2,Eco-3,Economy Flex Plus,Economy Comfort,+715.26 USD,1244.9,USD,Ubfly,YF,• Hot and cold refreshments; • ICE entertainment; • Mileage upgrade eligibility; Economy Cabin,Included,Included,Included,Included,Unknown,Unknown,Unknown,Not Included,Not Included,Unknown,Unknown,Unknown,Included,Unknown,Unknown,Unknown,Yes,6000.0,,2026-07-28T16:42:23+00:00,success,0
EK,SIN,FCO,SIN,SG,ROM,IT,2026-08-30,2026-09-02,Summer,Business,0,Bus-1,Business Saver,Business Basic,0.00 USD,2638.03,USD,Ubfly,BSSAVER,Soft drink; Premium check-in; In-flight entertainment; Chauffeur Drive; Internet Access,Included,Included,Included,Included,Included,Included,Included,Unknown,Unknown,Unknown,Unknown,Unknown,Unknown,Unknown,Unknown,Unknown,Yes,,,2026-07-28T16:42:23+00:00,success,0
EK,SIN,FCO,SIN,SG,ROM,IT,2026-08-30,2026-09-02,Summer,Business,1,Bus-2,Business Flex,Business Flex,+875.48 USD,3513.51,USD,Ubfly,BSFLEX,Premium check-in; Soft drink; In-flight entertainment; Chauffeur Drive; Internet Access,Included,Included,Included,Included,Included,Included,Included,Unknown,Unknown,Unknown,Unknown,Unknown,Unknown,Unknown,Unknown,Unknown,Yes,,175.0,2026-07-28T16:42:23+00:00,success,0
EK,SIN,FCO,SIN,SG,ROM,IT,2026-08-30,2026-09-02,Summer,Business,2,Bus-3,Business Flex Plus,Business Comfort,"+2,188.34 USD",4826.37,USD,Ubfly,BSFLXPLUS,Premium check-in; Soft drink; In-flight entertainment; Chauffeur Drive; Internet Access; Uninterrupted return (up to the last 12 hours); Change with Penalty,Included,Included,Included,Included,Included,Included,Included,Unknown,Unknown,Unknown,Unknown,Unknown,Unknown,Unknown,Unknown,Unknown,Yes,,190.0,2026-07-28T16:42:23+00:00,success,0
EK,SIN,FCO,SIN,SG,ROM,IT,2027-02-20,2027-02-23,Winter,Economy,0,Eco-1,Economy Saver,Economy Basic,0.00 USD,542.31,USD,Ubfly,ECOSAVER,Soft drink; In-flight entertainment,Included,Included,Unknown,Included,Unknown,Unknown,Unknown,Unknown,Unknown,Unknown,Unknown,Unknown,Unknown,Unknown,Unknown,Unknown,Yes,,30.0,2026-07-28T16:42:23+00:00,success,0
EK,SIN,FCO,SIN,SG,ROM,IT,2027-02-20,2027-02-23,Winter,Economy,1,Eco-2,Economy Flex,Economy Flex,+195.07 USD,737.38,USD,Ubfly,ECOFLEX,Soft drink; In-flight entertainment,Included,Included,Unknown,Included,Unknown,Unknown,Unknown,Unknown,Unknown,Unknown,Unknown,Unknown,Unknown,Unknown,Unknown,Unknown,Yes,,70.0,2026-07-28T16:42:23+00:00,success,0
EK,SIN,FCO,SIN,SG,ROM,IT,2027-02-20,2027-02-23,Winter,Economy,2,Eco-3,Economy Flex Plus,Economy Comfort,+716.02 USD,1258.33,USD,Ubfly,ECOFLXPLUS,Soft drink; In-flight entertainment; Uninterrupted return (up to the last 12 hours); Change with Penalty,Included,Included,Unknown,Included,Unknown,Unknown,Unknown,Unknown,Unknown,Unknown,Unknown,Unknown,Unknown,Unknown,Unknown,Unknown,Yes,,100.0,2026-07-28T16:42:23+00:00,success,0
EK,SIN,FCO,SIN,SG,ROM,IT,2027-02-20,2027-02-23,Winter,Premium Economy,0,PEco-1,Premium Economy Flex Plus,Premium Economy Comfort,+826.72 USD,1369.03,USD,Ubfly,PYFLXPLUS,Soft drink; In-flight entertainment; Uninterrupted return (up to the last 12 hours); Change with Penalty,Included,Included,Included,Included,Unknown,Unknown,Unknown,Unknown,Unknown,Unknown,Unknown,Unknown,Unknown,Unknown,Unknown,Unknown,Yes,,,2026-07-28T16:42:23+00:00,success,0
EK,SIN,FCO,SIN,SG,ROM,IT,2027-02-20,2027-02-23,Winter,Business,0,Bus-1,Business Saver,Business Basic,0.00 USD,2638.03,USD,Ubfly,BSSAVER,Soft drink; Internet Access; Premium check-in; In-flight entertainment; Chauffeur Drive,Included,Included,Included,Included,Included,Included,Included,Unknown,Unknown,Unknown,Unknown,Unknown,Unknown,Unknown,Unknown,Unknown,Yes,,,2026-07-28T16:42:23+00:00,success,0
EK,SIN,FCO,SIN,SG,ROM,IT,2027-02-20,2027-02-23,Winter,Business,1,Bus-2,Business Flex,Business Flex,+875.48 USD,3513.51,USD,Ubfly,BSFLEX,Premium check-in; Soft drink; In-flight entertainment; Chauffeur Drive; Internet Access,Included,Included,Included,Included,Included,Included,Included,Unknown,Unknown,Unknown,Unknown,Unknown,Unknown,Unknown,Unknown,Unknown,Yes,,175.0,2026-07-28T16:42:23+00:00,success,0
EK,SIN,FCO,SIN,SG,ROM,IT,2027-02-20,2027-02-23,Winter,Business,2,Bus-3,Business Flex Plus,Business Comfort,"+2,188.34 USD",4826.37,USD,Ubfly,BSFLXPLUS,Premium check-in; Soft drink; In-flight entertainment; Chauffeur Drive; Internet Access; Uninterrupted return (up to the last 12 hours); Change with Penalty,Included,Included,Included,Included,Included,Included,Included,Unknown,Unknown,Unknown,Unknown,Unknown,Unknown,Unknown,Unknown,Unknown,Yes,,190.0,2026-07-28T16:42:23+00:00,success,0
EY,SIN,FCO,SIN,SG,ROM,IT,2026-08-30,2026-09-02,Summer,Economy,0,Eco-1,Economy Basic,Economy Basic,0.00 USD,1045.12,USD,Ubfly,YBASIC,,Included,Not Included,Unknown,Included,Unknown,Unknown,Unknown,Unknown,Unknown,Unknown,Unknown,Unknown,Unknown,Unknown,Unknown,Unknown,Yes,,5.0,2026-07-28T16:42:23+00:00,success,0
EY,SIN,FCO,SIN,SG,ROM,IT,2026-08-30,2026-09-02,Summer,Economy,1,Eco-2,Economy Value,Economy Basic,+36.28 USD,1081.4,USD,Ubfly,YVALUE,,Included,Included,Unknown,Included,Unknown,Unknown,Unknown,Unknown,Unknown,Unknown,Unknown,Unknown,Unknown,Unknown,Unknown,Unknown,Yes,,35.0,2026-07-28T16:42:23+00:00,success,0
EY,SIN,FCO,SIN,SG,ROM,IT,2026-08-30,2026-09-02,Summer,Business,0,Bus-1,Business Value,Business Basic,0.00 USD,2382.12,USD,Ubfly,JVALUE,Priority Access,Included,Included,Unknown,Included,Unknown,Unknown,Unknown,Unknown,Unknown,Unknown,Unknown,Unknown,Unknown,Unknown,Unknown,Unknown,Yes,,100.0,2026-07-28T16:42:23+00:00,success,0
EY,SIN,FCO,SIN,SG,ROM,IT,2026-08-30,2026-09-02,Summer,Business,1,Bus-2,Business Comfort,Business Comfort,+196.63 USD,2578.75,USD,Ubfly,JCOMFORT,Priority Access; ETIHAD UAE CHAUFFEUR(F),Included,Included,Included,Included,Included,Unknown,Unknown,Unknown,Unknown,Unknown,Unknown,Unknown,Unknown,Unknown,Unknown,Unknown,Yes,,,2026-07-28T16:42:23+00:00,success,0
EY,SIN,FCO,SIN,SG,ROM,IT,2026-08-30,2026-09-02,Summer,Business,2,Bus-3,Business Deluxe,Business — Business Deluxe,+483.04 USD,2865.16,USD,Ubfly,JDELUXE,Change with Penalty; Uninterrupted return (up to the last 12 hours); Priority Access; ETIHAD UAE CHAUFFEUR(F); ETIHAD GLOBAL CHAUFFEUR(F),Included,Included,Included,Included,Included,Unknown,Unknown,Unknown,Unknown,Unknown,Unknown,Unknown,Unknown,Unknown,Unknown,Unknown,Yes,,,2026-07-28T16:42:23+00:00,success,0
EY,SIN,FCO,SIN,SG,ROM,IT,2027-02-20,2027-02-23,Winter,Economy,0,Eco-1,Economy Basic,Economy Basic,0.00 USD,347.72,USD,Ubfly,YBASIC,,Included,Not Included,Unknown,Included,Unknown,Unknown,Unknown,Unknown,Unknown,Unknown,Unknown,Unknown,Unknown,Unknown,Unknown,Unknown,Yes,,5.0,2026-07-28T16:42:23+00:00,success,0
EY,SIN,FCO,SIN,SG,ROM,IT,2027-02-20,2027-02-23,Winter,Economy,1,Eco-2,Economy Value,Economy Basic,+25.45 USD,373.17,USD,Ubfly,YVALUE,,Included,Included,Unknown,Included,Unknown,Unknown,Unknown,Unknown,Unknown,Unknown,Unknown,Unknown,Unknown,Unknown,Unknown,Unknown,Yes,,35.0,2026-07-28T16:42:23+00:00,success,0
EY,SIN,FCO,SIN,SG,ROM,IT,2027-02-20,2027-02-23,Winter,Economy,2,Eco-3,Economy Comfort,Economy Comfort,+86.60 USD,434.32,USD,Ubfly,YCOMFORT,,Included,Included,Included,Included,Unknown,Unknown,Unknown,Unknown,Unknown,Unknown,Unknown,Unknown,Unknown,Unknown,Unknown,Unknown,Yes,,75.0,2026-07-28T16:42:23+00:00,success,0
EY,SIN,FCO,SIN,SG,ROM,IT,2027-02-20,2027-02-23,Winter,Economy,3,Eco-4,Economy Deluxe,Economy — Economy Deluxe,+254.56 USD,602.28,USD,Ubfly,YDELUXE,Change with Penalty; Uninterrupted return (up to the last 12 hours); Priority Access,Included,Included,Included,Included,Unknown,Unknown,Unknown,Unknown,Unknown,Unknown,Unknown,Unknown,Unknown,Unknown,Unknown,Unknown,Yes,,,2026-07-28T16:42:23+00:00,success,0
EY,SIN,FCO,SIN,SG,ROM,IT,2027-02-20,2027-02-23,Winter,Business,0,Bus-1,Business Value,Business Basic,0.00 USD,2382.12,USD,Ubfly,JVALUE,Priority Access,Included,Included,Unknown,Included,Unknown,Unknown,Unknown,Unknown,Unknown,Unknown,Unknown,Unknown,Unknown,Unknown,Unknown,Unknown,Yes,,100.0,2026-07-28T16:42:23+00:00,success,0
EY,SIN,FCO,SIN,SG,ROM,IT,2027-02-20,2027-02-23,Winter,Business,1,Bus-2,Business Comfort,Business Comfort,+196.63 USD,2578.75,USD,Ubfly,JCOMFORT,Priority Access; ETIHAD UAE CHAUFFEUR(F),Included,Included,Included,Included,Included,Unknown,Unknown,Unknown,Unknown,Unknown,Unknown,Unknown,Unknown,Unknown,Unknown,Unknown,Yes,,,2026-07-28T16:42:23+00:00,success,0
EY,SIN,FCO,SIN,SG,ROM,IT,2027-02-20,2027-02-23,Winter,Business,2,Bus-3,Business Deluxe,Business — Business Deluxe,+483.04 USD,2865.16,USD,Ubfly,JDELUXE,Change with Penalty; Uninterrupted return (up to the last 12 hours); Priority Access; ETIHAD UAE CHAUFFEUR(F); ETIHAD GLOBAL CHAUFFEUR(F),Included,Included,Included,Included,Included,Unknown,Unknown,Unknown,Unknown,Unknown,Unknown,Unknown,Unknown,Unknown,Unknown,Unknown,Yes,,,2026-07-28T16:42:23+00:00,success,0
QR,SIN,ATH,SIN,SG,ATH,GR,2026-09-21,2026-09-24,Summer,Economy,0,Eco-1,Economy Classic,Economy Standard,0.00 USD,656.26,USD,Ubfly,ECLASSIC,,Included,Included,Unknown,Included,Unknown,Unknown,Unknown,Unknown,Unknown,Unknown,Unknown,Unknown,Unknown,Unknown,Unknown,Unknown,Yes,,50.0,2026-07-28T16:42:23+00:00,success,0
QR,SIN,ATH,SIN,SG,ATH,GR,2026-09-21,2026-09-24,Summer,Economy,1,Eco-2,Economy Convenience,Economy — Economy Convenience,+63.02 USD,719.28,USD,Ubfly,ECONVENIEN,,Included,Included,Included,Included,Unknown,Unknown,Unknown,Unknown,Unknown,Unknown,Unknown,Unknown,Unknown,Unknown,Unknown,Unknown,Yes,,75.0,2026-07-28T16:42:23+00:00,success,0
QR,SIN,ATH,SIN,SG,ATH,GR,2026-09-21,2026-09-24,Summer,Economy,2,Eco-3,Economy Comfort,Economy Comfort,+545.73 USD,1201.99,USD,Ubfly,ECOMFORT,Uninterrupted return (up to the last 12 hours); Change with Penalty,Included,Included,Included,Included,Unknown,Unknown,Unknown,Unknown,Unknown,Unknown,Unknown,Unknown,Unknown,Unknown,Unknown,Unknown,Yes,,100.0,2026-07-28T16:42:23+00:00,success,0
QR,SIN,ATH,SIN,SG,ATH,GR,2026-09-21,2026-09-24,Summer,Business,0,Bus-1,Business Classic,Business Standard,0.00 USD,2325.07,USD,Ubfly,BCLASSIC,125 PCT QMILES ACCUMULATION(F),Included,Included,Unknown,Included,Included,Unknown,Unknown,Unknown,Unknown,Unknown,Unknown,Unknown,Unknown,Unknown,Unknown,Unknown,,,,2026-07-28T16:42:23+00:00,success,0
QR,SIN,ATH,SIN,SG,ATH,GR,2026-09-21,2026-09-24,Summer,Business,1,Bus-2,Business Comfort,Business Comfort,+616.17 USD,2941.24,USD,Ubfly,BCOMFORT,175 PCT QMILES ACCUMULATION(F),Included,Included,Included,Included,Included,Unknown,Unknown,Unknown,Unknown,Unknown,Unknown,Unknown,Unknown,Unknown,Unknown,Unknown,,,,2026-07-28T16:42:23+00:00,success,0
QR,SIN,ATH,SIN,SG,ATH,GR,2026-11-26,2026-11-29,Winter,Economy,0,Eco-1,Economy Classic,Economy Standard,0.00 USD,658.85,USD,Ubfly,ECLASSIC,,Included,Included,Unknown,Included,Unknown,Unknown,Unknown,Unknown,Unknown,Unknown,Unknown,Unknown,Unknown,Unknown,Unknown,Unknown,Yes,,50.0,2026-07-28T16:42:23+00:00,success,0
QR,SIN,ATH,SIN,SG,ATH,GR,2026-11-26,2026-11-29,Winter,Economy,1,Eco-2,Economy Convenience,Economy — Economy Convenience,+63.02 USD,721.87,USD,Ubfly,ECONVENIEN,,Included,Included,Included,Included,Unknown,Unknown,Unknown,Unknown,Unknown,Unknown,Unknown,Unknown,Unknown,Unknown,Unknown,Unknown,Yes,,75.0,2026-07-28T16:42:23+00:00,success,0
QR,SIN,ATH,SIN,SG,ATH,GR,2026-11-26,2026-11-29,Winter,Economy,2,Eco-3,Economy Comfort,Economy Comfort,+545.73 USD,1204.58,USD,Ubfly,ECOMFORT,Uninterrupted return (up to the last 12 hours); Change with Penalty,Included,Included,Included,Included,Unknown,Unknown,Unknown,Unknown,Unknown,Unknown,Unknown,Unknown,Unknown,Unknown,Unknown,Unknown,Yes,,100.0,2026-07-28T16:42:23+00:00,success,0
QR,SIN,ATH,SIN,SG,ATH,GR,2026-11-26,2026-11-29,Winter,Business,0,Bus-1,Business Comfort,Business Comfort,0.00 USD,3362.85,USD,Ubfly,BCOMFORT,175 PCT QMILES ACCUMULATION(F),Included,Included,Included,Included,Included,Unknown,Unknown,Unknown,Unknown,Unknown,Unknown,Unknown,Unknown,Unknown,Unknown,Unknown,,,,2026-07-28T16:42:23+00:00,success,0
QR,SIN,ATH,SIN,SG,ATH,GR,2026-11-26,2026-11-29,Winter,Business,1,Bus-2,Business Elite,Business Lite,+660.29 USD,4023.14,USD,Ubfly,BELITE,200 PCT QMILES ACCUMULATION(F); Uninterrupted return (up to the last 12 hours); Change with Penalty,Included,Included,Included,Included,Included,Unknown,Unknown,Unknown,Unknown,Unknown,Unknown,Unknown,Unknown,Unknown,Unknown,Unknown,,,,2026-07-28T16:42:23+00:00,success,0
TK,SIN,ATH,SIN,SG,ATH,GR,2026-09-21,2026-09-24,Summer,Economy,0,Eco-1,EcoFly,Economy Basic,0.00 USD,747.62,USD,Ubfly,CL,Online Message Verification,Included,Included,Unknown,Included,Unknown,Unknown,Unknown,Not Included,Unknown,Unknown,Unknown,Unknown,Unknown,Unknown,Unknown,Unknown,,,,2026-07-28T16:42:23+00:00,success,0
TK,SIN,ATH,SIN,SG,ATH,GR,2026-09-21,2026-09-24,Summer,Economy,1,Eco-2,ExtraFly,Economy Standard,+65.84 USD,813.46,USD,Ubfly,LG,Online Message Verification,Included,Included,Unknown,Included,Unknown,Unknown,Unknown,Unknown,Unknown,Unknown,Unknown,Unknown,Unknown,Unknown,Unknown,Unknown,,,,2026-07-28T16:42:23+00:00,success,0
TK,SIN,ATH,SIN,SG,ATH,GR,2026-09-21,2026-09-24,Summer,Economy,2,Eco-3,FlexFly,Economy Flex,+198.17 USD,945.79,USD,Ubfly,GN,Online Message Verification,Included,Included,Included,Included,Unknown,Unknown,Unknown,Unknown,Unknown,Unknown,Unknown,Unknown,Unknown,Unknown,Unknown,Unknown,Yes,,15.0,2026-07-28T16:42:23+00:00,success,0
TK,SIN,ATH,SIN,SG,ATH,GR,2026-09-21,2026-09-24,Summer,Economy,3,Eco-4,Flexible,Economy Flex,+394.23 USD,1141.85,USD,Ubfly,FL,Online Message Verification,Included,Included,Included,Included,Unknown,Unknown,Included,Unknown,Unknown,Unknown,Unknown,Paid,Unknown,Unknown,Unknown,Unknown,Yes,,30.0,2026-07-28T16:42:23+00:00,success,0
TK,SIN,ATH,SIN,SG,ATH,GR,2026-09-21,2026-09-24,Summer,Business,0,Bus-1,Business Fly,Business — Business Fly,0.00 USD,7323.52,USD,Ubfly,BF,Priority Check-In,Included,Included,Included,Unknown,Included,Included,Included,Unknown,Unknown,Unknown,Unknown,Unknown,Included,Unknown,Unknown,Unknown,,,,2026-07-28T16:42:23+00:00,success,0
TK,SIN,ATH,SIN,SG,ATH,GR,2026-09-21,2026-09-24,Summer,Business,1,Bus-2,Business Prime,Business Premium,+387.03 USD,7710.55,USD,Ubfly,BL,Priority Check-In,Included,Included,Included,Unknown,Included,Included,Included,Unknown,Unknown,Unknown,Unknown,Paid,Included,Unknown,Unknown,Unknown,Yes,,30.0,2026-07-28T16:42:23+00:00,success,0
TK,SIN,ATH,SIN,SG,ATH,GR,2026-11-26,2026-11-29,Winter,Economy,0,Eco-1,EcoFly,Economy Basic,0.00 USD,1292.55,USD,Ubfly,CL,Online Message Verification,Included,Included,Unknown,Included,Unknown,Unknown,Unknown,Not Included,Unknown,Unknown,Unknown,Unknown,Unknown,Unknown,Unknown,Unknown,,,,2026-07-28T16:42:23+00:00,success,0
TK,SIN,ATH,SIN,SG,ATH,GR,2026-11-26,2026-11-29,Winter,Economy,1,Eco-2,ExtraFly,Economy Standard,+65.84 USD,1358.39,USD,Ubfly,LG,Online Message Verification,Included,Included,Unknown,Included,Unknown,Unknown,Unknown,Unknown,Unknown,Unknown,Unknown,Unknown,Unknown,Unknown,Unknown,Unknown,,,,2026-07-28T16:42:23+00:00,success,0
TK,SIN,ATH,SIN,SG,ATH,GR,2026-11-26,2026-11-29,Winter,Economy,2,Eco-3,FlexFly,Economy Flex,+198.17 USD,1490.72,USD,Ubfly,GN,Online Message Verification,Included,Included,Included,Included,Unknown,Unknown,Unknown,Unknown,Unknown,Unknown,Unknown,Unknown,Unknown,Unknown,Unknown,Unknown,Yes,,15.0,2026-07-28T16:42:23+00:00,success,0
TK,SIN,ATH,SIN,SG,ATH,GR,2026-11-26,2026-11-29,Winter,Economy,3,Eco-4,Flexible,Economy Flex,+394.23 USD,1686.78,USD,Ubfly,FL,Online Message Verification,Included,Included,Included,Included,Unknown,Unknown,Included,Unknown,Unknown,Unknown,Unknown,Paid,Unknown,Unknown,Unknown,Unknown,Yes,,30.0,2026-07-28T16:42:23+00:00,success,0
TK,SIN,ATH,SIN,SG,ATH,GR,2026-11-26,2026-11-29,Winter,Business,0,Bus-1,Business Fly,Business — Business Fly,0.00 USD,7558.06,USD,Ubfly,BF,Priority Check-In,Included,Included,Included,Unknown,Included,Included,Included,Unknown,Unknown,Unknown,Unknown,Unknown,Included,Unknown,Unknown,Unknown,,,,2026-07-28T16:42:23+00:00,success,0
TK,SIN,ATH,SIN,SG,ATH,GR,2026-11-26,2026-11-29,Winter,Business,1,Bus-2,Business Prime,Business Premium,+387.03 USD,7945.09,USD,Ubfly,BL,Priority Check-In,Included,Included,Included,Unknown,Included,Included,Included,Unknown,Unknown,Unknown,Unknown,Paid,Included,Unknown,Unknown,Unknown,Yes,,30.0,2026-07-28T16:42:23+00:00,success,0
EK,SIN,ATH,SIN,SG,ATH,GR,2026-09-21,2026-09-24,Summer,Economy,0,Eco-1,Economy Saver,Economy Basic,0.00 USD,463.84,USD,Ubfly,YP,• Hot and cold refreshments; • ICE entertainment; • Mileage upgrade eligibility at time of check-in; Economy Cabin,Included,Included,Paid,Included,Unknown,Unknown,Unknown,Included,Not Included,Unknown,Unknown,Unknown,Included,Unknown,Unknown,Unknown,Yes,1575.0,,2026-07-28T16:42:23+00:00,success,0
EK,SIN,ATH,SIN,SG,ATH,GR,2026-09-21,2026-09-24,Summer,Economy,1,Eco-2,Economy Flex,Economy Flex,+252.34 USD,716.18,USD,Ubfly,YS,• Hot and cold refreshments; • ICE entertainment; • Mileage upgrade eligibility; Economy Cabin,Included,Included,Included,Included,Unknown,Unknown,Unknown,Included,Not Included,Unknown,Unknown,Unknown,Included,Unknown,Unknown,Unknown,Yes,3938.0,,2026-07-28T16:42:23+00:00,success,0
EK,SIN,ATH,SIN,SG,ATH,GR,2026-09-21,2026-09-24,Summer,Economy,2,Eco-3,Economy Flex Plus,Economy Comfort,+757.82 USD,1221.66,USD,Ubfly,YF,• Hot and cold refreshments; • ICE entertainment; • Mileage upgrade eligibility; Economy Cabin,Included,Included,Included,Included,Unknown,Unknown,Unknown,Not Included,Not Included,Unknown,Unknown,Unknown,Included,Unknown,Unknown,Unknown,Yes,5250.0,,2026-07-28T16:42:23+00:00,success,0
EK,SIN,ATH,SIN,SG,ATH,GR,2026-09-21,2026-09-24,Summer,Premium Economy,0,PEco-1,Premium Economy FlexPlus,Premium Economy Comfort,+770.21 USD,1234.05,USD,Ubfly,WF,• Hot and cold refreshments; • ICE entertainment; • Mileage upgrade eligibility; • Exclusive Premium Economy Class dining; Premium Economy Cabin,Included,Included,Included,Unknown,Unknown,Unknown,Unknown,Not Included,Not Included,Unknown,Unknown,Unknown,Included,Unknown,Unknown,Unknown,Yes,5775.0,,2026-07-28T16:42:23+00:00,success,0
EK,SIN,ATH,SIN,SG,ATH,GR,2026-09-21,2026-09-24,Summer,Business,0,Bus-1,Business Flex,Business Flex,0.00 USD,2917.48,USD,Ubfly,BSFLEX,Soft drink; Premium check-in; In-flight entertainment; Chauffeur Drive; Internet Access,Included,Included,Included,Included,Included,Included,Included,Unknown,Unknown,Unknown,Unknown,Unknown,Unknown,Unknown,Unknown,Unknown,Yes,,175.0,2026-07-28T16:42:23+00:00,success,0
EK,SIN,ATH,SIN,SG,ATH,GR,2026-09-21,2026-09-24,Summer,Business,1,Bus-2,Business Flex Plus,Business Comfort,"+1,313.62 USD",4231.1,USD,Ubfly,BSFLXPLUS,Premium check-in; Soft drink; In-flight entertainment; Chauffeur Drive; Internet Access; Uninterrupted return (up to the last 12 hours); Change with Penalty,Included,Included,Included,Included,Included,Included,Included,Unknown,Unknown,Unknown,Unknown,Unknown,Unknown,Unknown,Unknown,Unknown,Yes,,190.0,2026-07-28T16:42:23+00:00,success,0
EK,SIN,ATH,SIN,SG,ATH,GR,2026-11-26,2026-11-29,Winter,Economy,0,Eco-1,Economy Saver,Economy Basic,0.00 USD,463.84,USD,Ubfly,YP,• Hot and cold refreshments; • ICE entertainment; • Mileage upgrade eligibility at time of check-in; Economy Cabin,Included,Included,Paid,Included,Unknown,Unknown,Unknown,Included,Not Included,Unknown,Unknown,Unknown,Included,Unknown,Unknown,Unknown,Yes,1575.0,,2026-07-28T16:42:23+00:00,success,0
EK,SIN,ATH,SIN,SG,ATH,GR,2026-11-26,2026-11-29,Winter,Economy,1,Eco-2,Economy Flex,Economy Flex,+252.34 USD,716.18,USD,Ubfly,YS,• Hot and cold refreshments; • ICE entertainment; • Mileage upgrade eligibility; Economy Cabin,Included,Included,Included,Included,Unknown,Unknown,Unknown,Included,Not Included,Unknown,Unknown,Unknown,Included,Unknown,Unknown,Unknown,Yes,3938.0,,2026-07-28T16:42:23+00:00,success,0
EK,SIN,ATH,SIN,SG,ATH,GR,2026-11-26,2026-11-29,Winter,Economy,2,Eco-3,Economy Flex Plus,Economy Comfort,+757.82 USD,1221.66,USD,Ubfly,YF,• Hot and cold refreshments; • ICE entertainment; • Mileage upgrade eligibility; Economy Cabin,Included,Included,Included,Included,Unknown,Unknown,Unknown,Not Included,Not Included,Unknown,Unknown,Unknown,Included,Unknown,Unknown,Unknown,Yes,5250.0,,2026-07-28T16:42:23+00:00,success,0
EK,SIN,ATH,SIN,SG,ATH,GR,2026-11-26,2026-11-29,Winter,Premium Economy,0,PEco-1,Premium Economy FlexPlus,Premium Economy Comfort,+770.21 USD,1234.05,USD,Ubfly,WF,• Hot and cold refreshments; • ICE entertainment; • Mileage upgrade eligibility; • Exclusive Premium Economy Class dining; Premium Economy Cabin,Included,Included,Included,Unknown,Unknown,Unknown,Unknown,Not Included,Not Included,Unknown,Unknown,Unknown,Included,Unknown,Unknown,Unknown,Yes,5775.0,,2026-07-28T16:42:23+00:00,success,0
EK,SIN,ATH,SIN,SG,ATH,GR,2026-11-26,2026-11-29,Winter,Business,0,Bus-1,Business Saver,Business Basic,0.00 USD,2043.52,USD,Ubfly,BSSAVER,Soft drink; Premium check-in; In-flight entertainment; Chauffeur Drive; Internet Access,Included,Included,Included,Included,Included,Included,Included,Unknown,Unknown,Unknown,Unknown,Unknown,Unknown,Unknown,Unknown,Unknown,Yes,,,2026-07-28T16:42:23+00:00,success,0
EK,SIN,ATH,SIN,SG,ATH,GR,2026-11-26,2026-11-29,Winter,Business,1,Bus-2,Business Flex,Business Flex,+873.96 USD,2917.48,USD,Ubfly,BSFLEX,Premium check-in; Soft drink; In-flight entertainment; Chauffeur Drive; Internet Access,Included,Included,Included,Included,Included,Included,Included,Unknown,Unknown,Unknown,Unknown,Unknown,Unknown,Unknown,Unknown,Unknown,Yes,,175.0,2026-07-28T16:42:23+00:00,success,0
TK,KUL,SJJ,KUL,MY,SJJ,BA,2027-05-10,2027-05-13,Summer,Economy,0,Eco-1,EcoFly,Economy Basic,0.00 USD,886.8,USD,Ubfly,CL,Online Message Verification,Included,Included,Unknown,Included,Unknown,Unknown,Unknown,Not Included,Unknown,Unknown,Unknown,Unknown,Unknown,Unknown,Unknown,Unknown,,,,2026-07-28T16:42:23+00:00,success,0
TK,KUL,SJJ,KUL,MY,SJJ,BA,2027-05-10,2027-05-13,Summer,Economy,1,Eco-2,ExtraFly,Economy Standard,+64.59 USD,951.39,USD,Ubfly,LG,Online Message Verification,Included,Included,Unknown,Included,Unknown,Unknown,Unknown,Unknown,Unknown,Unknown,Unknown,Unknown,Unknown,Unknown,Unknown,Unknown,,,,2026-07-28T16:42:23+00:00,success,0
TK,KUL,SJJ,KUL,MY,SJJ,BA,2027-05-10,2027-05-13,Summer,Economy,2,Eco-3,FlexFly,Economy Flex,+193.91 USD,1080.71,USD,Ubfly,GN,Online Message Verification,Included,Included,Included,Included,Unknown,Unknown,Unknown,Unknown,Unknown,Unknown,Unknown,Unknown,Unknown,Unknown,Unknown,Unknown,Yes,,15.0,2026-07-28T16:42:23+00:00,success,0
TK,KUL,SJJ,KUL,MY,SJJ,BA,2027-05-10,2027-05-13,Summer,Economy,3,Eco-4,Flexible,Economy Flex,+385.68 USD,1272.48,USD,Ubfly,FL,Online Message Verification,Included,Included,Included,Included,Unknown,Unknown,Included,Unknown,Unknown,Unknown,Unknown,Paid,Unknown,Unknown,Unknown,Unknown,Yes,,30.0,2026-07-28T16:42:23+00:00,success,0
TK,KUL,SJJ,KUL,MY,SJJ,BA,2027-05-10,2027-05-13,Summer,Business,0,Bus-1,Business Fly,Business — Business Fly,0.00 USD,2976.88,USD,Ubfly,BF,Priority Check-In,Included,Included,Included,Unknown,Included,Included,Included,Unknown,Unknown,Unknown,Unknown,Unknown,Included,Unknown,Unknown,Unknown,,,,2026-07-28T16:42:23+00:00,success,0
TK,KUL,SJJ,KUL,MY,SJJ,BA,2027-05-10,2027-05-13,Summer,Business,1,Bus-2,Business Prime,Business Premium,+378.51 USD,3355.39,USD,Ubfly,BL,Priority Check-In,Included,Included,Included,Unknown,Included,Included,Included,Unknown,Unknown,Unknown,Unknown,Paid,Included,Unknown,Unknown,Unknown,Yes,,30.0,2026-07-28T16:42:23+00:00,success,0
TK,KUL,SJJ,KUL,MY,SJJ,BA,2027-02-21,2027-02-24,Winter,Economy,0,Eco-1,EcoFly,Economy Basic,0.00 USD,818.73,USD,Ubfly,CL,Online Message Verification,Included,Included,Unknown,Included,Unknown,Unknown,Unknown,Not Included,Unknown,Unknown,Unknown,Unknown,Unknown,Unknown,Unknown,Unknown,,,,2026-07-28T16:42:23+00:00,success,0
TK,KUL,SJJ,KUL,MY,SJJ,BA,2027-02-21,2027-02-24,Winter,Economy,1,Eco-2,ExtraFly,Economy Standard,+64.59 USD,883.32,USD,Ubfly,LG,Online Message Verification,Included,Included,Unknown,Included,Unknown,Unknown,Unknown,Unknown,Unknown,Unknown,Unknown,Unknown,Unknown,Unknown,Unknown,Unknown,,,,2026-07-28T16:42:23+00:00,success,0
TK,KUL,SJJ,KUL,MY,SJJ,BA,2027-02-21,2027-02-24,Winter,Economy,2,Eco-3,FlexFly,Economy Flex,+193.91 USD,1012.64,USD,Ubfly,GN,Online Message Verification,Included,Included,Included,Included,Unknown,Unknown,Unknown,Unknown,Unknown,Unknown,Unknown,Unknown,Unknown,Unknown,Unknown,Unknown,Yes,,15.0,2026-07-28T16:42:23+00:00,success,0
TK,KUL,SJJ,KUL,MY,SJJ,BA,2027-02-21,2027-02-24,Winter,Economy,3,Eco-4,Flexible,Economy Flex,+385.68 USD,1204.41,USD,Ubfly,FL,Online Message Verification,Included,Included,Included,Included,Unknown,Unknown,Included,Unknown,Unknown,Unknown,Unknown,Paid,Unknown,Unknown,Unknown,Unknown,Yes,,30.0,2026-07-28T16:42:23+00:00,success,0
TK,KUL,SJJ,KUL,MY,SJJ,BA,2027-02-21,2027-02-24,Winter,Business,0,Bus-1,Business Fly,Business — Business Fly,0.00 USD,2976.88,USD,Ubfly,BF,Priority Check-In,Included,Included,Included,Unknown,Included,Included,Included,Unknown,Unknown,Unknown,Unknown,Unknown,Included,Unknown,Unknown,Unknown,,,,2026-07-28T16:42:23+00:00,success,0
TK,KUL,SJJ,KUL,MY,SJJ,BA,2027-02-21,2027-02-24,Winter,Business,1,Bus-2,Business Prime,Business Premium,+378.51 USD,3355.39,USD,Ubfly,BL,Priority Check-In,Included,Included,Included,Unknown,Included,Included,Included,Unknown,Unknown,Unknown,Unknown,Paid,Included,Unknown,Unknown,Unknown,Yes,,30.0,2026-07-28T16:42:23+00:00,success,0
EK,KUL,SJJ,KUL,MY,SJJ,BA,2027-05-10,2027-05-13,Summer,Economy,0,Eco-1,Economy Saver,Economy Basic,0.00 USD,387.99,USD,Ubfly,YP,• Hot and cold refreshments; • ICE entertainment; • Mileage upgrade eligibility at time of check-in; Economy Cabin,Included,Included,Paid,Included,Unknown,Unknown,Unknown,Included,Not Included,Unknown,Unknown,Unknown,Included,Unknown,Unknown,Unknown,Yes,1575.0,,2026-07-28T16:42:23+00:00,success,0
EK,KUL,SJJ,KUL,MY,SJJ,BA,2027-05-10,2027-05-13,Summer,Economy,1,Eco-2,Economy Flex,Economy Flex,+135.06 USD,523.05,USD,Ubfly,YS,• Hot and cold refreshments; • ICE entertainment; • Mileage upgrade eligibility; Economy Cabin,Included,Included,Included,Included,Unknown,Unknown,Unknown,Included,Not Included,Unknown,Unknown,Unknown,Included,Unknown,Unknown,Unknown,Yes,3938.0,,2026-07-28T16:42:23+00:00,success,0
EK,KUL,SJJ,KUL,MY,SJJ,BA,2027-05-10,2027-05-13,Summer,Economy,2,Eco-3,Economy Flex Plus,Economy Comfort,"+1,154.33 USD",1542.32,USD,Ubfly,YF,• Hot and cold refreshments; • ICE entertainment; • Mileage upgrade eligibility; Economy Cabin,Included,Included,Included,Included,Unknown,Unknown,Unknown,Not Included,Not Included,Unknown,Unknown,Unknown,Included,Unknown,Unknown,Unknown,Yes,5250.0,,2026-07-28T16:42:23+00:00,success,0
EK,KUL,SJJ,KUL,MY,SJJ,BA,2027-05-10,2027-05-13,Summer,Business,0,Bus-1,Business Saver,Business Basic,0.00 USD,2467.16,USD,Ubfly,BSSAVER,Premium check-in; Soft drink; In-flight entertainment; Chauffeur Drive; Internet Access,Included,Included,Included,Included,Included,Included,Included,Unknown,Unknown,Unknown,Unknown,Unknown,Unknown,Unknown,Unknown,Unknown,Yes,,,2026-07-28T16:42:23+00:00,success,0
EK,KUL,SJJ,KUL,MY,SJJ,BA,2027-05-10,2027-05-13,Summer,Business,1,Bus-2,Business Flex,Business Flex,+333.82 USD,2800.98,USD,Ubfly,BSFLEX,Premium check-in; Soft drink; In-flight entertainment; Chauffeur Drive; Internet Access,Included,Included,Included,Included,Included,Included,Included,Unknown,Unknown,Unknown,Unknown,Unknown,Unknown,Unknown,Unknown,Unknown,Yes,,175.0,2026-07-28T16:42:23+00:00,success,0
EK,KUL,SJJ,KUL,MY,SJJ,BA,2027-05-10,2027-05-13,Summer,Business,2,Bus-3,Business Flex Plus,Business Comfort,+825.13 USD,3292.29,USD,Ubfly,BSFLXPLUS,Premium check-in; Soft drink; In-flight entertainment; Chauffeur Drive; Internet Access; Uninterrupted return (up to the last 12 hours); Change with Penalty,Included,Included,Included,Included,Included,Included,Included,Unknown,Unknown,Unknown,Unknown,Unknown,Unknown,Unknown,Unknown,Unknown,Yes,,190.0,2026-07-28T16:42:23+00:00,success,0
EK,KUL,SJJ,KUL,MY,SJJ,BA,2027-02-21,2027-02-24,Winter,Economy,0,Eco-1,Economy Saver,Economy Basic,0.00 USD,387.99,USD,Ubfly,YP,• Hot and cold refreshments; • ICE entertainment; • Mileage upgrade eligibility at time of check-in; Economy Cabin,Included,Included,Paid,Included,Unknown,Unknown,Unknown,Included,Not Included,Unknown,Unknown,Unknown,Included,Unknown,Unknown,Unknown,Yes,1575.0,,2026-07-28T16:42:23+00:00,success,0
EK,KUL,SJJ,KUL,MY,SJJ,BA,2027-02-21,2027-02-24,Winter,Economy,1,Eco-2,Economy Flex,Economy Flex,+135.06 USD,523.05,USD,Ubfly,YS,• Hot and cold refreshments; • ICE entertainment; • Mileage upgrade eligibility; Economy Cabin,Included,Included,Included,Included,Unknown,Unknown,Unknown,Included,Not Included,Unknown,Unknown,Unknown,Included,Unknown,Unknown,Unknown,Yes,3938.0,,2026-07-28T16:42:23+00:00,success,0
EK,KUL,SJJ,KUL,MY,SJJ,BA,2027-02-21,2027-02-24,Winter,Economy,2,Eco-3,Economy Flex Plus,Economy Comfort,"+1,154.33 USD",1542.32,USD,Ubfly,YF,• Hot and cold refreshments; • ICE entertainment; • Mileage upgrade eligibility; Economy Cabin,Included,Included,Included,Included,Unknown,Unknown,Unknown,Not Included,Not Included,Unknown,Unknown,Unknown,Included,Unknown,Unknown,Unknown,Yes,5250.0,,2026-07-28T16:42:23+00:00,success,0
EK,KUL,SJJ,KUL,MY,SJJ,BA,2027-02-21,2027-02-24,Winter,Premium Economy,0,PEco-1,Premium Economy FlexPlus,Premium Economy Comfort,"+1,231.99 USD",1619.98,USD,Ubfly,WF,• Hot and cold refreshments; • ICE entertainment; • Mileage upgrade eligibility; • Exclusive Premium Economy Class dining; Premium Economy Cabin,Included,Included,Included,Unknown,Unknown,Unknown,Unknown,Not Included,Not Included,Unknown,Unknown,Unknown,Included,Unknown,Unknown,Unknown,Yes,5775.0,,2026-07-28T16:42:23+00:00,success,0
EK,KUL,SJJ,KUL,MY,SJJ,BA,2027-02-21,2027-02-24,Winter,Business,0,Bus-1,Business Saver,Business Basic,0.00 USD,2467.16,USD,Ubfly,BSSAVER,Premium check-in; Soft drink; In-flight entertainment; Chauffeur Drive; Internet Access,Included,Included,Included,Included,Included,Included,Included,Unknown,Unknown,Unknown,Unknown,Unknown,Unknown,Unknown,Unknown,Unknown,Yes,,,2026-07-28T16:42:23+00:00,success,0
EK,KUL,SJJ,KUL,MY,SJJ,BA,2027-02-21,2027-02-24,Winter,Business,1,Bus-2,Business Flex,Business Flex,+333.82 USD,2800.98,USD,Ubfly,BSFLEX,Premium check-in; Soft drink; In-flight entertainment; Chauffeur Drive; Internet Access,Included,Included,Included,Included,Included,Included,Included,Unknown,Unknown,Unknown,Unknown,Unknown,Unknown,Unknown,Unknown,Unknown,Yes,,175.0,2026-07-28T16:42:23+00:00,success,0
EK,KUL,SJJ,KUL,MY,SJJ,BA,2027-02-21,2027-02-24,Winter,Business,2,Bus-3,Business Flex Plus,Business Comfort,+825.13 USD,3292.29,USD,Ubfly,BSFLXPLUS,Premium check-in; Soft drink; In-flight entertainment; Chauffeur Drive; Internet Access; Uninterrupted return (up to the last 12 hours); Change with Penalty,Included,Included,Included,Included,Included,Included,Included,Unknown,Unknown,Unknown,Unknown,Unknown,Unknown,Unknown,Unknown,Unknown,Yes,,190.0,2026-07-28T16:42:23+00:00,success,0
MH,KUL,SJJ,KUL,MY,SJJ,BA,2027-05-10,2027-05-13,Summer,Economy,0,Eco-1,Basic,Economy Basic,0.00 USD,851.23,USD,Ubfly,ECOCMFT,,Included,Included,Unknown,Unknown,Unknown,Unknown,Unknown,Unknown,Unknown,Unknown,Unknown,Unknown,Unknown,Unknown,Unknown,Unknown,,,,2026-07-28T16:42:23+00:00,partial,0
MH,KUL,SJJ,KUL,MY,SJJ,BA,2027-02-21,2027-02-24,Winter,Economy,0,Eco-1,Basic,Economy Basic,0.00 USD,858.03,USD,Ubfly,ECOCMFT,,Included,Included,Unknown,Unknown,Unknown,Unknown,Unknown,Unknown,Unknown,Unknown,Unknown,Unknown,Unknown,Unknown,Unknown,Unknown,,,,2026-07-28T16:42:23+00:00,partial,0
QR,KUL,SJJ,KUL,MY,SJJ,BA,2027-05-10,2027-05-13,Summer,Economy,0,Eco-1,Basic,Economy Basic,0.00 USD,1278.37,USD,Ubfly,ECLASSIC,,Included,Included,Unknown,Unknown,Unknown,Unknown,Unknown,Unknown,Unknown,Unknown,Unknown,Unknown,Unknown,Unknown,Unknown,Unknown,,,,2026-07-28T16:42:23+00:00,partial,0
QR,KUL,SJJ,KUL,MY,SJJ,BA,2027-02-21,2027-02-24,Winter,Economy,0,Eco-1,Economy Classic,Economy Standard,0.00 USD,1301.35,USD,Ubfly,ECLASSIC,,Included,Included,Unknown,Included,Unknown,Unknown,Unknown,Unknown,Unknown,Unknown,Unknown,Unknown,Unknown,Unknown,Unknown,Unknown,Yes,,50.0,2026-07-28T16:42:23+00:00,success,0
QR,KUL,SJJ,KUL,MY,SJJ,BA,2027-02-21,2027-02-24,Winter,Economy,1,Eco-2,Economy Convenience,Economy — Economy Convenience,+57.13 USD,1358.48,USD,Ubfly,ECONVENIEN,,Included,Included,Included,Included,Unknown,Unknown,Unknown,Unknown,Unknown,Unknown,Unknown,Unknown,Unknown,Unknown,Unknown,Unknown,Yes,,75.0,2026-07-28T16:42:23+00:00,success,0
QR,KUL,SJJ,KUL,MY,SJJ,BA,2027-02-21,2027-02-24,Winter,Economy,2,Eco-3,Economy Comfort,Economy Comfort,+490.85 USD,1792.2,USD,Ubfly,ECOMFORT,Uninterrupted return (up to the last 12 hours); Change with Penalty,Included,Included,Included,Included,Unknown,Unknown,Unknown,Unknown,Unknown,Unknown,Unknown,Unknown,Unknown,Unknown,Unknown,Unknown,Yes,,100.0,2026-07-28T16:42:23+00:00,success,0
QR,ATH,SIN,ATH,GR,SIN,SG,2026-09-01,2026-09-04,Summer,Economy,0,Eco-1,Economy Classic,Economy Standard,0.00 USD,718.68,USD,Ubfly,ECLASSIC,,Included,Included,Unknown,Included,Unknown,Unknown,Unknown,Unknown,Unknown,Unknown,Unknown,Unknown,Unknown,Unknown,Unknown,Unknown,Yes,,50.0,2026-07-28T16:42:23+00:00,success,0
QR,ATH,SIN,ATH,GR,SIN,SG,2026-09-01,2026-09-04,Summer,Economy,1,Eco-2,Economy Convenience,Economy — Economy Convenience,+54.52 USD,773.2,USD,Ubfly,ECONVENIEN,,Included,Included,Included,Included,Unknown,Unknown,Unknown,Unknown,Unknown,Unknown,Unknown,Unknown,Unknown,Unknown,Unknown,Unknown,Yes,,75.0,2026-07-28T16:42:23+00:00,success,0
QR,ATH,SIN,ATH,GR,SIN,SG,2026-09-01,2026-09-04,Summer,Economy,2,Eco-3,Economy Comfort,Economy Comfort,+493.93 USD,1212.61,USD,Ubfly,ECOMFORT,Uninterrupted return (up to the last 12 hours); Change with Penalty,Included,Included,Included,Included,Unknown,Unknown,Unknown,Unknown,Unknown,Unknown,Unknown,Unknown,Unknown,Unknown,Unknown,Unknown,Yes,,100.0,2026-07-28T16:42:23+00:00,success,0
QR,ATH,SIN,ATH,GR,SIN,SG,2026-09-01,2026-09-04,Summer,Business,0,Bus-1,Business Comfort,Business Comfort,0.00 USD,2959.21,USD,Ubfly,BCOMFORT,175 PCT QMILES ACCUMULATION(F),Included,Included,Included,Included,Included,Unknown,Unknown,Unknown,Unknown,Unknown,Unknown,Unknown,Unknown,Unknown,Unknown,Unknown,,,,2026-07-28T16:42:23+00:00,success,0
QR,ATH,SIN,ATH,GR,SIN,SG,2026-09-01,2026-09-04,Summer,Business,1,Bus-2,Business Elite,Business Lite,+700.59 USD,3659.8,USD,Ubfly,BELITE,200 PCT QMILES ACCUMULATION(F); Uninterrupted return (up to the last 12 hours); Change with Penalty,Included,Included,Included,Included,Included,Unknown,Unknown,Unknown,Unknown,Unknown,Unknown,Unknown,Unknown,Unknown,Unknown,Unknown,,,,2026-07-28T16:42:23+00:00,success,0
QR,ATH,SIN,ATH,GR,SIN,SG,2027-02-09,2027-02-12,Winter,Economy,0,Eco-1,Economy Classic,Economy Standard,0.00 USD,718.68,USD,Ubfly,ECLASSIC,,Included,Included,Unknown,Included,Unknown,Unknown,Unknown,Unknown,Unknown,Unknown,Unknown,Unknown,Unknown,Unknown,Unknown,Unknown,Yes,,50.0,2026-07-28T16:42:23+00:00,success,0
QR,ATH,SIN,ATH,GR,SIN,SG,2027-02-09,2027-02-12,Winter,Economy,1,Eco-2,Economy Convenience,Economy — Economy Convenience,+54.52 USD,773.2,USD,Ubfly,ECONVENIEN,,Included,Included,Included,Included,Unknown,Unknown,Unknown,Unknown,Unknown,Unknown,Unknown,Unknown,Unknown,Unknown,Unknown,Unknown,Yes,,75.0,2026-07-28T16:42:23+00:00,success,0
QR,ATH,SIN,ATH,GR,SIN,SG,2027-02-09,2027-02-12,Winter,Economy,2,Eco-3,Economy Comfort,Economy Comfort,+493.93 USD,1212.61,USD,Ubfly,ECOMFORT,Uninterrupted return (up to the last 12 hours); Change with Penalty,Included,Included,Included,Included,Unknown,Unknown,Unknown,Unknown,Unknown,Unknown,Unknown,Unknown,Unknown,Unknown,Unknown,Unknown,Yes,,100.0,2026-07-28T16:42:23+00:00,success,0
QR,ATH,SIN,ATH,GR,SIN,SG,2027-02-09,2027-02-12,Winter,Business,0,Bus-1,Business Comfort,Business Comfort,0.00 USD,2959.21,USD,Ubfly,BCOMFORT,175 PCT QMILES ACCUMULATION(F),Included,Included,Included,Included,Included,Unknown,Unknown,Unknown,Unknown,Unknown,Unknown,Unknown,Unknown,Unknown,Unknown,Unknown,,,,2026-07-28T16:42:23+00:00,success,0
QR,ATH,SIN,ATH,GR,SIN,SG,2027-02-09,2027-02-12,Winter,Business,1,Bus-2,Business Elite,Business Lite,+700.59 USD,3659.8,USD,Ubfly,BELITE,200 PCT QMILES ACCUMULATION(F); Uninterrupted return (up to the last 12 hours); Change with Penalty,Included,Included,Included,Included,Included,Unknown,Unknown,Unknown,Unknown,Unknown,Unknown,Unknown,Unknown,Unknown,Unknown,Unknown,,,,2026-07-28T16:42:23+00:00,success,0
TK,ATH,SIN,ATH,GR,SIN,SG,2026-09-01,2026-09-04,Summer,Economy,0,Eco-1,EcoFly,Economy Basic,0.00 USD,784.16,USD,Ubfly,CL,Online Message Verification,Included,Included,Unknown,Included,Unknown,Unknown,Unknown,Not Included,Unknown,Unknown,Unknown,Unknown,Unknown,Unknown,Unknown,Unknown,,,,2026-07-28T16:42:23+00:00,success,0
TK,ATH,SIN,ATH,GR,SIN,SG,2026-09-01,2026-09-04,Summer,Economy,1,Eco-2,ExtraFly,Economy Standard,+47.01 USD,831.17,USD,Ubfly,LG,Online Message Verification,Included,Included,Unknown,Included,Unknown,Unknown,Unknown,Unknown,Unknown,Unknown,Unknown,Unknown,Unknown,Unknown,Unknown,Unknown,,,,2026-07-28T16:42:23+00:00,success,0
TK,ATH,SIN,ATH,GR,SIN,SG,2026-09-01,2026-09-04,Summer,Economy,2,Eco-3,FlexFly,Economy Flex,+84.12 USD,868.28,USD,Ubfly,GN,Online Message Verification,Included,Included,Included,Included,Unknown,Unknown,Unknown,Unknown,Unknown,Unknown,Unknown,Unknown,Unknown,Unknown,Unknown,Unknown,Yes,,15.0,2026-07-28T16:42:23+00:00,success,0
TK,ATH,SIN,ATH,GR,SIN,SG,2026-09-01,2026-09-04,Summer,Economy,3,Eco-4,Flexible,Economy Flex,+154.79 USD,938.95,USD,Ubfly,FL,Online Message Verification,Included,Included,Included,Included,Unknown,Unknown,Included,Unknown,Unknown,Unknown,Unknown,Paid,Unknown,Unknown,Unknown,Unknown,Yes,,30.0,2026-07-28T16:42:23+00:00,success,0
TK,ATH,SIN,ATH,GR,SIN,SG,2026-09-01,2026-09-04,Summer,Business,0,Bus-1,Business Fly,Business — Business Fly,0.00 USD,4866.94,USD,Ubfly,BF,Priority Check-In,Included,Included,Included,Unknown,Included,Included,Included,Unknown,Unknown,Unknown,Unknown,Unknown,Included,Unknown,Unknown,Unknown,,,,2026-07-28T16:42:23+00:00,success,0
TK,ATH,SIN,ATH,GR,SIN,SG,2026-09-01,2026-09-04,Summer,Business,1,Bus-2,Business Prime,Business Premium,+170.33 USD,5037.27,USD,Ubfly,BL,Priority Check-In,Included,Included,Included,Unknown,Included,Included,Included,Unknown,Unknown,Unknown,Unknown,Paid,Included,Unknown,Unknown,Unknown,Yes,,30.0,2026-07-28T16:42:23+00:00,success,0
TK,ATH,SIN,ATH,GR,SIN,SG,2027-02-09,2027-02-12,Winter,Economy,0,Eco-1,EcoFly,Economy Basic,0.00 USD,996.31,USD,Ubfly,CL,Online Message Verification,Included,Included,Unknown,Included,Unknown,Unknown,Unknown,Not Included,Unknown,Unknown,Unknown,Unknown,Unknown,Unknown,Unknown,Unknown,,,,2026-07-28T16:42:23+00:00,success,0
TK,ATH,SIN,ATH,GR,SIN,SG,2027-02-09,2027-02-12,Winter,Economy,1,Eco-2,ExtraFly,Economy Standard,+47.01 USD,1043.32,USD,Ubfly,LG,Online Message Verification,Included,Included,Unknown,Included,Unknown,Unknown,Unknown,Unknown,Unknown,Unknown,Unknown,Unknown,Unknown,Unknown,Unknown,Unknown,,,,2026-07-28T16:42:23+00:00,success,0
TK,ATH,SIN,ATH,GR,SIN,SG,2027-02-09,2027-02-12,Winter,Economy,2,Eco-3,FlexFly,Economy Flex,+84.14 USD,1080.45,USD,Ubfly,GN,Online Message Verification,Included,Included,Included,Included,Unknown,Unknown,Unknown,Unknown,Unknown,Unknown,Unknown,Unknown,Unknown,Unknown,Unknown,Unknown,Yes,,15.0,2026-07-28T16:42:23+00:00,success,0
TK,ATH,SIN,ATH,GR,SIN,SG,2027-02-09,2027-02-12,Winter,Economy,3,Eco-4,Flexible,Economy Flex,+154.79 USD,1151.1,USD,Ubfly,FL,Online Message Verification,Included,Included,Included,Included,Unknown,Unknown,Included,Unknown,Unknown,Unknown,Unknown,Paid,Unknown,Unknown,Unknown,Unknown,Yes,,30.0,2026-07-28T16:42:23+00:00,success,0
TK,ATH,SIN,ATH,GR,SIN,SG,2027-02-09,2027-02-12,Winter,Business,0,Bus-1,Business Fly,Business — Business Fly,0.00 USD,4866.94,USD,Ubfly,BF,Priority Check-In,Included,Included,Included,Unknown,Included,Included,Included,Unknown,Unknown,Unknown,Unknown,Unknown,Included,Unknown,Unknown,Unknown,,,,2026-07-28T16:42:23+00:00,success,0
TK,ATH,SIN,ATH,GR,SIN,SG,2027-02-09,2027-02-12,Winter,Business,1,Bus-2,Business Prime,Business Premium,+170.33 USD,5037.27,USD,Ubfly,BL,Priority Check-In,Included,Included,Included,Unknown,Included,Included,Included,Unknown,Unknown,Unknown,Unknown,Paid,Included,Unknown,Unknown,Unknown,Yes,,30.0,2026-07-28T16:42:23+00:00,success,0
EY,ATH,SIN,ATH,GR,SIN,SG,2026-09-01,2026-09-04,Summer,Economy,0,Eco-1,Economy Basic,Economy Basic,0.00 USD,367.36,USD,Ubfly,YBASIC,,Included,Not Included,Unknown,Included,Unknown,Unknown,Unknown,Unknown,Unknown,Unknown,Unknown,Unknown,Unknown,Unknown,Unknown,Unknown,Yes,,5.0,2026-07-28T16:42:23+00:00,success,0
EY,ATH,SIN,ATH,GR,SIN,SG,2026-09-01,2026-09-04,Summer,Economy,1,Eco-2,Economy Value,Economy Basic,+24.98 USD,392.34,USD,Ubfly,YVALUE,,Included,Included,Unknown,Included,Unknown,Unknown,Unknown,Unknown,Unknown,Unknown,Unknown,Unknown,Unknown,Unknown,Unknown,Unknown,Yes,,35.0,2026-07-28T16:42:23+00:00,success,0
EY,ATH,SIN,ATH,GR,SIN,SG,2026-09-01,2026-09-04,Summer,Economy,2,Eco-3,Economy Comfort,Economy Comfort,+61.33 USD,428.69,USD,Ubfly,YCOMFORT,,Included,Included,Included,Included,Unknown,Unknown,Unknown,Unknown,Unknown,Unknown,Unknown,Unknown,Unknown,Unknown,Unknown,Unknown,Yes,,75.0,2026-07-28T16:42:23+00:00,success,0
EY,ATH,SIN,ATH,GR,SIN,SG,2026-09-01,2026-09-04,Summer,Economy,3,Eco-4,Economy Deluxe,Economy — Economy Deluxe,+128.31 USD,495.67,USD,Ubfly,YDELUXE,Uninterrupted return (up to the last 12 hours); Priority Access; Change with Penalty,Included,Included,Included,Included,Unknown,Unknown,Unknown,Unknown,Unknown,Unknown,Unknown,Unknown,Unknown,Unknown,Unknown,Unknown,Yes,,,2026-07-28T16:42:23+00:00,success,0
EY,ATH,SIN,ATH,GR,SIN,SG,2026-09-01,2026-09-04,Summer,Business,0,Bus-1,Business Value,Business Basic,0.00 USD,1799.43,USD,Ubfly,JVALUE,Priority Access,Included,Included,Unknown,Included,Unknown,Unknown,Unknown,Unknown,Unknown,Unknown,Unknown,Unknown,Unknown,Unknown,Unknown,Unknown,Yes,,100.0,2026-07-28T16:42:23+00:00,success,0
EY,ATH,SIN,ATH,GR,SIN,SG,2026-09-01,2026-09-04,Summer,Business,1,Bus-2,Business Comfort,Business Comfort,+111.29 USD,1910.72,USD,Ubfly,JCOMFORT,Priority Access; ETIHAD UAE CHAUFFEUR(F),Included,Included,Included,Included,Included,Unknown,Unknown,Unknown,Unknown,Unknown,Unknown,Unknown,Unknown,Unknown,Unknown,Unknown,Yes,,,2026-07-28T16:42:23+00:00,success,0
EY,ATH,SIN,ATH,GR,SIN,SG,2026-09-01,2026-09-04,Summer,Business,2,Bus-3,Business Deluxe,Business — Business Deluxe,+851.62 USD,2651.05,USD,Ubfly,JDELUXE,Change with Penalty; Uninterrupted return (up to the last 12 hours); Priority Access; ETIHAD UAE CHAUFFEUR(F); ETIHAD GLOBAL CHAUFFEUR(F),Included,Included,Included,Included,Included,Unknown,Unknown,Unknown,Unknown,Unknown,Unknown,Unknown,Unknown,Unknown,Unknown,Unknown,Yes,,,2026-07-28T16:42:23+00:00,success,0
EY,ATH,SIN,ATH,GR,SIN,SG,2027-02-09,2027-02-12,Winter,Economy,0,Eco-1,Economy Basic,Economy Basic,0.00 USD,400.29,USD,Ubfly,YBASIC,,Included,Not Included,Unknown,Included,Unknown,Unknown,Unknown,Unknown,Unknown,Unknown,Unknown,Unknown,Unknown,Unknown,Unknown,Unknown,Yes,,5.0,2026-07-28T16:42:23+00:00,success,0
EY,ATH,SIN,ATH,GR,SIN,SG,2027-02-09,2027-02-12,Winter,Economy,1,Eco-2,Economy Value,Economy Basic,+31.80 USD,432.09,USD,Ubfly,YVALUE,,Included,Included,Unknown,Included,Unknown,Unknown,Unknown,Unknown,Unknown,Unknown,Unknown,Unknown,Unknown,Unknown,Unknown,Unknown,Yes,,35.0,2026-07-28T16:42:23+00:00,success,0
EY,ATH,SIN,ATH,GR,SIN,SG,2027-02-09,2027-02-12,Winter,Economy,2,Eco-3,Economy Comfort,Economy Comfort,+109.02 USD,509.31,USD,Ubfly,YCOMFORT,,Included,Included,Included,Included,Unknown,Unknown,Unknown,Unknown,Unknown,Unknown,Unknown,Unknown,Unknown,Unknown,Unknown,Unknown,Yes,,75.0,2026-07-28T16:42:23+00:00,success,0
EY,ATH,SIN,ATH,GR,SIN,SG,2027-02-09,2027-02-12,Winter,Economy,3,Eco-4,Economy Deluxe,Economy — Economy Deluxe,+176.02 USD,576.31,USD,Ubfly,YDELUXE,Priority Access; Change with Penalty; Uninterrupted return (up to the last 12 hours),Included,Included,Included,Included,Unknown,Unknown,Unknown,Unknown,Unknown,Unknown,Unknown,Unknown,Unknown,Unknown,Unknown,Unknown,Yes,,,2026-07-28T16:42:23+00:00,success,0
EY,ATH,SIN,ATH,GR,SIN,SG,2027-02-09,2027-02-12,Winter,Business,0,Bus-1,Business Value,Business Basic,0.00 USD,1799.43,USD,Ubfly,JVALUE,Priority Access,Included,Included,Unknown,Included,Unknown,Unknown,Unknown,Unknown,Unknown,Unknown,Unknown,Unknown,Unknown,Unknown,Unknown,Unknown,Yes,,100.0,2026-07-28T16:42:23+00:00,success,0
EY,ATH,SIN,ATH,GR,SIN,SG,2027-02-09,2027-02-12,Winter,Business,1,Bus-2,Business Comfort,Business Comfort,+111.29 USD,1910.72,USD,Ubfly,JCOMFORT,Priority Access; ETIHAD UAE CHAUFFEUR(F),Included,Included,Included,Included,Included,Unknown,Unknown,Unknown,Unknown,Unknown,Unknown,Unknown,Unknown,Unknown,Unknown,Unknown,Yes,,,2026-07-28T16:42:23+00:00,success,0
EY,ATH,SIN,ATH,GR,SIN,SG,2027-02-09,2027-02-12,Winter,Business,2,Bus-3,Business Deluxe,Business — Business Deluxe,+851.62 USD,2651.05,USD,Ubfly,JDELUXE,Change with Penalty; Uninterrupted return (up to the last 12 hours); Priority Access; ETIHAD UAE CHAUFFEUR(F); ETIHAD GLOBAL CHAUFFEUR(F),Included,Included,Included,Included,Included,Unknown,Unknown,Unknown,Unknown,Unknown,Unknown,Unknown,Unknown,Unknown,Unknown,Unknown,Yes,,,2026-07-28T16:42:23+00:00,success,0
SQ,FCO,SIN,ROM,IT,SIN,SG,2027-04-04,2027-04-07,Summer,Economy,0,Eco-1,Basic,Economy Basic,0.00 USD,825.94,USD,Ubfly,YCLVALUE,,Included,Included,Unknown,Unknown,Unknown,Unknown,Unknown,Unknown,Unknown,Unknown,Unknown,Unknown,Unknown,Unknown,Unknown,Unknown,,,,2026-07-28T16:42:23+00:00,partial,0
SQ,FCO,SIN,ROM,IT,SIN,SG,2027-03-17,2027-03-20,Winter,Economy,0,Eco-1,Basic,Economy Basic,0.00 USD,825.94,USD,Ubfly,YCLVALUE,,Included,Included,Unknown,Unknown,Unknown,Unknown,Unknown,Unknown,Unknown,Unknown,Unknown,Unknown,Unknown,Unknown,Unknown,Unknown,,,,2026-07-28T16:42:23+00:00,partial,0
EK,FCO,SIN,ROM,IT,SIN,SG,2027-04-03,2027-04-06,Summer,Economy,0,Eco-1,Economy Flex,Economy Flex,0.00 USD,737.48,USD,Ubfly,YS,• Hot and cold refreshments; • ICE entertainment; • Mileage upgrade eligibility; Economy Cabin,Included,Included,Included,Included,Unknown,Unknown,Unknown,Unknown,Not Included,Unknown,Unknown,Unknown,Included,Unknown,Unknown,Unknown,Yes,4500.0,,2026-07-28T16:42:23+00:00,success,0
EK,FCO,SIN,ROM,IT,SIN,SG,2027-04-03,2027-04-06,Summer,Economy,1,Eco-2,Economy Flex Plus,Economy Comfort,+454.20 USD,1191.68,USD,Ubfly,YF,• Hot and cold refreshments; • ICE entertainment; • Mileage upgrade eligibility; Economy Cabin,Included,Included,Included,Included,Unknown,Unknown,Unknown,Not Included,Not Included,Unknown,Unknown,Unknown,Included,Unknown,Unknown,Unknown,Yes,6000.0,,2026-07-28T16:42:23+00:00,success,0
EK,FCO,SIN,ROM,IT,SIN,SG,2027-04-03,2027-04-06,Summer,Premium Economy,0,PEco-1,Premium Economy FlexPlus,Premium Economy Comfort,"+1,021.95 USD",1759.43,USD,Ubfly,WF,• Hot and cold refreshments; • ICE entertainment; • Mileage upgrade eligibility; • Exclusive Premium Economy Class dining; Premium Economy Cabin,Included,Included,Included,Unknown,Unknown,Unknown,Unknown,Not Included,Not Included,Unknown,Unknown,Unknown,Included,Unknown,Unknown,Unknown,Yes,6600.0,,2026-07-28T16:42:23+00:00,success,0
EK,FCO,SIN,ROM,IT,SIN,SG,2027-04-03,2027-04-06,Summer,Business,0,Bus-1,Business Flex,Business Flex,0.00 USD,3197.84,USD,Ubfly,BSFLEX,Soft drink; Premium check-in; In-flight entertainment; Chauffeur Drive; Internet Access,Included,Included,Included,Included,Included,Included,Included,Unknown,Unknown,Unknown,Unknown,Unknown,Unknown,Unknown,Unknown,Unknown,Yes,,175.0,2026-07-28T16:42:23+00:00,success,0
EK,FCO,SIN,ROM,IT,SIN,SG,2027-04-03,2027-04-06,Summer,Business,1,Bus-2,Business Flex Plus,Business Comfort,+895.91 USD,4093.75,USD,Ubfly,BSFLXPLUS,Premium check-in; Soft drink; In-flight entertainment; Chauffeur Drive; Internet Access; Uninterrupted return (up to the last 12 hours); Change with Penalty,Included,Included,Included,Included,Included,Included,Included,Unknown,Unknown,Unknown,Unknown,Unknown,Unknown,Unknown,Unknown,Unknown,Yes,,190.0,2026-07-28T16:42:23+00:00,success,0
EK,FCO,SIN,ROM,IT,SIN,SG,2027-03-15,2027-03-18,Winter,Economy,0,Eco-1,Economy Flex,Economy Flex,0.00 USD,713.37,USD,Ubfly,ECOFLEX,Soft drink; In-flight entertainment,Included,Included,Unknown,Included,Unknown,Unknown,Unknown,Unknown,Unknown,Unknown,Unknown,Unknown,Unknown,Unknown,Unknown,Unknown,Yes,,70.0,2026-07-28T16:42:23+00:00,success,0
EK,FCO,SIN,ROM,IT,SIN,SG,2027-03-15,2027-03-18,Winter,Economy,1,Eco-2,Economy Flex Plus,Economy Comfort,+454.20 USD,1167.57,USD,Ubfly,ECOFLXPLUS,Soft drink; In-flight entertainment; Uninterrupted return (up to the last 12 hours); Change with Penalty,Included,Included,Unknown,Included,Unknown,Unknown,Unknown,Unknown,Unknown,Unknown,Unknown,Unknown,Unknown,Unknown,Unknown,Unknown,Yes,,100.0,2026-07-28T16:42:23+00:00,success,0
EK,FCO,SIN,ROM,IT,SIN,SG,2027-03-15,2027-03-18,Winter,Premium Economy,0,PEco-1,Premium Economy Flex Plus,Premium Economy Comfort,"+1,021.95 USD",1735.32,USD,Ubfly,PYFLXPLUS,Soft drink; In-flight entertainment; Uninterrupted return (up to the last 12 hours); Change with Penalty,Included,Included,Included,Included,Unknown,Unknown,Unknown,Unknown,Unknown,Unknown,Unknown,Unknown,Unknown,Unknown,Unknown,Unknown,Yes,,,2026-07-28T16:42:23+00:00,success,0
EK,FCO,SIN,ROM,IT,SIN,SG,2027-03-15,2027-03-18,Winter,Business,0,Bus-1,Business Flex,Business Flex,0.00 USD,4096.05,USD,Ubfly,BSFLEX,Soft drink; Premium check-in; In-flight entertainment; Chauffeur Drive; Internet Access,Included,Included,Included,Included,Included,Included,Included,Unknown,Unknown,Unknown,Unknown,Unknown,Unknown,Unknown,Unknown,Unknown,Yes,,175.0,2026-07-28T16:42:23+00:00,success,0
EK,FCO,SIN,ROM,IT,SIN,SG,2027-03-15,2027-03-18,Winter,Business,1,Bus-2,Business Flex Plus,Business Comfort,+897.05 USD,4993.1,USD,Ubfly,BSFLXPLUS,Premium check-in; Soft drink; In-flight entertainment; Chauffeur Drive; Internet Access; Uninterrupted return (up to the last 12 hours); Change with Penalty,Included,Included,Included,Included,Included,Included,Included,Unknown,Unknown,Unknown,Unknown,Unknown,Unknown,Unknown,Unknown,Unknown,Yes,,190.0,2026-07-28T16:42:23+00:00,success,0
EY,FCO,SIN,ROM,IT,SIN,SG,2027-04-03,2027-04-06,Summer,Economy,0,Eco-1,Economy Basic,Economy Basic,0.00 USD,462.6,USD,Ubfly,YBASIC,,Included,Not Included,Unknown,Included,Unknown,Unknown,Unknown,Unknown,Unknown,Unknown,Unknown,Unknown,Unknown,Unknown,Unknown,Unknown,Yes,,5.0,2026-07-28T16:42:23+00:00,success,0
EY,FCO,SIN,ROM,IT,SIN,SG,2027-04-03,2027-04-06,Summer,Economy,1,Eco-2,Economy Value,Economy Basic,+24.98 USD,487.58,USD,Ubfly,YVALUE,,Included,Included,Unknown,Included,Unknown,Unknown,Unknown,Unknown,Unknown,Unknown,Unknown,Unknown,Unknown,Unknown,Unknown,Unknown,Yes,,35.0,2026-07-28T16:42:23+00:00,success,0
EY,FCO,SIN,ROM,IT,SIN,SG,2027-04-03,2027-04-06,Summer,Economy,2,Eco-3,Economy Comfort,Economy Comfort,+64.73 USD,527.33,USD,Ubfly,YCOMFORT,,Included,Included,Included,Included,Unknown,Unknown,Unknown,Unknown,Unknown,Unknown,Unknown,Unknown,Unknown,Unknown,Unknown,Unknown,Yes,,75.0,2026-07-28T16:42:23+00:00,success,0
EY,FCO,SIN,ROM,IT,SIN,SG,2027-04-03,2027-04-06,Summer,Economy,3,Eco-4,Economy Deluxe,Economy — Economy Deluxe,+140.81 USD,603.41,USD,Ubfly,YDELUXE,Priority Access; Change with Penalty; Uninterrupted return (up to the last 12 hours),Included,Included,Included,Included,Unknown,Unknown,Unknown,Unknown,Unknown,Unknown,Unknown,Unknown,Unknown,Unknown,Unknown,Unknown,Yes,,,2026-07-28T16:42:23+00:00,success,0
EY,FCO,SIN,ROM,IT,SIN,SG,2027-04-03,2027-04-06,Summer,Business,0,Bus-1,Business Value,Business Basic,0.00 USD,4043.04,USD,Ubfly,JVALUE,Priority Access,Included,Included,Unknown,Included,Unknown,Unknown,Unknown,Unknown,Unknown,Unknown,Unknown,Unknown,Unknown,Unknown,Unknown,Unknown,Yes,,100.0,2026-07-28T16:42:23+00:00,success,0
EY,FCO,SIN,ROM,IT,SIN,SG,2027-04-03,2027-04-06,Summer,Business,1,Bus-2,Business Comfort,Business Comfort,+160.11 USD,4203.15,USD,Ubfly,JCOMFORT,Priority Access; ETIHAD UAE CHAUFFEUR(F),Included,Included,Included,Included,Included,Unknown,Unknown,Unknown,Unknown,Unknown,Unknown,Unknown,Unknown,Unknown,Unknown,Unknown,Yes,,,2026-07-28T16:42:23+00:00,success,0
EY,FCO,SIN,ROM,IT,SIN,SG,2027-04-03,2027-04-06,Summer,Business,2,Bus-3,Business Deluxe,Business — Business Deluxe,+441.71 USD,4484.75,USD,Ubfly,JDELUXE,Change with Penalty; Uninterrupted return (up to the last 12 hours); Priority Access; ETIHAD UAE CHAUFFEUR(F); ETIHAD GLOBAL CHAUFFEUR(F),Included,Included,Included,Included,Included,Unknown,Unknown,Unknown,Unknown,Unknown,Unknown,Unknown,Unknown,Unknown,Unknown,Unknown,Yes,,,2026-07-28T16:42:23+00:00,success,0
EY,FCO,SIN,ROM,IT,SIN,SG,2027-03-15,2027-03-18,Winter,Economy,0,Eco-1,Economy Basic,Economy Basic,0.00 USD,434.2,USD,Ubfly,YBASIC,,Included,Not Included,Unknown,Included,Unknown,Unknown,Unknown,Unknown,Unknown,Unknown,Unknown,Unknown,Unknown,Unknown,Unknown,Unknown,Yes,,5.0,2026-07-28T16:42:23+00:00,success,0
EY,FCO,SIN,ROM,IT,SIN,SG,2027-03-15,2027-03-18,Winter,Economy,1,Eco-2,Economy Value,Economy Basic,+25.00 USD,459.2,USD,Ubfly,YVALUE,,Included,Included,Unknown,Included,Unknown,Unknown,Unknown,Unknown,Unknown,Unknown,Unknown,Unknown,Unknown,Unknown,Unknown,Unknown,Yes,,35.0,2026-07-28T16:42:23+00:00,success,0
EY,FCO,SIN,ROM,IT,SIN,SG,2027-03-15,2027-03-18,Winter,Economy,2,Eco-3,Economy Comfort,Economy Comfort,+64.73 USD,498.93,USD,Ubfly,YCOMFORT,,Included,Included,Included,Included,Unknown,Unknown,Unknown,Unknown,Unknown,Unknown,Unknown,Unknown,Unknown,Unknown,Unknown,Unknown,Yes,,75.0,2026-07-28T16:42:23+00:00,success,0
EY,FCO,SIN,ROM,IT,SIN,SG,2027-03-15,2027-03-18,Winter,Economy,3,Eco-4,Economy Deluxe,Economy — Economy Deluxe,+140.81 USD,575.01,USD,Ubfly,YDELUXE,Change with Penalty; Uninterrupted return (up to the last 12 hours); Priority Access,Included,Included,Included,Included,Unknown,Unknown,Unknown,Unknown,Unknown,Unknown,Unknown,Unknown,Unknown,Unknown,Unknown,Unknown,Yes,,,2026-07-28T16:42:23+00:00,success,0
EY,FCO,SIN,ROM,IT,SIN,SG,2027-03-15,2027-03-18,Winter,Business,0,Bus-1,Business Value,Business Basic,0.00 USD,2856.66,USD,Ubfly,JVALUE,Priority Access,Included,Included,Unknown,Included,Unknown,Unknown,Unknown,Unknown,Unknown,Unknown,Unknown,Unknown,Unknown,Unknown,Unknown,Unknown,Yes,,100.0,2026-07-28T16:42:23+00:00,success,0
EY,FCO,SIN,ROM,IT,SIN,SG,2027-03-15,2027-03-18,Winter,Business,1,Bus-2,Business Comfort,Business Comfort,+160.11 USD,3016.77,USD,Ubfly,JCOMFORT,Priority Access; ETIHAD UAE CHAUFFEUR(F),Included,Included,Included,Included,Included,Unknown,Unknown,Unknown,Unknown,Unknown,Unknown,Unknown,Unknown,Unknown,Unknown,Unknown,Yes,,,2026-07-28T16:42:23+00:00,success,0
EY,FCO,SIN,ROM,IT,SIN,SG,2027-03-15,2027-03-18,Winter,Business,2,Bus-3,Business Deluxe,Business — Business Deluxe,+441.71 USD,3298.37,USD,Ubfly,JDELUXE,Change with Penalty; Uninterrupted return (up to the last 12 hours); Priority Access; ETIHAD UAE CHAUFFEUR(F); ETIHAD GLOBAL CHAUFFEUR(F),Included,Included,Included,Included,Included,Unknown,Unknown,Unknown,Unknown,Unknown,Unknown,Unknown,Unknown,Unknown,Unknown,Unknown,Yes,,,2026-07-28T16:42:23+00:00,success,0
QR,FCO,SIN,ROM,IT,SIN,SG,2027-04-03,2027-04-06,Summer,Economy,0,Eco-1,Economy Classic,Economy Standard,0.00 USD,785.68,USD,Ubfly,ECLASSIC,,Included,Included,Unknown,Included,Unknown,Unknown,Unknown,Unknown,Unknown,Unknown,Unknown,Unknown,Unknown,Unknown,Unknown,Unknown,Yes,,50.0,2026-07-28T16:42:23+00:00,success,0
QR,FCO,SIN,ROM,IT,SIN,SG,2027-04-03,2027-04-06,Summer,Economy,1,Eco-2,Economy Convenience,Economy — Economy Convenience,+53.38 USD,839.06,USD,Ubfly,ECONVENIEN,,Included,Included,Included,Included,Unknown,Unknown,Unknown,Unknown,Unknown,Unknown,Unknown,Unknown,Unknown,Unknown,Unknown,Unknown,Yes,,75.0,2026-07-28T16:42:23+00:00,success,0
QR,FCO,SIN,ROM,IT,SIN,SG,2027-04-03,2027-04-06,Summer,Economy,2,Eco-3,Economy Comfort,Economy Comfort,+490.53 USD,1276.21,USD,Ubfly,ECOMFORT,Uninterrupted return (up to the last 12 hours); Change with Penalty,Included,Included,Included,Included,Unknown,Unknown,Unknown,Unknown,Unknown,Unknown,Unknown,Unknown,Unknown,Unknown,Unknown,Unknown,Yes,,100.0,2026-07-28T16:42:23+00:00,success,0
QR,FCO,SIN,ROM,IT,SIN,SG,2027-04-03,2027-04-06,Summer,Business,0,Bus-1,Business Comfort,Business Comfort,0.00 USD,3188.62,USD,Ubfly,BCOMFORT,175 PCT QMILES ACCUMULATION(F),Included,Included,Included,Included,Included,Unknown,Unknown,Unknown,Unknown,Unknown,Unknown,Unknown,Unknown,Unknown,Unknown,Unknown,,,,2026-07-28T16:42:23+00:00,success,0
QR,FCO,SIN,ROM,IT,SIN,SG,2027-04-03,2027-04-06,Summer,Business,1,Bus-2,Business Elite,Business Lite,+708.55 USD,3897.17,USD,Ubfly,BELITE,200 PCT QMILES ACCUMULATION(F); Uninterrupted return (up to the last 12 hours); Change with Penalty,Included,Included,Included,Included,Included,Unknown,Unknown,Unknown,Unknown,Unknown,Unknown,Unknown,Unknown,Unknown,Unknown,Unknown,,,,2026-07-28T16:42:23+00:00,success,0
QR,FCO,SIN,ROM,IT,SIN,SG,2027-03-15,2027-03-18,Winter,Economy,0,Eco-1,Economy Classic,Economy Standard,0.00 USD,749.41,USD,Ubfly,ECLASSIC,,Included,Included,Unknown,Included,Unknown,Unknown,Unknown,Unknown,Unknown,Unknown,Unknown,Unknown,Unknown,Unknown,Unknown,Unknown,Yes,,50.0,2026-07-28T16:42:23+00:00,success,0
QR,FCO,SIN,ROM,IT,SIN,SG,2027-03-15,2027-03-18,Winter,Economy,1,Eco-2,Economy Convenience,Economy — Economy Convenience,+53.38 USD,802.79,USD,Ubfly,ECONVENIEN,,Included,Included,Included,Included,Unknown,Unknown,Unknown,Unknown,Unknown,Unknown,Unknown,Unknown,Unknown,Unknown,Unknown,Unknown,Yes,,75.0,2026-07-28T16:42:23+00:00,success,0
QR,FCO,SIN,ROM,IT,SIN,SG,2027-03-15,2027-03-18,Winter,Economy,2,Eco-3,Economy Comfort,Economy Comfort,+490.53 USD,1239.94,USD,Ubfly,ECOMFORT,Uninterrupted return (up to the last 12 hours); Change with Penalty,Included,Included,Included,Included,Unknown,Unknown,Unknown,Unknown,Unknown,Unknown,Unknown,Unknown,Unknown,Unknown,Unknown,Unknown,Yes,,100.0,2026-07-28T16:42:23+00:00,success,0
QR,FCO,SIN,ROM,IT,SIN,SG,2027-03-15,2027-03-18,Winter,Business,0,Bus-1,Business Comfort,Business Comfort,0.00 USD,3077.37,USD,Ubfly,BCOMFORT,175 PCT QMILES ACCUMULATION(F),Included,Included,Included,Included,Included,Unknown,Unknown,Unknown,Unknown,Unknown,Unknown,Unknown,Unknown,Unknown,Unknown,Unknown,,,,2026-07-28T16:42:23+00:00,success,0
QR,FCO,SIN,ROM,IT,SIN,SG,2027-03-15,2027-03-18,Winter,Business,1,Bus-2,Business Elite,Business Lite,+708.57 USD,3785.94,USD,Ubfly,BELITE,200 PCT QMILES ACCUMULATION(F); Uninterrupted return (up to the last 12 hours); Change with Penalty,Included,Included,Included,Included,Included,Unknown,Unknown,Unknown,Unknown,Unknown,Unknown,Unknown,Unknown,Unknown,Unknown,Unknown,,,,2026-07-28T16:42:23+00:00,success,0
TK,SJJ,KUL,SJJ,BA,KUL,MY,2026-08-19,2026-08-22,Summer,Economy,0,Eco-1,EcoFly,Economy Basic,0.00 USD,2043.81,USD,Ubfly,CL,Online Message Verification,Included,Included,Unknown,Included,Unknown,Unknown,Unknown,Not Included,Unknown,Unknown,Unknown,Unknown,Unknown,Unknown,Unknown,Unknown,,,,2026-07-28T16:42:23+00:00,success,0
TK,SJJ,KUL,SJJ,BA,KUL,MY,2026-08-19,2026-08-22,Summer,Economy,1,Eco-2,ExtraFly,Economy Standard,+24.30 USD,2068.11,USD,Ubfly,LG,Online Message Verification,Included,Included,Unknown,Included,Unknown,Unknown,Unknown,Unknown,Unknown,Unknown,Unknown,Unknown,Unknown,Unknown,Unknown,Unknown,,,,2026-07-28T16:42:23+00:00,success,0
TK,SJJ,KUL,SJJ,BA,KUL,MY,2026-08-19,2026-08-22,Summer,Economy,2,Eco-3,FlexFly,Economy Flex,+61.43 USD,2105.24,USD,Ubfly,GN,Online Message Verification,Included,Included,Included,Included,Unknown,Unknown,Unknown,Unknown,Unknown,Unknown,Unknown,Unknown,Unknown,Unknown,Unknown,Unknown,Yes,,15.0,2026-07-28T16:42:23+00:00,success,0
TK,SJJ,KUL,SJJ,BA,KUL,MY,2026-08-19,2026-08-22,Summer,Economy,3,Eco-4,Flexible,Economy Flex,+120.74 USD,2164.55,USD,Ubfly,FL,Online Message Verification,Included,Included,Included,Included,Unknown,Unknown,Included,Unknown,Unknown,Unknown,Unknown,Paid,Unknown,Unknown,Unknown,Unknown,Yes,,30.0,2026-07-28T16:42:23+00:00,success,0
TK,SJJ,KUL,SJJ,BA,KUL,MY,2026-08-19,2026-08-22,Summer,Business,0,Bus-1,Business Fly,Business — Business Fly,0.00 USD,6552.07,USD,Ubfly,BF,Priority Check-In,Included,Included,Included,Unknown,Included,Included,Included,Unknown,Unknown,Unknown,Unknown,Unknown,Included,Unknown,Unknown,Unknown,,,,2026-07-28T16:42:23+00:00,success,0
TK,SJJ,KUL,SJJ,BA,KUL,MY,2026-08-19,2026-08-22,Summer,Business,1,Bus-2,Business Prime,Business Premium,+113.57 USD,6665.64,USD,Ubfly,BL,Priority Check-In,Included,Included,Included,Unknown,Included,Included,Included,Unknown,Unknown,Unknown,Unknown,Paid,Included,Unknown,Unknown,Unknown,Yes,,30.0,2026-07-28T16:42:23+00:00,success,0
TK,SJJ,KUL,SJJ,BA,KUL,MY,2027-03-29,2027-04-01,Winter,Economy,0,Eco-1,EcoFly,Economy Basic,0.00 USD,1252.92,USD,Ubfly,CL,Online Message Verification,Included,Included,Unknown,Included,Unknown,Unknown,Unknown,Not Included,Unknown,Unknown,Unknown,Unknown,Unknown,Unknown,Unknown,Unknown,,,,2026-07-28T16:42:23+00:00,success,0
TK,SJJ,KUL,SJJ,BA,KUL,MY,2027-03-29,2027-04-01,Winter,Economy,1,Eco-2,ExtraFly,Economy Standard,+24.30 USD,1277.22,USD,Ubfly,LG,Online Message Verification,Included,Included,Unknown,Included,Unknown,Unknown,Unknown,Unknown,Unknown,Unknown,Unknown,Unknown,Unknown,Unknown,Unknown,Unknown,,,,2026-07-28T16:42:23+00:00,success,0
TK,SJJ,KUL,SJJ,BA,KUL,MY,2027-03-29,2027-04-01,Winter,Economy,2,Eco-3,FlexFly,Economy Flex,+61.43 USD,1314.35,USD,Ubfly,GN,Online Message Verification,Included,Included,Included,Included,Unknown,Unknown,Unknown,Unknown,Unknown,Unknown,Unknown,Unknown,Unknown,Unknown,Unknown,Unknown,Yes,,15.0,2026-07-28T16:42:23+00:00,success,0
TK,SJJ,KUL,SJJ,BA,KUL,MY,2027-03-29,2027-04-01,Winter,Economy,3,Eco-4,Flexible,Economy Flex,+120.72 USD,1373.64,USD,Ubfly,FL,Online Message Verification,Included,Included,Included,Included,Unknown,Unknown,Included,Unknown,Unknown,Unknown,Unknown,Paid,Unknown,Unknown,Unknown,Unknown,Yes,,30.0,2026-07-28T16:42:23+00:00,success,0
TK,SJJ,KUL,SJJ,BA,KUL,MY,2027-03-29,2027-04-01,Winter,Business,0,Bus-1,Business Fly,Business — Business Fly,0.00 USD,4071.01,USD,Ubfly,BF,Priority Check-In,Included,Included,Included,Unknown,Included,Included,Included,Unknown,Unknown,Unknown,Unknown,Unknown,Included,Unknown,Unknown,Unknown,,,,2026-07-28T16:42:23+00:00,success,0
TK,SJJ,KUL,SJJ,BA,KUL,MY,2027-03-29,2027-04-01,Winter,Business,1,Bus-2,Business Prime,Business Premium,+113.55 USD,4184.56,USD,Ubfly,BL,Priority Check-In,Included,Included,Included,Unknown,Included,Included,Included,Unknown,Unknown,Unknown,Unknown,Paid,Included,Unknown,Unknown,Unknown,Yes,,30.0,2026-07-28T16:42:23+00:00,success,0
